candidate_order,family,T_cov,T_mean,T_min,T_contradiction,historically_evaluated_in_phase03_6b,new_phase03_6c_candidate,eligible_count,tn,fp,fn,tp,sample_accuracy,sample_precision,sample_recall,sample_f1,weighted_accuracy,weighted_precision,weighted_recall,weighted_f1,rescued_by_coverage,rescued_by_nli,rescue_mechanism_overlap,weighted_confusion_proportions_json,metrics_by_stratum_json
1,coverage_only,0.2,,,,False,True,120,41,1,20,58,0.825,0.9830508474576272,0.7435897435897436,0.8467153284671532,0.8582308522114348,0.9873227814867601,0.7575833157460525,0.8573289619384675,29,0,0,"{""fn"":0.13629989212513485,""fp"":0.00546925566343042,""tn"":0.43227615965480043,""tp"":0.4259546925566343}","[{""accuracy"":1.0,""completed_count"":30,""confusion_matrix"":{""fn"":0,""fp"":0,""tn"":0,""tp"":30},""development_population_count"":1686,""f1"":1.0,""precision"":1.0,""recall"":1.0,""sampling_stratum"":""automatic_positive""},{""accuracy"":0.9666666666666667,""completed_count"":30,""confusion_matrix"":{""fn"":0,""fp"":1,""tn"":1,""tp"":28},""development_population_count"":1014,""f1"":0.9824561403508771,""precision"":0.9655172413793104,""recall"":1.0,""sampling_stratum"":""partial_overlap""},{""accuracy"":0.5,""completed_count"":30,""confusion_matrix"":{""fn"":15,""fp"":0,""tn"":15,""tp"":0},""development_population_count"":787,""f1"":0.0,""precision"":null,""recall"":0.0,""sampling_stratum"":""correct_document_insufficient""},{""accuracy"":0.8333333333333334,""completed_count"":30,""confusion_matrix"":{""fn"":5,""fp"":0,""tn"":25,""tp"":0},""development_population_count"":2693,""f1"":0.0,""precision"":null,""recall"":0.0,""sampling_stratum"":""wrong_document_retrieval""}]"
2,coverage_only,0.3,,,,False,True,120,41,1,22,56,0.8083333333333333,0.9824561403508771,0.717948717948718,0.8296296296296296,0.8472923408845738,0.9869929962287385,0.7381285854070336,0.8446103183315038,27,0,0,"{""fn"":0.14723840345199568,""fp"":0.00546925566343042,""tn"":0.43227615965480043,""tp"":0.41501618122977346}","[{""accuracy"":1.0,""completed_count"":30,""confusion_matrix"":{""fn"":0,""fp"":0,""tn"":0,""tp"":30},""development_population_count"":1686,""f1"":1.0,""precision"":1.0,""recall"":1.0,""sampling_stratum"":""automatic_positive""},{""accuracy"":0.9,""completed_count"":30,""confusion_matrix"":{""fn"":2,""fp"":1,""tn"":1,""tp"":26},""development_population_count"":1014,""f1"":0.9454545454545454,""precision"":0.9629629629629629,""recall"":0.9285714285714286,""sampling_stratum"":""partial_overlap""},{""accuracy"":0.5,""completed_count"":30,""confusion_matrix"":{""fn"":15,""fp"":0,""tn"":15,""tp"":0},""development_population_count"":787,""f1"":0.0,""precision"":null,""recall"":0.0,""sampling_stratum"":""correct_document_insufficient""},{""accuracy"":0.8333333333333334,""completed_count"":30,""confusion_matrix"":{""fn"":5,""fp"":0,""tn"":25,""tp"":0},""development_population_count"":2693,""f1"":0.0,""precision"":null,""recall"":0.0,""sampling_stratum"":""wrong_document_retrieval""}]"
3,coverage_only,0.4,,,,False,True,120,42,0,23,55,0.8083333333333333,1.0,0.7051282051282052,0.8270676691729323,0.847292340884574,1.0,0.7284012202375243,0.8428612659014719,25,0,0,"{""fn"":0.1527076591154261,""fp"":0.0,""tn"":0.43774541531823086,""tp"":0.409546925566343}","[{""accuracy"":1.0,""completed_count"":30,""confusion_matrix"":{""fn"":0,""fp"":0,""tn"":0,""tp"":30},""development_population_count"":1686,""f1"":1.0,""precision"":1.0,""recall"":1.0,""sampling_stratum"":""automatic_positive""},{""accuracy"":0.9,""completed_count"":30,""confusion_matrix"":{""fn"":3,""fp"":0,""tn"":2,""tp"":25},""development_population_count"":1014,""f1"":0.9433962264150945,""precision"":1.0,""recall"":0.8928571428571429,""sampling_stratum"":""partial_overlap""},{""accuracy"":0.5,""completed_count"":30,""confusion_matrix"":{""fn"":15,""fp"":0,""tn"":15,""tp"":0},""development_population_count"":787,""f1"":0.0,""precision"":null,""recall"":0.0,""sampling_stratum"":""correct_document_insufficient""},{""accuracy"":0.8333333333333334,""completed_count"":30,""confusion_matrix"":{""fn"":5,""fp"":0,""tn"":25,""tp"":0},""development_population_count"":2693,""f1"":0.0,""precision"":null,""recall"":0.0,""sampling_stratum"":""wrong_document_retrieval""}]"
4,coverage_only,0.45,,,,False,True,120,42,0,25,53,0.7916666666666666,1.0,0.6794871794871795,0.8091603053435115,0.8363538295577131,1.0,0.7089464898985054,0.8296883420154482,23,0,0,"{""fn"":0.16364617044228696,""fp"":0.0,""tn"":0.43774541531823086,""tp"":0.3986084142394822}","[{""accuracy"":1.0,""completed_count"":30,""confusion_matrix"":{""fn"":0,""fp"":0,""tn"":0,""tp"":30},""development_population_count"":1686,""f1"":1.0,""precision"":1.0,""recall"":1.0,""sampling_stratum"":""automatic_positive""},{""accuracy"":0.8333333333333334,""completed_count"":30,""confusion_matrix"":{""fn"":5,""fp"":0,""tn"":2,""tp"":23},""development_population_count"":1014,""f1"":0.9019607843137255,""precision"":1.0,""recall"":0.8214285714285714,""sampling_stratum"":""partial_overlap""},{""accuracy"":0.5,""completed_count"":30,""confusion_matrix"":{""fn"":15,""fp"":0,""tn"":15,""tp"":0},""development_population_count"":787,""f1"":0.0,""precision"":null,""recall"":0.0,""sampling_stratum"":""correct_document_insufficient""},{""accuracy"":0.8333333333333334,""completed_count"":30,""confusion_matrix"":{""fn"":5,""fp"":0,""tn"":25,""tp"":0},""development_population_count"":2693,""f1"":0.0,""precision"":null,""recall"":0.0,""sampling_stratum"":""wrong_document_retrieval""}]"
5,coverage_only,0.5,,,,True,False,120,42,0,26,52,0.7833333333333333,1.0,0.6666666666666666,0.8,0.8308845738942826,1.0,0.6992191247289959,0.8229887653136115,22,0,0,"{""fn"":0.1691154261057174,""fp"":0.0,""tn"":0.43774541531823086,""tp"":0.39313915857605175}","[{""accuracy"":1.0,""completed_count"":30,""confusion_matrix"":{""fn"":0,""fp"":0,""tn"":0,""tp"":30},""development_population_count"":1686,""f1"":1.0,""precision"":1.0,""recall"":1.0,""sampling_stratum"":""automatic_positive""},{""accuracy"":0.8,""completed_count"":30,""confusion_matrix"":{""fn"":6,""fp"":0,""tn"":2,""tp"":22},""development_population_count"":1014,""f1"":0.88,""precision"":1.0,""recall"":0.7857142857142857,""sampling_stratum"":""partial_overlap""},{""accuracy"":0.5,""completed_count"":30,""confusion_matrix"":{""fn"":15,""fp"":0,""tn"":15,""tp"":0},""development_population_count"":787,""f1"":0.0,""precision"":null,""recall"":0.0,""sampling_stratum"":""correct_document_insufficient""},{""accuracy"":0.8333333333333334,""completed_count"":30,""confusion_matrix"":{""fn"":5,""fp"":0,""tn"":25,""tp"":0},""development_population_count"":2693,""f1"":0.0,""precision"":null,""recall"":0.0,""sampling_stratum"":""wrong_document_retrieval""}]"
6,nli_only,,0.3,0.0,0.5,False,True,120,37,5,40,38,0.625,0.8837209302325582,0.48717948717948717,0.628099173553719,0.7100809061488673,0.8616989268879751,0.5769651388116114,0.6911554306793305,0,13,0,"{""fn"":0.23785329018338727,""fp"":0.052065803667745415,""tn"":0.3856796116504855,""tp"":0.32440129449838184}","[{""accuracy"":1.0,""completed_count"":30,""confusion_matrix"":{""fn"":0,""fp"":0,""tn"":0,""tp"":30},""development_population_count"":1686,""f1"":1.0,""precision"":1.0,""recall"":1.0,""sampling_stratum"":""automatic_positive""},{""accuracy"":0.26666666666666666,""completed_count"":30,""confusion_matrix"":{""fn"":22,""fp"":0,""tn"":2,""tp"":6},""development_population_count"":1014,""f1"":0.35294117647058826,""precision"":1.0,""recall"":0.21428571428571427,""sampling_stratum"":""partial_overlap""},{""accuracy"":0.4666666666666667,""completed_count"":30,""confusion_matrix"":{""fn"":14,""fp"":2,""tn"":13,""tp"":1},""development_population_count"":787,""f1"":0.1111111111111111,""precision"":0.3333333333333333,""recall"":0.06666666666666667,""sampling_stratum"":""correct_document_insufficient""},{""accuracy"":0.7666666666666667,""completed_count"":30,""confusion_matrix"":{""fn"":4,""fp"":3,""tn"":22,""tp"":1},""development_population_count"":2693,""f1"":0.22222222222222224,""precision"":0.25,""recall"":0.2,""sampling_stratum"":""wrong_document_retrieval""}]"
7,nli_only,,0.3,0.05,0.5,False,True,120,41,1,44,34,0.625,0.9714285714285714,0.4358974358974359,0.6017699115044248,0.7269687162891046,0.9857417204145229,0.521948926536329,0.6825098157277438,0,5,0,"{""fn"":0.26878640776699025,""fp"":0.004244875943905071,""tn"":0.4335005393743258,""tp"":0.29346817691477883}","[{""accuracy"":1.0,""completed_count"":30,""confusion_matrix"":{""fn"":0,""fp"":0,""tn"":0,""tp"":30},""development_population_count"":1686,""f1"":1.0,""precision"":1.0,""recall"":1.0,""sampling_stratum"":""automatic_positive""},{""accuracy"":0.16666666666666666,""completed_count"":30,""confusion_matrix"":{""fn"":25,""fp"":0,""tn"":2,""tp"":3},""development_population_count"":1014,""f1"":0.19354838709677416,""precision"":1.0,""recall"":0.10714285714285714,""sampling_stratum"":""partial_overlap""},{""accuracy"":0.5,""completed_count"":30,""confusion_matrix"":{""fn"":14,""fp"":1,""tn"":14,""tp"":1},""development_population_count"":787,""f1"":0.11764705882352941,""precision"":0.5,""recall"":0.06666666666666667,""sampling_stratum"":""correct_document_insufficient""},{""accuracy"":0.8333333333333334,""completed_count"":30,""confusion_matrix"":{""fn"":5,""fp"":0,""tn"":25,""tp"":0},""development_population_count"":2693,""f1"":0.0,""precision"":null,""recall"":0.0,""sampling_stratum"":""wrong_document_retrieval""}]"
8,nli_only,,0.3,0.1,0.5,False,True,120,41,1,44,34,0.625,0.9714285714285714,0.4358974358974359,0.6017699115044248,0.7269687162891046,0.9857417204145229,0.521948926536329,0.6825098157277438,0,5,0,"{""fn"":0.26878640776699025,""fp"":0.004244875943905071,""tn"":0.4335005393743258,""tp"":0.29346817691477883}","[{""accuracy"":1.0,""completed_count"":30,""confusion_matrix"":{""fn"":0,""fp"":0,""tn"":0,""tp"":30},""development_population_count"":1686,""f1"":1.0,""precision"":1.0,""recall"":1.0,""sampling_stratum"":""automatic_positive""},{""accuracy"":0.16666666666666666,""completed_count"":30,""confusion_matrix"":{""fn"":25,""fp"":0,""tn"":2,""tp"":3},""development_population_count"":1014,""f1"":0.19354838709677416,""precision"":1.0,""recall"":0.10714285714285714,""sampling_stratum"":""partial_overlap""},{""accuracy"":0.5,""completed_count"":30,""confusion_matrix"":{""fn"":14,""fp"":1,""tn"":14,""tp"":1},""development_population_count"":787,""f1"":0.11764705882352941,""precision"":0.5,""recall"":0.06666666666666667,""sampling_stratum"":""correct_document_insufficient""},{""accuracy"":0.8333333333333334,""completed_count"":30,""confusion_matrix"":{""fn"":5,""fp"":0,""tn"":25,""tp"":0},""development_population_count"":2693,""f1"":0.0,""precision"":null,""recall"":0.0,""sampling_stratum"":""wrong_document_retrieval""}]"
9,nli_only,,0.35,0.0,0.5,False,True,120,38,4,40,38,0.6333333333333333,0.9047619047619048,0.48717948717948717,0.6333333333333333,0.7143257820927724,0.8715258658165483,0.5769651388116114,0.6942950153533579,0,12,0,"{""fn"":0.23785329018338727,""fp"":0.04782092772384035,""tn"":0.3899244875943906,""tp"":0.32440129449838184}","[{""accuracy"":1.0,""completed_count"":30,""confusion_matrix"":{""fn"":0,""fp"":0,""tn"":0,""tp"":30},""development_population_count"":1686,""f1"":1.0,""precision"":1.0,""recall"":1.0,""sampling_stratum"":""automatic_positive""},{""accuracy"":0.26666666666666666,""completed_count"":30,""confusion_matrix"":{""fn"":22,""fp"":0,""tn"":2,""tp"":6},""development_population_count"":1014,""f1"":0.35294117647058826,""precision"":1.0,""recall"":0.21428571428571427,""sampling_stratum"":""partial_overlap""},{""accuracy"":0.5,""completed_count"":30,""confusion_matrix"":{""fn"":14,""fp"":1,""tn"":14,""tp"":1},""development_population_count"":787,""f1"":0.11764705882352941,""precision"":0.5,""recall"":0.06666666666666667,""sampling_stratum"":""correct_document_insufficient""},{""accuracy"":0.7666666666666667,""completed_count"":30,""confusion_matrix"":{""fn"":4,""fp"":3,""tn"":22,""tp"":1},""development_population_count"":2693,""f1"":0.22222222222222224,""precision"":0.25,""recall"":0.2,""sampling_stratum"":""wrong_document_retrieval""}]"
10,nli_only,,0.35,0.05,0.5,False,True,120,42,0,44,34,0.6333333333333333,1.0,0.4358974358974359,0.6071428571428571,0.7312135922330096,1.0,0.521948926536329,0.6858954560639391,0,4,0,"{""fn"":0.26878640776699025,""fp"":0.0,""tn"":0.43774541531823086,""tp"":0.29346817691477883}","[{""accuracy"":1.0,""completed_count"":30,""confusion_matrix"":{""fn"":0,""fp"":0,""tn"":0,""tp"":30},""development_population_count"":1686,""f1"":1.0,""precision"":1.0,""recall"":1.0,""sampling_stratum"":""automatic_positive""},{""accuracy"":0.16666666666666666,""completed_count"":30,""confusion_matrix"":{""fn"":25,""fp"":0,""tn"":2,""tp"":3},""development_population_count"":1014,""f1"":0.19354838709677416,""precision"":1.0,""recall"":0.10714285714285714,""sampling_stratum"":""partial_overlap""},{""accuracy"":0.5333333333333333,""completed_count"":30,""confusion_matrix"":{""fn"":14,""fp"":0,""tn"":15,""tp"":1},""development_population_count"":787,""f1"":0.125,""precision"":1.0,""recall"":0.06666666666666667,""sampling_stratum"":""correct_document_insufficient""},{""accuracy"":0.8333333333333334,""completed_count"":30,""confusion_matrix"":{""fn"":5,""fp"":0,""tn"":25,""tp"":0},""development_population_count"":2693,""f1"":0.0,""precision"":null,""recall"":0.0,""sampling_stratum"":""wrong_document_retrieval""}]"
11,nli_only,,0.35,0.1,0.5,False,True,120,42,0,44,34,0.6333333333333333,1.0,0.4358974358974359,0.6071428571428571,0.7312135922330096,1.0,0.521948926536329,0.6858954560639391,0,4,0,"{""fn"":0.26878640776699025,""fp"":0.0,""tn"":0.43774541531823086,""tp"":0.29346817691477883}","[{""accuracy"":1.0,""completed_count"":30,""confusion_matrix"":{""fn"":0,""fp"":0,""tn"":0,""tp"":30},""development_population_count"":1686,""f1"":1.0,""precision"":1.0,""recall"":1.0,""sampling_stratum"":""automatic_positive""},{""accuracy"":0.16666666666666666,""completed_count"":30,""confusion_matrix"":{""fn"":25,""fp"":0,""tn"":2,""tp"":3},""development_population_count"":1014,""f1"":0.19354838709677416,""precision"":1.0,""recall"":0.10714285714285714,""sampling_stratum"":""partial_overlap""},{""accuracy"":0.5333333333333333,""completed_count"":30,""confusion_matrix"":{""fn"":14,""fp"":0,""tn"":15,""tp"":1},""development_population_count"":787,""f1"":0.125,""precision"":1.0,""recall"":0.06666666666666667,""sampling_stratum"":""correct_document_insufficient""},{""accuracy"":0.8333333333333334,""completed_count"":30,""confusion_matrix"":{""fn"":5,""fp"":0,""tn"":25,""tp"":0},""development_population_count"":2693,""f1"":0.0,""precision"":null,""recall"":0.0,""sampling_stratum"":""wrong_document_retrieval""}]"
12,nli_only,,0.4,0.0,0.5,False,True,120,39,3,41,37,0.6333333333333333,0.925,0.47435897435897434,0.6271186440677966,0.7040453074433657,0.8767129558980619,0.5511310220448572,0.6768018283344721,0,10,0,"{""fn"":0.252378640776699,""fp"":0.043576051779935274,""tn"":0.3941693635382956,""tp"":0.30987594390507006}","[{""accuracy"":1.0,""completed_count"":30,""confusion_matrix"":{""fn"":0,""fp"":0,""tn"":0,""tp"":30},""development_population_count"":1686,""f1"":1.0,""precision"":1.0,""recall"":1.0,""sampling_stratum"":""automatic_positive""},{""accuracy"":0.26666666666666666,""completed_count"":30,""confusion_matrix"":{""fn"":22,""fp"":0,""tn"":2,""tp"":6},""development_population_count"":1014,""f1"":0.35294117647058826,""precision"":1.0,""recall"":0.21428571428571427,""sampling_stratum"":""partial_overlap""},{""accuracy"":0.5333333333333333,""completed_count"":30,""confusion_matrix"":{""fn"":14,""fp"":0,""tn"":15,""tp"":1},""development_population_count"":787,""f1"":0.125,""precision"":1.0,""recall"":0.06666666666666667,""sampling_stratum"":""correct_document_insufficient""},{""accuracy"":0.7333333333333333,""completed_count"":30,""confusion_matrix"":{""fn"":5,""fp"":3,""tn"":22,""tp"":0},""development_population_count"":2693,""f1"":0.0,""precision"":0.0,""recall"":0.0,""sampling_stratum"":""wrong_document_retrieval""}]"
13,nli_only,,0.4,0.05,0.5,False,True,120,42,0,44,34,0.6333333333333333,1.0,0.4358974358974359,0.6071428571428571,0.7312135922330096,1.0,0.521948926536329,0.6858954560639391,0,4,0,"{""fn"":0.26878640776699025,""fp"":0.0,""tn"":0.43774541531823086,""tp"":0.29346817691477883}","[{""accuracy"":1.0,""completed_count"":30,""confusion_matrix"":{""fn"":0,""fp"":0,""tn"":0,""tp"":30},""development_population_count"":1686,""f1"":1.0,""precision"":1.0,""recall"":1.0,""sampling_stratum"":""automatic_positive""},{""accuracy"":0.16666666666666666,""completed_count"":30,""confusion_matrix"":{""fn"":25,""fp"":0,""tn"":2,""tp"":3},""development_population_count"":1014,""f1"":0.19354838709677416,""precision"":1.0,""recall"":0.10714285714285714,""sampling_stratum"":""partial_overlap""},{""accuracy"":0.5333333333333333,""completed_count"":30,""confusion_matrix"":{""fn"":14,""fp"":0,""tn"":15,""tp"":1},""development_population_count"":787,""f1"":0.125,""precision"":1.0,""recall"":0.06666666666666667,""sampling_stratum"":""correct_document_insufficient""},{""accuracy"":0.8333333333333334,""completed_count"":30,""confusion_matrix"":{""fn"":5,""fp"":0,""tn"":25,""tp"":0},""development_population_count"":2693,""f1"":0.0,""precision"":null,""recall"":0.0,""sampling_stratum"":""wrong_document_retrieval""}]"
14,nli_only,,0.4,0.1,0.5,False,True,120,42,0,44,34,0.6333333333333333,1.0,0.4358974358974359,0.6071428571428571,0.7312135922330096,1.0,0.521948926536329,0.6858954560639391,0,4,0,"{""fn"":0.26878640776699025,""fp"":0.0,""tn"":0.43774541531823086,""tp"":0.29346817691477883}","[{""accuracy"":1.0,""completed_count"":30,""confusion_matrix"":{""fn"":0,""fp"":0,""tn"":0,""tp"":30},""development_population_count"":1686,""f1"":1.0,""precision"":1.0,""recall"":1.0,""sampling_stratum"":""automatic_positive""},{""accuracy"":0.16666666666666666,""completed_count"":30,""confusion_matrix"":{""fn"":25,""fp"":0,""tn"":2,""tp"":3},""development_population_count"":1014,""f1"":0.19354838709677416,""precision"":1.0,""recall"":0.10714285714285714,""sampling_stratum"":""partial_overlap""},{""accuracy"":0.5333333333333333,""completed_count"":30,""confusion_matrix"":{""fn"":14,""fp"":0,""tn"":15,""tp"":1},""development_population_count"":787,""f1"":0.125,""precision"":1.0,""recall"":0.06666666666666667,""sampling_stratum"":""correct_document_insufficient""},{""accuracy"":0.8333333333333334,""completed_count"":30,""confusion_matrix"":{""fn"":5,""fp"":0,""tn"":25,""tp"":0},""development_population_count"":2693,""f1"":0.0,""precision"":null,""recall"":0.0,""sampling_stratum"":""wrong_document_retrieval""}]"
15,nli_only,,0.45,0.0,0.5,False,True,120,41,1,41,37,0.65,0.9736842105263158,0.47435897435897434,0.6379310344827586,0.7330960086299891,0.9552241287576483,0.5511310220448572,0.6989767985108221,0,8,0,"{""fn"":0.252378640776699,""fp"":0.014525350593311758,""tn"":0.4232200647249191,""tp"":0.30987594390507006}","[{""accuracy"":1.0,""completed_count"":30,""confusion_matrix"":{""fn"":0,""fp"":0,""tn"":0,""tp"":30},""development_population_count"":1686,""f1"":1.0,""precision"":1.0,""recall"":1.0,""sampling_stratum"":""automatic_positive""},{""accuracy"":0.26666666666666666,""completed_count"":30,""confusion_matrix"":{""fn"":22,""fp"":0,""tn"":2,""tp"":6},""development_population_count"":1014,""f1"":0.35294117647058826,""precision"":1.0,""recall"":0.21428571428571427,""sampling_stratum"":""partial_overlap""},{""accuracy"":0.5333333333333333,""completed_count"":30,""confusion_matrix"":{""fn"":14,""fp"":0,""tn"":15,""tp"":1},""development_population_count"":787,""f1"":0.125,""precision"":1.0,""recall"":0.06666666666666667,""sampling_stratum"":""correct_document_insufficient""},{""accuracy"":0.8,""completed_count"":30,""confusion_matrix"":{""fn"":5,""fp"":1,""tn"":24,""tp"":0},""development_population_count"":2693,""f1"":0.0,""precision"":0.0,""recall"":0.0,""sampling_stratum"":""wrong_document_retrieval""}]"
16,nli_only,,0.45,0.05,0.5,False,True,120,42,0,44,34,0.6333333333333333,1.0,0.4358974358974359,0.6071428571428571,0.7312135922330096,1.0,0.521948926536329,0.6858954560639391,0,4,0,"{""fn"":0.26878640776699025,""fp"":0.0,""tn"":0.43774541531823086,""tp"":0.29346817691477883}","[{""accuracy"":1.0,""completed_count"":30,""confusion_matrix"":{""fn"":0,""fp"":0,""tn"":0,""tp"":30},""development_population_count"":1686,""f1"":1.0,""precision"":1.0,""recall"":1.0,""sampling_stratum"":""automatic_positive""},{""accuracy"":0.16666666666666666,""completed_count"":30,""confusion_matrix"":{""fn"":25,""fp"":0,""tn"":2,""tp"":3},""development_population_count"":1014,""f1"":0.19354838709677416,""precision"":1.0,""recall"":0.10714285714285714,""sampling_stratum"":""partial_overlap""},{""accuracy"":0.5333333333333333,""completed_count"":30,""confusion_matrix"":{""fn"":14,""fp"":0,""tn"":15,""tp"":1},""development_population_count"":787,""f1"":0.125,""precision"":1.0,""recall"":0.06666666666666667,""sampling_stratum"":""correct_document_insufficient""},{""accuracy"":0.8333333333333334,""completed_count"":30,""confusion_matrix"":{""fn"":5,""fp"":0,""tn"":25,""tp"":0},""development_population_count"":2693,""f1"":0.0,""precision"":null,""recall"":0.0,""sampling_stratum"":""wrong_document_retrieval""}]"
17,nli_only,,0.45,0.1,0.5,True,False,120,42,0,44,34,0.6333333333333333,1.0,0.4358974358974359,0.6071428571428571,0.7312135922330096,1.0,0.521948926536329,0.6858954560639391,0,4,0,"{""fn"":0.26878640776699025,""fp"":0.0,""tn"":0.43774541531823086,""tp"":0.29346817691477883}","[{""accuracy"":1.0,""completed_count"":30,""confusion_matrix"":{""fn"":0,""fp"":0,""tn"":0,""tp"":30},""development_population_count"":1686,""f1"":1.0,""precision"":1.0,""recall"":1.0,""sampling_stratum"":""automatic_positive""},{""accuracy"":0.16666666666666666,""completed_count"":30,""confusion_matrix"":{""fn"":25,""fp"":0,""tn"":2,""tp"":3},""development_population_count"":1014,""f1"":0.19354838709677416,""precision"":1.0,""recall"":0.10714285714285714,""sampling_stratum"":""partial_overlap""},{""accuracy"":0.5333333333333333,""completed_count"":30,""confusion_matrix"":{""fn"":14,""fp"":0,""tn"":15,""tp"":1},""development_population_count"":787,""f1"":0.125,""precision"":1.0,""recall"":0.06666666666666667,""sampling_stratum"":""correct_document_insufficient""},{""accuracy"":0.8333333333333334,""completed_count"":30,""confusion_matrix"":{""fn"":5,""fp"":0,""tn"":25,""tp"":0},""development_population_count"":2693,""f1"":0.0,""precision"":null,""recall"":0.0,""sampling_stratum"":""wrong_document_retrieval""}]"
18,combined,0.2,0.3,0.0,0.5,False,True,120,36,6,18,60,0.8,0.9090909090909091,0.7692307692307693,0.8333333333333333,0.8249352750809062,0.8854476530031464,0.7909671725408185,0.83554501649262,29,13,6,"{""fn"":0.11752966558791803,""fp"":0.057535059331175836,""tn"":0.3802103559870551,""tp"":0.44472491909385115}","[{""accuracy"":1.0,""completed_count"":30,""confusion_matrix"":{""fn"":0,""fp"":0,""tn"":0,""tp"":30},""development_population_count"":1686,""f1"":1.0,""precision"":1.0,""recall"":1.0,""sampling_stratum"":""automatic_positive""},{""accuracy"":0.9666666666666667,""completed_count"":30,""confusion_matrix"":{""fn"":0,""fp"":1,""tn"":1,""tp"":28},""development_population_count"":1014,""f1"":0.9824561403508771,""precision"":0.9655172413793104,""recall"":1.0,""sampling_stratum"":""partial_overlap""},{""accuracy"":0.4666666666666667,""completed_count"":30,""confusion_matrix"":{""fn"":14,""fp"":2,""tn"":13,""tp"":1},""development_population_count"":787,""f1"":0.1111111111111111,""precision"":0.3333333333333333,""recall"":0.06666666666666667,""sampling_stratum"":""correct_document_insufficient""},{""accuracy"":0.7666666666666667,""completed_count"":30,""confusion_matrix"":{""fn"":4,""fp"":3,""tn"":22,""tp"":1},""development_population_count"":2693,""f1"":0.22222222222222224,""precision"":0.25,""recall"":0.2,""sampling_stratum"":""wrong_document_retrieval""}]"
19,combined,0.2,0.3,0.05,0.5,False,True,120,40,2,19,59,0.825,0.9672131147540983,0.7564102564102564,0.8489208633093525,0.8582308522114348,0.9779180971064247,0.7651330557740642,0.858537583018482,29,5,3,"{""fn"":0.13205501618122978,""fp"":0.009714131607335492,""tn"":0.4280312837108954,""tp"":0.43019956850053936}","[{""accuracy"":1.0,""completed_count"":30,""confusion_matrix"":{""fn"":0,""fp"":0,""tn"":0,""tp"":30},""development_population_count"":1686,""f1"":1.0,""precision"":1.0,""recall"":1.0,""sampling_stratum"":""automatic_positive""},{""accuracy"":0.9666666666666667,""completed_count"":30,""confusion_matrix"":{""fn"":0,""fp"":1,""tn"":1,""tp"":28},""development_population_count"":1014,""f1"":0.9824561403508771,""precision"":0.9655172413793104,""recall"":1.0,""sampling_stratum"":""partial_overlap""},{""accuracy"":0.5,""completed_count"":30,""confusion_matrix"":{""fn"":14,""fp"":1,""tn"":14,""tp"":1},""development_population_count"":787,""f1"":0.11764705882352941,""precision"":0.5,""recall"":0.06666666666666667,""sampling_stratum"":""correct_document_insufficient""},{""accuracy"":0.8333333333333334,""completed_count"":30,""confusion_matrix"":{""fn"":5,""fp"":0,""tn"":25,""tp"":0},""development_population_count"":2693,""f1"":0.0,""precision"":null,""recall"":0.0,""sampling_stratum"":""wrong_document_retrieval""}]"
20,combined,0.2,0.3,0.1,0.5,False,True,120,40,2,19,59,0.825,0.9672131147540983,0.7564102564102564,0.8489208633093525,0.8582308522114348,0.9779180971064247,0.7651330557740642,0.858537583018482,29,5,3,"{""fn"":0.13205501618122978,""fp"":0.009714131607335492,""tn"":0.4280312837108954,""tp"":0.43019956850053936}","[{""accuracy"":1.0,""completed_count"":30,""confusion_matrix"":{""fn"":0,""fp"":0,""tn"":0,""tp"":30},""development_population_count"":1686,""f1"":1.0,""precision"":1.0,""recall"":1.0,""sampling_stratum"":""automatic_positive""},{""accuracy"":0.9666666666666667,""completed_count"":30,""confusion_matrix"":{""fn"":0,""fp"":1,""tn"":1,""tp"":28},""development_population_count"":1014,""f1"":0.9824561403508771,""precision"":0.9655172413793104,""recall"":1.0,""sampling_stratum"":""partial_overlap""},{""accuracy"":0.5,""completed_count"":30,""confusion_matrix"":{""fn"":14,""fp"":1,""tn"":14,""tp"":1},""development_population_count"":787,""f1"":0.11764705882352941,""precision"":0.5,""recall"":0.06666666666666667,""sampling_stratum"":""correct_document_insufficient""},{""accuracy"":0.8333333333333334,""completed_count"":30,""confusion_matrix"":{""fn"":5,""fp"":0,""tn"":25,""tp"":0},""development_population_count"":2693,""f1"":0.0,""precision"":null,""recall"":0.0,""sampling_stratum"":""wrong_document_retrieval""}]"
21,combined,0.2,0.35,0.0,0.5,False,True,120,37,5,18,60,0.8083333333333333,0.9230769230769231,0.7692307692307693,0.8391608391608392,0.8291801510248114,0.8929948446908981,0.7909671725408185,0.8388901889364819,29,12,6,"{""fn"":0.11752966558791803,""fp"":0.05329018338727076,""tn"":0.38445523193096015,""tp"":0.44472491909385115}","[{""accuracy"":1.0,""completed_count"":30,""confusion_matrix"":{""fn"":0,""fp"":0,""tn"":0,""tp"":30},""development_population_count"":1686,""f1"":1.0,""precision"":1.0,""recall"":1.0,""sampling_stratum"":""automatic_positive""},{""accuracy"":0.9666666666666667,""completed_count"":30,""confusion_matrix"":{""fn"":0,""fp"":1,""tn"":1,""tp"":28},""development_population_count"":1014,""f1"":0.9824561403508771,""precision"":0.9655172413793104,""recall"":1.0,""sampling_stratum"":""partial_overlap""},{""accuracy"":0.5,""completed_count"":30,""confusion_matrix"":{""fn"":14,""fp"":1,""tn"":14,""tp"":1},""development_population_count"":787,""f1"":0.11764705882352941,""precision"":0.5,""recall"":0.06666666666666667,""sampling_stratum"":""correct_document_insufficient""},{""accuracy"":0.7666666666666667,""completed_count"":30,""confusion_matrix"":{""fn"":4,""fp"":3,""tn"":22,""tp"":1},""development_population_count"":2693,""f1"":0.22222222222222224,""precision"":0.25,""recall"":0.2,""sampling_stratum"":""wrong_document_retrieval""}]"
22,combined,0.2,0.35,0.05,0.5,False,True,120,41,1,19,59,0.8333333333333334,0.9833333333333333,0.7564102564102564,0.8550724637681159,0.8624757281553398,0.9874463001250418,0.7651330557740642,0.8621895521984704,29,4,3,"{""fn"":0.13205501618122978,""fp"":0.00546925566343042,""tn"":0.43227615965480043,""tp"":0.43019956850053936}","[{""accuracy"":1.0,""completed_count"":30,""confusion_matrix"":{""fn"":0,""fp"":0,""tn"":0,""tp"":30},""development_population_count"":1686,""f1"":1.0,""precision"":1.0,""recall"":1.0,""sampling_stratum"":""automatic_positive""},{""accuracy"":0.9666666666666667,""completed_count"":30,""confusion_matrix"":{""fn"":0,""fp"":1,""tn"":1,""tp"":28},""development_population_count"":1014,""f1"":0.9824561403508771,""precision"":0.9655172413793104,""recall"":1.0,""sampling_stratum"":""partial_overlap""},{""accuracy"":0.5333333333333333,""completed_count"":30,""confusion_matrix"":{""fn"":14,""fp"":0,""tn"":15,""tp"":1},""development_population_count"":787,""f1"":0.125,""precision"":1.0,""recall"":0.06666666666666667,""sampling_stratum"":""correct_document_insufficient""},{""accuracy"":0.8333333333333334,""completed_count"":30,""confusion_matrix"":{""fn"":5,""fp"":0,""tn"":25,""tp"":0},""development_population_count"":2693,""f1"":0.0,""precision"":null,""recall"":0.0,""sampling_stratum"":""wrong_document_retrieval""}]"
23,combined,0.2,0.35,0.1,0.5,False,True,120,41,1,19,59,0.8333333333333334,0.9833333333333333,0.7564102564102564,0.8550724637681159,0.8624757281553398,0.9874463001250418,0.7651330557740642,0.8621895521984704,29,4,3,"{""fn"":0.13205501618122978,""fp"":0.00546925566343042,""tn"":0.43227615965480043,""tp"":0.43019956850053936}","[{""accuracy"":1.0,""completed_count"":30,""confusion_matrix"":{""fn"":0,""fp"":0,""tn"":0,""tp"":30},""development_population_count"":1686,""f1"":1.0,""precision"":1.0,""recall"":1.0,""sampling_stratum"":""automatic_positive""},{""accuracy"":0.9666666666666667,""completed_count"":30,""confusion_matrix"":{""fn"":0,""fp"":1,""tn"":1,""tp"":28},""development_population_count"":1014,""f1"":0.9824561403508771,""precision"":0.9655172413793104,""recall"":1.0,""sampling_stratum"":""partial_overlap""},{""accuracy"":0.5333333333333333,""completed_count"":30,""confusion_matrix"":{""fn"":14,""fp"":0,""tn"":15,""tp"":1},""development_population_count"":787,""f1"":0.125,""precision"":1.0,""recall"":0.06666666666666667,""sampling_stratum"":""correct_document_insufficient""},{""accuracy"":0.8333333333333334,""completed_count"":30,""confusion_matrix"":{""fn"":5,""fp"":0,""tn"":25,""tp"":0},""development_population_count"":2693,""f1"":0.0,""precision"":null,""recall"":0.0,""sampling_stratum"":""wrong_document_retrieval""}]"
24,combined,0.2,0.4,0.0,0.5,False,True,120,38,4,19,59,0.8083333333333333,0.9365079365079365,0.7564102564102564,0.8368794326241135,0.8188996763754046,0.8976612794309639,0.7651330557740642,0.8261157778076998,29,10,6,"{""fn"":0.13205501618122978,""fp"":0.049045307443365695,""tn"":0.3887001078748652,""tp"":0.43019956850053936}","[{""accuracy"":1.0,""completed_count"":30,""confusion_matrix"":{""fn"":0,""fp"":0,""tn"":0,""tp"":30},""development_population_count"":1686,""f1"":1.0,""precision"":1.0,""recall"":1.0,""sampling_stratum"":""automatic_positive""},{""accuracy"":0.9666666666666667,""completed_count"":30,""confusion_matrix"":{""fn"":0,""fp"":1,""tn"":1,""tp"":28},""development_population_count"":1014,""f1"":0.9824561403508771,""precision"":0.9655172413793104,""recall"":1.0,""sampling_stratum"":""partial_overlap""},{""accuracy"":0.5333333333333333,""completed_count"":30,""confusion_matrix"":{""fn"":14,""fp"":0,""tn"":15,""tp"":1},""development_population_count"":787,""f1"":0.125,""precision"":1.0,""recall"":0.06666666666666667,""sampling_stratum"":""correct_document_insufficient""},{""accuracy"":0.7333333333333333,""completed_count"":30,""confusion_matrix"":{""fn"":5,""fp"":3,""tn"":22,""tp"":0},""development_population_count"":2693,""f1"":0.0,""precision"":0.0,""recall"":0.0,""sampling_stratum"":""wrong_document_retrieval""}]"
25,combined,0.2,0.4,0.05,0.5,False,True,120,41,1,19,59,0.8333333333333334,0.9833333333333333,0.7564102564102564,0.8550724637681159,0.8624757281553398,0.9874463001250418,0.7651330557740642,0.8621895521984704,29,4,3,"{""fn"":0.13205501618122978,""fp"":0.00546925566343042,""tn"":0.43227615965480043,""tp"":0.43019956850053936}","[{""accuracy"":1.0,""completed_count"":30,""confusion_matrix"":{""fn"":0,""fp"":0,""tn"":0,""tp"":30},""development_population_count"":1686,""f1"":1.0,""precision"":1.0,""recall"":1.0,""sampling_stratum"":""automatic_positive""},{""accuracy"":0.9666666666666667,""completed_count"":30,""confusion_matrix"":{""fn"":0,""fp"":1,""tn"":1,""tp"":28},""development_population_count"":1014,""f1"":0.9824561403508771,""precision"":0.9655172413793104,""recall"":1.0,""sampling_stratum"":""partial_overlap""},{""accuracy"":0.5333333333333333,""completed_count"":30,""confusion_matrix"":{""fn"":14,""fp"":0,""tn"":15,""tp"":1},""development_population_count"":787,""f1"":0.125,""precision"":1.0,""recall"":0.06666666666666667,""sampling_stratum"":""correct_document_insufficient""},{""accuracy"":0.8333333333333334,""completed_count"":30,""confusion_matrix"":{""fn"":5,""fp"":0,""tn"":25,""tp"":0},""development_population_count"":2693,""f1"":0.0,""precision"":null,""recall"":0.0,""sampling_stratum"":""wrong_document_retrieval""}]"
26,combined,0.2,0.4,0.1,0.5,False,True,120,41,1,19,59,0.8333333333333334,0.9833333333333333,0.7564102564102564,0.8550724637681159,0.8624757281553398,0.9874463001250418,0.7651330557740642,0.8621895521984704,29,4,3,"{""fn"":0.13205501618122978,""fp"":0.00546925566343042,""tn"":0.43227615965480043,""tp"":0.43019956850053936}","[{""accuracy"":1.0,""completed_count"":30,""confusion_matrix"":{""fn"":0,""fp"":0,""tn"":0,""tp"":30},""development_population_count"":1686,""f1"":1.0,""precision"":1.0,""recall"":1.0,""sampling_stratum"":""automatic_positive""},{""accuracy"":0.9666666666666667,""completed_count"":30,""confusion_matrix"":{""fn"":0,""fp"":1,""tn"":1,""tp"":28},""development_population_count"":1014,""f1"":0.9824561403508771,""precision"":0.9655172413793104,""recall"":1.0,""sampling_stratum"":""partial_overlap""},{""accuracy"":0.5333333333333333,""completed_count"":30,""confusion_matrix"":{""fn"":14,""fp"":0,""tn"":15,""tp"":1},""development_population_count"":787,""f1"":0.125,""precision"":1.0,""recall"":0.06666666666666667,""sampling_stratum"":""correct_document_insufficient""},{""accuracy"":0.8333333333333334,""completed_count"":30,""confusion_matrix"":{""fn"":5,""fp"":0,""tn"":25,""tp"":0},""development_population_count"":2693,""f1"":0.0,""precision"":null,""recall"":0.0,""sampling_stratum"":""wrong_document_retrieval""}]"
27,combined,0.2,0.45,0.0,0.5,False,True,120,40,2,19,59,0.825,0.9672131147540983,0.7564102564102564,0.8489208633093525,0.8479503775620281,0.9555867059641052,0.7651330557740642,0.8498199330875617,29,8,6,"{""fn"":0.13205501618122978,""fp"":0.019994606256742178,""tn"":0.41775080906148865,""tp"":0.43019956850053936}","[{""accuracy"":1.0,""completed_count"":30,""confusion_matrix"":{""fn"":0,""fp"":0,""tn"":0,""tp"":30},""development_population_count"":1686,""f1"":1.0,""precision"":1.0,""recall"":1.0,""sampling_stratum"":""automatic_positive""},{""accuracy"":0.9666666666666667,""completed_count"":30,""confusion_matrix"":{""fn"":0,""fp"":1,""tn"":1,""tp"":28},""development_population_count"":1014,""f1"":0.9824561403508771,""precision"":0.9655172413793104,""recall"":1.0,""sampling_stratum"":""partial_overlap""},{""accuracy"":0.5333333333333333,""completed_count"":30,""confusion_matrix"":{""fn"":14,""fp"":0,""tn"":15,""tp"":1},""development_population_count"":787,""f1"":0.125,""precision"":1.0,""recall"":0.06666666666666667,""sampling_stratum"":""correct_document_insufficient""},{""accuracy"":0.8,""completed_count"":30,""confusion_matrix"":{""fn"":5,""fp"":1,""tn"":24,""tp"":0},""development_population_count"":2693,""f1"":0.0,""precision"":0.0,""recall"":0.0,""sampling_stratum"":""wrong_document_retrieval""}]"
28,combined,0.2,0.45,0.05,0.5,False,True,120,41,1,19,59,0.8333333333333334,0.9833333333333333,0.7564102564102564,0.8550724637681159,0.8624757281553398,0.9874463001250418,0.7651330557740642,0.8621895521984704,29,4,3,"{""fn"":0.13205501618122978,""fp"":0.00546925566343042,""tn"":0.43227615965480043,""tp"":0.43019956850053936}","[{""accuracy"":1.0,""completed_count"":30,""confusion_matrix"":{""fn"":0,""fp"":0,""tn"":0,""tp"":30},""development_population_count"":1686,""f1"":1.0,""precision"":1.0,""recall"":1.0,""sampling_stratum"":""automatic_positive""},{""accuracy"":0.9666666666666667,""completed_count"":30,""confusion_matrix"":{""fn"":0,""fp"":1,""tn"":1,""tp"":28},""development_population_count"":1014,""f1"":0.9824561403508771,""precision"":0.9655172413793104,""recall"":1.0,""sampling_stratum"":""partial_overlap""},{""accuracy"":0.5333333333333333,""completed_count"":30,""confusion_matrix"":{""fn"":14,""fp"":0,""tn"":15,""tp"":1},""development_population_count"":787,""f1"":0.125,""precision"":1.0,""recall"":0.06666666666666667,""sampling_stratum"":""correct_document_insufficient""},{""accuracy"":0.8333333333333334,""completed_count"":30,""confusion_matrix"":{""fn"":5,""fp"":0,""tn"":25,""tp"":0},""development_population_count"":2693,""f1"":0.0,""precision"":null,""recall"":0.0,""sampling_stratum"":""wrong_document_retrieval""}]"
29,combined,0.2,0.45,0.1,0.5,False,True,120,41,1,19,59,0.8333333333333334,0.9833333333333333,0.7564102564102564,0.8550724637681159,0.8624757281553398,0.9874463001250418,0.7651330557740642,0.8621895521984704,29,4,3,"{""fn"":0.13205501618122978,""fp"":0.00546925566343042,""tn"":0.43227615965480043,""tp"":0.43019956850053936}","[{""accuracy"":1.0,""completed_count"":30,""confusion_matrix"":{""fn"":0,""fp"":0,""tn"":0,""tp"":30},""development_population_count"":1686,""f1"":1.0,""precision"":1.0,""recall"":1.0,""sampling_stratum"":""automatic_positive""},{""accuracy"":0.9666666666666667,""completed_count"":30,""confusion_matrix"":{""fn"":0,""fp"":1,""tn"":1,""tp"":28},""development_population_count"":1014,""f1"":0.9824561403508771,""precision"":0.9655172413793104,""recall"":1.0,""sampling_stratum"":""partial_overlap""},{""accuracy"":0.5333333333333333,""completed_count"":30,""confusion_matrix"":{""fn"":14,""fp"":0,""tn"":15,""tp"":1},""development_population_count"":787,""f1"":0.125,""precision"":1.0,""recall"":0.06666666666666667,""sampling_stratum"":""correct_document_insufficient""},{""accuracy"":0.8333333333333334,""completed_count"":30,""confusion_matrix"":{""fn"":5,""fp"":0,""tn"":25,""tp"":0},""development_population_count"":2693,""f1"":0.0,""precision"":null,""recall"":0.0,""sampling_stratum"":""wrong_document_retrieval""}]"
30,combined,0.3,0.3,0.0,0.5,False,True,120,36,6,20,58,0.7833333333333333,0.90625,0.7435897435897436,0.8169014084507042,0.8139967637540454,0.882897322457762,0.7715124422017997,0.8234553301285497,27,13,6,"{""fn"":0.12846817691477885,""fp"":0.057535059331175836,""tn"":0.3802103559870551,""tp"":0.4337864077669903}","[{""accuracy"":1.0,""completed_count"":30,""confusion_matrix"":{""fn"":0,""fp"":0,""tn"":0,""tp"":30},""development_population_count"":1686,""f1"":1.0,""precision"":1.0,""recall"":1.0,""sampling_stratum"":""automatic_positive""},{""accuracy"":0.9,""completed_count"":30,""confusion_matrix"":{""fn"":2,""fp"":1,""tn"":1,""tp"":26},""development_population_count"":1014,""f1"":0.9454545454545454,""precision"":0.9629629629629629,""recall"":0.9285714285714286,""sampling_stratum"":""partial_overlap""},{""accuracy"":0.4666666666666667,""completed_count"":30,""confusion_matrix"":{""fn"":14,""fp"":2,""tn"":13,""tp"":1},""development_population_count"":787,""f1"":0.1111111111111111,""precision"":0.3333333333333333,""recall"":0.06666666666666667,""sampling_stratum"":""correct_document_insufficient""},{""accuracy"":0.7666666666666667,""completed_count"":30,""confusion_matrix"":{""fn"":4,""fp"":3,""tn"":22,""tp"":1},""development_population_count"":2693,""f1"":0.22222222222222224,""precision"":0.25,""recall"":0.2,""sampling_stratum"":""wrong_document_retrieval""}]"
31,combined,0.3,0.3,0.05,0.5,False,True,120,40,2,21,57,0.8083333333333333,0.9661016949152542,0.7307692307692307,0.8321167883211679,0.8472923408845738,0.9773550269074084,0.7456783254350453,0.8459412103997301,27,5,3,"{""fn"":0.14299352750809063,""fp"":0.009714131607335492,""tn"":0.4280312837108954,""tp"":0.4192610571736785}","[{""accuracy"":1.0,""completed_count"":30,""confusion_matrix"":{""fn"":0,""fp"":0,""tn"":0,""tp"":30},""development_population_count"":1686,""f1"":1.0,""precision"":1.0,""recall"":1.0,""sampling_stratum"":""automatic_positive""},{""accuracy"":0.9,""completed_count"":30,""confusion_matrix"":{""fn"":2,""fp"":1,""tn"":1,""tp"":26},""development_population_count"":1014,""f1"":0.9454545454545454,""precision"":0.9629629629629629,""recall"":0.9285714285714286,""sampling_stratum"":""partial_overlap""},{""accuracy"":0.5,""completed_count"":30,""confusion_matrix"":{""fn"":14,""fp"":1,""tn"":14,""tp"":1},""development_population_count"":787,""f1"":0.11764705882352941,""precision"":0.5,""recall"":0.06666666666666667,""sampling_stratum"":""correct_document_insufficient""},{""accuracy"":0.8333333333333334,""completed_count"":30,""confusion_matrix"":{""fn"":5,""fp"":0,""tn"":25,""tp"":0},""development_population_count"":2693,""f1"":0.0,""precision"":null,""recall"":0.0,""sampling_stratum"":""wrong_document_retrieval""}]"
32,combined,0.3,0.3,0.1,0.5,False,True,120,40,2,21,57,0.8083333333333333,0.9661016949152542,0.7307692307692307,0.8321167883211679,0.8472923408845738,0.9773550269074084,0.7456783254350453,0.8459412103997301,27,5,3,"{""fn"":0.14299352750809063,""fp"":0.009714131607335492,""tn"":0.4280312837108954,""tp"":0.4192610571736785}","[{""accuracy"":1.0,""completed_count"":30,""confusion_matrix"":{""fn"":0,""fp"":0,""tn"":0,""tp"":30},""development_population_count"":1686,""f1"":1.0,""precision"":1.0,""recall"":1.0,""sampling_stratum"":""automatic_positive""},{""accuracy"":0.9,""completed_count"":30,""confusion_matrix"":{""fn"":2,""fp"":1,""tn"":1,""tp"":26},""development_population_count"":1014,""f1"":0.9454545454545454,""precision"":0.9629629629629629,""recall"":0.9285714285714286,""sampling_stratum"":""partial_overlap""},{""accuracy"":0.5,""completed_count"":30,""confusion_matrix"":{""fn"":14,""fp"":1,""tn"":14,""tp"":1},""development_population_count"":787,""f1"":0.11764705882352941,""precision"":0.5,""recall"":0.06666666666666667,""sampling_stratum"":""correct_document_insufficient""},{""accuracy"":0.8333333333333334,""completed_count"":30,""confusion_matrix"":{""fn"":5,""fp"":0,""tn"":25,""tp"":0},""development_population_count"":2693,""f1"":0.0,""precision"":null,""recall"":0.0,""sampling_stratum"":""wrong_document_retrieval""}]"
33,combined,0.3,0.35,0.0,0.5,False,True,120,37,5,20,58,0.7916666666666666,0.9206349206349206,0.7435897435897436,0.8226950354609929,0.8182416396979504,0.8905917788802268,0.7715124422017997,0.8267864669538311,27,12,6,"{""fn"":0.12846817691477885,""fp"":0.05329018338727076,""tn"":0.38445523193096015,""tp"":0.4337864077669903}","[{""accuracy"":1.0,""completed_count"":30,""confusion_matrix"":{""fn"":0,""fp"":0,""tn"":0,""tp"":30},""development_population_count"":1686,""f1"":1.0,""precision"":1.0,""recall"":1.0,""sampling_stratum"":""automatic_positive""},{""accuracy"":0.9,""completed_count"":30,""confusion_matrix"":{""fn"":2,""fp"":1,""tn"":1,""tp"":26},""development_population_count"":1014,""f1"":0.9454545454545454,""precision"":0.9629629629629629,""recall"":0.9285714285714286,""sampling_stratum"":""partial_overlap""},{""accuracy"":0.5,""completed_count"":30,""confusion_matrix"":{""fn"":14,""fp"":1,""tn"":14,""tp"":1},""development_population_count"":787,""f1"":0.11764705882352941,""precision"":0.5,""recall"":0.06666666666666667,""sampling_stratum"":""correct_document_insufficient""},{""accuracy"":0.7666666666666667,""completed_count"":30,""confusion_matrix"":{""fn"":4,""fp"":3,""tn"":22,""tp"":1},""development_population_count"":2693,""f1"":0.22222222222222224,""precision"":0.25,""recall"":0.2,""sampling_stratum"":""wrong_document_retrieval""}]"
34,combined,0.3,0.35,0.05,0.5,False,True,120,41,1,21,57,0.8166666666666667,0.9827586206896551,0.7307692307692307,0.8382352941176471,0.8515372168284789,0.987122991935996,0.7456783254350453,0.8495794783235967,27,4,3,"{""fn"":0.14299352750809063,""fp"":0.00546925566343042,""tn"":0.43227615965480043,""tp"":0.4192610571736785}","[{""accuracy"":1.0,""completed_count"":30,""confusion_matrix"":{""fn"":0,""fp"":0,""tn"":0,""tp"":30},""development_population_count"":1686,""f1"":1.0,""precision"":1.0,""recall"":1.0,""sampling_stratum"":""automatic_positive""},{""accuracy"":0.9,""completed_count"":30,""confusion_matrix"":{""fn"":2,""fp"":1,""tn"":1,""tp"":26},""development_population_count"":1014,""f1"":0.9454545454545454,""precision"":0.9629629629629629,""recall"":0.9285714285714286,""sampling_stratum"":""partial_overlap""},{""accuracy"":0.5333333333333333,""completed_count"":30,""confusion_matrix"":{""fn"":14,""fp"":0,""tn"":15,""tp"":1},""development_population_count"":787,""f1"":0.125,""precision"":1.0,""recall"":0.06666666666666667,""sampling_stratum"":""correct_document_insufficient""},{""accuracy"":0.8333333333333334,""completed_count"":30,""confusion_matrix"":{""fn"":5,""fp"":0,""tn"":25,""tp"":0},""development_population_count"":2693,""f1"":0.0,""precision"":null,""recall"":0.0,""sampling_stratum"":""wrong_document_retrieval""}]"
35,combined,0.3,0.35,0.1,0.5,False,True,120,41,1,21,57,0.8166666666666667,0.9827586206896551,0.7307692307692307,0.8382352941176471,0.8515372168284789,0.987122991935996,0.7456783254350453,0.8495794783235967,27,4,3,"{""fn"":0.14299352750809063,""fp"":0.00546925566343042,""tn"":0.43227615965480043,""tp"":0.4192610571736785}","[{""accuracy"":1.0,""completed_count"":30,""confusion_matrix"":{""fn"":0,""fp"":0,""tn"":0,""tp"":30},""development_population_count"":1686,""f1"":1.0,""precision"":1.0,""recall"":1.0,""sampling_stratum"":""automatic_positive""},{""accuracy"":0.9,""completed_count"":30,""confusion_matrix"":{""fn"":2,""fp"":1,""tn"":1,""tp"":26},""development_population_count"":1014,""f1"":0.9454545454545454,""precision"":0.9629629629629629,""recall"":0.9285714285714286,""sampling_stratum"":""partial_overlap""},{""accuracy"":0.5333333333333333,""completed_count"":30,""confusion_matrix"":{""fn"":14,""fp"":0,""tn"":15,""tp"":1},""development_population_count"":787,""f1"":0.125,""precision"":1.0,""recall"":0.06666666666666667,""sampling_stratum"":""correct_document_insufficient""},{""accuracy"":0.8333333333333334,""completed_count"":30,""confusion_matrix"":{""fn"":5,""fp"":0,""tn"":25,""tp"":0},""development_population_count"":2693,""f1"":0.0,""precision"":null,""recall"":0.0,""sampling_stratum"":""wrong_document_retrieval""}]"
36,combined,0.3,0.4,0.0,0.5,False,True,120,38,4,21,57,0.7916666666666666,0.9344262295081968,0.7307692307692307,0.8201438848920862,0.8079611650485437,0.8952708928406892,0.7456783254350453,0.8136560141521778,27,10,6,"{""fn"":0.14299352750809063,""fp"":0.049045307443365695,""tn"":0.3887001078748652,""tp"":0.4192610571736785}","[{""accuracy"":1.0,""completed_count"":30,""confusion_matrix"":{""fn"":0,""fp"":0,""tn"":0,""tp"":30},""development_population_count"":1686,""f1"":1.0,""precision"":1.0,""recall"":1.0,""sampling_stratum"":""automatic_positive""},{""accuracy"":0.9,""completed_count"":30,""confusion_matrix"":{""fn"":2,""fp"":1,""tn"":1,""tp"":26},""development_population_count"":1014,""f1"":0.9454545454545454,""precision"":0.9629629629629629,""recall"":0.9285714285714286,""sampling_stratum"":""partial_overlap""},{""accuracy"":0.5333333333333333,""completed_count"":30,""confusion_matrix"":{""fn"":14,""fp"":0,""tn"":15,""tp"":1},""development_population_count"":787,""f1"":0.125,""precision"":1.0,""recall"":0.06666666666666667,""sampling_stratum"":""correct_document_insufficient""},{""accuracy"":0.7333333333333333,""completed_count"":30,""confusion_matrix"":{""fn"":5,""fp"":3,""tn"":22,""tp"":0},""development_population_count"":2693,""f1"":0.0,""precision"":0.0,""recall"":0.0,""sampling_stratum"":""wrong_document_retrieval""}]"
37,combined,0.3,0.4,0.05,0.5,False,True,120,41,1,21,57,0.8166666666666667,0.9827586206896551,0.7307692307692307,0.8382352941176471,0.8515372168284789,0.987122991935996,0.7456783254350453,0.8495794783235967,27,4,3,"{""fn"":0.14299352750809063,""fp"":0.00546925566343042,""tn"":0.43227615965480043,""tp"":0.4192610571736785}","[{""accuracy"":1.0,""completed_count"":30,""confusion_matrix"":{""fn"":0,""fp"":0,""tn"":0,""tp"":30},""development_population_count"":1686,""f1"":1.0,""precision"":1.0,""recall"":1.0,""sampling_stratum"":""automatic_positive""},{""accuracy"":0.9,""completed_count"":30,""confusion_matrix"":{""fn"":2,""fp"":1,""tn"":1,""tp"":26},""development_population_count"":1014,""f1"":0.9454545454545454,""precision"":0.9629629629629629,""recall"":0.9285714285714286,""sampling_stratum"":""partial_overlap""},{""accuracy"":0.5333333333333333,""completed_count"":30,""confusion_matrix"":{""fn"":14,""fp"":0,""tn"":15,""tp"":1},""development_population_count"":787,""f1"":0.125,""precision"":1.0,""recall"":0.06666666666666667,""sampling_stratum"":""correct_document_insufficient""},{""accuracy"":0.8333333333333334,""completed_count"":30,""confusion_matrix"":{""fn"":5,""fp"":0,""tn"":25,""tp"":0},""development_population_count"":2693,""f1"":0.0,""precision"":null,""recall"":0.0,""sampling_stratum"":""wrong_document_retrieval""}]"
38,combined,0.3,0.4,0.1,0.5,False,True,120,41,1,21,57,0.8166666666666667,0.9827586206896551,0.7307692307692307,0.8382352941176471,0.8515372168284789,0.987122991935996,0.7456783254350453,0.8495794783235967,27,4,3,"{""fn"":0.14299352750809063,""fp"":0.00546925566343042,""tn"":0.43227615965480043,""tp"":0.4192610571736785}","[{""accuracy"":1.0,""completed_count"":30,""confusion_matrix"":{""fn"":0,""fp"":0,""tn"":0,""tp"":30},""development_population_count"":1686,""f1"":1.0,""precision"":1.0,""recall"":1.0,""sampling_stratum"":""automatic_positive""},{""accuracy"":0.9,""completed_count"":30,""confusion_matrix"":{""fn"":2,""fp"":1,""tn"":1,""tp"":26},""development_population_count"":1014,""f1"":0.9454545454545454,""precision"":0.9629629629629629,""recall"":0.9285714285714286,""sampling_stratum"":""partial_overlap""},{""accuracy"":0.5333333333333333,""completed_count"":30,""confusion_matrix"":{""fn"":14,""fp"":0,""tn"":15,""tp"":1},""development_population_count"":787,""f1"":0.125,""precision"":1.0,""recall"":0.06666666666666667,""sampling_stratum"":""correct_document_insufficient""},{""accuracy"":0.8333333333333334,""completed_count"":30,""confusion_matrix"":{""fn"":5,""fp"":0,""tn"":25,""tp"":0},""development_population_count"":2693,""f1"":0.0,""precision"":null,""recall"":0.0,""sampling_stratum"":""wrong_document_retrieval""}]"
39,combined,0.3,0.45,0.0,0.5,False,True,120,40,2,21,57,0.8083333333333333,0.9661016949152542,0.7307692307692307,0.8321167883211679,0.8370118662351671,0.9544807092512095,0.7456783254350453,0.8372576475657043,27,8,6,"{""fn"":0.14299352750809063,""fp"":0.019994606256742178,""tn"":0.41775080906148865,""tp"":0.4192610571736785}","[{""accuracy"":1.0,""completed_count"":30,""confusion_matrix"":{""fn"":0,""fp"":0,""tn"":0,""tp"":30},""development_population_count"":1686,""f1"":1.0,""precision"":1.0,""recall"":1.0,""sampling_stratum"":""automatic_positive""},{""accuracy"":0.9,""completed_count"":30,""confusion_matrix"":{""fn"":2,""fp"":1,""tn"":1,""tp"":26},""development_population_count"":1014,""f1"":0.9454545454545454,""precision"":0.9629629629629629,""recall"":0.9285714285714286,""sampling_stratum"":""partial_overlap""},{""accuracy"":0.5333333333333333,""completed_count"":30,""confusion_matrix"":{""fn"":14,""fp"":0,""tn"":15,""tp"":1},""development_population_count"":787,""f1"":0.125,""precision"":1.0,""recall"":0.06666666666666667,""sampling_stratum"":""correct_document_insufficient""},{""accuracy"":0.8,""completed_count"":30,""confusion_matrix"":{""fn"":5,""fp"":1,""tn"":24,""tp"":0},""development_population_count"":2693,""f1"":0.0,""precision"":0.0,""recall"":0.0,""sampling_stratum"":""wrong_document_retrieval""}]"
40,combined,0.3,0.45,0.05,0.5,False,True,120,41,1,21,57,0.8166666666666667,0.9827586206896551,0.7307692307692307,0.8382352941176471,0.8515372168284789,0.987122991935996,0.7456783254350453,0.8495794783235967,27,4,3,"{""fn"":0.14299352750809063,""fp"":0.00546925566343042,""tn"":0.43227615965480043,""tp"":0.4192610571736785}","[{""accuracy"":1.0,""completed_count"":30,""confusion_matrix"":{""fn"":0,""fp"":0,""tn"":0,""tp"":30},""development_population_count"":1686,""f1"":1.0,""precision"":1.0,""recall"":1.0,""sampling_stratum"":""automatic_positive""},{""accuracy"":0.9,""completed_count"":30,""confusion_matrix"":{""fn"":2,""fp"":1,""tn"":1,""tp"":26},""development_population_count"":1014,""f1"":0.9454545454545454,""precision"":0.9629629629629629,""recall"":0.9285714285714286,""sampling_stratum"":""partial_overlap""},{""accuracy"":0.5333333333333333,""completed_count"":30,""confusion_matrix"":{""fn"":14,""fp"":0,""tn"":15,""tp"":1},""development_population_count"":787,""f1"":0.125,""precision"":1.0,""recall"":0.06666666666666667,""sampling_stratum"":""correct_document_insufficient""},{""accuracy"":0.8333333333333334,""completed_count"":30,""confusion_matrix"":{""fn"":5,""fp"":0,""tn"":25,""tp"":0},""development_population_count"":2693,""f1"":0.0,""precision"":null,""recall"":0.0,""sampling_stratum"":""wrong_document_retrieval""}]"
41,combined,0.3,0.45,0.1,0.5,False,True,120,41,1,21,57,0.8166666666666667,0.9827586206896551,0.7307692307692307,0.8382352941176471,0.8515372168284789,0.987122991935996,0.7456783254350453,0.8495794783235967,27,4,3,"{""fn"":0.14299352750809063,""fp"":0.00546925566343042,""tn"":0.43227615965480043,""tp"":0.4192610571736785}","[{""accuracy"":1.0,""completed_count"":30,""confusion_matrix"":{""fn"":0,""fp"":0,""tn"":0,""tp"":30},""development_population_count"":1686,""f1"":1.0,""precision"":1.0,""recall"":1.0,""sampling_stratum"":""automatic_positive""},{""accuracy"":0.9,""completed_count"":30,""confusion_matrix"":{""fn"":2,""fp"":1,""tn"":1,""tp"":26},""development_population_count"":1014,""f1"":0.9454545454545454,""precision"":0.9629629629629629,""recall"":0.9285714285714286,""sampling_stratum"":""partial_overlap""},{""accuracy"":0.5333333333333333,""completed_count"":30,""confusion_matrix"":{""fn"":14,""fp"":0,""tn"":15,""tp"":1},""development_population_count"":787,""f1"":0.125,""precision"":1.0,""recall"":0.06666666666666667,""sampling_stratum"":""correct_document_insufficient""},{""accuracy"":0.8333333333333334,""completed_count"":30,""confusion_matrix"":{""fn"":5,""fp"":0,""tn"":25,""tp"":0},""development_population_count"":2693,""f1"":0.0,""precision"":null,""recall"":0.0,""sampling_stratum"":""wrong_document_retrieval""}]"
42,combined,0.4,0.3,0.0,0.5,False,True,120,37,5,21,57,0.7833333333333333,0.9193548387096774,0.7307692307692307,0.8142857142857143,0.8139967637540453,0.8916160470678058,0.7617850770322903,0.8216031659812214,25,13,6,"{""fn"":0.13393743257820928,""fp"":0.052065803667745415,""tn"":0.3856796116504855,""tp"":0.4283171521035598}","[{""accuracy"":1.0,""completed_count"":30,""confusion_matrix"":{""fn"":0,""fp"":0,""tn"":0,""tp"":30},""development_population_count"":1686,""f1"":1.0,""precision"":1.0,""recall"":1.0,""sampling_stratum"":""automatic_positive""},{""accuracy"":0.9,""completed_count"":30,""confusion_matrix"":{""fn"":3,""fp"":0,""tn"":2,""tp"":25},""development_population_count"":1014,""f1"":0.9433962264150945,""precision"":1.0,""recall"":0.8928571428571429,""sampling_stratum"":""partial_overlap""},{""accuracy"":0.4666666666666667,""completed_count"":30,""confusion_matrix"":{""fn"":14,""fp"":2,""tn"":13,""tp"":1},""development_population_count"":787,""f1"":0.1111111111111111,""precision"":0.3333333333333333,""recall"":0.06666666666666667,""sampling_stratum"":""correct_document_insufficient""},{""accuracy"":0.7666666666666667,""completed_count"":30,""confusion_matrix"":{""fn"":4,""fp"":3,""tn"":22,""tp"":1},""development_population_count"":2693,""f1"":0.22222222222222224,""precision"":0.25,""recall"":0.2,""sampling_stratum"":""wrong_document_retrieval""}]"
43,combined,0.4,0.3,0.05,0.5,False,True,120,41,1,22,56,0.8083333333333333,0.9824561403508771,0.717948717948718,0.8296296296296296,0.8472923408845738,0.9898456853839802,0.735950960265536,0.8442221561960098,25,5,3,"{""fn"":0.14846278317152103,""fp"":0.004244875943905071,""tn"":0.4335005393743258,""tp"":0.413791801510248}","[{""accuracy"":1.0,""completed_count"":30,""confusion_matrix"":{""fn"":0,""fp"":0,""tn"":0,""tp"":30},""development_population_count"":1686,""f1"":1.0,""precision"":1.0,""recall"":1.0,""sampling_stratum"":""automatic_positive""},{""accuracy"":0.9,""completed_count"":30,""confusion_matrix"":{""fn"":3,""fp"":0,""tn"":2,""tp"":25},""development_population_count"":1014,""f1"":0.9433962264150945,""precision"":1.0,""recall"":0.8928571428571429,""sampling_stratum"":""partial_overlap""},{""accuracy"":0.5,""completed_count"":30,""confusion_matrix"":{""fn"":14,""fp"":1,""tn"":14,""tp"":1},""development_population_count"":787,""f1"":0.11764705882352941,""precision"":0.5,""recall"":0.06666666666666667,""sampling_stratum"":""correct_document_insufficient""},{""accuracy"":0.8333333333333334,""completed_count"":30,""confusion_matrix"":{""fn"":5,""fp"":0,""tn"":25,""tp"":0},""development_population_count"":2693,""f1"":0.0,""precision"":null,""recall"":0.0,""sampling_stratum"":""wrong_document_retrieval""}]"
44,combined,0.4,0.3,0.1,0.5,False,True,120,41,1,22,56,0.8083333333333333,0.9824561403508771,0.717948717948718,0.8296296296296296,0.8472923408845738,0.9898456853839802,0.735950960265536,0.8442221561960098,25,5,3,"{""fn"":0.14846278317152103,""fp"":0.004244875943905071,""tn"":0.4335005393743258,""tp"":0.413791801510248}","[{""accuracy"":1.0,""completed_count"":30,""confusion_matrix"":{""fn"":0,""fp"":0,""tn"":0,""tp"":30},""development_population_count"":1686,""f1"":1.0,""precision"":1.0,""recall"":1.0,""sampling_stratum"":""automatic_positive""},{""accuracy"":0.9,""completed_count"":30,""confusion_matrix"":{""fn"":3,""fp"":0,""tn"":2,""tp"":25},""development_population_count"":1014,""f1"":0.9433962264150945,""precision"":1.0,""recall"":0.8928571428571429,""sampling_stratum"":""partial_overlap""},{""accuracy"":0.5,""completed_count"":30,""confusion_matrix"":{""fn"":14,""fp"":1,""tn"":14,""tp"":1},""development_population_count"":787,""f1"":0.11764705882352941,""precision"":0.5,""recall"":0.06666666666666667,""sampling_stratum"":""correct_document_insufficient""},{""accuracy"":0.8333333333333334,""completed_count"":30,""confusion_matrix"":{""fn"":5,""fp"":0,""tn"":25,""tp"":0},""development_population_count"":2693,""f1"":0.0,""precision"":null,""recall"":0.0,""sampling_stratum"":""wrong_document_retrieval""}]"
45,combined,0.4,0.35,0.0,0.5,False,True,120,38,4,21,57,0.7916666666666666,0.9344262295081968,0.7307692307692307,0.8201438848920862,0.8182416396979504,0.8995650006796865,0.7617850770322903,0.8249618217517324,25,12,6,"{""fn"":0.13393743257820928,""fp"":0.04782092772384035,""tn"":0.3899244875943906,""tp"":0.4283171521035598}","[{""accuracy"":1.0,""completed_count"":30,""confusion_matrix"":{""fn"":0,""fp"":0,""tn"":0,""tp"":30},""development_population_count"":1686,""f1"":1.0,""precision"":1.0,""recall"":1.0,""sampling_stratum"":""automatic_positive""},{""accuracy"":0.9,""completed_count"":30,""confusion_matrix"":{""fn"":3,""fp"":0,""tn"":2,""tp"":25},""development_population_count"":1014,""f1"":0.9433962264150945,""precision"":1.0,""recall"":0.8928571428571429,""sampling_stratum"":""partial_overlap""},{""accuracy"":0.5,""completed_count"":30,""confusion_matrix"":{""fn"":14,""fp"":1,""tn"":14,""tp"":1},""development_population_count"":787,""f1"":0.11764705882352941,""precision"":0.5,""recall"":0.06666666666666667,""sampling_stratum"":""correct_document_insufficient""},{""accuracy"":0.7666666666666667,""completed_count"":30,""confusion_matrix"":{""fn"":4,""fp"":3,""tn"":22,""tp"":1},""development_population_count"":2693,""f1"":0.22222222222222224,""precision"":0.25,""recall"":0.2,""sampling_stratum"":""wrong_document_retrieval""}]"
46,combined,0.4,0.35,0.05,0.5,False,True,120,42,0,22,56,0.8166666666666667,1.0,0.717948717948718,0.835820895522388,0.8515372168284789,1.0,0.735950960265536,0.8478937217822823,25,4,3,"{""fn"":0.14846278317152103,""fp"":0.0,""tn"":0.43774541531823086,""tp"":0.413791801510248}","[{""accuracy"":1.0,""completed_count"":30,""confusion_matrix"":{""fn"":0,""fp"":0,""tn"":0,""tp"":30},""development_population_count"":1686,""f1"":1.0,""precision"":1.0,""recall"":1.0,""sampling_stratum"":""automatic_positive""},{""accuracy"":0.9,""completed_count"":30,""confusion_matrix"":{""fn"":3,""fp"":0,""tn"":2,""tp"":25},""development_population_count"":1014,""f1"":0.9433962264150945,""precision"":1.0,""recall"":0.8928571428571429,""sampling_stratum"":""partial_overlap""},{""accuracy"":0.5333333333333333,""completed_count"":30,""confusion_matrix"":{""fn"":14,""fp"":0,""tn"":15,""tp"":1},""development_population_count"":787,""f1"":0.125,""precision"":1.0,""recall"":0.06666666666666667,""sampling_stratum"":""correct_document_insufficient""},{""accuracy"":0.8333333333333334,""completed_count"":30,""confusion_matrix"":{""fn"":5,""fp"":0,""tn"":25,""tp"":0},""development_population_count"":2693,""f1"":0.0,""precision"":null,""recall"":0.0,""sampling_stratum"":""wrong_document_retrieval""}]"
47,combined,0.4,0.35,0.1,0.5,False,True,120,42,0,22,56,0.8166666666666667,1.0,0.717948717948718,0.835820895522388,0.8515372168284789,1.0,0.735950960265536,0.8478937217822823,25,4,3,"{""fn"":0.14846278317152103,""fp"":0.0,""tn"":0.43774541531823086,""tp"":0.413791801510248}","[{""accuracy"":1.0,""completed_count"":30,""confusion_matrix"":{""fn"":0,""fp"":0,""tn"":0,""tp"":30},""development_population_count"":1686,""f1"":1.0,""precision"":1.0,""recall"":1.0,""sampling_stratum"":""automatic_positive""},{""accuracy"":0.9,""completed_count"":30,""confusion_matrix"":{""fn"":3,""fp"":0,""tn"":2,""tp"":25},""development_population_count"":1014,""f1"":0.9433962264150945,""precision"":1.0,""recall"":0.8928571428571429,""sampling_stratum"":""partial_overlap""},{""accuracy"":0.5333333333333333,""completed_count"":30,""confusion_matrix"":{""fn"":14,""fp"":0,""tn"":15,""tp"":1},""development_population_count"":787,""f1"":0.125,""precision"":1.0,""recall"":0.06666666666666667,""sampling_stratum"":""correct_document_insufficient""},{""accuracy"":0.8333333333333334,""completed_count"":30,""confusion_matrix"":{""fn"":5,""fp"":0,""tn"":25,""tp"":0},""development_population_count"":2693,""f1"":0.0,""precision"":null,""recall"":0.0,""sampling_stratum"":""wrong_document_retrieval""}]"
48,combined,0.4,0.4,0.0,0.5,False,True,120,39,3,22,56,0.7916666666666666,0.9491525423728814,0.717948717948718,0.8175182481751825,0.8079611650485437,0.9047242794471437,0.735950960265536,0.8116569155407907,25,10,6,"{""fn"":0.14846278317152103,""fp"":0.043576051779935274,""tn"":0.3941693635382956,""tp"":0.413791801510248}","[{""accuracy"":1.0,""completed_count"":30,""confusion_matrix"":{""fn"":0,""fp"":0,""tn"":0,""tp"":30},""development_population_count"":1686,""f1"":1.0,""precision"":1.0,""recall"":1.0,""sampling_stratum"":""automatic_positive""},{""accuracy"":0.9,""completed_count"":30,""confusion_matrix"":{""fn"":3,""fp"":0,""tn"":2,""tp"":25},""development_population_count"":1014,""f1"":0.9433962264150945,""precision"":1.0,""recall"":0.8928571428571429,""sampling_stratum"":""partial_overlap""},{""accuracy"":0.5333333333333333,""completed_count"":30,""confusion_matrix"":{""fn"":14,""fp"":0,""tn"":15,""tp"":1},""development_population_count"":787,""f1"":0.125,""precision"":1.0,""recall"":0.06666666666666667,""sampling_stratum"":""correct_document_insufficient""},{""accuracy"":0.7333333333333333,""completed_count"":30,""confusion_matrix"":{""fn"":5,""fp"":3,""tn"":22,""tp"":0},""development_population_count"":2693,""f1"":0.0,""precision"":0.0,""recall"":0.0,""sampling_stratum"":""wrong_document_retrieval""}]"
49,combined,0.4,0.4,0.05,0.5,False,True,120,42,0,22,56,0.8166666666666667,1.0,0.717948717948718,0.835820895522388,0.8515372168284789,1.0,0.735950960265536,0.8478937217822823,25,4,3,"{""fn"":0.14846278317152103,""fp"":0.0,""tn"":0.43774541531823086,""tp"":0.413791801510248}","[{""accuracy"":1.0,""completed_count"":30,""confusion_matrix"":{""fn"":0,""fp"":0,""tn"":0,""tp"":30},""development_population_count"":1686,""f1"":1.0,""precision"":1.0,""recall"":1.0,""sampling_stratum"":""automatic_positive""},{""accuracy"":0.9,""completed_count"":30,""confusion_matrix"":{""fn"":3,""fp"":0,""tn"":2,""tp"":25},""development_population_count"":1014,""f1"":0.9433962264150945,""precision"":1.0,""recall"":0.8928571428571429,""sampling_stratum"":""partial_overlap""},{""accuracy"":0.5333333333333333,""completed_count"":30,""confusion_matrix"":{""fn"":14,""fp"":0,""tn"":15,""tp"":1},""development_population_count"":787,""f1"":0.125,""precision"":1.0,""recall"":0.06666666666666667,""sampling_stratum"":""correct_document_insufficient""},{""accuracy"":0.8333333333333334,""completed_count"":30,""confusion_matrix"":{""fn"":5,""fp"":0,""tn"":25,""tp"":0},""development_population_count"":2693,""f1"":0.0,""precision"":null,""recall"":0.0,""sampling_stratum"":""wrong_document_retrieval""}]"
50,combined,0.4,0.4,0.1,0.5,False,True,120,42,0,22,56,0.8166666666666667,1.0,0.717948717948718,0.835820895522388,0.8515372168284789,1.0,0.735950960265536,0.8478937217822823,25,4,3,"{""fn"":0.14846278317152103,""fp"":0.0,""tn"":0.43774541531823086,""tp"":0.413791801510248}","[{""accuracy"":1.0,""completed_count"":30,""confusion_matrix"":{""fn"":0,""fp"":0,""tn"":0,""tp"":30},""development_population_count"":1686,""f1"":1.0,""precision"":1.0,""recall"":1.0,""sampling_stratum"":""automatic_positive""},{""accuracy"":0.9,""completed_count"":30,""confusion_matrix"":{""fn"":3,""fp"":0,""tn"":2,""tp"":25},""development_population_count"":1014,""f1"":0.9433962264150945,""precision"":1.0,""recall"":0.8928571428571429,""sampling_stratum"":""partial_overlap""},{""accuracy"":0.5333333333333333,""completed_count"":30,""confusion_matrix"":{""fn"":14,""fp"":0,""tn"":15,""tp"":1},""development_population_count"":787,""f1"":0.125,""precision"":1.0,""recall"":0.06666666666666667,""sampling_stratum"":""correct_document_insufficient""},{""accuracy"":0.8333333333333334,""completed_count"":30,""confusion_matrix"":{""fn"":5,""fp"":0,""tn"":25,""tp"":0},""development_population_count"":2693,""f1"":0.0,""precision"":null,""recall"":0.0,""sampling_stratum"":""wrong_document_retrieval""}]"
51,combined,0.4,0.45,0.0,0.5,False,True,120,41,1,22,56,0.8083333333333333,0.9824561403508771,0.717948717948718,0.8296296296296296,0.8370118662351671,0.9660873945346933,0.735950960265536,0.8354605449436979,25,8,6,"{""fn"":0.14846278317152103,""fp"":0.014525350593311758,""tn"":0.4232200647249191,""tp"":0.413791801510248}","[{""accuracy"":1.0,""completed_count"":30,""confusion_matrix"":{""fn"":0,""fp"":0,""tn"":0,""tp"":30},""development_population_count"":1686,""f1"":1.0,""precision"":1.0,""recall"":1.0,""sampling_stratum"":""automatic_positive""},{""accuracy"":0.9,""completed_count"":30,""confusion_matrix"":{""fn"":3,""fp"":0,""tn"":2,""tp"":25},""development_population_count"":1014,""f1"":0.9433962264150945,""precision"":1.0,""recall"":0.8928571428571429,""sampling_stratum"":""partial_overlap""},{""accuracy"":0.5333333333333333,""completed_count"":30,""confusion_matrix"":{""fn"":14,""fp"":0,""tn"":15,""tp"":1},""development_population_count"":787,""f1"":0.125,""precision"":1.0,""recall"":0.06666666666666667,""sampling_stratum"":""correct_document_insufficient""},{""accuracy"":0.8,""completed_count"":30,""confusion_matrix"":{""fn"":5,""fp"":1,""tn"":24,""tp"":0},""development_population_count"":2693,""f1"":0.0,""precision"":0.0,""recall"":0.0,""sampling_stratum"":""wrong_document_retrieval""}]"
52,combined,0.4,0.45,0.05,0.5,False,True,120,42,0,22,56,0.8166666666666667,1.0,0.717948717948718,0.835820895522388,0.8515372168284789,1.0,0.735950960265536,0.8478937217822823,25,4,3,"{""fn"":0.14846278317152103,""fp"":0.0,""tn"":0.43774541531823086,""tp"":0.413791801510248}","[{""accuracy"":1.0,""completed_count"":30,""confusion_matrix"":{""fn"":0,""fp"":0,""tn"":0,""tp"":30},""development_population_count"":1686,""f1"":1.0,""precision"":1.0,""recall"":1.0,""sampling_stratum"":""automatic_positive""},{""accuracy"":0.9,""completed_count"":30,""confusion_matrix"":{""fn"":3,""fp"":0,""tn"":2,""tp"":25},""development_population_count"":1014,""f1"":0.9433962264150945,""precision"":1.0,""recall"":0.8928571428571429,""sampling_stratum"":""partial_overlap""},{""accuracy"":0.5333333333333333,""completed_count"":30,""confusion_matrix"":{""fn"":14,""fp"":0,""tn"":15,""tp"":1},""development_population_count"":787,""f1"":0.125,""precision"":1.0,""recall"":0.06666666666666667,""sampling_stratum"":""correct_document_insufficient""},{""accuracy"":0.8333333333333334,""completed_count"":30,""confusion_matrix"":{""fn"":5,""fp"":0,""tn"":25,""tp"":0},""development_population_count"":2693,""f1"":0.0,""precision"":null,""recall"":0.0,""sampling_stratum"":""wrong_document_retrieval""}]"
53,combined,0.4,0.45,0.1,0.5,False,True,120,42,0,22,56,0.8166666666666667,1.0,0.717948717948718,0.835820895522388,0.8515372168284789,1.0,0.735950960265536,0.8478937217822823,25,4,3,"{""fn"":0.14846278317152103,""fp"":0.0,""tn"":0.43774541531823086,""tp"":0.413791801510248}","[{""accuracy"":1.0,""completed_count"":30,""confusion_matrix"":{""fn"":0,""fp"":0,""tn"":0,""tp"":30},""development_population_count"":1686,""f1"":1.0,""precision"":1.0,""recall"":1.0,""sampling_stratum"":""automatic_positive""},{""accuracy"":0.9,""completed_count"":30,""confusion_matrix"":{""fn"":3,""fp"":0,""tn"":2,""tp"":25},""development_population_count"":1014,""f1"":0.9433962264150945,""precision"":1.0,""recall"":0.8928571428571429,""sampling_stratum"":""partial_overlap""},{""accuracy"":0.5333333333333333,""completed_count"":30,""confusion_matrix"":{""fn"":14,""fp"":0,""tn"":15,""tp"":1},""development_population_count"":787,""f1"":0.125,""precision"":1.0,""recall"":0.06666666666666667,""sampling_stratum"":""correct_document_insufficient""},{""accuracy"":0.8333333333333334,""completed_count"":30,""confusion_matrix"":{""fn"":5,""fp"":0,""tn"":25,""tp"":0},""development_population_count"":2693,""f1"":0.0,""precision"":null,""recall"":0.0,""sampling_stratum"":""wrong_document_retrieval""}]"
54,combined,0.45,0.3,0.0,0.5,False,True,120,37,5,23,55,0.7666666666666667,0.9166666666666666,0.7051282051282052,0.7971014492753623,0.8030582524271845,0.889090595737347,0.7423303466932714,0.8091093022161576,23,13,6,"{""fn"":0.1448759439050701,""fp"":0.052065803667745415,""tn"":0.3856796116504855,""tp"":0.417378640776699}","[{""accuracy"":1.0,""completed_count"":30,""confusion_matrix"":{""fn"":0,""fp"":0,""tn"":0,""tp"":30},""development_population_count"":1686,""f1"":1.0,""precision"":1.0,""recall"":1.0,""sampling_stratum"":""automatic_positive""},{""accuracy"":0.8333333333333334,""completed_count"":30,""confusion_matrix"":{""fn"":5,""fp"":0,""tn"":2,""tp"":23},""development_population_count"":1014,""f1"":0.9019607843137255,""precision"":1.0,""recall"":0.8214285714285714,""sampling_stratum"":""partial_overlap""},{""accuracy"":0.4666666666666667,""completed_count"":30,""confusion_matrix"":{""fn"":14,""fp"":2,""tn"":13,""tp"":1},""development_population_count"":787,""f1"":0.1111111111111111,""precision"":0.3333333333333333,""recall"":0.06666666666666667,""sampling_stratum"":""correct_document_insufficient""},{""accuracy"":0.7666666666666667,""completed_count"":30,""confusion_matrix"":{""fn"":4,""fp"":3,""tn"":22,""tp"":1},""development_population_count"":2693,""f1"":0.22222222222222224,""precision"":0.25,""recall"":0.2,""sampling_stratum"":""wrong_document_retrieval""}]"
55,combined,0.45,0.3,0.05,0.5,False,True,120,41,1,24,54,0.7916666666666666,0.9818181818181818,0.6923076923076923,0.81203007518797,0.8363538295577131,0.9895728443478722,0.7164962299265172,0.8311799597146641,23,5,3,"{""fn"":0.15940129449838186,""fp"":0.004244875943905071,""tn"":0.4335005393743258,""tp"":0.4028532901833872}","[{""accuracy"":1.0,""completed_count"":30,""confusion_matrix"":{""fn"":0,""fp"":0,""tn"":0,""tp"":30},""development_population_count"":1686,""f1"":1.0,""precision"":1.0,""recall"":1.0,""sampling_stratum"":""automatic_positive""},{""accuracy"":0.8333333333333334,""completed_count"":30,""confusion_matrix"":{""fn"":5,""fp"":0,""tn"":2,""tp"":23},""development_population_count"":1014,""f1"":0.9019607843137255,""precision"":1.0,""recall"":0.8214285714285714,""sampling_stratum"":""partial_overlap""},{""accuracy"":0.5,""completed_count"":30,""confusion_matrix"":{""fn"":14,""fp"":1,""tn"":14,""tp"":1},""development_population_count"":787,""f1"":0.11764705882352941,""precision"":0.5,""recall"":0.06666666666666667,""sampling_stratum"":""correct_document_insufficient""},{""accuracy"":0.8333333333333334,""completed_count"":30,""confusion_matrix"":{""fn"":5,""fp"":0,""tn"":25,""tp"":0},""development_population_count"":2693,""f1"":0.0,""precision"":null,""recall"":0.0,""sampling_stratum"":""wrong_document_retrieval""}]"
56,combined,0.45,0.3,0.1,0.5,False,True,120,41,1,24,54,0.7916666666666666,0.9818181818181818,0.6923076923076923,0.81203007518797,0.8363538295577131,0.9895728443478722,0.7164962299265172,0.8311799597146641,23,5,3,"{""fn"":0.15940129449838186,""fp"":0.004244875943905071,""tn"":0.4335005393743258,""tp"":0.4028532901833872}","[{""accuracy"":1.0,""completed_count"":30,""confusion_matrix"":{""fn"":0,""fp"":0,""tn"":0,""tp"":30},""development_population_count"":1686,""f1"":1.0,""precision"":1.0,""recall"":1.0,""sampling_stratum"":""automatic_positive""},{""accuracy"":0.8333333333333334,""completed_count"":30,""confusion_matrix"":{""fn"":5,""fp"":0,""tn"":2,""tp"":23},""development_population_count"":1014,""f1"":0.9019607843137255,""precision"":1.0,""recall"":0.8214285714285714,""sampling_stratum"":""partial_overlap""},{""accuracy"":0.5,""completed_count"":30,""confusion_matrix"":{""fn"":14,""fp"":1,""tn"":14,""tp"":1},""development_population_count"":787,""f1"":0.11764705882352941,""precision"":0.5,""recall"":0.06666666666666667,""sampling_stratum"":""correct_document_insufficient""},{""accuracy"":0.8333333333333334,""completed_count"":30,""confusion_matrix"":{""fn"":5,""fp"":0,""tn"":25,""tp"":0},""development_population_count"":2693,""f1"":0.0,""precision"":null,""recall"":0.0,""sampling_stratum"":""wrong_document_retrieval""}]"
57,combined,0.45,0.35,0.0,0.5,False,True,120,38,4,23,55,0.775,0.9322033898305084,0.7051282051282052,0.8029197080291971,0.8073031283710896,0.897203413412485,0.7423303466932714,0.8124520972229514,23,12,6,"{""fn"":0.1448759439050701,""fp"":0.04782092772384035,""tn"":0.3899244875943906,""tp"":0.417378640776699}","[{""accuracy"":1.0,""completed_count"":30,""confusion_matrix"":{""fn"":0,""fp"":0,""tn"":0,""tp"":30},""development_population_count"":1686,""f1"":1.0,""precision"":1.0,""recall"":1.0,""sampling_stratum"":""automatic_positive""},{""accuracy"":0.8333333333333334,""completed_count"":30,""confusion_matrix"":{""fn"":5,""fp"":0,""tn"":2,""tp"":23},""development_population_count"":1014,""f1"":0.9019607843137255,""precision"":1.0,""recall"":0.8214285714285714,""sampling_stratum"":""partial_overlap""},{""accuracy"":0.5,""completed_count"":30,""confusion_matrix"":{""fn"":14,""fp"":1,""tn"":14,""tp"":1},""development_population_count"":787,""f1"":0.11764705882352941,""precision"":0.5,""recall"":0.06666666666666667,""sampling_stratum"":""correct_document_insufficient""},{""accuracy"":0.7666666666666667,""completed_count"":30,""confusion_matrix"":{""fn"":4,""fp"":3,""tn"":22,""tp"":1},""development_population_count"":2693,""f1"":0.22222222222222224,""precision"":0.25,""recall"":0.2,""sampling_stratum"":""wrong_document_retrieval""}]"
58,combined,0.45,0.35,0.05,0.5,False,True,120,42,0,24,54,0.8,1.0,0.6923076923076923,0.8181818181818181,0.8405987055016181,1.0,0.7164962299265172,0.8348357746840961,23,4,3,"{""fn"":0.15940129449838186,""fp"":0.0,""tn"":0.43774541531823086,""tp"":0.4028532901833872}","[{""accuracy"":1.0,""completed_count"":30,""confusion_matrix"":{""fn"":0,""fp"":0,""tn"":0,""tp"":30},""development_population_count"":1686,""f1"":1.0,""precision"":1.0,""recall"":1.0,""sampling_stratum"":""automatic_positive""},{""accuracy"":0.8333333333333334,""completed_count"":30,""confusion_matrix"":{""fn"":5,""fp"":0,""tn"":2,""tp"":23},""development_population_count"":1014,""f1"":0.9019607843137255,""precision"":1.0,""recall"":0.8214285714285714,""sampling_stratum"":""partial_overlap""},{""accuracy"":0.5333333333333333,""completed_count"":30,""confusion_matrix"":{""fn"":14,""fp"":0,""tn"":15,""tp"":1},""development_population_count"":787,""f1"":0.125,""precision"":1.0,""recall"":0.06666666666666667,""sampling_stratum"":""correct_document_insufficient""},{""accuracy"":0.8333333333333334,""completed_count"":30,""confusion_matrix"":{""fn"":5,""fp"":0,""tn"":25,""tp"":0},""development_population_count"":2693,""f1"":0.0,""precision"":null,""recall"":0.0,""sampling_stratum"":""wrong_document_retrieval""}]"
59,combined,0.45,0.35,0.1,0.5,False,True,120,42,0,24,54,0.8,1.0,0.6923076923076923,0.8181818181818181,0.8405987055016181,1.0,0.7164962299265172,0.8348357746840961,23,4,3,"{""fn"":0.15940129449838186,""fp"":0.0,""tn"":0.43774541531823086,""tp"":0.4028532901833872}","[{""accuracy"":1.0,""completed_count"":30,""confusion_matrix"":{""fn"":0,""fp"":0,""tn"":0,""tp"":30},""development_population_count"":1686,""f1"":1.0,""precision"":1.0,""recall"":1.0,""sampling_stratum"":""automatic_positive""},{""accuracy"":0.8333333333333334,""completed_count"":30,""confusion_matrix"":{""fn"":5,""fp"":0,""tn"":2,""tp"":23},""development_population_count"":1014,""f1"":0.9019607843137255,""precision"":1.0,""recall"":0.8214285714285714,""sampling_stratum"":""partial_overlap""},{""accuracy"":0.5333333333333333,""completed_count"":30,""confusion_matrix"":{""fn"":14,""fp"":0,""tn"":15,""tp"":1},""development_population_count"":787,""f1"":0.125,""precision"":1.0,""recall"":0.06666666666666667,""sampling_stratum"":""correct_document_insufficient""},{""accuracy"":0.8333333333333334,""completed_count"":30,""confusion_matrix"":{""fn"":5,""fp"":0,""tn"":25,""tp"":0},""development_population_count"":2693,""f1"":0.0,""precision"":null,""recall"":0.0,""sampling_stratum"":""wrong_document_retrieval""}]"
60,combined,0.45,0.4,0.0,0.5,False,True,120,39,3,24,54,0.775,0.9473684210526315,0.6923076923076923,0.7999999999999999,0.7970226537216829,0.902389812487918,0.7164962299265172,0.7987701192449601,23,10,6,"{""fn"":0.15940129449838186,""fp"":0.043576051779935274,""tn"":0.3941693635382956,""tp"":0.4028532901833872}","[{""accuracy"":1.0,""completed_count"":30,""confusion_matrix"":{""fn"":0,""fp"":0,""tn"":0,""tp"":30},""development_population_count"":1686,""f1"":1.0,""precision"":1.0,""recall"":1.0,""sampling_stratum"":""automatic_positive""},{""accuracy"":0.8333333333333334,""completed_count"":30,""confusion_matrix"":{""fn"":5,""fp"":0,""tn"":2,""tp"":23},""development_population_count"":1014,""f1"":0.9019607843137255,""precision"":1.0,""recall"":0.8214285714285714,""sampling_stratum"":""partial_overlap""},{""accuracy"":0.5333333333333333,""completed_count"":30,""confusion_matrix"":{""fn"":14,""fp"":0,""tn"":15,""tp"":1},""development_population_count"":787,""f1"":0.125,""precision"":1.0,""recall"":0.06666666666666667,""sampling_stratum"":""correct_document_insufficient""},{""accuracy"":0.7333333333333333,""completed_count"":30,""confusion_matrix"":{""fn"":5,""fp"":3,""tn"":22,""tp"":0},""development_population_count"":2693,""f1"":0.0,""precision"":0.0,""recall"":0.0,""sampling_stratum"":""wrong_document_retrieval""}]"
61,combined,0.45,0.4,0.05,0.5,False,True,120,42,0,24,54,0.8,1.0,0.6923076923076923,0.8181818181818181,0.8405987055016181,1.0,0.7164962299265172,0.8348357746840961,23,4,3,"{""fn"":0.15940129449838186,""fp"":0.0,""tn"":0.43774541531823086,""tp"":0.4028532901833872}","[{""accuracy"":1.0,""completed_count"":30,""confusion_matrix"":{""fn"":0,""fp"":0,""tn"":0,""tp"":30},""development_population_count"":1686,""f1"":1.0,""precision"":1.0,""recall"":1.0,""sampling_stratum"":""automatic_positive""},{""accuracy"":0.8333333333333334,""completed_count"":30,""confusion_matrix"":{""fn"":5,""fp"":0,""tn"":2,""tp"":23},""development_population_count"":1014,""f1"":0.9019607843137255,""precision"":1.0,""recall"":0.8214285714285714,""sampling_stratum"":""partial_overlap""},{""accuracy"":0.5333333333333333,""completed_count"":30,""confusion_matrix"":{""fn"":14,""fp"":0,""tn"":15,""tp"":1},""development_population_count"":787,""f1"":0.125,""precision"":1.0,""recall"":0.06666666666666667,""sampling_stratum"":""correct_document_insufficient""},{""accuracy"":0.8333333333333334,""completed_count"":30,""confusion_matrix"":{""fn"":5,""fp"":0,""tn"":25,""tp"":0},""development_population_count"":2693,""f1"":0.0,""precision"":null,""recall"":0.0,""sampling_stratum"":""wrong_document_retrieval""}]"
62,combined,0.45,0.4,0.1,0.5,False,True,120,42,0,24,54,0.8,1.0,0.6923076923076923,0.8181818181818181,0.8405987055016181,1.0,0.7164962299265172,0.8348357746840961,23,4,3,"{""fn"":0.15940129449838186,""fp"":0.0,""tn"":0.43774541531823086,""tp"":0.4028532901833872}","[{""accuracy"":1.0,""completed_count"":30,""confusion_matrix"":{""fn"":0,""fp"":0,""tn"":0,""tp"":30},""development_population_count"":1686,""f1"":1.0,""precision"":1.0,""recall"":1.0,""sampling_stratum"":""automatic_positive""},{""accuracy"":0.8333333333333334,""completed_count"":30,""confusion_matrix"":{""fn"":5,""fp"":0,""tn"":2,""tp"":23},""development_population_count"":1014,""f1"":0.9019607843137255,""precision"":1.0,""recall"":0.8214285714285714,""sampling_stratum"":""partial_overlap""},{""accuracy"":0.5333333333333333,""completed_count"":30,""confusion_matrix"":{""fn"":14,""fp"":0,""tn"":15,""tp"":1},""development_population_count"":787,""f1"":0.125,""precision"":1.0,""recall"":0.06666666666666667,""sampling_stratum"":""correct_document_insufficient""},{""accuracy"":0.8333333333333334,""completed_count"":30,""confusion_matrix"":{""fn"":5,""fp"":0,""tn"":25,""tp"":0},""development_population_count"":2693,""f1"":0.0,""precision"":null,""recall"":0.0,""sampling_stratum"":""wrong_document_retrieval""}]"
63,combined,0.45,0.45,0.0,0.5,False,True,120,41,1,24,54,0.7916666666666666,0.9818181818181818,0.6923076923076923,0.81203007518797,0.8260733549083064,0.9651986250032306,0.7164962299265172,0.8224573844866317,23,8,6,"{""fn"":0.15940129449838186,""fp"":0.014525350593311758,""tn"":0.4232200647249191,""tp"":0.4028532901833872}","[{""accuracy"":1.0,""completed_count"":30,""confusion_matrix"":{""fn"":0,""fp"":0,""tn"":0,""tp"":30},""development_population_count"":1686,""f1"":1.0,""precision"":1.0,""recall"":1.0,""sampling_stratum"":""automatic_positive""},{""accuracy"":0.8333333333333334,""completed_count"":30,""confusion_matrix"":{""fn"":5,""fp"":0,""tn"":2,""tp"":23},""development_population_count"":1014,""f1"":0.9019607843137255,""precision"":1.0,""recall"":0.8214285714285714,""sampling_stratum"":""partial_overlap""},{""accuracy"":0.5333333333333333,""completed_count"":30,""confusion_matrix"":{""fn"":14,""fp"":0,""tn"":15,""tp"":1},""development_population_count"":787,""f1"":0.125,""precision"":1.0,""recall"":0.06666666666666667,""sampling_stratum"":""correct_document_insufficient""},{""accuracy"":0.8,""completed_count"":30,""confusion_matrix"":{""fn"":5,""fp"":1,""tn"":24,""tp"":0},""development_population_count"":2693,""f1"":0.0,""precision"":0.0,""recall"":0.0,""sampling_stratum"":""wrong_document_retrieval""}]"
64,combined,0.45,0.45,0.05,0.5,False,True,120,42,0,24,54,0.8,1.0,0.6923076923076923,0.8181818181818181,0.8405987055016181,1.0,0.7164962299265172,0.8348357746840961,23,4,3,"{""fn"":0.15940129449838186,""fp"":0.0,""tn"":0.43774541531823086,""tp"":0.4028532901833872}","[{""accuracy"":1.0,""completed_count"":30,""confusion_matrix"":{""fn"":0,""fp"":0,""tn"":0,""tp"":30},""development_population_count"":1686,""f1"":1.0,""precision"":1.0,""recall"":1.0,""sampling_stratum"":""automatic_positive""},{""accuracy"":0.8333333333333334,""completed_count"":30,""confusion_matrix"":{""fn"":5,""fp"":0,""tn"":2,""tp"":23},""development_population_count"":1014,""f1"":0.9019607843137255,""precision"":1.0,""recall"":0.8214285714285714,""sampling_stratum"":""partial_overlap""},{""accuracy"":0.5333333333333333,""completed_count"":30,""confusion_matrix"":{""fn"":14,""fp"":0,""tn"":15,""tp"":1},""development_population_count"":787,""f1"":0.125,""precision"":1.0,""recall"":0.06666666666666667,""sampling_stratum"":""correct_document_insufficient""},{""accuracy"":0.8333333333333334,""completed_count"":30,""confusion_matrix"":{""fn"":5,""fp"":0,""tn"":25,""tp"":0},""development_population_count"":2693,""f1"":0.0,""precision"":null,""recall"":0.0,""sampling_stratum"":""wrong_document_retrieval""}]"
65,combined,0.45,0.45,0.1,0.5,False,True,120,42,0,24,54,0.8,1.0,0.6923076923076923,0.8181818181818181,0.8405987055016181,1.0,0.7164962299265172,0.8348357746840961,23,4,3,"{""fn"":0.15940129449838186,""fp"":0.0,""tn"":0.43774541531823086,""tp"":0.4028532901833872}","[{""accuracy"":1.0,""completed_count"":30,""confusion_matrix"":{""fn"":0,""fp"":0,""tn"":0,""tp"":30},""development_population_count"":1686,""f1"":1.0,""precision"":1.0,""recall"":1.0,""sampling_stratum"":""automatic_positive""},{""accuracy"":0.8333333333333334,""completed_count"":30,""confusion_matrix"":{""fn"":5,""fp"":0,""tn"":2,""tp"":23},""development_population_count"":1014,""f1"":0.9019607843137255,""precision"":1.0,""recall"":0.8214285714285714,""sampling_stratum"":""partial_overlap""},{""accuracy"":0.5333333333333333,""completed_count"":30,""confusion_matrix"":{""fn"":14,""fp"":0,""tn"":15,""tp"":1},""development_population_count"":787,""f1"":0.125,""precision"":1.0,""recall"":0.06666666666666667,""sampling_stratum"":""correct_document_insufficient""},{""accuracy"":0.8333333333333334,""completed_count"":30,""confusion_matrix"":{""fn"":5,""fp"":0,""tn"":25,""tp"":0},""development_population_count"":2693,""f1"":0.0,""precision"":null,""recall"":0.0,""sampling_stratum"":""wrong_document_retrieval""}]"
66,combined,0.5,0.3,0.0,0.5,False,True,120,37,5,24,54,0.7583333333333333,0.9152542372881356,0.6923076923076923,0.7883211678832116,0.797588996763754,0.8877832157263923,0.732602981523762,0.8027624919190804,22,13,6,"{""fn"":0.15034519956850054,""fp"":0.052065803667745415,""tn"":0.3856796116504855,""tp"":0.4119093851132686}","[{""accuracy"":1.0,""completed_count"":30,""confusion_matrix"":{""fn"":0,""fp"":0,""tn"":0,""tp"":30},""development_population_count"":1686,""f1"":1.0,""precision"":1.0,""recall"":1.0,""sampling_stratum"":""automatic_positive""},{""accuracy"":0.8,""completed_count"":30,""confusion_matrix"":{""fn"":6,""fp"":0,""tn"":2,""tp"":22},""development_population_count"":1014,""f1"":0.88,""precision"":1.0,""recall"":0.7857142857142857,""sampling_stratum"":""partial_overlap""},{""accuracy"":0.4666666666666667,""completed_count"":30,""confusion_matrix"":{""fn"":14,""fp"":2,""tn"":13,""tp"":1},""development_population_count"":787,""f1"":0.1111111111111111,""precision"":0.3333333333333333,""recall"":0.06666666666666667,""sampling_stratum"":""correct_document_insufficient""},{""accuracy"":0.7666666666666667,""completed_count"":30,""confusion_matrix"":{""fn"":4,""fp"":3,""tn"":22,""tp"":1},""development_population_count"":2693,""f1"":0.22222222222222224,""precision"":0.25,""recall"":0.2,""sampling_stratum"":""wrong_document_retrieval""}]"
67,combined,0.5,0.3,0.05,0.5,False,True,120,41,1,25,53,0.7833333333333333,0.9814814814814815,0.6794871794871795,0.803030303030303,0.8308845738942826,0.9894308506352234,0.7067688647570077,0.8245478556719491,22,5,3,"{""fn"":0.1648705501618123,""fp"":0.004244875943905071,""tn"":0.4335005393743258,""tp"":0.3973840345199568}","[{""accuracy"":1.0,""completed_count"":30,""confusion_matrix"":{""fn"":0,""fp"":0,""tn"":0,""tp"":30},""development_population_count"":1686,""f1"":1.0,""precision"":1.0,""recall"":1.0,""sampling_stratum"":""automatic_positive""},{""accuracy"":0.8,""completed_count"":30,""confusion_matrix"":{""fn"":6,""fp"":0,""tn"":2,""tp"":22},""development_population_count"":1014,""f1"":0.88,""precision"":1.0,""recall"":0.7857142857142857,""sampling_stratum"":""partial_overlap""},{""accuracy"":0.5,""completed_count"":30,""confusion_matrix"":{""fn"":14,""fp"":1,""tn"":14,""tp"":1},""development_population_count"":787,""f1"":0.11764705882352941,""precision"":0.5,""recall"":0.06666666666666667,""sampling_stratum"":""correct_document_insufficient""},{""accuracy"":0.8333333333333334,""completed_count"":30,""confusion_matrix"":{""fn"":5,""fp"":0,""tn"":25,""tp"":0},""development_population_count"":2693,""f1"":0.0,""precision"":null,""recall"":0.0,""sampling_stratum"":""wrong_document_retrieval""}]"
68,combined,0.5,0.3,0.1,0.5,False,True,120,41,1,25,53,0.7833333333333333,0.9814814814814815,0.6794871794871795,0.803030303030303,0.8308845738942826,0.9894308506352234,0.7067688647570077,0.8245478556719491,22,5,3,"{""fn"":0.1648705501618123,""fp"":0.004244875943905071,""tn"":0.4335005393743258,""tp"":0.3973840345199568}","[{""accuracy"":1.0,""completed_count"":30,""confusion_matrix"":{""fn"":0,""fp"":0,""tn"":0,""tp"":30},""development_population_count"":1686,""f1"":1.0,""precision"":1.0,""recall"":1.0,""sampling_stratum"":""automatic_positive""},{""accuracy"":0.8,""completed_count"":30,""confusion_matrix"":{""fn"":6,""fp"":0,""tn"":2,""tp"":22},""development_population_count"":1014,""f1"":0.88,""precision"":1.0,""recall"":0.7857142857142857,""sampling_stratum"":""partial_overlap""},{""accuracy"":0.5,""completed_count"":30,""confusion_matrix"":{""fn"":14,""fp"":1,""tn"":14,""tp"":1},""development_population_count"":787,""f1"":0.11764705882352941,""precision"":0.5,""recall"":0.06666666666666667,""sampling_stratum"":""correct_document_insufficient""},{""accuracy"":0.8333333333333334,""completed_count"":30,""confusion_matrix"":{""fn"":5,""fp"":0,""tn"":25,""tp"":0},""development_population_count"":2693,""f1"":0.0,""precision"":null,""recall"":0.0,""sampling_stratum"":""wrong_document_retrieval""}]"
69,combined,0.5,0.35,0.0,0.5,False,True,120,38,4,24,54,0.7666666666666667,0.9310344827586207,0.6923076923076923,0.7941176470588235,0.8018338727076592,0.8959804772743272,0.732602981523762,0.8060968143722689,22,12,6,"{""fn"":0.15034519956850054,""fp"":0.04782092772384035,""tn"":0.3899244875943906,""tp"":0.4119093851132686}","[{""accuracy"":1.0,""completed_count"":30,""confusion_matrix"":{""fn"":0,""fp"":0,""tn"":0,""tp"":30},""development_population_count"":1686,""f1"":1.0,""precision"":1.0,""recall"":1.0,""sampling_stratum"":""automatic_positive""},{""accuracy"":0.8,""completed_count"":30,""confusion_matrix"":{""fn"":6,""fp"":0,""tn"":2,""tp"":22},""development_population_count"":1014,""f1"":0.88,""precision"":1.0,""recall"":0.7857142857142857,""sampling_stratum"":""partial_overlap""},{""accuracy"":0.5,""completed_count"":30,""confusion_matrix"":{""fn"":14,""fp"":1,""tn"":14,""tp"":1},""development_population_count"":787,""f1"":0.11764705882352941,""precision"":0.5,""recall"":0.06666666666666667,""sampling_stratum"":""correct_document_insufficient""},{""accuracy"":0.7666666666666667,""completed_count"":30,""confusion_matrix"":{""fn"":4,""fp"":3,""tn"":22,""tp"":1},""development_population_count"":2693,""f1"":0.22222222222222224,""precision"":0.25,""recall"":0.2,""sampling_stratum"":""wrong_document_retrieval""}]"
70,combined,0.5,0.35,0.05,0.5,False,True,120,42,0,25,53,0.7916666666666666,1.0,0.6794871794871795,0.8091603053435115,0.8351294498381876,1.0,0.7067688647570077,0.8281951696577619,22,4,3,"{""fn"":0.1648705501618123,""fp"":0.0,""tn"":0.43774541531823086,""tp"":0.3973840345199568}","[{""accuracy"":1.0,""completed_count"":30,""confusion_matrix"":{""fn"":0,""fp"":0,""tn"":0,""tp"":30},""development_population_count"":1686,""f1"":1.0,""precision"":1.0,""recall"":1.0,""sampling_stratum"":""automatic_positive""},{""accuracy"":0.8,""completed_count"":30,""confusion_matrix"":{""fn"":6,""fp"":0,""tn"":2,""tp"":22},""development_population_count"":1014,""f1"":0.88,""precision"":1.0,""recall"":0.7857142857142857,""sampling_stratum"":""partial_overlap""},{""accuracy"":0.5333333333333333,""completed_count"":30,""confusion_matrix"":{""fn"":14,""fp"":0,""tn"":15,""tp"":1},""development_population_count"":787,""f1"":0.125,""precision"":1.0,""recall"":0.06666666666666667,""sampling_stratum"":""correct_document_insufficient""},{""accuracy"":0.8333333333333334,""completed_count"":30,""confusion_matrix"":{""fn"":5,""fp"":0,""tn"":25,""tp"":0},""development_population_count"":2693,""f1"":0.0,""precision"":null,""recall"":0.0,""sampling_stratum"":""wrong_document_retrieval""}]"
71,combined,0.5,0.35,0.1,0.5,False,True,120,42,0,25,53,0.7916666666666666,1.0,0.6794871794871795,0.8091603053435115,0.8351294498381876,1.0,0.7067688647570077,0.8281951696577619,22,4,3,"{""fn"":0.1648705501618123,""fp"":0.0,""tn"":0.43774541531823086,""tp"":0.3973840345199568}","[{""accuracy"":1.0,""completed_count"":30,""confusion_matrix"":{""fn"":0,""fp"":0,""tn"":0,""tp"":30},""development_population_count"":1686,""f1"":1.0,""precision"":1.0,""recall"":1.0,""sampling_stratum"":""automatic_positive""},{""accuracy"":0.8,""completed_count"":30,""confusion_matrix"":{""fn"":6,""fp"":0,""tn"":2,""tp"":22},""development_population_count"":1014,""f1"":0.88,""precision"":1.0,""recall"":0.7857142857142857,""sampling_stratum"":""partial_overlap""},{""accuracy"":0.5333333333333333,""completed_count"":30,""confusion_matrix"":{""fn"":14,""fp"":0,""tn"":15,""tp"":1},""development_population_count"":787,""f1"":0.125,""precision"":1.0,""recall"":0.06666666666666667,""sampling_stratum"":""correct_document_insufficient""},{""accuracy"":0.8333333333333334,""completed_count"":30,""confusion_matrix"":{""fn"":5,""fp"":0,""tn"":25,""tp"":0},""development_population_count"":2693,""f1"":0.0,""precision"":null,""recall"":0.0,""sampling_stratum"":""wrong_document_retrieval""}]"
72,combined,0.5,0.4,0.0,0.5,False,True,120,39,3,25,53,0.7666666666666667,0.9464285714285714,0.6794871794871795,0.791044776119403,0.7915533980582524,0.9011791471976905,0.7067688647570077,0.7922213380932923,22,10,6,"{""fn"":0.1648705501618123,""fp"":0.043576051779935274,""tn"":0.3941693635382956,""tp"":0.3973840345199568}","[{""accuracy"":1.0,""completed_count"":30,""confusion_matrix"":{""fn"":0,""fp"":0,""tn"":0,""tp"":30},""development_population_count"":1686,""f1"":1.0,""precision"":1.0,""recall"":1.0,""sampling_stratum"":""automatic_positive""},{""accuracy"":0.8,""completed_count"":30,""confusion_matrix"":{""fn"":6,""fp"":0,""tn"":2,""tp"":22},""development_population_count"":1014,""f1"":0.88,""precision"":1.0,""recall"":0.7857142857142857,""sampling_stratum"":""partial_overlap""},{""accuracy"":0.5333333333333333,""completed_count"":30,""confusion_matrix"":{""fn"":14,""fp"":0,""tn"":15,""tp"":1},""development_population_count"":787,""f1"":0.125,""precision"":1.0,""recall"":0.06666666666666667,""sampling_stratum"":""correct_document_insufficient""},{""accuracy"":0.7333333333333333,""completed_count"":30,""confusion_matrix"":{""fn"":5,""fp"":3,""tn"":22,""tp"":0},""development_population_count"":2693,""f1"":0.0,""precision"":0.0,""recall"":0.0,""sampling_stratum"":""wrong_document_retrieval""}]"
73,combined,0.5,0.4,0.05,0.5,False,True,120,42,0,25,53,0.7916666666666666,1.0,0.6794871794871795,0.8091603053435115,0.8351294498381876,1.0,0.7067688647570077,0.8281951696577619,22,4,3,"{""fn"":0.1648705501618123,""fp"":0.0,""tn"":0.43774541531823086,""tp"":0.3973840345199568}","[{""accuracy"":1.0,""completed_count"":30,""confusion_matrix"":{""fn"":0,""fp"":0,""tn"":0,""tp"":30},""development_population_count"":1686,""f1"":1.0,""precision"":1.0,""recall"":1.0,""sampling_stratum"":""automatic_positive""},{""accuracy"":0.8,""completed_count"":30,""confusion_matrix"":{""fn"":6,""fp"":0,""tn"":2,""tp"":22},""development_population_count"":1014,""f1"":0.88,""precision"":1.0,""recall"":0.7857142857142857,""sampling_stratum"":""partial_overlap""},{""accuracy"":0.5333333333333333,""completed_count"":30,""confusion_matrix"":{""fn"":14,""fp"":0,""tn"":15,""tp"":1},""development_population_count"":787,""f1"":0.125,""precision"":1.0,""recall"":0.06666666666666667,""sampling_stratum"":""correct_document_insufficient""},{""accuracy"":0.8333333333333334,""completed_count"":30,""confusion_matrix"":{""fn"":5,""fp"":0,""tn"":25,""tp"":0},""development_population_count"":2693,""f1"":0.0,""precision"":null,""recall"":0.0,""sampling_stratum"":""wrong_document_retrieval""}]"
74,combined,0.5,0.4,0.1,0.5,False,True,120,42,0,25,53,0.7916666666666666,1.0,0.6794871794871795,0.8091603053435115,0.8351294498381876,1.0,0.7067688647570077,0.8281951696577619,22,4,3,"{""fn"":0.1648705501618123,""fp"":0.0,""tn"":0.43774541531823086,""tp"":0.3973840345199568}","[{""accuracy"":1.0,""completed_count"":30,""confusion_matrix"":{""fn"":0,""fp"":0,""tn"":0,""tp"":30},""development_population_count"":1686,""f1"":1.0,""precision"":1.0,""recall"":1.0,""sampling_stratum"":""automatic_positive""},{""accuracy"":0.8,""completed_count"":30,""confusion_matrix"":{""fn"":6,""fp"":0,""tn"":2,""tp"":22},""development_population_count"":1014,""f1"":0.88,""precision"":1.0,""recall"":0.7857142857142857,""sampling_stratum"":""partial_overlap""},{""accuracy"":0.5333333333333333,""completed_count"":30,""confusion_matrix"":{""fn"":14,""fp"":0,""tn"":15,""tp"":1},""development_population_count"":787,""f1"":0.125,""precision"":1.0,""recall"":0.06666666666666667,""sampling_stratum"":""correct_document_insufficient""},{""accuracy"":0.8333333333333334,""completed_count"":30,""confusion_matrix"":{""fn"":5,""fp"":0,""tn"":25,""tp"":0},""development_population_count"":2693,""f1"":0.0,""precision"":null,""recall"":0.0,""sampling_stratum"":""wrong_document_retrieval""}]"
75,combined,0.5,0.45,0.0,0.5,False,True,120,41,1,25,53,0.7833333333333333,0.9814814814814815,0.6794871794871795,0.803030303030303,0.8206040992448759,0.9647365388644458,0.7067688647570077,0.8158462986545596,22,8,6,"{""fn"":0.1648705501618123,""fp"":0.014525350593311758,""tn"":0.4232200647249191,""tp"":0.3973840345199568}","[{""accuracy"":1.0,""completed_count"":30,""confusion_matrix"":{""fn"":0,""fp"":0,""tn"":0,""tp"":30},""development_population_count"":1686,""f1"":1.0,""precision"":1.0,""recall"":1.0,""sampling_stratum"":""automatic_positive""},{""accuracy"":0.8,""completed_count"":30,""confusion_matrix"":{""fn"":6,""fp"":0,""tn"":2,""tp"":22},""development_population_count"":1014,""f1"":0.88,""precision"":1.0,""recall"":0.7857142857142857,""sampling_stratum"":""partial_overlap""},{""accuracy"":0.5333333333333333,""completed_count"":30,""confusion_matrix"":{""fn"":14,""fp"":0,""tn"":15,""tp"":1},""development_population_count"":787,""f1"":0.125,""precision"":1.0,""recall"":0.06666666666666667,""sampling_stratum"":""correct_document_insufficient""},{""accuracy"":0.8,""completed_count"":30,""confusion_matrix"":{""fn"":5,""fp"":1,""tn"":24,""tp"":0},""development_population_count"":2693,""f1"":0.0,""precision"":0.0,""recall"":0.0,""sampling_stratum"":""wrong_document_retrieval""}]"
76,combined,0.5,0.45,0.05,0.5,False,True,120,42,0,25,53,0.7916666666666666,1.0,0.6794871794871795,0.8091603053435115,0.8351294498381876,1.0,0.7067688647570077,0.8281951696577619,22,4,3,"{""fn"":0.1648705501618123,""fp"":0.0,""tn"":0.43774541531823086,""tp"":0.3973840345199568}","[{""accuracy"":1.0,""completed_count"":30,""confusion_matrix"":{""fn"":0,""fp"":0,""tn"":0,""tp"":30},""development_population_count"":1686,""f1"":1.0,""precision"":1.0,""recall"":1.0,""sampling_stratum"":""automatic_positive""},{""accuracy"":0.8,""completed_count"":30,""confusion_matrix"":{""fn"":6,""fp"":0,""tn"":2,""tp"":22},""development_population_count"":1014,""f1"":0.88,""precision"":1.0,""recall"":0.7857142857142857,""sampling_stratum"":""partial_overlap""},{""accuracy"":0.5333333333333333,""completed_count"":30,""confusion_matrix"":{""fn"":14,""fp"":0,""tn"":15,""tp"":1},""development_population_count"":787,""f1"":0.125,""precision"":1.0,""recall"":0.06666666666666667,""sampling_stratum"":""correct_document_insufficient""},{""accuracy"":0.8333333333333334,""completed_count"":30,""confusion_matrix"":{""fn"":5,""fp"":0,""tn"":25,""tp"":0},""development_population_count"":2693,""f1"":0.0,""precision"":null,""recall"":0.0,""sampling_stratum"":""wrong_document_retrieval""}]"
77,combined,0.5,0.45,0.1,0.5,True,False,120,42,0,25,53,0.7916666666666666,1.0,0.6794871794871795,0.8091603053435115,0.8351294498381876,1.0,0.7067688647570077,0.8281951696577619,22,4,3,"{""fn"":0.1648705501618123,""fp"":0.0,""tn"":0.43774541531823086,""tp"":0.3973840345199568}","[{""accuracy"":1.0,""completed_count"":30,""confusion_matrix"":{""fn"":0,""fp"":0,""tn"":0,""tp"":30},""development_population_count"":1686,""f1"":1.0,""precision"":1.0,""recall"":1.0,""sampling_stratum"":""automatic_positive""},{""accuracy"":0.8,""completed_count"":30,""confusion_matrix"":{""fn"":6,""fp"":0,""tn"":2,""tp"":22},""development_population_count"":1014,""f1"":0.88,""precision"":1.0,""recall"":0.7857142857142857,""sampling_stratum"":""partial_overlap""},{""accuracy"":0.5333333333333333,""completed_count"":30,""confusion_matrix"":{""fn"":14,""fp"":0,""tn"":15,""tp"":1},""development_population_count"":787,""f1"":0.125,""precision"":1.0,""recall"":0.06666666666666667,""sampling_stratum"":""correct_document_insufficient""},{""accuracy"":0.8333333333333334,""completed_count"":30,""confusion_matrix"":{""fn"":5,""fp"":0,""tn"":25,""tp"":0},""development_population_count"":2693,""f1"":0.0,""precision"":null,""recall"":0.0,""sampling_stratum"":""wrong_document_retrieval""}]"
