schema_version,sample_id,blind_order,question_id,split,retrieval_strategy,k,question,benchmark_status,benchmark_answer,retrieved_context_json,annotation_guideline_version,annotation_guideline_sha256,annotator_id,manual_label,rationale,annotation_timestamp
phase03-annotation-blinded-v1,5521c42b49bf08170b0188efbeacc23ae7985ed8766268e7df3bdb8c1376c7d1,1,TRAIN_Q172,train,bm25,3,"Does StoredIQ support TLS v1.2?

Does StoredIQ support TLS v1.2? ",answerable_with_reference,"Yes, StoredIQ 7.6.0.5 and above support TLS 1.2. TLS 1.2 is supported both on Application Stack and Dataserver","[{""char_end"":312,""char_start"":0,""chunk_id"":""43cb66289c8fcf08e13cfe226b042016beb0032e6767fba15bc548ebbafd47ca"",""document_id"":""techqa-doc:corpus/swg21998312.txt"",""filename"":""swg21998312.txt"",""rank"":1,""text"":""Title: IBM StoredIQ support for TLS v1.2 - United States Text: StoredIQ TLS secure SSL TECHNOTE (FAQ) QUESTION Does StoredIQ support TLS v1.2? CAUSE TLS 1.0 is being phased out and moving to 1.2 ANSWER Yes, StoredIQ 7.6.0.5 and above support TLS 1.2. TLS 1.2 is supported both on Application Stack and Dataserver""},{""char_end"":485,""char_start"":0,""chunk_id"":""5ae1250e194113be2eb2048815f91186ec29a0e5e5fa0c8cc6c4c06c09c0732b"",""document_id"":""techqa-doc:corpus/swg21654825.txt"",""filename"":""swg21654825.txt"",""rank"":2,""text"":""Title: IBM Does WPG support TLS v1.2? - United States Text: MT# 71597; 499; 000 TLS security TECHNOTE (FAQ) QUESTION Does WPG support TLS v1.2? ANSWER WPG 621 FP3 support TLS v1.2 in transition and strict mode. Cross reference information Segment Product Component Platform Version Edition Business Integration WebSphere Partner Gateway Enterprise Edition Not Applicable AIX, HP-UX, Linux, Solaris, Windows, Linux on Power, Windows 2003 server, Linux pSeries 6.2.1 Advanced, Enterprise""},{""char_end"":763,""char_start"":0,""chunk_id"":""fe3af6b048ffdc55363f209a745d1e804b90374deac9e30e19d5efa79a9f2622"",""document_id"":""techqa-doc:corpus/swg21626316.txt"",""filename"":""swg21626316.txt"",""rank"":3,""text"":""Title: IBM Does IBM Sterling Connect:Express for z/OS version 4.3.0 support TLS versions V1.1 and V1.2? - United States Text: IBM Sterling Connect:Express for z/OS version 4.3.0 supports TLS versions V1.1 and V1.2 TECHNOTE (FAQ) QUESTION Does IBM Sterling Connect:Express for z/OS version 4.3.0 support TLS versions V1.1 and V1.2? CAUSE IBM Sterling Connect Express with SSL code based on GSKSSL, implements only TLS versions V1, but not V1.1 or V1.2. The GSKSSL environment is configured dynamically based on monitor SYSIN and based on SSLCFG SYSIN for each transfer (in or out). IBM Sterling Connect:Express for z/OS does not update the environment variables, but sets values through GSK API: gsk_attribute_set_enum(env_handle, GSK_PROTOCOL_TLSV1, GSK_PROTOCOL_""}]",phase03-sufficiency-annotation-v1,f2fe3f7f29b834d78fd7c79bf4d4a94faee43c658d89c48e386854123066802b,human_annotator_1,sufficient,Retrieved context directly contains the required answer.,2026-08-25T01:13:00+05:30
phase03-annotation-blinded-v1,94f99ffee37640db4cb60cffe8fe6ff7ffdde62ddec7e9abf07bbd786ba746fc,2,TRAIN_Q158,train,dense,10,"Why are my IBM FileNet Workplace XT war and ear files are unusually small?

When creating the IBM FileNet Workplace XT archive files with either the Content Platform Engine Client Files installation or the IBM Case Manager's ""Deploy IBM FileNet Workplace XT"" configuration manager task , the resulting war and ear files are only a few kilobytes in size and contain the create_web_client_war.sh and create_web_client_ear.sh files. ",answerable_with_reference,This failure can be caused by the CDPATH operating system environment variable being set. The CDPATH environment variable is used to define the base directory to be used for the CD command. A side effect of setting the CDPATH is that CD commands in scripts may jump to unintended directories.,"[{""char_end"":926,""char_start"":0,""chunk_id"":""0a1ca7ddb9c2284e44807ad05207a3bf9cd7160ce0b52feef16a0104320b434b"",""document_id"":""techqa-doc:corpus/swg22002443.txt"",""filename"":""swg22002443.txt"",""rank"":1,""text"":""Title: IBM FileNet Workplace XT war and ear files are unusually small - United States Text: TECHNOTE (TROUBLESHOOTING) PROBLEM(ABSTRACT) When creating the IBM FileNet Workplace XT archive files with either the Content Platform Engine Client Files installation or the IBM Case Manager's \""Deploy IBM FileNet Workplace XT\"" configuration manager task , the resulting war and ear files are only a few kilobytes in size and contain the create_web_client_war.sh and create_web_client_ear.sh files. DIAGNOSING THE PROBLEM The ceclient_install_log or warerr.log file will contain the following error: ERROR: \""create_web_client_war.sh[5]: cd: .WorkplaceXT: [No such file or directory]\"" When attempting to install the resulting archive file to IBM WebSphere Application Server, the following error is returned. IWAE0006E Archive is not a valid WAR File because the deployment descriptor can not be found (case sensitive): WEB-INF/web.xml""},{""char_end"":3041,""char_start"":2569,""chunk_id"":""992b100cd371179bd672816bad7d0df3ad90a4863b3c19c3615f3c57d2c8eae6"",""document_id"":""techqa-doc:corpus/swg21690406.txt"",""filename"":""swg21690406.txt"",""rank"":2,""text"":""the shell script to create a new war file \""./create_web_client_war.sh\"" Run the shell script to create a new ear file \""./create_web_client_ear.sh\"" 10. Redeploy IBM FileNet WorkplaceXT to your web application server and restart the application. The client browser cache and Java cache from the Java console before run it. Note: In most cases, the changes you make will be removed if you install a new product fix pack. After installing a fix pack, re-run these instructions.""},{""char_end"":3073,""char_start"":2466,""chunk_id"":""9cf981a544aaa679cbf8c7b788bc3e6c18af5eadc35c8a02fb58355fc9d48f73"",""document_id"":""techqa-doc:corpus/swg21587475.txt"",""filename"":""swg21587475.txt"",""rank"":3,""text"":""which allows files to grow to 5MB. 9) (after setting trace levels from #8 above) Send latest TBSM agent logs from the TBSM server: tar/zip up the files in : * Windows * * * Unix * 10) Send a Screen shot showing the display/output of each TBSM attribute Group from the TEP workspace : * * * * * * * * * * * 11 ) Ensure TBSM server tracing is set (see #6 ) agent property file above), Then collect and send latest TBSM server #top [http://www-1.ibm.com/support/docview.wss?rs=767&uid=swg21509617] Log and trace Files [http://www-1.ibm.com/support/docview.wss?rs=767&uid=swg21509617] PRODUCT ALIAS/SYNONYM TBSM""},{""char_end"":830,""char_start"":0,""chunk_id"":""99f05ac2ef2cd5965a96b807bb0cde7ca1dbd95555bc718c903cd46dd3bf9387"",""document_id"":""techqa-doc:corpus/swg21693598.txt"",""filename"":""swg21693598.txt"",""rank"":4,""text"":""Title: IBM Can't deploy CPE 5.2.1, ear files are missing - United States Text: Engine-ws.ear; CMUI TECHNOTE (TROUBLESHOOTING) PROBLEM(ABSTRACT) After what seems to be a successful install of IBM Content Platform Engine (CPE) 5.2.1, no Engine-xx.ear files were created in /IBM/FileNet/ContentEngine/lib/ so CPE can not be deployed. SYMPTOM When running the deployment task in Configuration Manager, browsing to /IBM/FileNet/ContentEngine/lib/ notice there are no ear files such as Engine-ws-ear . CAUSE Insufficient disk space allotted for the installation. As of CPE 5.2.1, the ear files (Engine-ws.ear, Engine-wl.ear, Engine-jb.ear) are no longer shipped on the media. The ear files are built on the fly during the CPE installation. ENVIRONMENT Identified on AIX, but this could occur on any platform with insufficient space. DIA""},{""char_end"":2560,""char_start"":1839,""chunk_id"":""f73e814104c4f37e0e6033058143b4b52e1ab953989637cfc451a535c07139ca"",""document_id"":""techqa-doc:corpus/swg21981255.txt"",""filename"":""swg21981255.txt"",""rank"":5,""text"":""tion and the default value is \""true\"". Ensure this is not set to false. 3. Change to the customer deploy directory <XT_install_Path>\\WebClient\\deploy\\ , backup and delete the existing web_client.war and web_client.ear. Run the shell script to create a new war file \""./create_web_client_war.sh\"" Run the shell script to create a new ear file \""./create_web_client_ear.sh\"" 4. Redeploy IBM FileNet Workplace XT to your web application server and restart the application. Ensure to delete the client browser cache, Java cache, viewer cache and the application server cache. RELATED INFORMATION useBrowserAlertOnShutdown parameter [http://www.ibm.com/support/knowledgecenter/SSTPHR_4.1.5/com.ibm.viewone.configuring/dvopr458.htm]""},{""char_end"":3821,""char_start"":3237,""chunk_id"":""db03127aadc0f9c7fdda7751ea574df7ea1768b93ae85998786530c99d259128"",""document_id"":""techqa-doc:corpus/swg27016507.txt"",""filename"":""swg27016507.txt"",""rank"":6,""text"":""BEJB.ear File size: 4 KB onMessage.txt [/support/docview.wss?uid=swg27016507&aid=6] [/support/docview.wss?uid=swg27016507&aid=5] File name: onMessage.txt File size: 1 KB Cross reference information Segment Product Component Platform Version Edition Application Servers WebSphere Application Server Java Message Service (JMS) AIX, HP-UX, Linux, Solaris 7.0 Software Development Rational Application Developer for WebSphere Software Application Deployment Windows, Linux 7.0 PRODUCT ALIAS/SYNONYM WebSphere MQ WMQ WebSphere Application Server WAS WSAS Rational Application Developer RAD""},{""char_end"":1193,""char_start"":768,""chunk_id"":""614fb6d38848ebbf1997949e3dd5a8191cfc24bdf1015b875b26648eab536361"",""document_id"":""techqa-doc:corpus/swg21507772.txt"",""filename"":""swg21507772.txt"",""rank"":7,""text"":""Sphere\\AppServer\\profiles\\AppSrv01\\installedApps\\P8ADNode01Cell\\WorkplaceXT.ear\\web_client.war\\download 2. Re-create the Workplace XT .war file 3. Re-deploy Workplace XT Reference material: http://publib.boulder.ibm.com/infocenter/p8docs/v4r5m1/index.jsp?topic=%2Fcom.ibm.p8.installingxt.doc%2Fwxtip042.htm [http://publib.boulder.ibm.com/infocenter/p8docs/v4r5m1/index.jsp?topic=%2Fcom.ibm.p8.installingxt.doc%2Fwxtip042.htm]""},{""char_end"":1702,""char_start"":1392,""chunk_id"":""90d37ba07a741e1197e1443d2f542b509a2ea05b39dfa57bab7da70f5e9f80e2"",""document_id"":""techqa-doc:corpus/swg21227916.txt"",""filename"":""swg21227916.txt"",""rank"":8,""text"":""on zSeries\"" (1180947) [http://www.ibm.com/support/docview.wss?rs=899&uid=swg21180947]. RELATED INFORMATION Determining the Core Dump file size setting ... [http://www.ibm.com/support/docview.wss?uid=swg21235277] Directing Core Dumps to Another Directory [http://www.ibm.com/support/docview.wss?uid=swg21180947]""},{""char_end"":2333,""char_start"":1650,""chunk_id"":""03f6f8c5f18e9e8d4d2ab6f42100328746e2900d43ff0e7740090971f99e9a4e"",""document_id"":""techqa-doc:corpus/swg21684737.txt"",""filename"":""swg21684737.txt"",""rank"":9,""text"":""Re-creating the WAR and EAR files http://www-01.ibm.com/support/knowledgecenter/SSNW2F_5.2.0/com.ibm.p8.installingxt.doc/wxtut009.htm?lang=en [http://www-01.ibm.com/support/knowledgecenter/SSNW2F_5.2.0/com.ibm.p8.installingxt.doc/wxtut009.htm?lang=en] 4. Uninstall (undeploy) the Workplace XT application from your application server. WebSphere: Stop the Workplace XT application from the WebSphere administration console. Uninstall the Workplace XT application from Enterprise Applications. Save the changes and stop the WebSphere server. Delete the temporary Workplace XT directory (default: WorkplaceXT) from: <WAS_HOME>/profiles/<profile_name>/temp/<node_name>/<instance>/ Delete""},{""char_end"":2198,""char_start"":1411,""chunk_id"":""3e3c5e59740971b4e14f4054a0b52819848d553ceb014bfd0e11b9808189b1e0"",""document_id"":""techqa-doc:corpus/swg21641686.txt"",""filename"":""swg21641686.txt"",""rank"":10,""text"":""XT installation directory by running the create_web_client_war.bat and create_web_client_ear.bat in this order. This is the default location where the batch files reside: <Workplace XT Install directory>\\WebClient\\deploy 4. Undeploy Workplace XT on the Application server. 5. Stop the application server, clear the application server cache, then restart the application server. For instructions on clearing the application server cache, please see the below IBM Knowledge Center for FileNet P8 Platform link on the step 'Back up, undeploy and remove the Workplace XT Web application from the J2EE application server': http://www-01.ibm.com/support/knowledgecenter/SSNW2F_5.1.0/com.ibm.p8.installingxt.doc/wxtut003.htm [http://www-01.ibm.com/support/knowledgecenter/SSNW2F_5.1.0/com.ibm.p""}]",phase03-sufficiency-annotation-v1,f2fe3f7f29b834d78fd7c79bf4d4a94faee43c658d89c48e386854123066802b,human_annotator_1,insufficient,Evidence is indirect and not sufficient to answer confidently.,2026-08-25T01:14:00+05:30
phase03-annotation-blinded-v1,dc8ecb1ac65dd4d18d8017d3841ea704a8a495af6accec8e0aa71c4e0062c23e,3,TRAIN_Q126,validation,dense,3,"Security Bulletin: Incorrect saved channel status enquiry could cause denial of service for IBM MQ (CVE-2017-1236)

I need to understand details regarding Security Bulletin: Incorrect saved channel status enquiry could cause denial of service for IBM MQ (CVE-2017-1236). Where can I find this information?
",answerable_with_reference,"CVEID:CVE-2017-1236 [http://cve.mitre.org/cgi-bin/cvename.cgi?name=CVE-2017-1236]
DESCRIPTION:IBM MQ could allow an authenticated user to potentially cause a denial of service by saving an incorrect channel status inquiry.
CVSS Base Score: 3.1
CVSS Temporal Score: Seehttps://exchange.xforce.ibmcloud.com/vulnerabilities/124354 [https://exchange.xforce.ibmcloud.com/vulnerabilities/124354]for the current score
CVSS Environmental Score*: Undefined
CVSS Vector: (CVSS:3.0/AV:N/AC:H/PR:L/UI:N/S:U/C:N/I:N/A:L)","[{""char_end"":801,""char_start"":0,""chunk_id"":""ef2469cce3b9fe410debdc95f45e34bc3291628b709c9283a7ec1214be46d6d3"",""document_id"":""techqa-doc:corpus/swg22003510.txt"",""filename"":""swg22003510.txt"",""rank"":1,""text"":""Title: IBM Security Bulletin: Incorrect saved channel status enquiry could cause denial of service for IBM MQ (CVE-2017-1236) - United States Text: SECURITY BULLETIN SUMMARY IBM MQ could allow an authenticated user to potentially cause a denial of service by issuing an incorrect saved channel status inquiry. VULNERABILITY DETAILS CVEID:CVE-2017-1236 [http://cve.mitre.org/cgi-bin/cvename.cgi?name=CVE-2017-1236] DESCRIPTION:IBM MQ could allow an authenticated user to potentially cause a denial of service by saving an incorrect channel status inquiry. CVSS Base Score: 3.1 CVSS Temporal Score: Seehttps://exchange.xforce.ibmcloud.com/vulnerabilities/124354 [https://exchange.xforce.ibmcloud.com/vulnerabilities/124354]for the current score CVSS Environmental Score*: Undefined CVSS Vector: (CVSS:3.""},{""char_end"":485,""char_start"":0,""chunk_id"":""ed921f3d3d478f11da2ca6de0f0ab3b318dceced5b16eafecdd9a8feae92ba00"",""document_id"":""techqa-doc:corpus/swg21999833.txt"",""filename"":""swg21999833.txt"",""rank"":2,""text"":""Title: IBM Security Bulletin: IBM WebSphere MQ Channelのデータ変換が拒否されてしまう (CVE-2016-3013) - United States Text: SECURITY BULLETIN SUMMARY メッセージチャネルエージェント(MCA)がキューから大きなメッセージを取得してデータ変換をすると、バッファオーバーフローが起きてチャネルが異常終了する可能性があります。 最新の情報については下記の文書(英語)をご参照ください。 Security Bulletin: IBM WebSphere MQ Channel data conversion denial of service (CVE-2016-3013) http://www.ibm.com/support/docview.wss?uid=swg21998661 [http://www.ibm.com/support/docview.wss?uid=swg21998661] VULNERABILITY DETAILS CVEID: CV""},{""char_end"":494,""char_start"":0,""chunk_id"":""6e82c41b6781dd7a7638ee71e674d4a595d602a9716562e658f11fea44301c3f"",""document_id"":""techqa-doc:corpus/swg21999376.txt"",""filename"":""swg21999376.txt"",""rank"":3,""text"":""Title: IBM Security Bulletin: 不正なHTTPリクエストによる IBM WebSphere MQ MQXRリスナーへのDoSの脆弱性 (CVE-2016-8986) - United States Text: SECURITY BULLETIN SUMMARY 不正なHTTPリクエストによる IBM WebSphere MQ MQXRリスナーへのDoSの脆弱性が報告されました。 最新の情報については下記の文書(英語)をご参照ください。 Security Bulletin: IBM WebSphere MQ invalid requests cause denial of service to MQXR listener (CVE-2016-8986) http://www.ibm.com/support/docview.wss?uid=swg21998648 [http://www.ibm.com/support/docview.wss?uid=swg21998648] VULNERABILITY DETAILS CVEID: CVE-2016-""}]",phase03-sufficiency-annotation-v1,f2fe3f7f29b834d78fd7c79bf4d4a94faee43c658d89c48e386854123066802b,human_annotator_1,sufficient,Rank-1 chunk is the exact security bulletin (swg22003510) containing the CVE-2017-1236 details in the reference answer.,2026-08-25T01:15:00+05:30
phase03-annotation-blinded-v1,8a1d4623704703e41bd75865f9f5b8180c45caf6ba1c50447dc49a3c66c73b9a,4,TRAIN_Q095,validation,dense,3,"When will WebSphere Application Server v7.0 and v8.0 be end of support (EOS)?

Has an End of Support (EOS) date been announced for WebSphere Application Server v7.0 and 8.0? ",benchmark_impossible_no_reference,,"[{""char_end"":2711,""char_start"":1955,""chunk_id"":""36718a0f2843c10f87839fc5deffa15a1d4bae8fec9bf4176280d8f1aed3ac58"",""document_id"":""techqa-doc:corpus/swg21200212.txt"",""filename"":""swg21200212.txt"",""rank"":1,""text"":""Sphere Application Server V8.0 22 Jul 2011 30 April 2018 IBM HTTP Server V8.5 * Shipped with WebSphere Application Server V8.5 13 Jul 2012 will be same EOS as WAS V8.5 IBM HTTP Server V9.0 * Shipped with WebSphere Application Server V9.0 24 June 2016 will be same EOS as WAS V9.0 See the WebSphere products lifecycle dates [http://www-01.ibm.com/software/support/lifecycleapp/PLCSearch.wss?q=WAS&scope=S962652E67398D77-X007925I73652A47&ibm-search.x=0&ibm-search.y=0&sort=P] for a complete listing of WebSphere Application Server product life cycle dates. Cross reference information Segment Product Component Platform Version Edition Application Servers WebSphere Application Server IBM HTTP Server AIX, Linux, Solaris, Windows 8.5, 8.0, 7.0, 6.1, 6.0, 5.1""},{""char_end"":689,""char_start"":0,""chunk_id"":""7f9bab12abb3e8c4e6f175c954383dd9f71715f67361fd68078b8e337e63d871"",""document_id"":""techqa-doc:corpus/swg22014415.txt"",""filename"":""swg22014415.txt"",""rank"":2,""text"":""Title: IBM WebSphere Commerce v7 is adding support for Java Version 8 - United States Text: NEWS ABSTRACT WebSphere Commerce v7 is adding support for Java Version 8 CONTENT In January 2018, it was announced that support for WebSphere Commerce V7 would be ending [http://www-01.ibm.com/common/ssi/ShowDoc.wss?docURL=/common/ssi/rep_ca/2/897/ENUS918-012/index.html&lang=en&request_locale=en] on April 30, 2019. WebSphere Application Server (WAS) previously announced support for WAS V7 will end [http://www-01.ibm.com/common/ssi/ShowDoc.wss?docURL=/common/ssi/rep_ca/3/897/ENUS916-143/index.html&lang=en&request_locale=en] on April 30 2018 and Oracle will be ending support for Java 6 [http:""},{""char_end"":3936,""char_start"":3187,""chunk_id"":""83ca883273cda45a40d5b997e7f22e20909266191869e2873b945e5b42fa21a4"",""document_id"":""techqa-doc:corpus/swg27008725.txt"",""filename"":""swg27008725.txt"",""rank"":3,""text"":""WebSphere Application Server Hypervisor Edition V8.0 WebSphere Application Server - Feature Packs for V7.0 and V8.0 Java SE 6 for WebSphere Application Server V8.5.x See the distributed [http://www-01.ibm.com/common/ssi/ShowDoc.wss?docURL=/common/ssi/rep_ca/3/897/ENUS916-143/index.html] and z/OS [http://www-01.ibm.com/common/ssi/ShowDoc.wss?docURL=/common/ssi/rep_ca/9/897/ENUS916-159/index.html] announcements for the complete list of products and feature packs being affected. If the WebSphere Application Server is included in another IBM product, you might be otherwise entitled to support up to that product's End of Support date. You can verify your product's End of Support date by searching for your product on the IBM Software Lifecycle [""}]",phase03-sufficiency-annotation-v1,f2fe3f7f29b834d78fd7c79bf4d4a94faee43c658d89c48e386854123066802b,human_annotator_1,sufficient,EOS dates recoverable across chunks: WAS V8.0 EOS 30 April 2018 in rank-1 lifecycle table; WAS V7 end of support 30 April 2018 stated in rank-2. Requires cross-chunk synthesis.,2026-08-25T01:16:00+05:30
phase03-annotation-blinded-v1,67d1ce5d83d5555391afdac9073b0ffcb713dc3693f89ec63a0cbd6469900b1f,5,TRAIN_Q224,validation,bm25,5,"Help with Security Bulletin: Vulnerability in Diffie-Hellman ciphers affects IBM WebSphere MQ Internet Passthru (CVE-2015-4000)

I need to understand details regarding Security Bulletin: Vulnerability in Diffie-Hellman ciphers affects IBM WebSphere MQ Internet Passthru (CVE-2015-4000). What is the recommended fix?",answerable_with_reference,"Users of IBM WebSphere MQ Internet Pass-Thru 2.1.0.1, 2.0 and older releases should first upgrade to IBM WebSphere MQ Internet Pass-Thru 2.1.0.2","[{""char_end"":911,""char_start"":0,""chunk_id"":""e5b81e814d3adbaa644a13718f4600595e8dd3cf9ad53b58a0baa5fa1e9bfff6"",""document_id"":""techqa-doc:corpus/swg21959745.txt"",""filename"":""swg21959745.txt"",""rank"":1,""text"":""Title: IBM Security Bulletin: Vulnerability in Diffie-Hellman ciphers affects IBM WebSphere MQ Internet Passthru (CVE-2015-4000) - United States Text: SECURITY BULLETIN SUMMARY The Logjam Attack on TLS connections using the Diffie-Hellman (DH) key exchange protocol affects IBM WebSphere MQ Internet Pass-thru (MQIPT). VULNERABILITY DETAILS CVEID: CVE-2015-4000 [http://cve.mitre.org/cgi-bin/cvename.cgi?name=CVE-2015-4000] DESCRIPTION: The TLS protocol could allow a remote attacker to obtain sensitive information, caused by the failure to properly convey a DHE_EXPORT ciphersuite choice. An attacker could exploit this vulnerability using man-in-the-middle techniques to force a downgrade to 512-bit export-grade cipher. Successful exploitation could allow an attacker to recover the session key as well as modify the contents of the traffic. This vulnerability is commonly referred to as \""Logjam\"". CVSS Base""},{""char_end"":2229,""char_start"":1753,""chunk_id"":""e228460a83ab2ef6703aac5bd5ba2311a09a31229eee42063205cc99f08b91f6"",""document_id"":""techqa-doc:corpus/swg21962347.txt"",""filename"":""swg21962347.txt"",""rank"":2,""text"":""] to be notified of important product support alerts like this. REFERENCES Complete CVSS v2 Guide [http://www.first.org/cvss/v2/guide] On-line Calculator v2 [http://nvd.nist.gov/CVSS-v2-Calculator] 参照情報: [IBMサイト] この文書は、米国 IBM 社の資料を翻訳した参考文書です。翻訳元の文書は、以下のリンクよりご参照ください。 Security Bulletin: Vulnerability in Diffie-Hellman ciphers affects IBM WebSphere MQ Internet Passthru (CVE-2015-4000) [http://www.ibm.com/support/docview.wss?uid=swg21959745] 公開済みのフィックスパックについては、以下のサイトよりご利用いただけ""},{""char_end"":933,""char_start"":0,""chunk_id"":""67cfd2b9a8dd03bef2799ef29068a80bb905a52bbd7202ecad228a21350ee0de"",""document_id"":""techqa-doc:corpus/swg21961072.txt"",""filename"":""swg21961072.txt"",""rank"":3,""text"":""Title: IBM Security Bulletin: A security vulnerability has been identified in muiltiple products shipped with Predictive Customer Intelligence (CVE-2015-4000) - United States Text: SECURITY BULLETIN SUMMARY WebSphere Application Server, Cognos Business Intelligence, Integration Bus, and WebSphere MQ are shipped as components of Predictive Customer Intelligence. Information about a security vulnerability affecting WebSphere Application Server, Cognos Business Intelligence, Integration Bus, and WebSphere MQ has been published in a security bulletin. VULNERABILITY DETAILS Please consult the security bulletins: Vulnerability in Diffie-Hellman ciphers affects IBM Cognos Business Intelligence (CVE-2015-4000) [http://www-01.ibm.com/support/docview.wss?uid=swg21959671] Vulnerability with Diffie-Hellman ciphers may affect IBM WebSphere Application Server (CVE-2015-4000) [http://www-01.ibm.com/support/docview.wss?uid=swg21957980]""},{""char_end"":3823,""char_start"":3196,""chunk_id"":""932d5abf96e0d865e191abf32a7b45d9dfc3180ad774289f243610fd4e2f4bf4"",""document_id"":""techqa-doc:corpus/swg21883331.txt"",""filename"":""swg21883331.txt"",""rank"":4,""text"":""E-2015-4947, CVE-2015-2808) [http://www.ibm.com/support/docview.wss?uid=swg21970056] * Security Bulletin: IBM Tivoli Monitoring embedded WebSphere Application Server (CVE-2015-1920) [http://www-01.ibm.com/support/docview.wss?uid=swg21963474] * [http://www-01.ibm.com/support/docview.wss?uid=swg21963473]Security Bulletin: Vulnerability in Diffie-Hellman ciphers affects IBM Tivoli Monitoring (CVE-2015-4000) [http://www.ibm.com/support/docview.wss?uid=swg21962739] * Security Bulletin: Vulnerability in Diffie-Hellman ciphers affects the Enterprise Common Collector component of the IBM Tivoli zEnterprise Monitoring Agent (CVE""},{""char_end"":901,""char_start"":0,""chunk_id"":""737c210c143ec624086b914cd9fe69e6d253e06d6ca88b9842ed89493ad05309"",""document_id"":""techqa-doc:corpus/swg21958984.txt"",""filename"":""swg21958984.txt"",""rank"":5,""text"":""Title: IBM Security Bulletin: Vulnerability in Diffie-Hellman ciphers affects IBM WebSphere MQ Telemetry (CVE-2015-4000) - United States Text: SECURITY BULLETIN SUMMARY The Logjam Attack on TLS connections using the Diffie-Hellman (DH) key exchange protocol affects IBM WebSphere MQ Telemetry (MQXR) service. VULNERABILITY DETAILS CVEID: CVE-2015-4000 [http://cve.mitre.org/cgi-bin/cvename.cgi?name=CVE-2015-4000] DESCRIPTION: The TLS protocol could allow a remote attacker to obtain sensitive information, caused by the failure to properly convey a DHE_EXPORT ciphersuite choice. An attacker could exploit this vulnerability using man-in-the-middle techniques to force a downgrade to 512-bit export-grade cipher. Successful exploitation could allow an attacker to recover the session key as well as modify the contents of the traffic. This vulnerability is commonly referred to as \""Logjam\"". CVSS Base""}]",phase03-sufficiency-annotation-v1,f2fe3f7f29b834d78fd7c79bf4d4a94faee43c658d89c48e386854123066802b,human_annotator_1,insufficient,"Rank-1 is the correct bulletin but the retrieved span covers only summary and vulnerability description; the remediation section with the MQIPT 2.1.0.2 upgrade fix was not retrieved, and the question asks for the recommended fix.",2026-08-25T01:17:00+05:30
phase03-annotation-blinded-v1,9db3070a75b063c14f403970058b86c9be7e8ebc244f638bee191f3032dc5545,6,DEV_Q217,validation,bm25,5,"What process do i neet to follow to upgrade our SPSS Modeler deployment (concurrent license) from v16 to v18?

We have 5 users with SPSS Modeler 16 installed using the Concurrent license manager supplied for that version. We need to upgrade to v18.  Do we need to upgrade the license manager as well? ",benchmark_impossible_no_reference,,"[{""char_end"":2634,""char_start"":1705,""chunk_id"":""2fd1f434977e7f06e91e20cef81eaba030f7313613455896f59a1730697c767f"",""document_id"":""techqa-doc:corpus/swg27038627.txt"",""filename"":""swg27038627.txt"",""rank"":1,""text"":""IP address to use on the install of Modeler client. If so, you do not need to install the License Manager, just use the information when prompted upon installing the client. If you have an authorized user license, you do not need a license manager. If you are the administrator or just need a License Manager, this should be installed first. The installer should be named similar to 'IBM SPSS Concurrent Licensing Tools ' and will be dependent on what operating system you intend to install the License Manager on. Example: IBM SPSS Concurrent Licensing Tools 9.5 - License Manager Microsoft Windows English (CI8Z7EN) To ensure that you download the appropriate version, obtain it from the Eassembly for the version of Modeler you have installed. [http://www.ibm.com/i/v14/icons/fw_bold.gif] Step 2: SPSS Modeler Client [javascript:void(0);] [javascript:void(0);] (click to expand) The main interface into SPSS Modeler is Modeler""},{""char_end"":562,""char_start"":0,""chunk_id"":""530f363f87bb95470c0190f1109092a1daac08b8efe8acb84d8e3e678b3aba3f"",""document_id"":""techqa-doc:corpus/swg21483924.txt"",""filename"":""swg21483924.txt"",""rank"":2,""text"":""Title: IBM Installing Modeler 13, do we need to upgrade Sentinel License Manager? - United States Text: TECHNOTE (TROUBLESHOOTING) PROBLEM(ABSTRACT) Moved to Modeler 13, do we need to upgrade Sentinel License Manager? RESOLVING THE PROBLEM Please review the upgrade information available on the Tech Support website. This information can be found by logging into the Tech Support website and accessing: Modeler; Documentation; Concurrent (Network) User License Administrator's Guide http://www.spss.com/suppor [http://www.spss.com/suppor] HISTORICAL NUMBER 84433""},{""char_end"":1084,""char_start"":0,""chunk_id"":""23d3658063505aa086ee0eeff6c1bfbeb6f8ba0e1dd7d268a2db742dbe396b61"",""document_id"":""techqa-doc:corpus/swg21485235.txt"",""filename"":""swg21485235.txt"",""rank"":3,""text"":""Title: IBM When to upgrade the Sentinel RMS License Manager for the IBM SPSS Products - United States Text: TECHNOTE (TROUBLESHOOTING) PROBLEM(ABSTRACT) If I upgrade to the latest version of an IBM SPSS product (such as Statistics or Modeler), do I need to upgrade Sentinel RMS License Manager as well? RESOLVING THE PROBLEM A new version of the Sentinel RMS License Manager is bundled with each new version of an IBM SPSS Product. It is recommended to upgrade this utility, when upgrading the IBM SPSS Products. A new version of the Sentinel License Manager will serve licenses to the current versions of IBM SPSS product offerings and will ensure backwards compatibility for previous versions as well. We do not recommend having different versions of the Sentinel RMS License Manager co-existing on a system. If you already have an older version of the Sentinel RMS installed on your system, uninstall it before installing the new one. RELATED INFORMATION Need more help? Our Statistics forum is Live! [https://developer.ibm.com/answers/topics/statistics.html?smartspace=predictive-""},{""char_end"":1120,""char_start"":0,""chunk_id"":""a1a4230e361ff027ce726ebeca35de2eb79dfdf8306e5b6004199f5193e5249a"",""document_id"":""techqa-doc:corpus/swg21656246.txt"",""filename"":""swg21656246.txt"",""rank"":4,""text"":""Title: IBM What is the recommended License Manager version for the use with IBM SPSS Statistics 22, what do I need to download and how to install the License Manager on a Windows operating system? - United States Text: LM SPSS Sentinel Statistics 22 8.5 license manager recommended download installtion administrator TECHNOTE (FAQ) QUESTION I would like to know what License Manager version is recommended for usage with IBM SPSS Statistics 22 release? What package I have to download from IBM webpage? I would like to install the License Manager version on a Microsoft Windows Server operating system, how to do this? ANSWER Recommended License Manager version: For the usage with IBM SPSS Statistics 22 it is recommended to download IBM SPSS Statistics Concurrent User Licensing Server 22.0 English Multiplatform eAssembly (CRNM8EN) package. With this version you can manage network licenses for older IBM SPSS software releases as well and not only Statistics 22 network licenses. It is also possible to manage for example IBM SPSS Modeler 15 or AMOS 22 network licenses. We recommend to read the documentation on IBM""},{""char_end"":1113,""char_start"":0,""chunk_id"":""468ae98ce5e3d637645ee500122af33746971b31f7868830ec6c03402e76e829"",""document_id"":""techqa-doc:corpus/swg21608338.txt"",""filename"":""swg21608338.txt"",""rank"":5,""text"":""Title: IBM What is the recommended License Manager version for the use with IBM SPSS Statistics 21, what do I need to download and how to install the License Manager on a Windows operating system? - United States Text: TECHNOTE (FAQ) QUESTION I would like to know what License Manager version is recommended for usage with IBM SPSS Statistics 21 release? What package I have to download from IBM webpage? I would like to install the License Manager version on a Microsoft Windows Server operating system, how to do this? ANSWER Recommended License Manager version: For the usage with IBM SPSS Statistics 21 it is recommended to install License Manager version 8.5.0. With this version you can manage network licenses for older IBM SPSS software releases as well and not only Statistics 21 network licenses. It is also possible to manage IBM SPSS Modeler 15 or AMOS 21 network licenses. Please note that it is possible to manage Statistics 21 network licenses with older releases of the License Manager as well (e.g. version 8.3), so you can upgrade to the new release at your convenience. License Manager download""}]",phase03-sufficiency-annotation-v1,f2fe3f7f29b834d78fd7c79bf4d4a94faee43c658d89c48e386854123066802b,human_annotator_1,sufficient,"Rank-3 Sentinel RMS technote directly answers the core question (upgrade the bundled license manager when upgrading, uninstall old first); full v16-to-v18 process steps only partially covered.",2026-08-25T01:18:00+05:30
phase03-annotation-blinded-v1,7bba0de4b65fa54057b368a6561df4c8aed3d757c073081e709be2f6fc34d8b6,7,TRAIN_Q518,train,bm25,3,"Help with Security Bulletin: IBM WebSphere MQ is affected by a vulnerability in GSKit (CVE-2014-0076)

I need to understand details regarding Security Bulletin: IBM WebSphere MQ is affected by a vulnerability in GSKit (CVE-2014-0076). Where can I find this information? ",answerable_with_reference,"CVE-ID: CVE-2014-0076 [http://cve.mitre.org/cgi-bin/cvename.cgi?name=CVE-2014-0076]
DESCRIPTION: An attacker running a program on the same machine as where the victim is running a program could use CPU timing information to discover key information about certain kinds of binary type Elliptic Curves used in Digital signatures during signing operations. Although GSKit only generates Prime type Elliptic Curves, externally generated keys may be imported in GSKit.
From WebSphere MQ version 7.1, GSKit version 8.0 is integrated with WebSphere MQ. For WebSphere MQ 7.0.1, GSKit version 7 or version 8 was installed separately.

CVSS Base Score: 2.1
CVSS Temporal Score: See https://exchange.xforce.ibmcloud.com/vulnerabilities/91990 [https://exchange.xforce.ibmcloud.com/vulnerabilities/91990]
CVSS Environmental Score*: Undefined
CVSS Vector: (AV:L/AC:L/Au:N/C:P/I:N/A:N)","[{""char_end"":950,""char_start"":0,""chunk_id"":""fce2af59a1e3f6e7c0262901f952c4b953ba6a4436960db98bca8bd58dfc10ab"",""document_id"":""techqa-doc:corpus/swg21688949.txt"",""filename"":""swg21688949.txt"",""rank"":1,""text"":""Title: IBM Security Bulletin: IBM WebSphere MQ is affected by a vulnerability in GSKit (CVE-2014-0076) - United States Text: SECURITY BULLETIN SUMMARY A vulnerability in GSKit, which is included in IBM WebSphere MQ, can potentially allow key information about certain kinds of binary type Elliptic Curves used in Digital signatures during signing operations. VULNERABILITY DETAILS CVE-ID: CVE-2014-0076 [http://cve.mitre.org/cgi-bin/cvename.cgi?name=CVE-2014-0076] DESCRIPTION: An attacker running a program on the same machine as where the victim is running a program could use CPU timing information to discover key information about certain kinds of binary type Elliptic Curves used in Digital signatures during signing operations. Although GSKit only generates Prime type Elliptic Curves, externally generated keys may be imported in GSKit. From WebSphere MQ version 7.1, GSKit version 8.0 is integrated with WebSphere MQ. For WebSphere MQ 7.0.1,""},{""char_end"":1868,""char_start"":1464,""chunk_id"":""a2a89faa759550f45e2b51fb851de7236538f3db022944444d1ba0981b78edb4"",""document_id"":""techqa-doc:corpus/swg21689211.txt"",""filename"":""swg21689211.txt"",""rank"":2,""text"":""[http://nvd.nist.gov/CVSS-v2-Calculator] . [IBMサイト] この文書は、米国 IBM 社の資料を翻訳した参考文書です。翻訳元の文書は、以下のリンクよりご参照ください。 Security Bulletin: IBM WebSphere MQ is affected by a vulnerability in GSKit (CVE-2014-0076) [http://www-01.ibm.com/support/docview.wss?uid=swg21688949] 公開済みのフィックスパックについては、以下のサイトよりご利用いただけます。 Recommended fixes for WebSphere MQ [http://www-01.ibm.com/support/docview.wss?rs=171&uid=swg27006037] フィックス・""},{""char_end"":796,""char_start"":0,""chunk_id"":""2807995b5554c288b6620e0439b211d8b2cb4f2aa21138e70504b087099a7807"",""document_id"":""techqa-doc:corpus/swg22014651.txt"",""filename"":""swg22014651.txt"",""rank"":3,""text"":""Title: IBM Security Bulletin: IBM MQ and WebSphere MQ are affected by multiple vulnerabilities in OpenSSL and GSKit. - United States Text: SECURITY BULLETIN SUMMARY IBM MQ and WebSphere MQ have addressed multiple vulnerabilities in OpenSSL and GSKit. OpenSSL is used by IBM MQ Advanced Message Security on the IBM i platform only. VULNERABILITY DETAILS CVEID: CVE-2016-0705 [http://cve.mitre.org/cgi-bin/cvename.cgi?name=CVE-2016-0705] DESCRIPTION: OpenSSL is vulnerable to a denial of service, caused by a double-free error when parsing DSA private keys. An attacker could exploit this vulnerability to corrupt memory and cause a denial of service. CVSS Base Score: 3.7 CVSS Temporal Score: See https://exchange.xforce.ibmcloud.com/vulnerabilities/111140 [https://exchange.xforce.ibmcloud.com/vu""}]",phase03-sufficiency-annotation-v1,f2fe3f7f29b834d78fd7c79bf4d4a94faee43c658d89c48e386854123066802b,human_annotator_1,sufficient,Rank-1 chunk is the referenced GSKit bulletin (swg21688949) containing the CVE-2014-0076 description in the reference answer.,2026-08-25T01:19:00+05:30
phase03-annotation-blinded-v1,fd5668c6cc5dce9222d13dffd2ec4bf2e18fe5f097e639f48074e59f72661558,8,TRAIN_Q294,train,dense,1,"IZE0106E Connect failed with ""Unsupported CICS release"" after upgrading CICS TS V5.x

Do I have to upgrade my CICS Explorer to the same release as CICS Transaction Server for z/OS (CICS TS)? I recently upgraded to a new release of CICS TS and now when I attempt to connect to CICS Explorer using a CMCI connection, I get message 
IZE0106E Connect failed with ""Unsupported CICS release"" after upgrading 
in CICS Explorer. ",answerable_with_reference,"IBM recommends that you upgrade to the latest release of CICS Explorer to obtain the most recent functionality and service. Old releases of CICS Explorer are not generally updated with new function, but new CICS Explorer releases are compatible with all earlier versions of CICS TS. Therefore, CICS Explorer V5.4 is compatible with CICS TS V4.1 through V5.4.","[{""char_end"":1870,""char_start"":1057,""chunk_id"":""760ecca619a691312c3b6649257e8e0408ad49bb85afb6c0dd67deefb3e9f3cd"",""document_id"":""techqa-doc:corpus/swg1IV86033.txt"",""filename"":""swg1IV86033.txt"",""rank"":1,""text"":""CS Explorer V5.2 can connect to CICS regions running CICS TS V5.2 or earlier. It is not able to connect to a a CICSPlex SM or single CICS region (SMSS) running CICS Transaction Server for z/OS V5.3. Any attempt to do so receives message: IZE0106E Connect failed with \""Unsupported CICS release\"" PROBLEM CONCLUSION * CICS Explorer V5.2 has been enhanced so that it can create a CMCI connection to CICS Transaction Server for z/OS 5.3. Connections to CICSPlex SM or to single CICS regions (SMSS) are supported. When connected to a CICS TS V5.3 system, CICS Explorer V5.2 will function as if the CICS system were at V5.2 or lower. CICS Explorer V5.2 cannot be used to manage resources added at CICS TS V5.3. This fix will be made available in Version 5.2.0.7 of the CICS Explorer. For installation instructions please""}]",phase03-sufficiency-annotation-v1,f2fe3f7f29b834d78fd7c79bf4d4a94faee43c658d89c48e386854123066802b,human_annotator_1,sufficient,Single retrieved APAR explains the version-mismatch cause of IZE0106E and that a fixed Explorer level (5.2.0.7) resolves it; the general Explorer/TS compatibility statement in the reference is absent.,2026-08-25T01:20:00+05:30
phase03-annotation-blinded-v1,cedb6fb26352acd01a7eb41c4beb2889e9cbfa1875593b005396a2079b45612f,9,TRAIN_Q097,validation,dense,3,"Too many open files error cause Portal server out of service after a restart due to Hardware failure.

After experienced a Hardware problem (OS shutdown totally), client start Portal Server and run for some time. Then they found the Portal out of service. The backend log shows lots of error related with Too Many Open Files",answerable_with_reference,"On UNIX and Linux operating systems, the ulimit for the number of file handles can be configured, and it is usually set too low by default. Increasing this ulimit to 8000 is usually sufficient for normal runtime, but this depends on your applications and your file/socket usage. Additionally, file descriptor leaks can still occur even with a high value. 

Display the current soft limit:
ulimit -Sn

Display the current hard limit:
ulimit -Hn

Or capture a Javacore, the limit will be listed in that file under the name NOFILE:
kill -3 PID","[{""char_end"":742,""char_start"":0,""chunk_id"":""ce3a52d49d30b086d68a9db25c8af1d44787b6276c75e80650a87941031747f7"",""document_id"":""techqa-doc:corpus/swg21591213.txt"",""filename"":""swg21591213.txt"",""rank"":1,""text"":""Title: IBM Too many open files - United States Text: ASISslCert; Too many open files TECHNOTE (TROUBLESHOOTING) PROBLEM(ABSTRACT) SI would start but after a few minutes of processing the schedules stopped running and the UI became unresponsive . Database connections were working (dump_info.sh worked). SYMPTOM bizIntel.log: ERROR 000000000000 GLOBAL_SCOPE <BIResourceMonitorEventListener-240520790> [BIResourceMonitorEventListener] : Error in socket connection on : http://<server>:<port> Connection refused noapp.log: ALL 000000000000 GLOBAL_SCOPE FROMLOGSYS: java.io.FileNotFoundException: /si50/install/logs/system.log.D20120414.T112557 (Too many open files) at java.io.FileOutputStream.open(Native Method) at java.io.FileOutputStream.<in""},{""char_end"":920,""char_start"":0,""chunk_id"":""0af86aa4354a273b8367f83e7ea35b510687493eb141454a25d9ec6200cab417"",""document_id"":""techqa-doc:corpus/swg21067352.txt"",""filename"":""swg21067352.txt"",""rank"":2,""text"":""Title: IBM Too Many Open Files error message - United States Text: wasrun; wasjdk; open; files; too; ProblemDeterminationDocument; JCC was appserver app server TECHNOTE (TROUBLESHOOTING) PROBLEM(ABSTRACT) This technote explains how to debug the \""Too many open files\"" error message on Microsoft Windows, AIX, Linux and Solaris operating systems. SYMPTOM The following messages could be displayed when the process has exhausted the file handle limit: java.io.IOException: Too many open files [3/14/15 9:26:53:589 EDT] 14142136 prefs W Could not lock User prefs. Unix error code 24. New sockets/file descriptors can not be opened after the limit has been reached. CAUSE System configuration limitation. When the \""Too Many Open Files\"" error message is written to the logs, it indicates that all available file handles for the process have been used (this includes sockets as well). In a majority of cases, this is the result""},{""char_end"":1650,""char_start"":1087,""chunk_id"":""a429d804aba56828a6fdecadf450bef45d2d8dfdd09f8c7d04f9acf88923afdd"",""document_id"":""techqa-doc:corpus/swg21605502.txt"",""filename"":""swg21605502.txt"",""rank"":3,""text"":""run below command to find out what is the System limit on number of open files. [root@user] /# ulimit -a core file size (blocks) 1000000 data seg size (kbytes) unlimited file size (blocks) unlimited max memory size (kbytes) unlimited stack size (kbytes) 8192 cpu time (seconds) unlimited max user processes unlimited (1) pipe size (512 bytes) 8 open files 1000 virtual memory (kbytes) 2105343 RESOLVING THE PROBLEM If you see above errors in the log and the limit on \""Open files\"" is low then change it to at least 8000. Restart TIP for this change to take effect.""}]",phase03-sufficiency-annotation-v1,f2fe3f7f29b834d78fd7c79bf4d4a94faee43c658d89c48e386854123066802b,human_annotator_1,sufficient,Rank-3 chunk contains the resolution (raise open-files ulimit to at least 8000 and restart); rank-2 explains the cause.,2026-08-25T01:21:00+05:30
phase03-annotation-blinded-v1,67c7ece7d99eef37773ddb38d9bde5eef518af86efc74e9e30bc35b6f910a342,10,TRAIN_Q420,train,dense,3,"How can I investigate hangs in MQ or in applications?

Are there any tools to help get to the bottom of hangs? ",benchmark_impossible_no_reference,,"[{""char_end"":2549,""char_start"":1727,""chunk_id"":""6d0451a66b7a803979af7f40c4774e39525a2e05c3abfedefbbda47e16c1a4a8"",""document_id"":""techqa-doc:corpus/swg21291189.txt"",""filename"":""swg21291189.txt"",""rank"":1,""text"":""/subscribe performance, Java Message Service (JMS) performance, and the IBM Message Service interface (XMS) interface. * IBM MQ Performance Reports [http://www.ibm.com/support/docview.wss?uid=swg27007150] If you believe there is a defect or regression which is preventing MQ from performing in line with its reports, collect the same information you would for a hang or high CPU usage problem. If you have both a working system and a slow system, collect data from both for comparison. In addition, please ensure your system is up-to-date on operating system patches and firmware: * MQ MustGather for Hangs and High CPU Usage on Linux, UNIX, Windows and IBM i [http://www.ibm.com/support/docview.wss?uid=swg21293105] * MQ MustGather for Hangs and High CPU Usage on HP NonStop Server [http://www.ibm.com/support/docview.wss""},{""char_end"":818,""char_start"":0,""chunk_id"":""e30d5e655e81c56ddaf5537820690fe28808d169b370271ac32176f30ec7a0fe"",""document_id"":""techqa-doc:corpus/swg21179930.txt"",""filename"":""swg21179930.txt"",""rank"":2,""text"":""Title: IBM Directions for using the MQSTACK tool on i5/OS - United States Text: MustGather MQSTACK script on OS/400 trouble shooting problem solving diagnosing diagnosis debugging problem determination mqseries Documentation required by WMQ support teams mqminfo mq390l2 mq400l2; MustGatherDocument TECHNOTE (TROUBLESHOOTING) PROBLEM(ABSTRACT) When the WebSphere MQ support team needs to see what activity is happening during a hang or loop, they may ask you to run the MQSTACK tool. This document explains how to use the MQSTACK tool utility. ***NEW*** A DBCS version of the MQSTACK tool has been added. The requirements, tool operation, and outputs are the same as the original tool. The mqstac5v2j.zip file can be found below. It contains the mqstackj.savf. RESOLVING THE PROBLEM Requirements: i5/OS V5.1 or higher,""},{""char_end"":2686,""char_start"":2054,""chunk_id"":""ea9950491d3107f0e5bd65a436e2507b8ef4ce6e2fc2232dd797de6019351ae0"",""document_id"":""techqa-doc:corpus/swg1IY90244.txt"",""filename"":""swg1IY90244.txt"",""rank"":3,""text"":""USERS AFFECTED: Typically users with invalid applications or exits causing heap corruption. Platforms affected: All Distributed (iSeries, all Unix and Windows) **************************************************************** PROBLEM SUMMARY: The MQ exception handler should NEVER call malloc/free as this can cause a hang if the exception handler is invoked from malloc/free. A call to malloc in a function called from the exception handler resulted in the hang. PROBLEM CONCLUSION * The call to malloc from within control of the MQ exception handler has been eliminated. ------------------------------------------------------------""}]",phase03-sufficiency-annotation-v1,f2fe3f7f29b834d78fd7c79bf4d4a94faee43c658d89c48e386854123066802b,human_annotator_1,insufficient,Only concrete tool retrieved is MQSTACK for i5/OS; no general MQ/application hang-diagnosis tooling guidance for the platform-agnostic question.,2026-08-25T01:22:00+05:30
phase03-annotation-blinded-v1,9a52f0b542b1fb226cb07352020f164a71ebad9d1912fbdbb9cd266803c8d7ac,11,TRAIN_Q309,validation,hybrid,1,"How do I resolve CSQX620E System SSL error function 'gsk_secure_socket_init' RC=440?

When trying to establish an SSL/TLS connection from a queue manager running on a Unix server to a queue manager running on z/OS, I am getting the following error message:
CSQX620E CSQXRESP System SSL error,
 
channel ????
 
connection (ipaddr)
 
function 'gsk_secure_socket_init' RC=440

I can successfully connect from the mainframe to the Unix server.",benchmark_impossible_no_reference,,"[{""char_end"":1276,""char_start"":598,""chunk_id"":""d6150533d4219c21052ebc72b3c3f8d7b9840bff240fc26fcfe369f272435e44"",""document_id"":""techqa-doc:corpus/swg1IC52915.txt"",""filename"":""swg1IC52915.txt"",""rank"":1,""text"":""620E ME04 CSQXPING System SSL error, channel ????, function 'gsk_secure_soc_init' RC=-11 CSQ9023E ME04 CSQXCRPS ' PING CHANNEL' ABNORMAL COMPLETION CSQX620E ME04 CSQXRCTL System SSL error, channel ME04.VSECR01SSL.SSL, function 'gsk_secure_soc_init' RC=-11 CSQ9023E ME04 CSQXCRPS ' START CHANNEL' ABNORMAL COMPLETION . The error logs on HP OpenVMS queue manager show: AMQ9665: SSL connection closed by remote end of channel '????'. AMQ9228: The TCP/IP responder program could not be started. . Trace of the problem on the HP OpenVMS queue manager shows a failure in ssl_get_peer_certificate when it tried to process the certificate received from the Z/OS queue manager. The AMQCR""}]",phase03-sufficiency-annotation-v1,f2fe3f7f29b834d78fd7c79bf4d4a94faee43c658d89c48e386854123066802b,human_annotator_1,insufficient,"Retrieved chunk covers gsk_secure_soc_init RC=-11, a different return code; RC=440 is not addressed.",2026-08-25T01:23:00+05:30
phase03-annotation-blinded-v1,cb5a4cacc285ddfea00b753d1856ad9fa642608a2a0b334ee3cb5a5c43e8cfea,12,TRAIN_Q533,validation,dense,10,"Help with Security Bulletin: Malformed client flows abend MQTT channel (CVE-2015-4941)

Help with Security Bulletin: Malformed client flows abend MQTT channel (CVE-2015-4941)",answerable_with_reference,"CVEID: CVE-2015-4941 [http://cve.mitre.org/cgi-bin/cvename.cgi?name=CVE-2015-4941]
DESCRIPTION: IBM WebSphere MQ could allow a remote attacker to crash the MQXR service due to incorrect handling of abbreviated TLS handshake.
CVSS Base Score: 5
CVSS Temporal Score: See https://exchange.xforce.ibmcloud.com/vulnerabilities/104514 [https://exchange.xforce.ibmcloud.com/vulnerabilities/104514] for the current score
CVSS Environmental Score*: Undefined
CVSS Vector: (AV:N/AC:L/Au:N/C:N/I:N/A:P)","[{""char_end"":3356,""char_start"":2913,""chunk_id"":""56a995d0f339d0170248afc7fb6f8ca67edc49dd26d563b2fee56293d08dfe24"",""document_id"":""techqa-doc:corpus/swg21977182.txt"",""filename"":""swg21977182.txt"",""rank"":1,""text"":""よりご参照ください。 Security Bulletin: Malformed client flows abend MQTT channel (CVE-2015-4943, CVE-2015-4941, CVE-2015-4942) [http://www.ibm.com/support/docview.wss?uid=swg21972012] 公開済みのフィックスパックについては、以下のサイトよりご利用いただけます。 Recommended fixes for WebSphere MQ [http://www-01.ibm.com/support/docview.wss?rs=171&uid=swg27006037] フィックス・パックの公開予定については、以下のサイトよりご確認いただけます。 WebSphere MQ planned maintenance release dates [http://www-01.ibm.com/support/docview.wss""},{""char_end"":736,""char_start"":0,""chunk_id"":""0a8e267bf573c260c37f2c4b0b812f4399954603176f643e0a77355715821440"",""document_id"":""techqa-doc:corpus/swg21972012.txt"",""filename"":""swg21972012.txt"",""rank"":2,""text"":""Title: IBM Security Bulletin: Malformed client flows abend MQTT channel (CVE-2015-4943, CVE-2015-4941, CVE-2015-4942) - United States Text: SECURITY BULLETIN SUMMARY A number of malformed MQTT client flows could be issued by a malicious user to cause the MQXR service to abend and require manual restart. VULNERABILITY DETAILS CVEID: CVE-2015-4943 [http://cve.mitre.org/cgi-bin/cvename.cgi?name=CVE-2015-4943] DESCRIPTION: IBM WebSphere MQ could allow a remote attacker to crash the MQXR service using a sequence of connect and disconnects which will have to be restarted. CVSS Base Score: 5 CVSS Temporal Score: See https://exchange.xforce.ibmcloud.com/vulnerabilities/104516 [https://exchange.xforce.ibmcloud.com/vulnerabilities/10451""},{""char_end"":735,""char_start"":0,""chunk_id"":""09150957573bb45365c1a98b61c77ccccb19f32f01d0ce05afd5eae757babd42"",""document_id"":""techqa-doc:corpus/swg22012983.txt"",""filename"":""swg22012983.txt"",""rank"":3,""text"":""Title: IBM Security Bulletin: IBM MQ clients connecting to an MQ queue manager can cause a SIGSEGV in the amqrmppa channel process terminating it. (CVE-2018-1371) - United States Text: SECURITY BULLETIN SUMMARY An IBM MQ client connecting to an MQ queue manager can cause a SIGSEGV in the queue manager's amqrmppa channel process, terminating it. VULNERABILITY DETAILS CVEID: CVE-2018-1371 [http://cve.mitre.org/cgi-bin/cvename.cgi?name=CVE-2018-1371] DESCRIPTION: An IBM MQ client connecting to an MQ queue manager can cause a SIGSEGV in the amqrmppa channel process terminating it. CVSS Base Score: 6.5 CVSS Temporal Score: See https://exchange.xforce.ibmcloud.com/vulnerabilities/137771 [https://exchange.xforce.ibmcloud.com/vulnera""},{""char_end"":485,""char_start"":0,""chunk_id"":""ed921f3d3d478f11da2ca6de0f0ab3b318dceced5b16eafecdd9a8feae92ba00"",""document_id"":""techqa-doc:corpus/swg21999833.txt"",""filename"":""swg21999833.txt"",""rank"":4,""text"":""Title: IBM Security Bulletin: IBM WebSphere MQ Channelのデータ変換が拒否されてしまう (CVE-2016-3013) - United States Text: SECURITY BULLETIN SUMMARY メッセージチャネルエージェント(MCA)がキューから大きなメッセージを取得してデータ変換をすると、バッファオーバーフローが起きてチャネルが異常終了する可能性があります。 最新の情報については下記の文書(英語)をご参照ください。 Security Bulletin: IBM WebSphere MQ Channel data conversion denial of service (CVE-2016-3013) http://www.ibm.com/support/docview.wss?uid=swg21998661 [http://www.ibm.com/support/docview.wss?uid=swg21998661] VULNERABILITY DETAILS CVEID: CV""},{""char_end"":3030,""char_start"":2503,""chunk_id"":""0f86e8326f15dec3e151ab384bef0c411eeda0830da86af2b6a315e0e863bd01"",""document_id"":""techqa-doc:corpus/swg21977182.txt"",""filename"":""swg21977182.txt"",""rank"":5,""text"":""?uid=swg21965293]を導入してください。 GET NOTIFIED ABOUT FUTURE SECURITY BULLETINS Subscribe to My Notifications [ http://www-01.ibm.com/software/support/einfo.html] to be notified of important product support alerts like this. REFERENCES Complete CVSS v2 Guide [http://www.first.org/cvss/v2/guide] On-line Calculator v2 [http://nvd.nist.gov/CVSS-v2-Calculator] 参照情報: [IBMサイト] この文書は、米国 IBM 社の資料を翻訳した参考文書です。翻訳元の文書は、以下のリンクよりご参照ください。 Security Bulletin: Malformed client flows abend MQTT channel (CVE-2015-4943, CVE-2015-4941, CVE-2015-4942)""},{""char_end"":494,""char_start"":0,""chunk_id"":""6e82c41b6781dd7a7638ee71e674d4a595d602a9716562e658f11fea44301c3f"",""document_id"":""techqa-doc:corpus/swg21999376.txt"",""filename"":""swg21999376.txt"",""rank"":6,""text"":""Title: IBM Security Bulletin: 不正なHTTPリクエストによる IBM WebSphere MQ MQXRリスナーへのDoSの脆弱性 (CVE-2016-8986) - United States Text: SECURITY BULLETIN SUMMARY 不正なHTTPリクエストによる IBM WebSphere MQ MQXRリスナーへのDoSの脆弱性が報告されました。 最新の情報については下記の文書(英語)をご参照ください。 Security Bulletin: IBM WebSphere MQ invalid requests cause denial of service to MQXR listener (CVE-2016-8986) http://www.ibm.com/support/docview.wss?uid=swg21998648 [http://www.ibm.com/support/docview.wss?uid=swg21998648] VULNERABILITY DETAILS CVEID: CVE-2016-""},{""char_end"":1085,""char_start"":0,""chunk_id"":""7b34deb545d97c42c0b43ec91f6c3e7dc25ab22177b88d9c2b69fb6fb05694ea"",""document_id"":""techqa-doc:corpus/swg21688544.txt"",""filename"":""swg21688544.txt"",""rank"":7,""text"":""Title: IBM Security Bulletin: A security vulnerability has been identified in IBM WebSphere MQ and IBM WebSphere Application Server shipped with IBM Financial Transaction Manager (CVE-2014-3566) - United States Text: SECURITY BULLETIN SUMMARY IBM WebSphere MQ is shipped as a component of IBM Financial Transaction Manager. Information about a security vulnerability affecting IBM WebSphere MQ has been published in a security bulletin. IBM WebSphere Application Server is shipped as a component of IBM Financial Transaction Manager. Information about a security vulnerability affecting IBM WebSphere Application Server has been published in a security bulletin. VULNERABILITY DETAILS IBM WebSphere MQ: Please consult the security bulletin Vulnerability in SSLv3 affects IBM WebSphere MQ, IBM WebSphere MQ Internet Pass-Thru and IBM Mobile Messaging and M2M Client Pack (CVE-2014-3566) [http://www-01.ibm.com/support/docview.wss?uid=swg21687433] for vulnerability details and information about fixes. IBM WebSphere Application Server: Please consult the security bulletin Vulnerability""},{""char_end"":801,""char_start"":0,""chunk_id"":""ef2469cce3b9fe410debdc95f45e34bc3291628b709c9283a7ec1214be46d6d3"",""document_id"":""techqa-doc:corpus/swg22003510.txt"",""filename"":""swg22003510.txt"",""rank"":8,""text"":""Title: IBM Security Bulletin: Incorrect saved channel status enquiry could cause denial of service for IBM MQ (CVE-2017-1236) - United States Text: SECURITY BULLETIN SUMMARY IBM MQ could allow an authenticated user to potentially cause a denial of service by issuing an incorrect saved channel status inquiry. VULNERABILITY DETAILS CVEID:CVE-2017-1236 [http://cve.mitre.org/cgi-bin/cvename.cgi?name=CVE-2017-1236] DESCRIPTION:IBM MQ could allow an authenticated user to potentially cause a denial of service by saving an incorrect channel status inquiry. CVSS Base Score: 3.1 CVSS Temporal Score: Seehttps://exchange.xforce.ibmcloud.com/vulnerabilities/124354 [https://exchange.xforce.ibmcloud.com/vulnerabilities/124354]for the current score CVSS Environmental Score*: Undefined CVSS Vector: (CVSS:3.""},{""char_end"":2617,""char_start"":1647,""chunk_id"":""ef530af5484482f77f4886e5a14da8ebb90a582a6ae74f361555f84204d92928"",""document_id"":""techqa-doc:corpus/swg1IT11177.txt"",""filename"":""swg1IT11177.txt"",""rank"":9,""text"":""suppressed. There are also other errors and omissions within the lists that will be corrected at the same time. PROBLEM CONCLUSION * The page will be updated to show AMQ9489 is an error message that can be suppressed. In addition to this, other errors in the documented lists at these pages will be corrected. For all releases, these lines will be added: 5211 - Maximum property name length exceeded. 6254 - The system could not dynamically load shared library 9489 - SVRCONN max instances limit exceeded 9490 - SVRCONN max instances per client limit exceeded 9637 - Channel is lacking a certificate For MQ 7.0.1, these lines will also be added: 5973 - Distributed publish/subscribe subscription inhibited 5974 - Distributed publish/subscribe publication inhibited For MQ 7.0.1, these lines will be removed, since they apply only to 7.1 and later releases: 9776 - Channel was blocked by user id 9777 - Channel was blocked by NOACCESS map 9782 - Connection was blocked by""},{""char_end"":773,""char_start"":0,""chunk_id"":""7cfa753a2977f5085e69f0a70c0e3f598641c230f7ff83ea16b54e3237e960d9"",""document_id"":""techqa-doc:corpus/swg21699547.txt"",""filename"":""swg21699547.txt"",""rank"":10,""text"":""Title: IBM Security Bulletin: IBM WebSphere MQIPT Session IDs are predictable (CVE-2015-0173) - United States Text: SECURITY BULLETIN SUMMARY The MQIPT Session IDs for HTTP communication that are generated by MQIPT V2.0 and later are predictable. VULNERABILITY DETAILS CVEID: CVE-2015-0173 [http://cve.mitre.org/cgi-bin/cvename.cgi?name=CVE-2015-0173] DESCRIPTION: IBM WebSphere MQ Internet Pass-Thru HTTP connection management contains a security flaw which could allow interception of MQ message data for non-HTTPS connections. CVSS Base Score: 4.3 CVSS Temporal Score: See https://exchange.xforce.ibmcloud.com/vulnerabilities/100928 [https://exchange.xforce.ibmcloud.com/vulnerabilities/100928] for the current score CVSS Environmental Score*: Undefined CVSS Vector: (AV""}]",phase03-sufficiency-annotation-v1,f2fe3f7f29b834d78fd7c79bf4d4a94faee43c658d89c48e386854123066802b,human_annotator_1,sufficient,Rank-2 chunk is the referenced bulletin (swg21972012) covering CVE-2015-4941 with the description in the reference answer.,2026-08-25T01:24:00+05:30
phase03-annotation-blinded-v1,8efe9ff9570093495b95ccb47db5fd4cc0d2d40e0686d6322a884561c7cf5533,13,TRAIN_Q347,validation,bm25,5,"When DataPower 7.5.2.x is acting as an SFTP client, what Key Exchange and Mac Algorithms are offered in the SSH handshake?

By default which algorithms are offered by DataPower on firmware 7.5.2? ",answerable_with_reference,"Default KEX algorithms  * curve25519-sha256@libssh.org
    * 
    * ecdh-sha2-nistp256
    * 
    * ecdh-sha2-nistp384
    * 
    * ecdh-sha2-nistp521
    * 
    * diffie-hellman-group-exchange-sha256
    * 
    * diffie-hellman-group14-sha1
   
   Default MAC algorithms  * umac-64-etm@openssh.com
    * 
    * umac-128-etm@openssh.com
    * 
    * hmac-sha2-256-etm@openssh.com
    * 
    * hmac-sha2-512-etm@openssh.com
    * 
    * hmac-sha1-etm@openssh.com
    * 
    * umac-64@openssh.com
    * 
    * umac-128@openssh.com
    * 
    * hmac-sha2-256
    * 
    * hmac-sha2-512
    * 
    * hmac-sha1","[{""char_end"":648,""char_start"":0,""chunk_id"":""633e28c2e71bbd09509f38c29d4c73abfd804ca28dd918e64bd473da14095dcc"",""document_id"":""techqa-doc:corpus/swg22000009.txt"",""filename"":""swg22000009.txt"",""rank"":1,""text"":""Title: IBM What are the Key exchange algorithms, MAC algorithms and Ciphers supported by SFTP/SSH functionality? - United States Text: IBM Sterling B2B Integrator; SFTP; SSH TECHNOTE (FAQ) QUESTION What are the Key exchange algorithms, MAC algorithms and Ciphers supported by SFTP/SSH functionality? ANSWER Below are the supported algorithms.. SSH Key Exchange Algorithms: diffie-hellman-group-exchange-sha1,diffie-hellman-group1-sha1,diffie-hellman-group14-sha1 SSH MAC algorithms: hmac-sha2-256,hmac-sha1-96,hmac-md5-96,hmac-md5,hmac-sha1 SSH Ciphers: aes128-cbc,aes128-ctr,aes192-cbc,aes192-ctr,aes256-cbc,aes256-ctr,cast128-cbc,3des-cbc,twofish""},{""char_end"":940,""char_start"":0,""chunk_id"":""f2ed66c2f92c6e8b95c1326fb892b531a88ce12ca6b4767003eed3a8ecaab883"",""document_id"":""techqa-doc:corpus/swg21655077.txt"",""filename"":""swg21655077.txt"",""rank"":2,""text"":""Title: IBM DataPower uses Default Public key when SFTP Front Side Handler receives request for preferred SSH key type not included in SFTP Front Side Handler - United States Text: RSA; DSA; DataPower; Key; fingerprint; SFTP; FSH; SSH; Front; side; handler TECHNOTE (FAQ) QUESTION Why am I receiving a public key fingerprint of type DSS to my SSH client from DataPower when my SFTP front side handler is configured with an RSA key type or vice versa? Is there anything I can do to workaround this? CAUSE If an SSH client has a preferred key type specified and the SFTP front side handler is not configured with that key type, DataPower returns its default SSH public key of that key type. For example, if the SSH client's preferred key type is RSA and the SFTP front side handler is configured with only a DSA key, DataPower returns its default RSA key as it is the client's preferred key type. ANSWER It is likely the case that DataPower is""},{""char_end"":1449,""char_start"":740,""chunk_id"":""5d160c817d904e768f5269c0591e0688cfd1d4a3816bad19bc2e0bd79f6fc5a6"",""document_id"":""techqa-doc:corpus/swg21655077.txt"",""filename"":""swg21655077.txt"",""rank"":3,""text"":""is RSA and the SFTP front side handler is configured with only a DSA key, DataPower returns its default RSA key as it is the client's preferred key type. ANSWER It is likely the case that DataPower is trying to honor the client's preferred key type and since the SFTP front side handler is not configured with a public key of the requested type, DataPower returns its default key of this type. These default keys (both DSA and RSA) are meant for SSH CLI access and are unique to each appliance. If you would like to receive the key type which you have configured on the SFTP front side handler, you need to configure your SSH client to change its preference for key type if this is configurable by the client.""},{""char_end"":1018,""char_start"":0,""chunk_id"":""4657d083a9160c6b1b47e9624479a6a731a39768218d9440e9390591ea39c31d"",""document_id"":""techqa-doc:corpus/swg21974106.txt"",""filename"":""swg21974106.txt"",""rank"":4,""text"":""Title: IBM Late breaking updates to DataPower 7.5 documentation - United States Text: NEWS ABSTRACT The version 7.5 documentation for IBM DataPower Gateway is not the latest available information. This document covers late breaking updates that are not in IBM Knowledge Center. Last updated, October 2017. CONTENT The late breaking updates in this document apply to DataPower Gateway version 7.5 documentation. To access specific updates, click the appropriate link: * Upgrade * * Installation * * GatewayScript * * File management * * Monitors To view the change history of this document, see Change history The corrections in the following sections apply to DataPower Gateway version 7.5 in IBM Knowledge Center. Upgrade * * Disabled diffie-hellman-group-exchange-sha1 and diffie-hellman-group1-sha1 algorithms by default. Disabled MD5-based MAC algorithms. Limited DH-GEX to 4096 bits for Cisco devices. * * * enable-legacy-kex yes * * The enable-legacy-kex command for the SSH server profile in available in 7.5.2.""},{""char_end"":1660,""char_start"":997,""chunk_id"":""44e87f52149bdbf8944c0510454b0c7b5a02eae09722616cdf6c456cf69c77cc"",""document_id"":""techqa-doc:corpus/swg1IC99883.txt"",""filename"":""swg1IC99883.txt"",""rank"":5,""text"":""www-01.ibm.com/support/docview.wss?uid=swg1IC93084] and prior to this APAR, messages similar to the following might be seen in the logs when using SFTP: 20140224T155640Z [0x80e005c7][ssh][info] : SSH client: Killed by signal 15. LOCAL FIX PROBLEM SUMMARY * Affected are Datapower firmware releases 5.0.0.11-5.0.0.13, 6.0.0.3-6.0.0.5 and 6.0.1.0-6.0.1.1 with configurations using SFTP client, i.e. SFTP Poller front-side handler or sftp: backend URLs. An info-level message \""SSH client: Killed by signal 15.\"" might be logged for transactions using the SFTP protocol. This message is benign and can be safely ignored. PROBLEM CONCLUSION * Fix is available in 5.0.0.""}]",phase03-sufficiency-annotation-v1,f2fe3f7f29b834d78fd7c79bf4d4a94faee43c658d89c48e386854123066802b,human_annotator_1,insufficient,"Chunks list which SSH algorithms were disabled in DataPower 7.5.2 defaults, not the full default KEX and MAC algorithm lists the question asks for; rank-1 covers a different product.",2026-08-25T01:25:00+05:30
phase03-annotation-blinded-v1,e7f2c072251f98041c626b1d8abf8db5bdad1c5aef9d69ca87234eeeba2f2037,14,DEV_Q154,validation,dense,5,"Why are some Datatypes corrupt after Impact cluster failover/failback ?



Running Impact 7.1.0.11. The symptom is whenever Impact does a failover, a couple DataTypes
turn out empty.

I've checked the type files before and after Impact failover and the difference happens in the property

*.SQL.USERPARAMETERS

This property no longer exists for the corrupted datatypes"".
",answerable_with_reference,"""a new property is added to increase the file size limit:



 * 


Add the property to $NCHOME/impact/etc/<SERVERNAME>_server.props file 
where size limit can be 8192, 16384, 32768, etc.. "" 

The property would have to be added to all ImpactServers in the Cluster and would require a restart to enable - ensuring that the ImpactServer started as Primary had the correct, uncorrupted .type file to be replicated across the Cluster. Also ensure that there are no trailing white-space characters on the property as these invalidate properties in lower versions of Impact. 

The APAR is not an issue in Impact 6 and 7, but one would still have to include this property with an appropriate value to handle a large character length for the USERPARAMETERS parameter. 

The character length includes the whole USERPARAMETERS property name as well as the definition.","[{""char_end"":1810,""char_start"":689,""chunk_id"":""fb85521ed882029aae9edaeddca34820540120b9f41be9a5dc13963320d1ee6e"",""document_id"":""techqa-doc:corpus/swg21588811.txt"",""filename"":""swg21588811.txt"",""rank"":1,""text"":""means the ImpactServer GUI cannot load the corrupted .type file and this also prevents saving of new DataTypes. DIAGNOSING THE PROBLEM Examine the .type file of the DataType in question for any missing properties or values or incomplete lines. RESOLVING THE PROBLEM The DataTypes are corrupted and require a manual rebuild to resolve. This must be performed while the ImpactServer or the Cluster (if there is more than one ImpactServer) is shutdown. The DataType .type files reside in the directory: * Comparison with similar DataType .type files greatly aids this operation. Use default, zero or blank values where possible in the manual reconstruction phase - these can be altered later through the GUI when the DataType is visible and editable in the configuration client. The most troublesome property is USERPARAMETERS as this lists the target table fields and properties/parameters. Rather than trying to list all the fields in the manual reconstruction phase, it is far more efficient to list just one field (and properties/parameters) and, again, the full field list can be rediscovered later through the GUI when""},{""char_end"":1018,""char_start"":0,""chunk_id"":""f5b322796ef0a2203646514a31e2697023065dff91cb24b79ae35ac6d8d00378"",""document_id"":""techqa-doc:corpus/swg1IZ81446.txt"",""filename"":""swg1IZ81446.txt"",""rank"":2,""text"":""Title: IBM IZ81446: IMPACT 511 CLUSTER UNABLE TO REPLICATE DATATYPES WITH USERPARMETERS VALUES IN EXCESS OF ~16,000 CHARACTERS. - United States Text: SUBSCRIBE You can track all active APARs for this component. APAR STATUS * CLOSED AS PROGRAM ERROR. ERROR DESCRIPTION * Netcool/Impact 5.1.1 (both base build and Fix Pack 1) attempting to replicate a DataType with a USERPARMETERS property value in excess of ~16,300 characters fails upon encountering the parameter and the Secondary ImpactServer DataType .type file is truncated and contains the line: Error=500: Mark invalid instead of the USERPARMETERS property. This adversely affects both resilience and the operation of the Secondary ImpactServer in load balancing as the DataType is rendered useless on the Secondary ImpactServer and any drop and recovery of the Primary ImpactServer would lose the correct configuration all together. The USERPARAMETERS property is the record of the fields in the target database table that mapped by the DataType. LOCAL FIX * A""},{""char_end"":1760,""char_start"":782,""chunk_id"":""afe9261651fac6edb3d5547e9331b3cb3f83065cefc197150fdc207d4e65b48e"",""document_id"":""techqa-doc:corpus/swg1IZ81446.txt"",""filename"":""swg1IZ81446.txt"",""rank"":3,""text"":""ver and any drop and recovery of the Primary ImpactServer would lose the correct configuration all together. The USERPARAMETERS property is the record of the fields in the target database table that mapped by the DataType. LOCAL FIX * A workaround, and best practice, is to only map the fields required by the DataType/Policy for Impact to perform its function. However, this is vulnerable to edits of the DataType that require a refresh of the table mapping - the entire table is pulled in and unwanted fields would have to be removed again (tedious operation that increases the potential for misconifguration). PROBLEM SUMMARY * If The data type is configured with large number of fields that may cause USERPARAMETERS value to exceed 16K bytes, The secondary replication will not be able to copy the file. Instead, it will print \""Mark Invalid\"" in the file. PROBLEM CONCLUSION * The issue is fixed in IBM Netcool/Impact 5.1.1.1 Interim Fix 0001 5.1.1.1-TIV-NCI-IF0001 TEMPORARY""},{""char_end"":925,""char_start"":0,""chunk_id"":""5fd942045a211cc63cc7d5775b0698d1702a046065e9c96ab08d06db3ffeceae"",""document_id"":""techqa-doc:corpus/swg21588811.txt"",""filename"":""swg21588811.txt"",""rank"":4,""text"":""Title: IBM Existing DataType no longer visible through GUI client - United States Text: netcool; impact; netcool/impact; nci; data; type; types; datatype; datatypes; missing; vanish; vanished; gone; deleted; disappear; disappeared; it is an ex-datatype TECHNOTE (TROUBLESHOOTING) PROBLEM(ABSTRACT) Error produced in netcool.log and netcool-errors.log: ERROR [TaskPaneServlet] Could not get DataTypes for DataSource: <DataSourceName> SYMPTOM The DataType is not visible in GUI and the Client is unable to save any new DataTypes that are subsequently created. CAUSE Corruption of the existing DataType has occurred (potentially as a result of an ungracious shutdown during editing) and this means the ImpactServer GUI cannot load the corrupted .type file and this also prevents saving of new DataTypes. DIAGNOSING THE PROBLEM Examine the .type file of the DataType in question for any missing properties or values or incomplete""},{""char_end"":1641,""char_start"":807,""chunk_id"":""175f3dfb3a80444a82e1a6990f4b62e028415c7f033bfdc8d6813f5178dced19"",""document_id"":""techqa-doc:corpus/swg1IY88294.txt"",""filename"":""swg1IY88294.txt"",""rank"":5,""text"":""************************************ 1) Created two separate Impact installations with new server instances and patched up 2) Imported the attached export to both 3) Restarted both Impact servers (just to be sure) 4) Altered some internal datatypes on server 1. e.g. moved the order of some fields around, changed the name of the datatype or the name of a field. (The internal datatypes in the export are labeled with a green icon). 5) Export the altered datatypes 6) Remove the server instance on the second Impact installation (nci_removeserver and nci_cvs_remove) 7) Install a new server in the same directory 8) Import the export from 5) 9) Restart this Impact server and check data items for the internal datatypes. PROBLEM CONCLUSION * Fixed in Impact 3.1 Fix Pack 4 TEMPORARY FIX COMMENTS APAR INFORMATION * APAR NUMBER IY88294""}]",phase03-sufficiency-annotation-v1,f2fe3f7f29b834d78fd7c79bf4d4a94faee43c658d89c48e386854123066802b,human_annotator_1,insufficient,"Guide-aligned flip: the benchmark answer is the server.props size-limit property fix, which is absent from the bundle; the APAR chunks explain only the cause. Bundle cannot support the benchmark answer.",2026-08-25T01:26:00+05:30
phase03-annotation-blinded-v1,f0b10947a89e727dd29f7bbf49115236c61db8b92a9ee240784f931088ab1184,15,DEV_Q102,train,bm25,5,"Event Log Hashing - Performance?

I'm curious how much performance is affected by hashing events and flows. I don't see that information in the admin guide for 7.3.1. Can someone list that out by algorithm?",answerable_with_reference,"The overhead of writing these files is negligible, regardless of the hashing method selected.","[{""char_end"":1008,""char_start"":0,""chunk_id"":""f24696183f0b085f2a68105fdd609f3fc6df4e47fb62fc186d9c790b4be7c4b9"",""document_id"":""techqa-doc:corpus/swg21965783.txt"",""filename"":""swg21965783.txt"",""rank"":1,""text"":""Title: IBM QRadar: Enabling On Event and Flow Hashing integrity checks with HMAC - United States Text: Hashing; QRadar; HMAC; integrity; hashed message authentication code; authentication TECHNOTE (FAQ) QUESTION What is the performance impact of using HMAC, and how does QRadar handle key management? ANSWER The overhead of writing these files is negligible, regardless of the hashing method selected. HMAC is no more expensive than the default options supported by QRadar previously. Once enabled the HMAC keys are added to new Events and Flows as they are written. When attempting to run the integrity check, it will take some time depending on the amount of data being validated. It will not cause performance issues, assuming the system is not at maximum load for disk input. From more information on HMAC please refer to the section Checking the Integrity of Event and Flow Logs in the QRadar Administration Guide. QRadar 7.3.0 Administration Guide [http://public.dhe.ibm.com/software/security/products/""},{""char_end"":1743,""char_start"":747,""chunk_id"":""222136dd70df4d1230c8de51654ecd10c9246ada13886c69fba6217333ab7c84"",""document_id"":""techqa-doc:corpus/swg1IR33008.txt"",""filename"":""swg1IR33008.txt"",""rank"":2,""text"":""options must take the size of the item record file into consideration for optimum performance. OS 4690 Programming Guide beginning on page 6-10 under Hashing Algorithms, discusses setting hashing to a value other than default for files over 40K. EALITEMRH, EALITMNXH, and EALITMBKH are to be added via Controller Configuration under \""User Logical Names\"". Setting the hashing algorithim for the logical name equal to 1 or 2 is needed as discussed in more detail on page 6-10 - 6-12 of the OS Programming Guide. Activate & IPL. PROBLEM CONCLUSION * Files larger than 40K in size will achieve optimum performance by setting the hashing algorithm to 1 or 2. A review of the 4690 OS Programming Guide topic for hashing algorithims for keyed files will give more details. All 3 files for the item record referenced in the problem summary should be set up with the alternate algorithm 1 or 2 (preferrably 2 if very large file) if customers use the REBUILD ITEM RECORD FILE option in GSA personalization.""},{""char_end"":991,""char_start"":0,""chunk_id"":""d4b7a9dcbd8ca69070fd076bddc1b3bdfd201e3805327c088674b27cbf2fb281"",""document_id"":""techqa-doc:corpus/swg1IR33008.txt"",""filename"":""swg1IR33008.txt"",""rank"":3,""text"":""Title: IBM IR33008: IF USING ALTERNATE HASHING ALGORITHM FOR EALITEMR, ALSO DEFINE ALTERNATIVE HASHING ALGORITHM FOR PENDING AND BACKUP ITEM FILES - United States Text: APAR STATUS * CLOSED AS DOCUMENTATION ERROR. ERROR DESCRIPTION * When using an alternate hashing algorithm for ealitemr, you should also create a logical name for the backup (EALITMBK) and pending (EALITMNX) item record files. This is not documented. LOCAL FIX PROBLEM SUMMARY * GSA 4690 569654600 offers a new option to rebuild the item record file, Ealitemr.Dat under application personalization. The default size is 50 bytes, but record lengths of 63 and 71 bytes are allowable. See Chapter 15 in 4680/4690 GSA Planning & Installation Guide GC30-3630. Customers who use this options must take the size of the item record file into consideration for optimum performance. OS 4690 Programming Guide beginning on page 6-10 under Hashing Algorithms, discusses setting hashing to a value other than default for files over 40K""},{""char_end"":1419,""char_start"":632,""chunk_id"":""6c1c49ebf0c88b8403fd01f9606fafb6c8f1862483d18bf150ae4299f2812227"",""document_id"":""techqa-doc:corpus/swg21690488.txt"",""filename"":""swg21690488.txt"",""rank"":4,""text"":""storage.pdf], for the version of QRadar you are using. * Another alternative for sensitive data can be obfuscated. This process identifies certain data in events, by using regular expressions, and encrypts them to an obfuscated value. More information on data obfuscation is available in the QRadar Administration Guide [http://public.dhe.ibm.com/software/security/products/qradar/documents/7.2.8/en/b_qradar_admin_guide.pdf], for the version of QRadar you are using. * Finally, event data might be protected from tampering by the use of event hashing. Event hashing is discussed in the QRadar Administration Guide [http://public.dhe.ibm.com/software/security/products/qradar/documents/7.2.8/en/b_qradar_admin_guide.pdf] under the Configuring system settings section of the Set up QRadar""},{""char_end"":1901,""char_start"":1057,""chunk_id"":""5c970bbf3cc462c5dfbd2b49de1564736c9fff26368222649b5e755030671fb3"",""document_id"":""techqa-doc:corpus/swg1IT05491.txt"",""filename"":""swg1IT05491.txt"",""rank"":5,""text"":""** PROBLEM DESCRIPTION: IBM MQ uses a hashing algorithm to reduce the length of lists of transactions within the queue manager. The algorithm was not adequate to deal with the XIDs generated by WebSphere Application Server. The hashing algorithm did not distinguish adequately between these XIDs, so they all appeared in the same list as all other WAS-originated XIDs. Lookups within this list became relatively slow, leading to slow queue manager performance for operations on transactions. PROBLEM CONCLUSION * The algorithm has been changed to deal successfully with the XIDs generated by WebSphere Application Server, to improve the performance of these transactions. --------------------------------------------------------------- The fix is targeted for delivery in the following PTFs: Version Maintenance Level v7.0 7.0.1.14 v7.1 7.1.0.7""}]",phase03-sufficiency-annotation-v1,f2fe3f7f29b834d78fd7c79bf4d4a94faee43c658d89c48e386854123066802b,human_annotator_1,sufficient,Rank-1 chunk contains the reference answer verbatim: hashing overhead is negligible regardless of method.,2026-08-25T01:27:00+05:30
phase03-annotation-blinded-v1,559d583503d9f8ad8ad4ae160a4bec1629f9d8b7beecc68c864d4ab92bc001c3,16,TRAIN_Q588,validation,hybrid,1,"Why may I receive: Dump Event ""systhrow"" (00040000) Detail ""java/lang/OutOfMemoryError"" ""Failed to create a thread: retVal -1073741830, errno 11"" ?

Why may I receive: Dump Event ""systhrow"" (00040000) Detail ""java/lang/OutOfMemoryError"" ""Failed to create a thread: retVal -1073741830, errno 11"" ?",answerable_with_reference,"The cause of the problem may be an insufficient ulimit setting. While this type of issue can occur on any level of Linux, or AIX, the issue is most likely to be seen in systems running multiple instances of WebSphere Application Server using one userid.","[{""char_end"":4727,""char_start"":4140,""chunk_id"":""593bfcc7153b5be7e3eb204e7180dd4b6fdc5059bb1430998fc4e72b21f237cd"",""document_id"":""techqa-doc:corpus/swg21701446.txt"",""filename"":""swg21701446.txt"",""rank"":1,""text"":""Dump Event \""systhrow\"" (00040000) Detail \""java/lang/OutOfMemoryError\"" received 0SECTION MEMINFO subcomponent dump routine NULL ================================= 1STHEAPFREEBytes of Heap Space Free: 0 1STHEAPALLOC Bytes of Heap Space Allocated: 18000000 The TITLE section below indicates a native issue: 0SECTION TITLE subcomponent dump routine NULL =============================== 1TISIGINFO Dump Event \""systhrow\"" (00040000) Detail \""java/lang/OutOfMemoryError\"" \""Failed to create a thread: retVal -1073741830, errno 11\"" received 3. Install the required WLM patches JR45668 [http://www.ibm.""}]",phase03-sufficiency-annotation-v1,f2fe3f7f29b834d78fd7c79bf4d4a94faee43c658d89c48e386854123066802b,human_annotator_1,insufficient,Single chunk is javacore output plus a pointer to WLM patches; the reference cause (insufficient ulimit for native threads) is not present.,2026-08-25T01:28:00+05:30
phase03-annotation-blinded-v1,a5491647b0a744c8dfb74cffd4ed32791e799bbc89bafd7f0b60af6de8807f71,17,DEV_Q164,validation,hybrid,3,"When should I use conversation sharing in DataPower MQ queue managers?

MQ version 7.0 introduced a new feature, conversation sharing.  Are there any special values on DataPower when configuring conversation sharing?",answerable_with_reference,"The default setting of sharing conversations (SHARECNV) value is zero in DataPower mq-qm object. The same default value for MQ SVRCONN channel is 10. The sharing conversations value is 
negotiated between MQ server and DataPower and the lower value takes effect. However, in current versions of the DataPower firmware, the sharing conversations setting of 1 is treated as 0 when negotiating with MQ server.","[{""char_end"":1017,""char_start"":0,""chunk_id"":""0a44a3b6424a83aca27523f948da1eeeb740728f381cb9786e10a5a2e8f12916"",""document_id"":""techqa-doc:corpus/swg21647231.txt"",""filename"":""swg21647231.txt"",""rank"":1,""text"":""Title: IBM When to enable Conversation Sharing in DataPower MQ Queue Manager (mq-qm) object - United States Text: TECHNOTE (TROUBLESHOOTING) PROBLEM(ABSTRACT) When to enable Sharing Conversations in DataPower MQ Queue Manager (mq-qm) object along with SHARECNV attribute of the MQ SVRCONN channel? RESOLVING THE PROBLEM IBM WebSphere MQ server version 7.0 and later releases provide sharing conversations (SHARECNV) attribute on SVRCONN channel that specifies the maximum number of conversations that can share each TCP/IP channel instance. This feature can be configured in DataPower as it uses client connection with queue manager SVRCONN channel. The default setting of sharing conversations (SHARECNV) value is zero in DataPower mq-qm object. The same default value for MQ SVRCONN channel is 10. The sharing conversations value is negotiated between MQ server and DataPower and the lower value takes effect. However, in current versions of the DataPower firmware, the sharing conversations setting of 1 is treated""},{""char_end"":790,""char_start"":0,""chunk_id"":""7b6b97d69ec875e6a08fe94f967be4eebaec235bcdfe4384c3fd43d4e6dcdc33"",""document_id"":""techqa-doc:corpus/swg1IC91594.txt"",""filename"":""swg1IC91594.txt"",""rank"":2,""text"":""Title: IBM IC91594: CONVERSATION SHARING DOES NOT NEGOTIATE FULL DUPLEX CHANNEL WHEN QMGR CHANNEL SHARING CONVERSATION IS SET AT 1 - United States Text: FIXES ARE AVAILABLE Fix packs for DataPower B2B Appliance version 6.0 [http://www-01.ibm.com/support/docview.wss?uid=swg24034956] Fix packs for DataPower Integration Appliance version 6.0 [http://www-01.ibm.com/support/docview.wss?uid=swg24034957] Fix packs for DataPower Service Gateway version 6.0 [http://www-01.ibm.com/support/docview.wss?uid=swg24034959] SUBSCRIBE You can track all active APARs for this component. APAR STATUS * CLOSED AS PROGRAM ERROR. ERROR DESCRIPTION * Conversation Sharing in an MQ Queue Manager object does not negotiate full duplex channel when the Queue Manager channel attribute of Sharing Conversation is""},{""char_end"":1786,""char_start"":775,""chunk_id"":""e9001872127d247bb5ff336265779811c7744964d85b36abbc8068f6abaa9f29"",""document_id"":""techqa-doc:corpus/swg21647231.txt"",""filename"":""swg21647231.txt"",""rank"":3,""text"":""Q SVRCONN channel is 10. The sharing conversations value is negotiated between MQ server and DataPower and the lower value takes effect. However, in current versions of the DataPower firmware, the sharing conversations setting of 1 is treated as 0 when negotiating with MQ server. There are three use cases to configure Sharing Conversations in DataPower mq-qm object: Case #1 : The negotiated sharing conversations value is 0 - The channel runs in a mode similar to WebSphere MQ V6 and does not uses features such as · Administrator stop-quiesce · Heartbeating · Read ahead · Client asynchronous consume Set a value of 0 or 1 on the Sharing Conversations attribute of the mq-qm object in DataPower to disable sharing conversations regardless of the IBM WebSphere MQ SVRCONN setting. Case #2: The negotiated sharing conversations value is 1 - The channel supports IBM WebSphere MQ V7 and later release features as outlined in case #1, but each TCP/IP channel instance has a single conversation. Set a value of 1""}]",phase03-sufficiency-annotation-v1,f2fe3f7f29b834d78fd7c79bf4d4a94faee43c658d89c48e386854123066802b,human_annotator_1,sufficient,"Ranks 1 and 3 (swg21647231) contain the reference answer: SHARECNV defaults 0 vs 10, lower negotiated value wins, setting of 1 treated as 0.",2026-08-25T01:29:00+05:30
phase03-annotation-blinded-v1,6b9d15f90414c9e250c7e0970699a261667cca8fe7cfd7d8c25cbb2d2167a3f9,18,TRAIN_Q014,validation,bm25,10,"NMA agent installation failure



Hello, I'm trying to install the NMA agent from ITM for Virtual Environment package on a Linux x86-64. The preferred method would be remote install, but I'm not even able to perform tamcd addbundles as it complains about missing prerequisites.

If I try to install the agent locally on the Linux machine, the list of available agents does not include NMA agent at all.

Is there a solution to this problem?",answerable_with_reference,"The issues should be corrected at Installer level, APAR IV84919 has been opened to fix them. 

Anyway, since the correction involves the installation component, it will not be available until next release, when the Installation package will be built again.","[{""char_end"":813,""char_start"":0,""chunk_id"":""d3173444596b96d02f6c8d2c88476ddbf5e83259fd499d7d94808a9111eef0a3"",""document_id"":""techqa-doc:corpus/swg21983839.txt"",""filename"":""swg21983839.txt"",""rank"":1,""text"":""Title: IBM Problems installing NMA agent (N4 agent) on Linux x86-64 - United States Text: ITM Virtual environments install NMA N4 unable find bundle prerequisites CI addbundles TECHNOTE (TROUBLESHOOTING) PROBLEM(ABSTRACT) The installation of NMA agent from package ITM for Virtual Environment V7.2.0.3 is failing with both remote or local installation on Linux x86-64. SYMPTOM 1) The import of the whole bundle using command: /opt/IBM/ITM/bin/tacmd addbundles -i <inst_media>/ITMfVE_Agents/unix will fail with message: Unable to find bundle prerequisite: ci 06.22.04.000 li6263 -- 2) Even if you succeed in importing the bundle, the remote deploy of N4 agent on a Linux X86_64 fails because the installer recognizes the target node as a 64bit while the agent comes with a different architecture (li6263). -- 3) If""},{""char_end"":1624,""char_start"":627,""chunk_id"":""a8644385aef1cff9191c79dc5dee12e870918c75c5d81b61d196feed0e96c01a"",""document_id"":""techqa-doc:corpus/swg21983839.txt"",""filename"":""swg21983839.txt"",""rank"":2,""text"":"", the remote deploy of N4 agent on a Linux X86_64 fails because the installer recognizes the target node as a 64bit while the agent comes with a different architecture (li6263). -- 3) If you try to install the ITM for VE agents locally on a Linux x86_64, the usual installation procedure does not work for the same reason of point 2. The installer recognizes the target node as a 64bit platform and the agents are 32bit and so it does not show the expected list of agents. CAUSE The causes for the three scenarios depends on wrong prerequisite levels packaged into ITM for VE 7.2.0.3 for NMA agent, and on unexpected architecture recognized by the installer when trying to install the agent on the target node, if this one is a Linux x86-64. RESOLVING THE PROBLEM The issues should be corrected at Installer level, APAR IV84919 has been opened to fix them. Anyway, since the correction involves the installation component, it will not be available until next release, when the Installation package""},{""char_end"":4991,""char_start"":3999,""chunk_id"":""074c51c1af3514affdc19f4cd531fdb7983d66d6c29d92578500d4b878826861"",""document_id"":""techqa-doc:corpus/swg21983839.txt"",""filename"":""swg21983839.txt"",""rank"":3,""text"":""Repeat the tacmd addbundles command and it should now work fine. As previously said, please consider that this scenario may occur also for agents different than N4, and the workaround is applicable also for them. Of course the target dsc file name changes accordingly to the agent type and related architecture. 2) The above workaround can help in case the issue is only related to backleveled prerequisite packages. Anyway, once you applied it, if the target node for the N4 agent is a Linux x86-64, you will anyway not be able to install it remotely. The remote deploy of N4 agent on a Linux X86_64 fails because the installer recognizes the target node as a 64bit while the agent comes with a different architecture (li6263). The quickest workaround in this case is to install the agent locally. 3) If you try to install the ITM for VE agents locally on a Linux x86_64, the usual installation procedure does not work for the same reason of point 2. The installer recognizes the target node""},{""char_end"":825,""char_start"":0,""chunk_id"":""41d8a6371cc29140667bb79a223f72ff0b740f57f79ab2ff7761bb2846ea6226"",""document_id"":""techqa-doc:corpus/swg1IV84919.txt"",""filename"":""swg1IV84919.txt"",""rank"":4,""text"":""Title: IBM IV84919: NMA AGENT BUNDLE CANNOT BE IMPORTED AND AGENT CANNOT BE INSTALLED ON LINUX X86_64 DUE TO WRONG PREREQUISITES - United States Text: SUBSCRIBE You can track all active APARs for this component. APAR STATUS * CLOSED AS FIXED IF NEXT. ERROR DESCRIPTION * 1) The import of the ITM for VE bundle using command: /opt/IBM/ITM/bin/tacmd addbundles -i <inst_media>/ITMfVE_Agents/unix will fail with message: Unable to find bundle prerequisite: ci 06.22.04.000 li6263 This occurs because some agents, particularly N4 agent, have old prerequisites for shared components (ax, ui, gs,jr) that are not part of the ITM_for_VE bundle. Also, the remote deploy of N4 agent on a Linux X86_64 fails because the installer recognizes the target node as a 64bit while the agent comes with a different architecture (li6263). There""},{""char_end"":818,""char_start"":0,""chunk_id"":""ce1f002bfcf68992f9c7262f79fc6aee10bf2e6595ae9ae3da2154bd7476690c"",""document_id"":""techqa-doc:corpus/swg1IZ68276.txt"",""filename"":""swg1IZ68276.txt"",""rank"":5,""text"":""Title: IBM IZ68276: ADDBUNDLES COMMAND FAILS FOR LOCALES OTHER THAN EN_US - United States Text: SUBSCRIBE You can track all active APARs for this component. APAR STATUS * CLOSED AS PROGRAM ERROR. ERROR DESCRIPTION * The addBundles command fails to add an Agent package to the TEMS' Depot on a system with TEPS /TEP installed on a system other than en_US. RECREATE INSTRUCTIONS: On a Linux OS change locale of machine to fr_FR.UTF-8. Install ITM 6.2.1 TEMS/TEPS and TEP 6.2.1 FP1, Install Language Pack. Install Application support for the Agent OY. Execute tacmd addBundles -i . -t OY The Agent's bundle is not installed on the TEMS and an \""exception\"" message is recorded in the kuiras1.log file. LOCAL FIX * Change the locale of the machine to en_US, if possible, to install the Agent packages. Add the Agent's bundle""},{""char_end"":864,""char_start"":0,""chunk_id"":""963839aaad3571408fa8273bb370781a3fee565478baa0fa9176bcf511e2bdcb"",""document_id"":""techqa-doc:corpus/swg21962997.txt"",""filename"":""swg21962997.txt"",""rank"":6,""text"":""Title: IBM Can I just download the AGENT bundle for 6.23.03 and apply these APARs - IV65616 and IV65616.1 for the purpose of manually installing on RHEL7 (locally on the box)? Does a local install at 6.23.03 actually work? - United States Text: TECHNOTE (FAQ) QUESTION Can I just download the AGENT bundle for 6.23.03 and apply these APARs - IV65616 and IV65616.1 for the purpose of manually installing RHEL7 (locally on the box)? Does a local install at 6.23.03 actually work? ANSWER 06.23.03.00 is not a pristine installable image as delivered. You need to perform one of the scenarios below to perform a pristine installation of 06.23.03.00 without having to install an earlier version and then upgrade. Check if the customer is using Remote Deploy, \""tacmd createnode\"" to install the OS agent on new systems: If they do, what version of the Linux OS agent is in""},{""char_end"":1546,""char_start"":670,""chunk_id"":""8e3a8eb7aa4d621cd8dd621c478030ac2f9c526d4a93ad55d2191bd13d74f2c0"",""document_id"":""techqa-doc:corpus/swg1IZ45534.txt"",""filename"":""swg1IZ45534.txt"",""rank"":7,""text"":""for example - select just the OS agent - whatever was installed before The problem that results: Rather than the OS agent for 6.2 being upgraded to the 6.2 level, and the previous OS Agent agent being uninstalled (depricated), both OS agents end up on the machine at the same time. Detailed Recreation Procedure: - install ITM 6.1 FP7 on a Solaris 8 machine - select the OS agent - upgrade Solaris from 5.8 to 5.10 - upgrade ITM to ITM 6.2 FP2 - include just the agent you installed before - run cinfo -i - you will see both versions of the OS agent installed on the machine. The ver files these correspond to are uxsol286.ver uxsol506.ver There shouldn't be those two versions of the same agent, the other 286 version should be gone. Thus, recreated. Related Files and Output: cic.jar, scripts LOCAL FIX PROBLEM SUMMARY * This is being marked as FIN, but it is not certain if""},{""char_end"":3802,""char_start"":2630,""chunk_id"":""28350036c662bbf832d3e5a1891ce3195cafa2a2838d8c68e749035714a05700"",""document_id"":""techqa-doc:corpus/swg1IV45726.txt"",""filename"":""swg1IV45726.txt"",""rank"":8,""text"":""being used. The Agent Builder User's Guide should document the actual list of dependent libraries, not the RPM package names which may change from one release of Linux to another. The Agent Builder User's Guide also implies that these pre-requisite RPMs need to be available for install of the Agent Builder. The Agent Builder install does not do any pre-requisite checking before installation, so it is possible to install the Agent Builder without error, only to have the Agent Builder fail on launch with a RC 13 when a required library is not available. Suggest making a specific NOTE in the product manual indicating: *** NOTE: The Agent Builder installation assumes that the following pre-requisite libraries are available for when the agent builder is launched. Installation does not verify that RPMs that provide necessary libraries are available. The installation will complete even if pre-requisite RPMs are missing, but the agent builder will fail on startup indicating errors locating / loading libraries when pre-requisite packages are missing. *** The product manual should then document a complete list of the actual required libraries so that customers can""},{""char_end"":781,""char_start"":0,""chunk_id"":""75e0eddfa77eab700ebd4c3292be5a83b23e223d77d6c2b62696d2c0ae3fd022"",""document_id"":""techqa-doc:corpus/swg21680111.txt"",""filename"":""swg21680111.txt"",""rank"":9,""text"":""Title: IBM Unable to install 32-bit ITCAM for J2EE agent when 64-bit agent is installed - United States Text: ITCAM; J2EE; uplift; Refresh Pack; prerequisites; CAMJ2ALL; CAMJ2INST TECHNOTE (FAQ) QUESTION When trying to install 7.1.1-TIV-ITCAM_J2EE-Windows-RP001 on a Windows 2008 R2 64-bit, the installation returns the following error popup message: The Agent Compatibility Package in version 06230400 is required but unavailable. How can I solve this? CAUSE The Agent Compatibility Package is not bundled with ITCAM for J2EE 7.1.1. The Agent Compatibility Package is not installed on the involved server, or it is of a version older than the one required. ITM 6.2.3 FP4 is the minimum prerequisite ITM version supported with ITCAM for J2EE agent v7.1.1. E.g. if you have ITM 6.2.""},{""char_end"":841,""char_start"":0,""chunk_id"":""72a0bc25059f82d7b17a0e53783b50108fea9210b0c8c49349088fbd7fcc463b"",""document_id"":""techqa-doc:corpus/swg1IV36439.txt"",""filename"":""swg1IV36439.txt"",""rank"":10,""text"":""Title: IBM IV36439: ADDBUNDLES UE WIA64 OVERWRITES WINNT UE - United States Text: SUBSCRIBE You can track all active APARs for this component. APAR STATUS * CLOSED AS FIXED IF NEXT. ERROR DESCRIPTION * Executing the addbundles command to install the Windows Itanium (WIA64) OS Agent package into the TEMS Depot will overwrite existing the Windows 32-Bit(WINNT) UE package contents. After this overwrite has occurred, distributing the UE package to a Windows 32-Bit (WINNT) endpoint will result in an installation failure of the UE Component. The failure message that appears in the installation states that \""the platform is not WIA64\"". RECREATE INSTRUCTIONS: 1. Install ITM 622 FP9 Windows TEMS 2. Install ITM 622 FP9 OS Agent on Windows 2008 R2 3. Execute addbundles -i <cd-image>/WINDOWS/Depot -t NT 4. Execute addbundles -i <cd-image>/WIA""}]",phase03-sufficiency-annotation-v1,f2fe3f7f29b834d78fd7c79bf4d4a94faee43c658d89c48e386854123066802b,human_annotator_1,sufficient,"Rank-2 chunk contains the reference answer: wrong prerequisites cause, APAR IV84919 opened, fix deferred to next installer release.",2026-08-25T01:30:00+05:30
phase03-annotation-blinded-v1,2480819fb7b8531352b61fd07daf10cc5a20a442256c4dadb275dc3db4cfe2b7,19,TRAIN_Q316,train,hybrid,3,"Datapower WebGUI down due to an expired or invalid certificate

The Datapower WebGUI is down due to an expired or invalid certificate. How can the WebGUI access be restored? ",answerable_with_reference,"The following commands will reset the RBM's, ACL's, WebGUI and SSH services to the default settings. 

Note: If the ssh is working, you may omit any commands with the ssh. 

 

config 

web-mgmt 

no ssl 

exit 

write mem 

y 

no web-mgmt 

no ssh 

rbm 

reset 

exit 

acl web-mgmt 

reset 

exit 

acl ssh 

reset 

exit 

write mem (key step to remove the current settings) 

y 

web-mgmt <ip to listen on or 0.0.0.0 for all> <port to use default is9090> 

ssh <ip to listen on or 0.0.0.0 for all> <port to use default is22> 

write mem 

y","[{""char_end"":1000,""char_start"":0,""chunk_id"":""09165400852813853ad5e12d56ea7e2380514103bf0353be4238f8d0ae4e4b93"",""document_id"":""techqa-doc:corpus/swg21577098.txt"",""filename"":""swg21577098.txt"",""rank"":1,""text"":""Title: IBM Replacing the certificate used by the IBM WebSphere DataPower Web Management Service (WebGUI) - United States Text: WebGUI; certificate; Untrusted; security certificate TECHNOTE (FAQ) QUESTION When accessing the DataPower appliance through the Web Management Service (WebGUI), you may be greeted with one of the following messages: * Internet Explorer \""There is a problem with this website's security certificate. - Click here to close this webpage. - Continue to this website (not recommended).\"" * Firefox \""This Connection is Untrusted - Get me out of here! - Add Exception...\"" CAUSE By default, DataPower uses a self-signed certificate (signed by DataPower Technology, Inc.) with its Web Management Service (WebGUI). The certificate is not signed by a well-known Certificate authority (CA). The signer is not included in the list of trusted third parties with internet browsers, and therefore the connection is flagged as \""Untrusted\"". ANSWER There is an option to replace the certificate""},{""char_end"":786,""char_start"":0,""chunk_id"":""e25e014e7862c6dcf859e383315a01219259a4638e6b5fe7521effa7cadd2f93"",""document_id"":""techqa-doc:corpus/swg21633306.txt"",""filename"":""swg21633306.txt"",""rank"":2,""text"":""Title: IBM DataPower default WebGUI certificate is expiring or expired; an internal DataPower CA certificate is expiring or expired - United States Text: TECHNOTE (FAQ) QUESTION Why are IBM WebSphere DataPower device types 4195 (XI50B) and 9235 showing the following warnings in the logs on pre-5.0.0.0 firmware: 01:02:03 cert-monitor warn 383 0x806000e1 cert-monitor (Certificate Monitor): Certificate 'system-ssl-ca-cert' is expired 01:02:03 cert-monitor warn 383 0x806000e1 cert-monitor (Certificate Monitor): Certificate 'system-cert' is expired Or in my browser I see this: The certificate expired on 6/6/2013 4:13 PM. Note: Prior to June 6, 2013, the warnings indicate the certificate is about to expire. CAUSE Before firmware release 5.0.0.0 the DataPower firmware on 4195 and 92""},{""char_end"":1637,""char_start"":615,""chunk_id"":""9e9ce27ba04275ceecf9c319e478963c6e3032c09695f11feff9eb67867898b1"",""document_id"":""techqa-doc:corpus/swg21633306.txt"",""filename"":""swg21633306.txt"",""rank"":3,""text"":""4:13 PM. Note: Prior to June 6, 2013, the warnings indicate the certificate is about to expire. CAUSE Before firmware release 5.0.0.0 the DataPower firmware on 4195 and 9235 platforms shipped with two certificates (system-ssl-ca-cert and system-cert) that expire on June 8, 2013 and June 6, 2013 respectively. By default the DataPower WebGUI and XML Management Interface use these two certificates for SSL connectivity to those interfaces. Users can and should create and configure their own keys and certificates for SSL use on these interfaces. ANSWER After June 6, 2013 some SSL clients may be unable to connect to the WebGUI and XML Management Interface if those interfaces are still using the default SSL configuration. The interfaces will not go down, but they will be presenting expired certificates which will cause strict SSL clients to fail the SSL handshake. Note: As long as the Objects>Crypto Configuration>Crypto Certificate Monitor option for Disabled Expired Certificates is turned OFF, the default setting""}]",phase03-sufficiency-annotation-v1,f2fe3f7f29b834d78fd7c79bf4d4a94faee43c658d89c48e386854123066802b,human_annotator_1,insufficient,Chunks explain expired default certificates as cause but none contain the CLI reset procedure (no ssl / rbm reset / acl reset) needed to restore WebGUI access.,2026-08-25T01:31:00+05:30
phase03-annotation-blinded-v1,6369dd1c329ab6453f4701de97fadf9e6289e6ab0b23bf84bcbdf0b7b40e37d3,20,TRAIN_Q038,train,dense,10,"We want to backout the Cognos component of Business Monitor to a previous version. What do we have to take care of?

We want to backout the Cognos component of Business Monitor to a previous version. What do we have to take care of? ",answerable_with_reference,"Stop the Cognos service and ensure that Cognos Configuration is not running. 
 2. When setting up the configuration of a newly installed Cognos BI environment, it is important to note that if you configure the new installation against the original content store, it is permanently upgraded to the new version and can no longer be used in the original environment. As a result, always create a backup of the content store prior to upgrading.
    If a roll back to the original version is required, you can simply restore the backup. However, any work done after the content store has been upgraded (reports, models, security, etc...) to the new version will be lost, as all of this information is saved in the content store.
    If you try to revert back to an earlier environment configured against the upgraded content store, you will get an error similar to the one below:
    CM-CFG-5027 Unable to upgrade the content store to the to the version N that is compatible with this version of Content Manager. The current version of the content store is M. 
 3. Also, please refer to the notes on the fix pack which would include perquisites on Backup/Restore of content store and also other requirements. 
 4. For versions 8 - 10.2.1: In the <cognos_install>/uninstall/backup directory there will be a list of date stamped folders with the applied fix packs and/or interim fixes. 
    For versions 10.2.1 FP1 and above: This is stored in the <cognos_install>/bkp directory 
 5. Go into the folders and check the cmplst.txt file and check for the correct version to revert to. 
 6. Once the correct version is found, copy the contents of the whole folder and paste it at the <cognos_install> level, which will overwrite the files applied by fix pack or interim fix update. 
 7. Start the Cognos service.","[{""char_end"":1513,""char_start"":784,""chunk_id"":""f7d60a52ad9bcc88a962f3250f8fbca782a0d6697a2975f45187d5e499c4a62a"",""document_id"":""techqa-doc:corpus/swg21690934.txt"",""filename"":""swg21690934.txt"",""rank"":1,""text"":"". Then, re-import them in Cognos Administration. You can download a deployment of all new visualizations to save time. If your visualizations were customized, obtain the latest version of the Visualization Customizer from the IBM Cognos Analytics Community. Open each visualization in Visualization Customizer and click Upgrade visJSON and Upgrade Definition. Save the visualizations and re-import them in Cognos Administration. Cross reference information Segment Product Component Platform Version Edition Business Analytics Cognos Business Intelligence Cognos Workspace 10.2.2 Business Analytics Cognos Business Intelligence Cognos Workspace Advanced 10.2.2 Business Analytics Cognos Business Intelligence Report Studio 10.2.2""},{""char_end"":3029,""char_start"":2322,""chunk_id"":""3987a40de29adb3d358cd59a286d9eab4924e4eb86f0d1dab657325acf4ab8ee"",""document_id"":""techqa-doc:corpus/swg21689333.txt"",""filename"":""swg21689333.txt"",""rank"":2,""text"":""(AV:N/AC:H/Au:N/C:N/I:P/A:N) AFFECTED PRODUCTS AND VERSIONS * IBM Cognos Metrics Manager 10.2.2 * IBM Cognos Metrics Manager 10.2.1 * IBM Cognos Metrics Manager 10.2 * IBM Cognos Metrics Manager 10.1.1 * IBM Cognos Metrics Manager 10.1 REMEDIATION/FIXES The recommended solution is to apply the fix in one of the IBM Cognos Business Intelligence 10.x interim fixes listed as soon as practical. Note that the prerequisites named in the links are also satisfied by an IBM Cognos Metrics Manager install of the same version. IBM Cognos Business Intelligence 10.1.x Interim fixes [http://www-01.ibm.com/support/docview.wss?uid=swg24038862] IBM Cognos Business Intelligence 10.2 and 10.2.1 Interim fixes [http://""},{""char_end"":6947,""char_start"":6273,""chunk_id"":""449e4f2d73c6c34da80d0f40ecdddb72990b4f06067b501db5ea74aaf72484c4"",""document_id"":""techqa-doc:corpus/swg21903752.txt"",""filename"":""swg21903752.txt"",""rank"":3,""text"":"":N/I:N/A:P) AFFECTED PRODUCTS AND VERSIONS * IBM Cognos Business Intelligence Server 10.2.2 * IBM Cognos Business Intelligence Server 10.2.1.1 * IBM Cognos Business Intelligence Server 10.2.1 * IBM Cognos Business Intelligence Server 10.2 * IBM Cognos Business Intelligence Server 10.1.1 * IBM Cognos Business Intelligence Server 10.1 * IBM Cognos Business Intelligence Server 8.4.1 REMEDIATION/FIXES The recommended solution is to apply the fix for versions listed as soon as practical. http://www-01.ibm.com/support/docview.wss?uid=swg24040113 [http://www-01.ibm.com/support/docview.wss?uid=swg24040113]http://www-01.ibm.com/support/docview.wss?uid=swg24040114 [http://www""},{""char_end"":1058,""char_start"":733,""chunk_id"":""bfeb508daba3cbbf329a1a9d1a76a0de03667ab2528323673c07fb24ca91a235"",""document_id"":""techqa-doc:corpus/swg21341602.txt"",""filename"":""swg21341602.txt"",""rank"":4,""text"":""Control Panel, start the valid Cognos Access Manager Server service 3. Framework Manager, Model, run Metadata Wizard, Data Sources, select the appropriate data source and connect Cross Reference information Segment Product Component Platform Version Edition Business Analytics Cognos Finance Finance HISTORICAL NUMBER 1030000""},{""char_end"":2962,""char_start"":2393,""chunk_id"":""3ea034385fe93b76891996a70578f936c603b7e5d617d7f68bdfbe8cc7216678"",""document_id"":""techqa-doc:corpus/swg21341204.txt"",""filename"":""swg21341204.txt"",""rank"":5,""text"":""s_install>/uninstall/backup directory there will be a list of date stamped folders with the applied fix packs and/or interim fixes. For versions 10.2.1 FP1 and above: This is stored in the <cognos_install>/bkp directory 5. Go into the folders and check the cmplst.txt file and check for the correct version to revert to. 6. Once the correct version is found, copy the contents of the whole folder and paste it at the <cognos_install> level, which will overwrite the files applied by fix pack or interim fix update. 7. Start the Cognos service. HISTORICAL NUMBER 1028034""},{""char_end"":5266,""char_start"":4508,""chunk_id"":""7e29018fafcd58bb03110befa059dfc00d36a572369085323978cce33b75efba"",""document_id"":""techqa-doc:corpus/swg21695694.txt"",""filename"":""swg21695694.txt"",""rank"":6,""text"":""N/C:N/I:P/A:N) AFFECTED PRODUCTS AND VERSIONS * IBM Cognos Metrics Manager 10.2.2 * IBM Cognos Metrics Manager 10.2.1 * IBM Cognos Metrics Manager 10.2 * IBM Cognos Metrics Manager 10.1.1 * IBM Cognos Metrics Manager 10.1 REMEDIATION/FIXES The recommended solution is to apply the fix as soon as practical. As the fix is in a shared component across the Business Intelligence portfolio, applying the BI Interim Fix will resolve the issue. Note that the prerequisites named in the links are also satisfied by an IBM Cognos Metrics Manager install of the same version. IBM Cognos Business Intelligence 10.1.x Interim Fixes [http://www-01.ibm.com/support/docview.wss?uid=swg24039564] IBM Cognos Business Intelligence 10.2.x Interim Fixes [http://www-01.ibm.com/""},{""char_end"":4006,""char_start"":3016,""chunk_id"":""a5b26533d0a2a286c1dde8e1ca75112c37a0e06d89c7bbdba4e9444509d0bc30"",""document_id"":""techqa-doc:corpus/swg21681642.txt"",""filename"":""swg21681642.txt"",""rank"":7,""text"":""download interim fixes from IBM Fix Central when opening the PMR. Also reference that you are following instructions from this technote. C. IBM Support will process the request related to this technote to grant access to the PI18817 interim fix. D. The PMR will be closed once confirmation has been provided that the PI18817 interim fix has been downloaded successfully. 2. Backup configuration files located in the IBM Cognos BI runtime location of <IBM Business Monitor profile root>/cognos/<server name>/configuration. Complete this step for every cluster member in the cluster that supports the IBM Cognos application. 3. Install the IBM Cognos BI PI18817 interim fix. Note: The PI18817 interim fix should be applied to the IBM Cognos BI installation location of <IBM Business Monitor install root>/cognos. The interim fix should not be installed to the IBM Cognos BI runtime location of <IBM Business Monitor profile root>/cognos/<server name> because the runtime files will be updated""},{""char_end"":1980,""char_start"":1269,""chunk_id"":""207822123c96e555d093619117389d461983a646f534ecd89f4761264bcbb76f"",""document_id"":""techqa-doc:corpus/swg21691656.txt"",""filename"":""swg21691656.txt"",""rank"":8,""text"":""* IBM Cognos Metrics Manager 10.2 * IBM Cognos Metrics Manager 10.1.1 * IBM Cognos Metrics Manager 10.1 REMEDIATION/FIXES The recommended solution is to apply the fix in one of the IBM Cognos Business Intelligence 10.x interim fixes listed as soon as practical. Note that the prerequisites named in the links are also satisfied by an IBM Cognos Metrics Manager install of the same version. IBM Cognos Business Intelligence 10.1.x Interim fixes [http://www-01.ibm.com/support/docview.wss?uid=swg24038862] IBM Cognos Business Intelligence 10.2 and 10.2.1 Interim fixes [http://www-01.ibm.com/support/docview.wss?uid=swg24038861] IBM Cognos Business Intelligence 10.2.2 Interim fix 1 [http://www-01.ibm.com/support""},{""char_end"":3303,""char_start"":2890,""chunk_id"":""300077be76b79d52928362f2b4562927011be8d94c66992ea201313a858b481a"",""document_id"":""techqa-doc:corpus/swg21337237.txt"",""filename"":""swg21337237.txt"",""rank"":9,""text"":"", see the index of the Upfront Developer Guide, under the Commands 'SetSystemProperties'. Cross reference information Segment Product Component Platform Version Edition Business Analytics Cognos 8 Business Intelligence Cognos Connection Business Analytics Cognos ReportNet ReportNet Business Analytics Cognos Series 7 PowerPlay Enterprise Server Business Analytics Cognos Series 7 Upfront HISTORICAL NUMBER 112895""},{""char_end"":5634,""char_start"":5022,""chunk_id"":""6b52aa1c4b6b9e89f929291768bb60af15534d1c487814590c448a1baada618b"",""document_id"":""techqa-doc:corpus/swg21959874.txt"",""filename"":""swg21959874.txt"",""rank"":10,""text"":""Cognos Business Intelligence Server 10.2.1 * IBM Cognos Business Intelligence Server 10.2 * IBM Cognos Business Intelligence Server 10.1.1 * IBM Cognos Business Intelligence Server 10.1 * IBM Cognos Business Intelligence Server 8.4.1 REMEDIATION/FIXES The recommended solution is to apply the fix for versions listed as soon as practical. 8.4.1: [http://www.ibm.com/support/docview.wss?uid=swg24041190]http://www.ibm.com/support/docview.wss?uid=swg24041190 [http://www.ibm.com/support/docview.wss?uid=swg24041190] 10.1.x: http://www.ibm.com/support/docview.wss?uid=swg24041201 [http://www.ibm.com/support/docview""}]",phase03-sufficiency-annotation-v1,f2fe3f7f29b834d78fd7c79bf4d4a94faee43c658d89c48e386854123066802b,human_annotator_1,insufficient,"Rank-5 has a generic Cognos fix-pack revert procedure, but the reference cautions (stop service, content store permanently upgraded, backup first) are absent and no chunk addresses Business Monitor backout specifically.",2026-08-25T01:32:00+05:30
phase03-annotation-blinded-v1,813fb22aca7ca50392112fbf543c7732e5506d1aeff995b7f71bc82190b3e398,21,TRAIN_Q234,validation,bm25,3,"How do I create a windows service for WebSphere Application Server version 7.0.X?

Is there a tool that can help me create the windows service in an automated form? ",answerable_with_reference,"Place the WASServiceCmd.exe utility in the following directory:
    
    install_root\bin 
    
 2. Launch the command from the command line.","[{""char_end"":841,""char_start"":0,""chunk_id"":""1d6a291aced5d6f4ce030de3eacd4f0c383685471c60acf3837ddb152695e2de"",""document_id"":""techqa-doc:corpus/swg21397335.txt"",""filename"":""swg21397335.txt"",""rank"":1,""text"":""Title: IBM Using WASServiceCmd to create Windows services for WebSphere Application Servers - United States Text: wasservice; was service; wasservice command; websphere windows service; wasservice cmd; versiongap TECHNOTE (TROUBLESHOOTING) PROBLEM(ABSTRACT) WASServiceCmd.exe is a front end for WASService.exe, which is shipped with WebSphere Application Server. WASService.exe is required in its default directory for adding, updating, and removing WebSphere Services in Windows. Notice: In WebSphere Application Server v8 and later, this utility is shipped with the product under the name of WASServiceHelper.bat in the bin directory. Reference: Using the WASServiceHelper utility to create Windows services for application servers https://www.ibm.com/support/knowledgecenter/en/SSAW57_8.5.5/com.ibm.websphere.nd.doc/ae/tins_wasservicecmd.""},{""char_end"":1056,""char_start"":0,""chunk_id"":""a491e58eefb75c3fcabc9f7d1491907ad76c6495289e279651ac3315b5c7d90a"",""document_id"":""techqa-doc:corpus/swg21695608.txt"",""filename"":""swg21695608.txt"",""rank"":2,""text"":""Title: IBM JazzSM does not automatically start the WebSphere Application Server on Windows - United States Text: JazzSM; WAS; Websphere; Windows; service; 5724C04JI TECHNOTE (FAQ) QUESTION After I reboot my Windows server running JazzSM, the WebSphere Application Server server does not start. IBM support told me it was necessary to manually add the start server in Windows. I did not find this documented anywhere in the Jazz for SM users guides nor does it seem like something the user should have to do. The AboutMyProfile.txt shows that there is no service in Windows to start WAS. Q: Is this done by design in Jazz for SM? Q: What is the method by which Jazz for SM expects the WAS server to start? CAUSE During development discussions the Tivoli Integrated Portal (TIP) installer team provided feedback that they receive a considerable number of PMRs related to problems upgrading when a Windows service is automatically created to restart the WebSphere server. This was one of the reasons to not include this capability in the design. ANSWER JazzSM""},{""char_end"":927,""char_start"":0,""chunk_id"":""b3e84fc4ceaf82012e228b65e2e10dd65dd63782df89cd475772c5feea1e3454"",""document_id"":""techqa-doc:corpus/swg1PK69769.txt"",""filename"":""swg1PK69769.txt"",""rank"":3,""text"":""Title: IBM PK69769: THE -WINSERVICECHECK PARAMETER CANNOT BE USED TO CREATE A WINDOWS SERVICE WITH A CUSTOM PROFILE - United States Text: SUBSCRIBE You can track all active APARs for this component. APAR STATUS * CLOSED AS DOCUMENTATION ERROR. ERROR DESCRIPTION * In the Information Center for WebSphere Application Server Version 6.1, the description of the -winserviceCheck parameter should be updated to state the following information: \""The value can be either true or false. Specify true to create a Windows service for the server process that is created within the profile. Specify false to not create the Windows service. The default value for this parameter is false. Note: With a custom profile, a Windows service cannot be created using this parameter. Instead, use the WASService command to create the service separately.\"" LOCAL FIX * documentation update PROBLEM SUMMARY * ******************************************""}]",phase03-sufficiency-annotation-v1,f2fe3f7f29b834d78fd7c79bf4d4a94faee43c658d89c48e386854123066802b,human_annotator_1,sufficient,"Rank-1 technote identifies WASServiceCmd.exe as the automated tool for creating WAS Windows services, answering the question.",2026-08-25T01:33:00+05:30
phase03-annotation-blinded-v1,6ae3abb63ad416e30ac41c33ccfb16f48b6b4ded0128d07550a71562da2ec876,22,TRAIN_Q388,validation,hybrid,1,"How to set database specific custom properties in WebSphere Application Server?

I am using Websphere Application Server (WAS) v8.5.x with Oracle 11.1 JDBC drivers and I want to set some oracle specific properties, when connecting to the database in Websphere Application Server. (specifically: defaultRowPrefetch). How to set such specific properties in Websphere Application Server?",answerable_with_reference,"The way to set this connection property is as follows:. 




You cannot set defaultRowPrefetch as a JVM property. It would have to be named 
oracle.jdbc.defaultRowPrefetch for that to work. You can only use this property 
by loading it into a Properties object in the code and then calling 
getConnection with the Properties object.","[{""char_end"":1669,""char_start"":799,""chunk_id"":""0c96bb789b0bcfff2d425f857a7f239787180aa2f1adf46e6f2c60b35b8e2e8e"",""document_id"":""techqa-doc:corpus/swg21417765.txt"",""filename"":""swg21417765.txt"",""rank"":1,""text"":""CAUSE defaultRowPrefetch is a property of the connection and not of the datasource ENVIRONMENT WebSphere Application Server using an Oracle JDBC driver DIAGNOSING THE PROBLEM Customer sets this property and does not see it work. This may result in longer times to getting the full result set and more round trips to the database. RESOLVING THE PROBLEM The Oracle defaultRowPrefetch can be set in an attempt to speed up queries to a database that return multiple rows. But, it cannot be set as a custom property in a datasource. Please see below: The way to set this connection property is as follows:. You cannot set defaultRowPrefetch as a JVM property. It would have to be named oracle.jdbc.defaultRowPrefetch for that to work. You can only use this property by loading it into a Properties object in the code and then calling getConnection with the Properties object.""}]",phase03-sufficiency-annotation-v1,f2fe3f7f29b834d78fd7c79bf4d4a94faee43c658d89c48e386854123066802b,human_annotator_1,sufficient,Rank-1 chunk contains the reference answer verbatim: defaultRowPrefetch cannot be a datasource/JVM property; must be set via Properties object in code.,2026-08-25T01:34:00+05:30
phase03-annotation-blinded-v1,20a34be45729da30769292b94b4aaa8c1425054a0b0aa3150891ccf4596d0fda,23,TRAIN_Q325,validation,hybrid,5,"While attempting to upgrade Portal/WCM 7.0x to CF28 it fails with prerequisite errors.

The upgrade fails and displays the following message...
""A product prerequisite relationship was not satisified. The fix PI10705 is not supported on any of these products.
Please fix the problem or de-select the invalid efix from the list and try again."" ",benchmark_impossible_no_reference,,"[{""char_end"":838,""char_start"":0,""chunk_id"":""b36c5eb7749a627196d66e5c0b7940e295860e3897b564671f01e4d5f2bef099"",""document_id"":""techqa-doc:corpus/swg21690482.txt"",""filename"":""swg21690482.txt"",""rank"":1,""text"":""Title: IBM WebSphere Portal/WCM CF28 upgrade failing with prerequisite errors - United States Text: cf; upgrade; prerequisite TECHNOTE (TROUBLESHOOTING) PROBLEM While attempting to upgrade Portal/WCM to CF28 it fails with prerequisite errors. SYMPTOM The upgrade fails and displays the following message... \""A product prerequisite relationship was not satisified. The fix PI10705 is not supported on any of these products. Please fix the problem or de-select the invalid efix from the list and try again.\"" CAUSE In this case the customer's environment was at Portal 7.0.0.0 base level. The CF28 requires Portal to be at 7.0.0.2 (FP2) to be applied successfully ENVIRONMENT Portal 7.0.0.0 Windows 2008 DIAGNOSING THE PROBLEM Further review of your logs show the following... [11/14/14 12:55:10:130 EST] 00000017 LogManagerDef I com.ibm.wps""},{""char_end"":690,""char_start"":0,""chunk_id"":""41fdac152b46fbabd52be482814ec501439fdac583e65c11a9b6315e0f852015"",""document_id"":""techqa-doc:corpus/swg21960636.txt"",""filename"":""swg21960636.txt"",""rank"":2,""text"":""Title: IBM Portal upgrade to 8001 CF15 fails during the CONFIG-WP-PTF-CF task with errors, EJPXA0001E and EJQHJ0003E and message, \""IBM Web Content Manager is not available.\"" - United States Text: TECHNOTE (TROUBLESHOOTING) PROBLEM While attempting to upgrade Portal from 8001 CF09 to CF15 the CONFIG-WP-PTF-CF task fails with errors, EJPXA0001E and EJQHJ0003E and message, \""IBM Web Content Manager is not available.\"" SYMPTOM The ConfigTrace.log shows the following... <message id=\""EJPXA0001E\"">EJPXA0001E: An error occurred while processing the XML configuration request.</message> [xmlaccess] <message>EJQHJ0003E: Exception com.ibm.workplace. wcm.api.exceptions.ServiceNotAvailableException""},{""char_end"":1386,""char_start"":649,""chunk_id"":""aa3b550154cc13ff755992832e9361c83d964be41570ef5dc4542478d38cb4ca"",""document_id"":""techqa-doc:corpus/swg1PK61598.txt"",""filename"":""swg1PK61598.txt"",""rank"":3,""text"":"". The product IBM WebSphere WebSphere Portal Web Content Manager (with ID WCM) is installed. The product IBM WebSphere WebSphere Portal Web Content Manager (with ID WCM) is installed. The fix PK58305 [http://www-01.ibm.com/support/docview.wss?uid=swg1PK58305] is not supported on any of these products. Please fix the problem or remove the invalid efix from the list and try again UpdateInstaller.puiReturnCode is 9 End of [ ./updatePortal.sh ] ============================= This is due to an extra .product file in the PortalServer/version directory for WCM. This file is created as a backup during the 6013 upgrade and is called: <PortalServer root>/version/WCM.6013.rollback.product This file references the version of WCM found prior""},{""char_end"":1830,""char_start"":1101,""chunk_id"":""d82fd06df5eedb915f3eade94a615b4107b9cc32bbf5cdfabd24aaaef84e4ad9"",""document_id"":""techqa-doc:corpus/swg1PK61633.txt"",""filename"":""swg1PK61633.txt"",""rank"":4,""text"":""Sphere Portal Personalization (with ID PZN) is installed. The product IBM WebSphere WebSphere Portal Web Content Manager (with ID WCM) is installed. The product IBM WebSphere WebSphere Portal Web Content Manager (with ID WCM) is installed. The fix PK58305 [http://www-01.ibm.com/support/docview.wss?uid=swg1PK58305] is not supported on any of these products. Please fix the problem or remove the invalid efix from the list and try again UpdateInstaller.puiReturnCode is 9 End of [ ./updatePortal.sh ] ============================= This is due to an extra .product file in the PortalServer/version directory for WCM. This file is created as a backup during the 6013 upgrade and is called: <PortalServer root>/version/WCM.6013.roll""},{""char_end"":708,""char_start"":0,""chunk_id"":""c92ac0768dfacfaeb967262cff048ea1c45ca567c68c9d6a73d4376959977043"",""document_id"":""techqa-doc:corpus/swg21903554.txt"",""filename"":""swg21903554.txt"",""rank"":5,""text"":""Title: IBM The upgrade from Portal 8001 CF13 to CF16 fails during the config task with errors, WASX7023E, WASX7213I, WASX8011W, WASX7017E, and EJPXD0015W - United States Text: TECHNOTE (TROUBLESHOOTING) PROBLEM While attempting to upgrade Portal 8001 from CF13 to CF16 the upgrade fails during the config task portion of the upgrade. SYMPTOM The ConfigTrace.log shows the following... iseries-switch-back: [switchprofile] Switching back to original user= USER1 Target finished: iseries-switch-back Target finished: action-change-workdir-perms-iseries [wplc-get-host-port-in-server] Task parameters: [wplc-get-host-port-in-server] Global attributes: [wplc-get-host-port-in-server] cell=\""PORTAL_CELL\"" [wplc-get""}]",phase03-sufficiency-annotation-v1,f2fe3f7f29b834d78fd7c79bf4d4a94faee43c658d89c48e386854123066802b,human_annotator_1,sufficient,Rank-1 is the exact technote for the PI10705 CF28 prerequisite failure and states the cause: Portal at 7.0.0.0 base while CF28 requires 7.0.0.2 (FP2).,2026-08-25T01:35:00+05:30
phase03-annotation-blinded-v1,ab08dc477731fb0f56eb769519f2563811a0e4464c41bd7a816527dcb89f3e5c,24,TRAIN_Q056,validation,hybrid,1,"What exactly is ""wpcollector"" in WebSphere Portal Server?

I've been told to get wpcollector output? What exactly is this?",answerable_with_reference,Wpcollector is a command line tool that automates the collection of portal logs and configuration files. Using automated log collection early in the Case life cycle can greatly reduce the number of doc requests that are made by Support.,"[{""char_end"":1004,""char_start"":0,""chunk_id"":""f1d7974e9a3c640703473ca0f5116fbabc309a6677529aa84b0a143b07fadf8d"",""document_id"":""techqa-doc:corpus/swg21445430.txt"",""filename"":""swg21445430.txt"",""rank"":1,""text"":""Title: IBM Automated data collection capability provided by wpcollector tool - United States Text: wpcollector isalite isa lite data collection collector diagnostics TECHNOTE (FAQ) QUESTION What are the benefits of the wpcollector tool? How do I use this tool? ANSWER Wpcollector is a command line tool that automates the collection of portal logs and configuration files. Using automated log collection early in the Case life cycle can greatly reduce the number of doc requests that are made by Support. Wpcollector is delivered with WebSphere Portal beginning with the 7.0 release. If tracing is required for the problem scenario, you must manually enable traceStrings and recreate the problem PRIOR to running wpcollector. To run wpcollector, please follow the steps, below: * If IBM Support has requested tracing, enable it as instructed by the L2 Support Engineer and then recreate the problem. If no tracing is requested, proceed to the step, below: * If using Microsoft Windows, Unix/Linux, or IBM""}]",phase03-sufficiency-annotation-v1,f2fe3f7f29b834d78fd7c79bf4d4a94faee43c658d89c48e386854123066802b,human_annotator_1,sufficient,Rank-1 chunk contains the reference answer verbatim describing wpcollector.,2026-08-25T01:36:00+05:30
phase03-annotation-blinded-v1,7ca32f03e8cc6ecd3ec14e0defb2a33e296ee730a422d1d32a3d66dbc9d244bc,25,DEV_Q213,train,dense,5,"Can I migrate or convert Workplace XT created Search Templates to Content Navigator?

When migrating from Workplace XT to Content Navigator, can I covert or migrate XT created search templates to the ICN version of managed search templates?",answerable_with_reference,Workplace XT created search templates are also supported in ICN with the restriction that the search template cannot be edited in ICN.,"[{""char_end"":856,""char_start"":0,""chunk_id"":""fad69d6d8f55ca71889a52915da04d4a84fa13233a1bcabb19ccc9e14e3ae360"",""document_id"":""techqa-doc:corpus/swg21648471.txt"",""filename"":""swg21648471.txt"",""rank"":1,""text"":""Title: IBM Does IBM Content Navigator support Workplace XT created stored searches and search templates? - United States Text: stored search; search template; WPXT; Workplace XT; ICN; navigator; IBM Content Navigator TECHNOTE (FAQ) QUESTION Does IBM Content Navigator support Workplace XT created stored searches and search templates? ANSWER Workplace XT created stored searches are supported in IBM Content Navigator (ICN). ICN can be used to only run these stored searches with the following restriction: - stored searches that return both documents and folders are not supported. These stored searches cannot be edited in ICN. Workplace XT created search templates are also supported in ICN with the restriction that the search template cannot be edited in ICN. Please also note that ICN can only create native search templates, but not stored searches.""},{""char_end"":1795,""char_start"":825,""chunk_id"":""b193421f8c1c7aa67ceade789b3cdace84beaaf64862e027b9de69cc0537d4a5"",""document_id"":""techqa-doc:corpus/swg21631559.txt"",""filename"":""swg21631559.txt"",""rank"":2,""text"":""8 environment search templates needs to be converted when using Workplace XT. RESOLVING THE PROBLEM Search templates created when P8 was using LCSE Verity need to be converted when LCSE no longer is in the environment. Using Workplace XT if you check out a current search template, then check it back again it should ask you if you want to convert it, to using IBM Content Search Services, to which you select Yes. AE Workplace works a little different in that it does not ask you this. Using AE Workplace in order to update the search templates the following can be done; - Check out search template and remove the content criteria - Check in the search template - Check it out again and re-add the content criteria then check it back in References: Content-based retrieval Scenarios for Workplace XT IBM Legacy Content Search Engine and IBM Content Search Services http://www-01.ibm.com/support/docview.wss?uid=swg27021927 [http://www-01.ibm.com/support/docview.wss?ui""},{""char_end"":544,""char_start"":0,""chunk_id"":""a6353b37fc6b15fc3c9d71037d7edba841f0accb2a851600f86dce5944f4bedc"",""document_id"":""techqa-doc:corpus/swg1IO22899.txt"",""filename"":""swg1IO22899.txt"",""rank"":3,""text"":""Title: IBM IO22899: IBM CONTENT NAVIGATOR FOR MS OFFICE FAILS TO APPLY CHANGES TO SEARCH TEMPLATES DEFINED IN WORKPLACE XT - United States Text: DIRECT LINKS TO FIXES 2.0.3-ICN-FP003-zLINUX [http://www.ibm.com/support/fixcentral/quickorder?product=ibm%2FOther+software%2FContent+Navigator&fixids=2.0.3-ICN-FP003-zLINUX&source=SAR] 2.0.3-NMO-FP003-WIN [http://www.ibm.com/support/fixcentral/quickorder?product=ibm%2FOther+software%2FContent+Navigator&fixids=2.0.3-NMO-FP003-WIN&source=SAR] 2.0.3-ICN-FP003-WIN [http://www.ibm.com/support/fixcent""},{""char_end"":1070,""char_start"":0,""chunk_id"":""bdbf70a4cf45f12f481454cad95be4ab9f00162baae02406beaa78adb5f8ea65"",""document_id"":""techqa-doc:corpus/swg21974687.txt"",""filename"":""swg21974687.txt"",""rank"":4,""text"":""Title: IBM eForms support with IBM Content Navigator - United States Text: eForm; Workplace; Content Navigator TECHNOTE (FAQ) QUESTION How are eForms supported in ICN? ANSWER The IBM Content Navigator Workplace XT Integration Support plug-in is designed to support the opening of Workplace XT eForm objects which include form policies, form data and form templates. The plug-in allows a user to interact directly with Workplace XT eForm objects in ICN and open them in Workplace XT using addressable URLs. An eForm object is opened by invoking the Open action from the eForm object directly. Launching workflows with eForm policy data in IBM Content Navigator can be performed by opening the eForm workflow policy directly (which will redirect it to the Workplace XT eForm policy code using the Workplace XT Integration Support plug-in), instead of launching from an ICN workflow definition. IBM recommends eForm users interact with eForm objects directly to utilize the functionality provided in the IBM Content Navigator Workplace XT Integration Support plug-in. If it""},{""char_end"":497,""char_start"":0,""chunk_id"":""3680bd09a5b0a326a15c841832ac9bd38179f69936fd7d566b01732890815cc5"",""document_id"":""techqa-doc:corpus/swg21959041.txt"",""filename"":""swg21959041.txt"",""rank"":5,""text"":""Title: IBM Do IBM content Navigator and Workplace XT support VMware ESXi 5.5 and future versions as Hypervisors? - United States Text: ICN; Workplace XT; VMware ESX 5.5; Hypervisor TECHNOTE (FAQ) QUESTION Do IBM content Navigator[ICN]and Workplace XT support VMware ESXi 5.5 and future versions as Hypervisor? CAUSE N/A ANSWER ICN 2.0.3 Fix Pack3 and Workplace XT 1.1.5.2 together with each further releases support VMware ESXi 5.5 and future versions. The compatibility report is not updated yet.""}]",phase03-sufficiency-annotation-v1,f2fe3f7f29b834d78fd7c79bf4d4a94faee43c658d89c48e386854123066802b,human_annotator_1,sufficient,Rank-1 full chunk contains the reference sentence: XT search templates supported in ICN but cannot be edited in ICN.,2026-08-25T01:37:00+05:30
phase03-annotation-blinded-v1,c6be6984ac3781bcb33019eb4e77c48b048e4dbf5849c4f3e11f7262cc92114e,26,DEV_Q290,validation,bm25,5,"Is using a monitored JBoss server with ITCAM supported in a Windows Service?

Is using a monitored JBoss server with ITCAM supported in a Windows Service? ",answerable_with_reference,The JBoss service is not available to run as a Windows service when configured with the ITCAM for J2EE agent/DC because this involves changes to the JBoss native connector files and this is currently not supported.,"[{""char_end"":912,""char_start"":0,""chunk_id"":""1e9f5fb3d0ea8b199db68b0d6310c559f19e86509e00a75862632c6c8eb01e3b"",""document_id"":""techqa-doc:corpus/swg21967756.txt"",""filename"":""swg21967756.txt"",""rank"":1,""text"":""Title: IBM Is using a monitored JBoss Application Server with ITCAM for J2EE supported in a Windows service? - United States Text: J2EE JBoss server Windows service LA2 fix TECHNOTE (FAQ) THIS DOCUMENT APPLIES ONLY TO THE FOLLOWING LANGUAGE VERSION(S): US English QUESTION Is using a monitored JBoss Application Server with ITCAM for J2EE supported in a Windows service? ANSWER When you configure the JBoss Application Service to run as a Windows service, you will download the JBoss native connectors [http://jbossweb.jboss.org/downloads/jboss-native-2-0-10] and modify the service.bat file. The JBoss service is not available to run as a Windows service when configured with the ITCAM for J2EE agent/DC because this involves changes to the JBoss native connector files and this is currently not supported. Additionally, there's no option to specify the Service name when configuring the JBoss server during the""},{""char_end"":1436,""char_start"":685,""chunk_id"":""bfb53a3a0cefe71c33c0b58c9897835a47c40d503c804a89627968cd300b49ca"",""document_id"":""techqa-doc:corpus/swg21981319.txt"",""filename"":""swg21981319.txt"",""rank"":2,""text"":""not been started 10:16:44,506 INFO [org.jboss.as] (MSC service thread 1-4) JBAS015950: JBoss EAP 6.1.0.GA (AS 7.2.0.Final-redhat-8) stopped in 85ms CAUSE Running a non-supported version of Java. for your application server. DIAGNOSING THE PROBLEM The application server's ( jboss-eap-6.1 in this case)' server. log contains a message showing which version of Java is used eg \""java.runtime.version = 1.8.0_73-b02\"" . The CADS configuration log engine.log shows \""All operations completed successfully\"" and contains no errors. RESOLVING THE PROBLEM Ensure you have a supported version of Java running for your application server. For example JBoss EAP 6.1.0 is not supported with Java 8. Jboss EAP 6.3.3 (supporting java 8) is not supported with CADS 6.0;""},{""char_end"":826,""char_start"":0,""chunk_id"":""d82dc59d298e689064e7a2ecd966ac1fa3f679f1e059724f29cd0f7080a27ad3"",""document_id"":""techqa-doc:corpus/swg21966304.txt"",""filename"":""swg21966304.txt"",""rank"":3,""text"":""Title: IBM Monitoring JBOSS AS 6 - United States Text: JBOSS6; CAMJ2ALL CAMJ2JBDC TECHNOTE (FAQ) QUESTION Is there a way to use ITCAM for J2EE to monitor JBOSS AS 6? ANSWER JBOSS AS 6 (not to be confused with JBOSS EAP 6.x family) is not supported by the native data collector (DC) provided by ITCAM for J2EE. You will not be able to successfully configure a JBOSS DC. However, you can consider an alternative option in order to get some basic monitoring for JBOSS: Configure DC by selecting J2SE data collector instead of JBOSS. In addition, after the standard configuration has been successfully completed, the following manual changes are needed: 1) For the JMX infrastracture to initialize correctly, please add two JVM options to your JBOSS startup script: -Djboss.platform.mbeanserver -Djavax.management.builder.initial=""},{""char_end"":843,""char_start"":0,""chunk_id"":""fec3da9a91dc6971ec75b93efed3a75ad2c3906df12f0ed9f39fb513f7a7931b"",""document_id"":""techqa-doc:corpus/swg21385138.txt"",""filename"":""swg21385138.txt"",""rank"":4,""text"":""Title: IBM ITCAM for JBOSS DC uses Web Service listening port at startup - United States Text: ITCAMfJ2EE; JBOSS; Data Collector; firewall; CAMJ2ALL; CAMJ2JBDC TECHNOTE (TROUBLESHOOTING) PROBLEM(ABSTRACT) During the ITCAM for J2EE for JBOSS Data Collector startup, the Managing Server tries to connect to a port outside the 8200-8399 default range (typically to port 8083). Is this expected? SYMPTOM When starting the Data Collector with the JBOSS application server, the Managing Server tries to connect to the JBOSS RMI port 8083. If you have a firewall in between and port 8083 is not opened, the Data Collector will not join the kernel. RESOLVING THE PROBLEM Even though the datacollector.properties file contains the default entries: probe.rmi.port=8200-8299 probe.controller.rmi.port=8300-8399 and these ranges of ports are opened in the""},{""char_end"":594,""char_start"":0,""chunk_id"":""1d5c2c44936f6646ec81977aab66093801167b8f08bc40ba1c32a7d98f59358c"",""document_id"":""techqa-doc:corpus/swg21965198.txt"",""filename"":""swg21965198.txt"",""rank"":5,""text"":""Title: IBM ITCAM for J2EE 7.1.1 JBOSS: EJB - Web Applications Workspaces empty - United States Text: itcam j2ee jboss CAMJ2ALL CAMJ2TEPDATA CAMJ2AGENT TECHNOTE (TROUBLESHOOTING) PROBLEM(ABSTRACT) Cannot see the 'EJB - Web Applications Workspace' in our TEPS after configuring the ITCAM J2EE 7.1.1 JBOSS Agent RESOLVING THE PROBLEM 1. In the JBOSS startup script if you find the following java property please remove it and then restart the JBOSS server. -Dcom.sun.management.jmxremote 2. See if this property is there If not then add it. -Djboss.platform.mbeanserver PRODUCT ALIAS/SYNONYM itcam""}]",phase03-sufficiency-annotation-v1,f2fe3f7f29b834d78fd7c79bf4d4a94faee43c658d89c48e386854123066802b,human_annotator_1,sufficient,Rank-1 chunk contains the reference answer: JBoss cannot run as a Windows service with the ITCAM for J2EE agent because native connector file changes are unsupported.,2026-08-25T01:38:00+05:30
phase03-annotation-blinded-v1,605d5d6b8afbb0769fcc8ba3655b3e594e57b6f84bf42d3e6cc6d7397f9cf5d7,27,DEV_Q215,validation,dense,1,"When should I use conversation sharing in DataPower MQ queue managers?

MQ version 7.0 introduced a new feature, conversation sharing. Are there any special values on DataPower when configuring conversation sharing?",answerable_with_reference,"The default setting of sharing conversations (SHARECNV) value is zero in DataPower mq-qm object. The same default value for MQ SVRCONN channel is 10. The sharing conversations value is 
negotiated between MQ server and DataPower and the lower value takes effect. However, in current versions of the DataPower firmware, the sharing conversations setting of 1 is treated as 0 when negotiating with MQ server.","[{""char_end"":1017,""char_start"":0,""chunk_id"":""0a44a3b6424a83aca27523f948da1eeeb740728f381cb9786e10a5a2e8f12916"",""document_id"":""techqa-doc:corpus/swg21647231.txt"",""filename"":""swg21647231.txt"",""rank"":1,""text"":""Title: IBM When to enable Conversation Sharing in DataPower MQ Queue Manager (mq-qm) object - United States Text: TECHNOTE (TROUBLESHOOTING) PROBLEM(ABSTRACT) When to enable Sharing Conversations in DataPower MQ Queue Manager (mq-qm) object along with SHARECNV attribute of the MQ SVRCONN channel? RESOLVING THE PROBLEM IBM WebSphere MQ server version 7.0 and later releases provide sharing conversations (SHARECNV) attribute on SVRCONN channel that specifies the maximum number of conversations that can share each TCP/IP channel instance. This feature can be configured in DataPower as it uses client connection with queue manager SVRCONN channel. The default setting of sharing conversations (SHARECNV) value is zero in DataPower mq-qm object. The same default value for MQ SVRCONN channel is 10. The sharing conversations value is negotiated between MQ server and DataPower and the lower value takes effect. However, in current versions of the DataPower firmware, the sharing conversations setting of 1 is treated""}]",phase03-sufficiency-annotation-v1,f2fe3f7f29b834d78fd7c79bf4d4a94faee43c658d89c48e386854123066802b,human_annotator_1,sufficient,"Single chunk (swg21647231) contains defaults 0 vs 10, negotiation of the lower value, and the 1-treated-as-0 caveat (truncated mid-sentence but substance present).",2026-08-25T01:39:00+05:30
phase03-annotation-blinded-v1,2d52be16e05f4eefb4d9ce3c56f6216aa17d91c3eb9b6958f63cfeeeecda1494,28,TRAIN_Q441,train,hybrid,1,"How to serve static images from our HTTP Server instead of WebSphere 8.5 application?

How to serve static images from our HTTP Server instead of WebSphere 8.5 application?",answerable_with_reference,"If you want to serve any static files (JPG, GIF, CSS, JS, etc) from your web application in WAS, you must use fileServingEnabled=""true"" in the ibm-web-ext.xmi file. That will cause the plug-in to use a wildcard entry for the context-root of your web application.","[{""char_end"":871,""char_start"":0,""chunk_id"":""27254dbf987330135c773628c0994f8d0148affc0fc37f5b88c3536652f85335"",""document_id"":""techqa-doc:corpus/swg21508890.txt"",""filename"":""swg21508890.txt"",""rank"":1,""text"":""Title: IBM How to serve static files from both IBM HTTP Server and an application in WebSphere Application Server - United States Text: TECHNOTE (FAQ) QUESTION How can I configure IBM HTTP Server (IHS), and the IBM web server Plug-in, and my web application running in WebSphere Application Server (WAS), to serve some of my static files (JPG, GIF, CSS, JS, etc) from the IHS web server, but serve other static files from my web app running in WAS? CAUSE The \""fileServingEnabled\"" property in the ibm-web-ext.xmi file in the web application, is like an ON / OFF switch. A setting of fileServingEnabled=\""true\"" means that ALL static files will be served from the web application in WAS only. In this case, the plug-in config will use a wildcard with the application context-root like \""/myapp/*\"". That way every URL starting with /myapp/* will be routed to the application in""}]",phase03-sufficiency-annotation-v1,f2fe3f7f29b834d78fd7c79bf4d4a94faee43c658d89c48e386854123066802b,human_annotator_1,sufficient,Rank-1 technote directly addresses serving static files from IHS vs WAS and explains the fileServingEnabled switch in ibm-web-ext.xmi from the reference.,2026-08-25T01:40:00+05:30
phase03-annotation-blinded-v1,f26d9aea2df9152984c60435b59e9420c3dcbcb39d01bde05d27cbff3e183bdd,29,TRAIN_Q445,train,dense,3,"Why does IBM Datacap 8.1 appear to hang

Why does IBM Datacap 8.1 appear to hang, requiring a restart of all components http://ow.ly/yhjCg  #ibmecm",answerable_with_reference,"The cause is due to a malformed SQL query string. From the client perspective, it was reported to occur during logon via TMWeb, and Thick Client. Another case was from a user that was doing a Thick Client query. 

TMServer has an feature where it will retry any command that results in error, based on the settings in the registry. The settings reflect the number of retries to do and the time interval to wait. The default settings have a duration of 16 minutes, which gives the appearance that the TMServer has hung.","[{""char_end"":988,""char_start"":0,""chunk_id"":""632c94ca49ff937fe9b9822ab52f9efd95f8a5c446b999015233256919910d20"",""document_id"":""techqa-doc:corpus/swg21666402.txt"",""filename"":""swg21666402.txt"",""rank"":1,""text"":""Title: IBM Why does IBM Datacap 8.1 appear to hang, requiring a restart of all components? - United States Text: hang; non responsive; timeout; Admin retry; Engine retry TECHNOTE (TROUBLESHOOTING) PROBLEM(ABSTRACT) Why does IBM Datacap appear to hang, requiring a restart of all components? SYMPTOM The Datacap system appears to become non-responsive, requiring a restart of all components to get it working again. CAUSE The cause is due to a malformed SQL query string. From the client perspective, it was reported to occur during logon via TMWeb, and Thick Client. Another case was from a user that was doing a Thick Client query. TMServer has an feature where it will retry any command that results in error, based on the settings in the registry. The settings reflect the number of retries to do and the time interval to wait. The default settings have a duration of 16 minutes, which gives the appearance that the TMServer has hung. DIAGNOSING THE PROBLEM Collect and examine the TMS""},{""char_end"":1439,""char_start"":717,""chunk_id"":""8c5df602026adc385497d047eba29b35bd48ce173203776d872f940390742e31"",""document_id"":""techqa-doc:corpus/swg24040998.txt"",""filename"":""swg24040998.txt"",""rank"":2,""text"":""0. 5. Select Platform: All and click Continue. 6. Select Browse for fixes and click Continue. 7. Select the feature pack, click Continue. 8. Sign in with your IBM ID and Password, then click Submit. 9. Download the package. For a list of resolved problems, see the \""Issues fixed in IBM Datacap 9.0 Feature Pack 3\"" topic in the feature pack readme: http://www.ibm.com/support/docview.wss?uid=swg27046433 [http://www.ibm.com/support/docview.wss?uid=swg27046433] INSTALLATION INSTRUCTIONS You can find instructions for installing IBM Datacap in IBM Knowledge Center: URL LANGUAGE SIZE(Bytes) IBM Datacap documentation [http://www.ibm.com/support/knowledgecenter/SSZRWV_9.0.0/com.ibm.datacaptoc.doc/datacap_9.0.0.htm ] English""},{""char_end"":721,""char_start"":0,""chunk_id"":""a7a3c7fef3f7ba8f6ade344e54cd57a909b70818ae1114772f3778365ec4f00a"",""document_id"":""techqa-doc:corpus/swg27050718.txt"",""filename"":""swg27050718.txt"",""rank"":3,""text"":""Title: IBM® Datacap Version 9.1.3 Interim Fix 001 readme file - United States Text: PRODUCT README ABSTRACT This readme file contains information about installation of the interim fix and about known problems, restrictions, and solutions in support of IBM® Datacap Version 9.1.3. CONTENT Note: To view other versions of IBM Datacap 9.1.3 Interim Fixes readme files, click the respective tab: LINKS TO IBM DATACAP 9.1.3 INTERIM FIXES LIBRARY DOCUMENTS * Version 9.1.3 Interim Fix 1 [http://www-01.ibm.com/support/docview.wss?uid=swg27050718] - selected tab, * * * Version 9.1.3 Interim Fix 2 [http://www-01.ibm.com/support/docview.wss?uid=swg27050766] * Version 9.1.3 Interim Fix 3 [http://www-01.ibm.com/support/docview.w""}]",phase03-sufficiency-annotation-v1,f2fe3f7f29b834d78fd7c79bf4d4a94faee43c658d89c48e386854123066802b,human_annotator_1,sufficient,Rank-1 chunk contains the reference answer verbatim: malformed SQL query plus TMServer retry settings cause the apparent hang.,2026-08-25T01:41:00+05:30
phase03-annotation-blinded-v1,3d883d14ef5ee1bb1af597bb15c689115d87319e488c92b902e80ec76fccb880,30,DEV_Q160,validation,hybrid,1,"How to increase the HTTP Session time-out value for Workplace application on WebSphere Application Server?

We would like to increase the HTTP Session time-out value for our Workplace application. Where are all the locations that this value is set and what are their precedence? ",answerable_with_reference,"The HTTP Session time-out can be set in the following places:

    From the Administrative Console at the server, Enterprise application, and Web application levels
    At the time when the application is packaged
    In the application code","[{""char_end"":1063,""char_start"":0,""chunk_id"":""8131c993cf7fd1f45a853a3f8f0812d686b98e3cf8352abb933cdb9f09c997fb"",""document_id"":""techqa-doc:corpus/swg21276751.txt"",""filename"":""swg21276751.txt"",""rank"":1,""text"":""Title: IBM Session time-out for the FileNet Workplace web application - United States Text: SESSION TIME-OUT WORKPLACE WEB CONTAINER TECHNOTE (TROUBLESHOOTING) PROBLEM(ABSTRACT) Session time-out for the Filenet Workplace web application RESOLVING THE PROBLEM Workplace does not have a session time out value. It relies on the Application Server. IBM WebSphere 6.1 requires setting a time out value in two locations if your Application Engine and Content Engine are on two different Application Servers. 1. Login to the WebSphere Admin console 2. Go to Enterprise Applications 3. Workplace 4. Manage Modules 5. web_client.war 6. Session management 7. Check Override session management 8. Select Set time-out and enter a value in minutes. 9. Click the Apply button. And 1. Login to the WebSphere Admin console 2. Go to Security 3. Secure administration, applications, and infrastructure 4. Authentication mechanisms and expiration 5. Set the Time-out value for forwarded credentials between server to a value greater than what was set, Set time-out. For example 540""}]",phase03-sufficiency-annotation-v1,f2fe3f7f29b834d78fd7c79bf4d4a94faee43c658d89c48e386854123066802b,human_annotator_1,insufficient,"Single chunk shows one console path for setting the Workplace session timeout; the question asks for all locations and their precedence, and the reference list (console levels, packaging, code) is mostly absent.",2026-08-25T01:42:00+05:30
phase03-annotation-blinded-v1,70fa175ade30f421bc6839386b2045c2d01c2a3c6724c2de25114abdf30a76f8,31,DEV_Q237,train,hybrid,5,"Traffic across domains seems unexpected



I have two Multi-Protocol Gateways (MPGWs) configured, each in their own domain:

     Domain A
     MPGW_A
     FSH_A (1.2.3.4:443)
     Domain B
     MPGW_B
     FSH_B (0.0.0.0:443)

The FSH_B is disabled, thus MPGW_B cannot take traffic. However, if I modify the config for MPGW_B (i.e. just change a Stylesheet parameter) the traffic goes to MPGW_B somehow. How is this happening? FSH_B is still disabled.",benchmark_impossible_no_reference,,"[{""char_end"":1065,""char_start"":0,""chunk_id"":""f241281efd6b0188a86f70a85b4238905b203d5a8021323ff31dd0787fa54f36"",""document_id"":""techqa-doc:corpus/swg22001012.txt"",""filename"":""swg22001012.txt"",""rank"":1,""text"":""Title: IBM QRadar: Flows do not match expected traffic directions - United States Text: R2R; L2R; L2L; flows; direction; qflow; missing; miscategorized; domains; tenantcy; multi-tenancy TECHNOTE (TROUBLESHOOTING) PROBLEM(ABSTRACT) After adding a flow processor to deployment, flows that are received do not have the expected directions. This might result in traffic that is expected as being Local instead appearing as Remote. SYMPTOM After a flow processor is added, flows are received but their direction does not match the expected results. IP Ranges might appear as remote even if they are configured in your network hierarchy. CAUSE When your deployment includes non-default domains, your network hierarchy can have non-default domain configurations. If the added flow collector is not assigned to the same domain as the IP range in question, that IP range will be recognized as a remote network. DIAGNOSING THE PROBLEM You can verify the domain configuration of the IP range in question by going to the following location on the QRadar User Interface: Admin >""},{""char_end"":956,""char_start"":0,""chunk_id"":""1121689c13617a4151e9aad90252b62f39e330e0f452b413c6748e135138f4f0"",""document_id"":""techqa-doc:corpus/swg21642185.txt"",""filename"":""swg21642185.txt"",""rank"":2,""text"":""Title: IBM Multi-Protocol Gateway (MPGW) with XPath Routing Map configured in the Routing Action is not supported for MQ-to-HTTPS traffic pattern - United States Text: MQ; HTTPS; MPGW; XPATH; ROUTING TECHNOTE (TROUBLESHOOTING) PROBLEM(ABSTRACT) MPGW using Route Action with selection method as \""use XPath to select Destination\"" and having the Routing Map object will not work for MQ to HTTPS. This may cause unexpected behavior when the traffic pattern is incorrectly set to MQ-to_HTTPS. SYMPTOM Unexpected behavior when using Routing Map, XPath, and MQ-to-HTTPS traffic. CAUSE When MPGW service uses a Routing Action with selection method as \""Use XPath to select Destination\"" and having the Routing Map object configured, it uses <dp:set-target> extension element with its associated host and port attributes. Since the front side protocol is non-HTTP, it does not set those values for the \""var://service/routing-url\"" routing variable correctly. Hence the""},{""char_end"":1571,""char_start"":711,""chunk_id"":""71f07892b4997c30b3850c74227ff6c76cf4bbfe49cbd4c90d691f9fed7a7bac"",""document_id"":""techqa-doc:corpus/swg1IY47581.txt"",""filename"":""swg1IY47581.txt"",""rank"":3,""text"":""domain. However, even when we enable the domain fialover cookies option, it's always www.qaavantage.ca. . I was able to get this to work fine on my AIX box, but I couldn't get my Win2k one to work properly to test. . We installed FP05 and still no difference. I suepect one of 2 things at this point.... . - There's a problem with the windows version of webseal with th domain failover cookie option. . or . - from http://wp.netscape.com/newsref/std/cookie_spec.html we find the following requirement... . domain=DOMAIN_NAME When searching the cookie list for valid cookies, a comparison of the domain attributes of the cookie is made with the Internet domain name of the host from which the URL will be fetched. If there is a tail match, then the cookie will go through path matching to see if it should be sent. \""Tail matching\"" means that domain attribute is""},{""char_end"":1767,""char_start"":881,""chunk_id"":""c2401541fc24c95277d2a1fcc81b173a098f66cdab0872eea8f07b7ef229dbcf"",""document_id"":""techqa-doc:corpus/swg21417934.txt"",""filename"":""swg21417934.txt"",""rank"":4,""text"":""sable persistent connection in the front side handler of MPGW B. This will ONLY affect the connections between these two chained services and not external connections. An example of the condition that we want to avoid would be similar to this: [/support/docview.wss?uid=swg21417934&amp;aid=1] Where MPGW A is the client and MPGW B is the server. If MPGW determines that the persistent connection should be closed while MPGW A is sending another request the winner will be the close issued by MPGW B. This would result in MPGW A throwing an failure. Preventing the inherent race condition of HTTP persistent connection reuse and any network errors that would result is the main goal. If you do not believe this is the source of the error please collect the following data for further investigation: http://www-01.ibm.com/support/docview.wss?uid=swg21407324 [http://www-01.ibm.com/support""},{""char_end"":1015,""char_start"":0,""chunk_id"":""efd02a7b5664ecef1129062ffb9dd631a6ae4fa1192560f944906d81a306294f"",""document_id"":""techqa-doc:corpus/swg21267268.txt"",""filename"":""swg21267268.txt"",""rank"":5,""text"":""Title: IBM How to cross certify domains in only one direction - United States Text: cross; certification; one-way; direction; domain; multiple; access; replication; server; certify TECHNOTE (TROUBLESHOOTING) PROBLEM You have two domains and you only want user traffic to work in one direction between the domains. How do you cross certify domains in only one direction? RESOLVING THE PROBLEM How you set up cross-certification for this depends on what you would be using it for. If you are setting this up strictly for user access, one-way cross-certification would work great. If you want to be able to replicate, it is more complicated. For example, you have two domains, Domain A and Domain B, and the goal is to allow Domain A access to Domain B, but not allow Domain B access to Domain A. To use this for user access: * To also replicate: * * 2. On your Domain A server create a cross certificate for your Domain A organization to your Domain B organization. * 3. On your Domain A server in the Server Document""}]",phase03-sufficiency-annotation-v1,f2fe3f7f29b834d78fd7c79bf4d4a94faee43c658d89c48e386854123066802b,human_annotator_1,insufficient,"No chunk addresses the DataPower cross-domain MPGW listener behaviour described; retrieved chunks cover QRadar flows, XPath routing, persistent connections, and unrelated domain topics.",2026-08-25T01:43:00+05:30
phase03-annotation-blinded-v1,b432f06ceda6cecbedbfc945a27e7f69396b0e0c7f5ea7573fc0e1bcb4fa685b,32,DEV_Q082,train,dense,3,"Help with Security Bulletin: IIB is affected by Web UI security vulnerability (CVE-2017-1694)

I need to understand details regarding Security Bulletin: IBM Integration Bus is affected by Web UI security vulnerability (CVE-2017-1694). Where can I find this information? ",answerable_with_reference,"CVEID: CVE-2017-1694 [http://cve.mitre.org/cgi-bin/cvename.cgi?name=CVE-2017-1694]
DESCRIPTION: IBM Integration Bus transmits user credentials in plain in clear text which can be read by an attacker using man in the middle techniques.
CVSS Base Score: 5.9
CVSS Temporal Score: See https://exchange.xforce.ibmcloud.com/vulnerabilities/134165 [https://exchange.xforce.ibmcloud.com/vulnerabilities/134165] for the current score
CVSS Environmental Score*: Undefined
CVSS Vector: (CVSS:3.0/AV:N/AC:H/PR:N/UI:N/S:U/C:H/I:N/A:N)","[{""char_end"":508,""char_start"":0,""chunk_id"":""377e3656db15b47d7b7706dc2ea7238fbcb07bec08740e732f4bbb84a760cf70"",""document_id"":""techqa-doc:corpus/swg22012039.txt"",""filename"":""swg22012039.txt"",""rank"":1,""text"":""Title: IBM 【セキュリティ情報】IBM Integration Bus Web UI セキュリティの脆弱性 (CVE-2017-1694) - United States Text: SECURITY BULLETIN SUMMARY IBM Integration Busは以下の脆弱性に対処しました。(CVE-2017-1694) VULNERABILITY DETAILS 最新の情報については、下記URLの文書(英語)をご参照ください。 Security Bulletin: IBM Integration Bus is affected by Web UI security vulnerability (CVE-2017-1694) http://www-01.ibm.com/support/docview.wss?uid=swg22011695 [http://www-01.ibm.com/support/docview.wss?uid=swg22011695] CVEID: CVE-2017-1694 [http://cve.mitre.org/cgi-bin/cvename.cgi""},{""char_end"":969,""char_start"":0,""chunk_id"":""65b7837a5d2ab08756f6495783cc84a08dcf7d016bdd677ddb1b15eb6f5fd3c5"",""document_id"":""techqa-doc:corpus/swg22000518.txt"",""filename"":""swg22000518.txt"",""rank"":2,""text"":""Title: IBM Security Bulletin: A security vulnerability has been identified in IBM WebSphere Application Server shipped with Tivoli Netcool/OMNIbus WebGUI (CVE-2017-1151) - United States Text: SECURITY BULLETIN SUMMARY Websphere Application Server (WAS) is shipped as a component of Tivoli Netcool/OMNIbus WebGUI. Information about a security vulnerability affecting WAS has been published in a security bulletin. VULNERABILITY DETAILS Please consult the security bulletin Privilege Escalation Vulnerability in WebSphere Application Server (CVE-2017-1151) [http://www.ibm.com/support/docview.wss?uid=swg21999293] for vulnerability details and information about fixes. AFFECTED PRODUCTS AND VERSIONS Principal Product and Version(s) Affected Supporting Product and Version WebGUI 8.1.0 GA and FP Websphere Application Server 8.5 GET NOTIFIED ABOUT FUTURE SECURITY BULLETINS Subscribe to My Notifications [ http://www-01.ibm.com/software/support/einfo.html] to be notified""},{""char_end"":574,""char_start"":0,""chunk_id"":""9b71dd57af235070c97d5e06a3a9d2913a00a5098b8d118c1e3746e175173eb9"",""document_id"":""techqa-doc:corpus/swg22009319.txt"",""filename"":""swg22009319.txt"",""rank"":3,""text"":""Title: IBM 【セキュリティ情報】: WebSphere Message Broker と IBM Integration Bus 情報漏えいの脆弱性(CVE-2017-1126) - United States Text: SECURITY BULLETIN SUMMARY IBM Integration Bus と WebSphere Message Broker に権限のないユーザーがソフトウェアバージョンなどの情報を得てしまう情報漏えいのセキュリティ脆弱性が見つかりました。 VULNERABILITY DETAILS 最新の情報については、下記URLの文書(英語)をご参照ください。 WebSphere Message Broker and IBM Integration Bus are affected by information disclosure vulnerability(CVE-2017-1126) http://www-01.ibm.com/support/docview.wss?uid=swg22008470 [http://www-01.ibm.com/support/docview.wss?uid=swg22008470] CVEID: CVE-2017-1126 DESCRIPTION:IBM""}]",phase03-sufficiency-annotation-v1,f2fe3f7f29b834d78fd7c79bf4d4a94faee43c658d89c48e386854123066802b,human_annotator_1,insufficient,Rank-1 is the Japanese pointer bulletin for CVE-2017-1694 linking to the English doc; the vulnerability description and CVSS details in the reference are not in the retrieved text.,2026-08-25T01:44:00+05:30
phase03-annotation-blinded-v1,24a8b43718d1936884f10acb2be6046cce03e47027dc4b64da03f1a552d6b313,33,TRAIN_Q400,train,dense,5,"Security Bulletin: IBM MQ termination of a client application causes denial of service (CVE-2017-1235)

I need to understand details regarding Security Bulletin: IBM MQ termination of a client application causes denial of service (CVE-2017-1235). Where can I find this information?
",answerable_with_reference,"CVEID: CVE-2017-1235 [http://cve.mitre.org/cgi-bin/cvename.cgi?name=CVE-2017-1235]
DESCRIPTION: IBM MQ could allow an authenticated user to cause a premature termination of a client application thread, which could potentially cause denial of service.
CVSS Base Score: 3.1
CVSS Temporal Score: See https://exchange.xforce.ibmcloud.com/vulnerabilities/123914 [https://exchange.xforce.ibmcloud.com/vulnerabilities/123914] for the current score
CVSS Environmental Score*: Undefined
CVSS Vector: (CVSS:3.0/AV:N/AC:H/PR:L/UI:N/S:U/C:N/I:N/A:L)","[{""char_end"":818,""char_start"":0,""chunk_id"":""eaf7ec80680f7c31dfce991786ccac87218453d7a55df1b204d2f92531086023"",""document_id"":""techqa-doc:corpus/swg22005415.txt"",""filename"":""swg22005415.txt"",""rank"":1,""text"":""Title: IBM Security Bulletin: IBM MQ termination of a client application causes denial of service (CVE-2017-1235) - United States Text: SECURITY BULLETIN SUMMARY Termination during an MQGET call of a client application running on a channel with SHARECNV=1, could cause a SIGSEGV and termination of the channel agent process. VULNERABILITY DETAILS CVEID: CVE-2017-1235 [http://cve.mitre.org/cgi-bin/cvename.cgi?name=CVE-2017-1235] DESCRIPTION: IBM MQ could allow an authenticated user to cause a premature termination of a client application thread, which could potentially cause denial of service. CVSS Base Score: 3.1 CVSS Temporal Score: See https://exchange.xforce.ibmcloud.com/vulnerabilities/123914 [https://exchange.xforce.ibmcloud.com/vulnerabilities/123914] for the current score CVSS Environmental Score*: Und""},{""char_end"":494,""char_start"":0,""chunk_id"":""6e82c41b6781dd7a7638ee71e674d4a595d602a9716562e658f11fea44301c3f"",""document_id"":""techqa-doc:corpus/swg21999376.txt"",""filename"":""swg21999376.txt"",""rank"":2,""text"":""Title: IBM Security Bulletin: 不正なHTTPリクエストによる IBM WebSphere MQ MQXRリスナーへのDoSの脆弱性 (CVE-2016-8986) - United States Text: SECURITY BULLETIN SUMMARY 不正なHTTPリクエストによる IBM WebSphere MQ MQXRリスナーへのDoSの脆弱性が報告されました。 最新の情報については下記の文書(英語)をご参照ください。 Security Bulletin: IBM WebSphere MQ invalid requests cause denial of service to MQXR listener (CVE-2016-8986) http://www.ibm.com/support/docview.wss?uid=swg21998648 [http://www.ibm.com/support/docview.wss?uid=swg21998648] VULNERABILITY DETAILS CVEID: CVE-2016-""},{""char_end"":833,""char_start"":0,""chunk_id"":""9b1390cce38d915f108857ba829b6c8ab65eb2465b0ead5e98d25ac4dfeb665d"",""document_id"":""techqa-doc:corpus/swg21999672.txt"",""filename"":""swg21999672.txt"",""rank"":3,""text"":""Title: IBM Security Bulletin: IBM WebSphere MQ and IBM MQ Appliance proliferation of channel agents causes denial of service (CVE-2017-1145) - United States Text: SECURITY BULLETIN SUMMARY Threaded channel agents (amqrmppa) might not terminate when they are no longer required. This can lead to a denial of service through exhausting server resources. VULNERABILITY DETAILS CVEID: CVE-2017-1145 [http://cve.mitre.org/cgi-bin/cvename.cgi?name=CVE-2017-1145] DESCRIPTION: IBM WebSphere MQ does not properly terminate channel agents when they are no longer needed which could allow a user to cause a denial of service through resource exhaustion. CVSS Base Score: 8.6 CVSS Temporal Score: See https://exchange.xforce.ibmcloud.com/vulnerabilities/122198 [https://exchange.xforce.ibmcloud.com/vulnerabilities/122198] for the current score""},{""char_end"":485,""char_start"":0,""chunk_id"":""ed921f3d3d478f11da2ca6de0f0ab3b318dceced5b16eafecdd9a8feae92ba00"",""document_id"":""techqa-doc:corpus/swg21999833.txt"",""filename"":""swg21999833.txt"",""rank"":4,""text"":""Title: IBM Security Bulletin: IBM WebSphere MQ Channelのデータ変換が拒否されてしまう (CVE-2016-3013) - United States Text: SECURITY BULLETIN SUMMARY メッセージチャネルエージェント(MCA)がキューから大きなメッセージを取得してデータ変換をすると、バッファオーバーフローが起きてチャネルが異常終了する可能性があります。 最新の情報については下記の文書(英語)をご参照ください。 Security Bulletin: IBM WebSphere MQ Channel data conversion denial of service (CVE-2016-3013) http://www.ibm.com/support/docview.wss?uid=swg21998661 [http://www.ibm.com/support/docview.wss?uid=swg21998661] VULNERABILITY DETAILS CVEID: CV""},{""char_end"":896,""char_start"":0,""chunk_id"":""b3ce825f472ecbe00cb8179284a8d5ad5addb626fdb0345d78f4d075d8acc7f2"",""document_id"":""techqa-doc:corpus/swg22004378.txt"",""filename"":""swg22004378.txt"",""rank"":5,""text"":""Title: IBM Security Bulletin: IBM MQ is affected by a potential denial of service to channel processes (CVE-2017-1557) - United States Text: SECURITY BULLETIN SUMMARY An IBM MQ application with authority to connect to a remote queue manager could send a malicious request that could cause undefined behaviour within the channel process servicing that connection, including a loss of service for other connections being serviced by the same channel process. VULNERABILITY DETAILS CVEID:CVE-2017-1557 [http://cve.mitre.org/cgi-bin/cvename.cgi?name=CVE-2017-1557] DESCRIPTION:IBM MQ could allow an authenticated user with authority to send a specially crafted request that could cause a channel process to cease processing further requests. CVSS Base Score: 4.3 CVSS Temporal Score: Seehttps://exchange.xforce.ibmcloud.com/vulnerabilities/131547 [https://exchange.xforce.ibmcloud.com/vulnerabilities""}]",phase03-sufficiency-annotation-v1,f2fe3f7f29b834d78fd7c79bf4d4a94faee43c658d89c48e386854123066802b,human_annotator_1,sufficient,Rank-1 is the exact bulletin (swg22005415) with the CVE-2017-1235 description from the reference.,2026-08-25T01:45:00+05:30
phase03-annotation-blinded-v1,07c34cefe2740d1f388d6763b9fa3de006a8663d425a280678d1a5c209cc1fa2,34,TRAIN_Q321,train,hybrid,5,"Security Bulletin: Multiple vulnerabilities in IBM Java Runtime affect API Connect

I need to understand details regarding Security Bulletin: Multiple vulnerabilities in IBM Java Runtime affect API Connect (CVE-2017-10115, CVE-2017-10116). Where can I find this information?",answerable_with_reference,"CVEID: CVE-2017-10115 [http://cve.mitre.org/cgi-bin/cvename.cgi?name=CVE-2017-10115]
DESCRIPTION: An unspecified vulnerability in Oracle Java SE related to the Java SE, Java SE Embedded, JRockit JCE component could allow an unauthenticated attacker to obtain sensitive information resulting in a high confidentiality impact using unknown attack vectors.
CVSS Base Score: 7.5
CVSS Temporal Score: See https://exchange.xforce.ibmcloud.com/vulnerabilities/128876 [https://exchange.xforce.ibmcloud.com/vulnerabilities/128876] for the current score
CVSS Environmental Score*: Undefined
CVSS Vector: (CVSS:3.0/AV:N/AC:L/PR:N/UI:N/S:U/C:H/I:N/A:N) 

CVEID: CVE-2017-10116 [http://cve.mitre.org/cgi-bin/cvename.cgi?name=CVE-2017-10116]
DESCRIPTION: An unspecified vulnerability in Oracle Java SE related to the Java SE, Java SE Embedded, JRockit Security component could allow an unauthenticated attacker to take control of the system.
CVSS Base Score: 8.3
CVSS Temporal Score: See https://exchange.xforce.ibmcloud.com/vulnerabilities/128877 [https://exchange.xforce.ibmcloud.com/vulnerabilities/128877] for the current score
CVSS Environmental Score*: Undefined
CVSS Vector: (CVSS:3.0/AV:N/AC:H/PR:N/UI:R/S:C/C:H/I:H/A:H)","[{""char_end"":856,""char_start"":0,""chunk_id"":""337ca2300070698c6d710bd6ad409eec268d0a116ab3a703354a60043b80b20a"",""document_id"":""techqa-doc:corpus/swg22008382.txt"",""filename"":""swg22008382.txt"",""rank"":1,""text"":""Title: IBM Security Bulletin: Multiple vulnerabilities in IBM Java Runtime affect API Connect - United States Text: SECURITY BULLETIN SUMMARY There are multiple vulnerabilities in IBM® Runtime Environment JavaTM used by IBM API Connect. These issues were disclosed as part of the IBM Java SDK updates in July 2017. VULNERABILITY DETAILS CVEID: CVE-2017-10115 [http://cve.mitre.org/cgi-bin/cvename.cgi?name=CVE-2017-10115] DESCRIPTION: An unspecified vulnerability in Oracle Java SE related to the Java SE, Java SE Embedded, JRockit JCE component could allow an unauthenticated attacker to obtain sensitive information resulting in a high confidentiality impact using unknown attack vectors. CVSS Base Score: 7.5 CVSS Temporal Score: See https://exchange.xforce.ibmcloud.com/vulnerabilities/128876 [https://exchange.xforce.ibmcloud.com/vulnerabilities/12887""},{""char_end"":844,""char_start"":0,""chunk_id"":""7a516eb9eb2b5b7a01473df68328f4c836699acd5e84894833ab3d0877e1edc6"",""document_id"":""techqa-doc:corpus/swg22006126.txt"",""filename"":""swg22006126.txt"",""rank"":2,""text"":""Title: IBM Security Bulletin: Multiple vulnerabilities in IBM Java Runtime affect API Connect - United States Text: SECURITY BULLETIN SUMMARY There are multiple vulnerabilities in IBM® Runtime Environment JavaTM used by IBM API Connect. These issues were disclosed as part of the IBM Java SDK updates in January 2017 and April 2017. VULNERABILITY DETAILS CVEID: CVE-2016-5546 [http://cve.mitre.org/cgi-bin/cvename.cgi?name=CVE-2016-5546] DESCRIPTION: An unspecified vulnerability related to the Libraries component has no confidentiality impact, high integrity impact, and no availability impact. CVSS Base Score: 7.5 CVSS Temporal Score: See https://exchange.xforce.ibmcloud.com/vulnerabilities/120869 [https://exchange.xforce.ibmcloud.com/vulnerabilities/120869] for the current score CVSS Environmental Score*: Undefined CVSS Vector: (CVSS:3""},{""char_end"":865,""char_start"":0,""chunk_id"":""c23c966fb9ac07e3c7b7a37c3f2d0b85dbe846aed04258076c470192af292e26"",""document_id"":""techqa-doc:corpus/swg22000443.txt"",""filename"":""swg22000443.txt"",""rank"":3,""text"":""Title: IBM Security Bulletin: Multiple vulnerabilities in IBM Java Runtime affect IBM Mobile Connect (CVE-2017-3272,CVE-2017-5548,CVE-2017-3261,CVE-2017-3231,CVE-2016-2183) - United States Text: SECURITY BULLETIN SUMMARY There are multiple vulnerabilities in IBM® Runtime Environment JavaTM Version 7 used by IBM Mobile Connect. IBM Mobile Connect has addressed the applicable CVEs. VULNERABILITY DETAILS If you run your own Java code using the IBM Java Runtime delivered with this product, you should evaluate your code to determine whether the complete list of vulnerabilities are applicable to your code. For a complete list of vulnerabilities please refer to the link for “IBM Java SDK Security Bulletin\"" located in the “References” section for more information. Relevant CVE Information: CVEID: CVE-2017-3272 [http://cve.mitre.org/cgi-bin/cvename.cgi?name=CVE-""},{""char_end"":971,""char_start"":0,""chunk_id"":""0fc5cc1efdd2c3b2fba4cba933ffa648124e0d5c65c747afacf34c707851a1be"",""document_id"":""techqa-doc:corpus/swg21994236.txt"",""filename"":""swg21994236.txt"",""rank"":4,""text"":""Title: IBM Security Bulletin: Multiple vulnerabilities in IBM Java Runtime affect IBM Mobile Connect (CVE-2016-5597,CVE-2016-5542) - United States Text: SECURITY BULLETIN SUMMARY There are multiple vulnerabilities in IBM® Runtime Environment JavaTM Version 7 used by IBM Mobile Connect. IBM Mobile Connect has addressed the applicable CVEs. VULNERABILITY DETAILS If you run your own Java code using the IBM Java Runtime delivered with this product, you should evaluate your code to determine whether the complete list of vulnerabilities are applicable to your code. For a complete list of vulnerabilities, refer to the IBM Java SDK Security Bulletin, located in the References section for more information. CVEID: CVE-2016-5597 [http://cve.mitre.org/cgi-bin/cvename.cgi?name=CVE-2016-5597]DESCRIPTION: An unspecified vulnerability related to the Networking component could allow a remote attacker to obtain sensitive information resulting in a high confidentiality impact""},{""char_end"":975,""char_start"":0,""chunk_id"":""1d6ba8bc46c1ccf6dc31049491bf5076d1c95b87468db674dae0c2a10dc96ad5"",""document_id"":""techqa-doc:corpus/swg22007172.txt"",""filename"":""swg22007172.txt"",""rank"":5,""text"":""Title: IBM Security Bulletin: Multiple vulnerabilities in IBM Java SDK and IBM Java Runtime IBM affect IBM Decision Optimization Center and IBM ILOG ODM Enterprise - United States Text: SECURITY BULLETIN SUMMARY There are multiple vulnerabilities in IBM® SDK JavaTM and IBM® Runtime Environment JavaTM Versions 6 and 7 used by IBM Decision Optimization Center. These issues were disclosed as part of the IBM Java SDK updates in July 2017. VULNERABILITY DETAILS If you run your own Java code using the IBM Java Runtime delivered with this product, you should evaluate your code to determine whether the complete list of vulnerabilities are applicable to your code. For a complete list of vulnerabilities please refer to the link for “IBM Java SDK Security Bulletin\"" located in the “References” section for more information. CVEID: CVE-2017-10115 [http://cve.mitre.org/cgi-bin/cvename.cgi?name=CVE-2017-10115] DESCRIPTION: An unspecified vulnerability in Oracle Java SE related""}]",phase03-sufficiency-annotation-v1,f2fe3f7f29b834d78fd7c79bf4d4a94faee43c658d89c48e386854123066802b,human_annotator_1,sufficient,Rank-1 is the exact API Connect bulletin (swg22008382) containing the CVE-2017-10115 description from the reference.,2026-08-25T01:46:00+05:30
phase03-annotation-blinded-v1,e19ea76e30b8a569de505bda61572d9e2d9f17bce44656641f4b62f5de0880bf,35,TRAIN_Q082,validation,hybrid,1,"XGS 5.3.0.6: Is there a way to replicate an inspection object under the same policy repository?

Is there a way to replicate an inspection object under the same policy repository?",answerable_with_reference,You can now derive a new IPS object from an existing IPS object by right-clicking on an IPS object and left-clicking on Clone.,"[{""char_end"":5130,""char_start"":4034,""chunk_id"":""5f5e166db080530c49d9384d496060c78758253ac0165f959e687aae5374fb36"",""document_id"":""techqa-doc:corpus/swg21902773.txt"",""filename"":""swg21902773.txt"",""rank"":1,""text"":""default : 1. Highlight the custom repository in the Policy View > right click and chose Merge. 2. Once complete all of the custom IQNS/XGS policies should now be in the default repository. Notes: * You must ensure that the IPS inspection that is named policies are unique in the Intrusion prevention shared object policy as any duplicate IPS inspection objects that are found in the custom repository will be deleted by the merge. * Therefore, you can not merge a custom repository into another custom repository if you are not using the default repository that you can cannot use the ‘merge’ feature. Only option is to run the migration utility on that repository but only if does not contain any IQNS/XGS policies. If you already have IQNS/XGS policies in the custom repository the only other way of getting the policies to co-exist is to export each shared objects policy as a .xml file in both repositories, add the objects from one custom repository into the other xml file, and then import that policy back into custom repository of choice. You must do that for every shared objects policy.""}]",phase03-sufficiency-annotation-v1,f2fe3f7f29b834d78fd7c79bf4d4a94faee43c658d89c48e386854123066802b,human_annotator_1,insufficient,"Single chunk covers merging policy repositories, not the clone/derive operation for IPS inspection objects in the reference.",2026-08-25T01:47:00+05:30
phase03-annotation-blinded-v1,ac05b6b65f2adeeab7221bd6c5e4232c53ddb62c3db3de7eb9f17880cad27e16,36,TRAIN_Q556,validation,hybrid,5,"Does DB2 DBMS implement NIST FIPS 140-2 validated cryptographic modules to provision digital signatures?

Does DB2 DBMS implement NIST FIPS 140-2 validated cryptographic modules to provision digital signatures? If so, how can we utilize it?",answerable_with_reference,No because DB2 does not use session ids for authentication and thus not vulnerable to the attack described above. DB2 uses encryption modules which are FIPS 140-2 certified.,"[{""char_end"":1560,""char_start"":604,""chunk_id"":""6da670098aaf772fb7735083875eece96c30bf89d967da6ee8c767d7babb66f8"",""document_id"":""techqa-doc:corpus/swg21237078.txt"",""filename"":""swg21237078.txt"",""rank"":1,""text"":""ing guesses at Session IDs is the generation of unique session identifiers using a FIPS 140-2 approved random number generator. However, it is recognized that available DBMS products do not all implement the preferred technique yet may have other protections against session hijacking. Therefore, other techniques are acceptable, provided they are demonstrated to be effective. \"" A: No because DB2 does not use session ids for authentication and thus not vulnerable to the attack described above. DB2 uses encryption modules which are FIPS 140-2 certified. DB2 v8.x compliancy to FIPS 140-2 DB2 v8.x went out of support in April 2009. What is ICC? ICC (IBM Crypto for C) is a set of libraries from Tivoli® for performing encryption. As of DB2® Universal DatabaseTM (DB2 UDB) Version 8 fixpak 7 (equivalent to DB2 UDB Version 8.2), DB2 is using ICC on most platforms. Customers who need to operate in an environment that is compliant with FIPS 140-2 federal""},{""char_end"":844,""char_start"":0,""chunk_id"":""a71291649386669c0e56b93eb82fc44ea8dc66b75202326493cff3d67d46ffb7"",""document_id"":""techqa-doc:corpus/swg21237078.txt"",""filename"":""swg21237078.txt"",""rank"":2,""text"":""Title: IBM DB2 UDB Version 8, v10.5 compliance with FIPS 140-2 standard - United States Text: TECHNOTE (FAQ) QUESTION Is DB2 v8, v10.5 compliant to FIPS 140-2 ?. ANSWER Is DB2 v10.5 compliant with FIPS 140-2? Q: Is DB2 vulnerable to the problem described below? V-58165 DBMS main in the middle attack [https://www.stigviewer.com/stig/database_security_requirements_guide/2015-06-23/finding/V-58165] \""One class of man-in-the-middle, or session hijacking, attack involves the adversary guessing at valid session identifiers based on patterns in identifiers already known. The preferred technique for thwarting guesses at Session IDs is the generation of unique session identifiers using a FIPS 140-2 approved random number generator. However, it is recognized that available DBMS products do not all implement the preferred technique yet may have""},{""char_end"":956,""char_start"":0,""chunk_id"":""91d322e32193bcfb5927d243137f60be58f71d61495cf240718207f1e8e32e28"",""document_id"":""techqa-doc:corpus/swg21617590.txt"",""filename"":""swg21617590.txt"",""rank"":3,""text"":""Title: IBM The db2ssh tool and FIPS - United States Text: TECHNOTE (TROUBLESHOOTING) PROBLEM(ABSTRACT) The db2ssh tool is used to secure inter-node communication in DB2® pureScale® clusters. It uses cryptography to secure this communication. In environments where the use of cryptography must be FIPS 140 compliant, additional db2ssh configuration is required. SYMPTOM The db2ssh tool was introduced in DB2 Version 10.1 Fix Pack 2 and is applicable only to DB2 pureScale environments. The db2ssh tool uses cryptography to secure certain types of communication between members in a DB2 pureScale cluster. The cryptographic modules are capable of operating in a mode that strictly enforces FIPS 140 compliance (\""FIPS mode\""). Operating in FIPS mode can, in some circumstances, impose a performance penalty; therefore FIPS mode is not the default for db2ssh. In environments where strict FIPS 140 compliance is required, db2ssh can be configured for \""FIPS mode""},{""char_end"":1083,""char_start"":0,""chunk_id"":""c266ee9f3a6715556069d4363b27b9192ef2a48a8d4c9c7098880f42252b13d3"",""document_id"":""techqa-doc:corpus/swg21506167.txt"",""filename"":""swg21506167.txt"",""rank"":4,""text"":""Title: IBM Enabling FIPS 140-2 cryptography in the TEM environment - United States Text: 772; Configuring FIPS 140-2 enabling cryptography; googlebigfix TECHNOTE (TROUBLESHOOTING) PROBLEM(ABSTRACT) This technote explains how to set cryptographic functions throughout the TEM Platform. RESOLVING THE PROBLEM TEM uses cryptographic functions throughout the TEM Platform. The BigFix Cryptographic Module is used exclusively to perform these functions. For instance, every time an operator logs in to the TEM console, creates a new user, initiates an action, or subscribes to new content there are cryptographic operations performed by the module. This module has been certified by NIST as compliant with the FIPS 140-2 standard. Successful validation under the FIPS 140-2 standard means that these crucial software routines have received an exceptional level of scrutiny and testing by a government approved laboratory. FIPS 140-2 has four evaluation levels with Levels 1 and 2 applicable to software. TEM chose the more stringent Level 2 validation and was successfully certified on 12""},{""char_end"":1857,""char_start"":746,""chunk_id"":""24432d020f77d5f713e89efa0cd2629e747710e1b09d815f1a54c6c185431a7c"",""document_id"":""techqa-doc:corpus/swg21617590.txt"",""filename"":""swg21617590.txt"",""rank"":5,""text"":""can, in some circumstances, impose a performance penalty; therefore FIPS mode is not the default for db2ssh. In environments where strict FIPS 140 compliance is required, db2ssh can be configured for \""FIPS mode\"" by running the following command: /var/db2/db2ssh/db2locssh/db2locssh set_fips_mode on This command should be run on every host in the DB2 pureScale cluster. While the performance degradation associated with FIPS mode is normally negligible, certain combinations of hardware, operating system and DB2 levels can exhibit significant impact. For this reason, it is recommended that FIPS mode be enabled only for environments subject to regulatory or industry controls that demand FIPS 140 compliance. CAUSE Cryptographic modules operating in compliance with FIPS 140 assure operational correctness by implementing additional checks for certain operations. In particular, the statistical checks imposed on the pseudo-random number generation algorithms can be significantly more rigorous, resulting in additional performance overhead in certain situations. ENVIRONMENT DB2 pureScale environment on AIX®""}]",phase03-sufficiency-annotation-v1,f2fe3f7f29b834d78fd7c79bf4d4a94faee43c658d89c48e386854123066802b,human_annotator_1,sufficient,Rank-1 chunk contains the reference answer verbatim: DB2 does not use session ids and its encryption modules are FIPS 140-2 certified.,2026-08-25T01:48:00+05:30
phase03-annotation-blinded-v1,83897fa6f4262d11127b97b7d3aacb54f153c6cfbdaaca220294adede9ca884f,37,TRAIN_Q426,train,hybrid,10,"Help with Security Bulletin: IBM MQ Clients can send a specially crafted message that could cause a channel to SIGSEGV. (CVE-2017-1747)

I need to understand details regarding Security Bulletin: IBM MQ Clients can send a specially crafted message that could cause a channel to SIGSEGV. (CVE-2017-1747). Where can I find this information? ",answerable_with_reference,"CVEID: CVE-2017-1747 [http://cve.mitre.org/cgi-bin/cvename.cgi?name=CVE-2017-1747]
DESCRIPTION: A specially crafted message could cause a denial of service in an IBM MQ application consuming messages that the application needs to perform data conversion on.
CVSS Base Score: 5.3
CVSS Temporal Score: See https://exchange.xforce.ibmcloud.com/vulnerabilities/135520 [https://exchange.xforce.ibmcloud.com/vulnerabilities/135520] for the current score
CVSS Environmental Score*: Undefined
CVSS Vector: (CVSS:3.0/AV:N/AC:H/PR:L/UI:N/S:U/C:N/I:N/A:H)","[{""char_end"":865,""char_start"":0,""chunk_id"":""a0ac4bdadc1b556a1861cf241513c8063ea4349834df24744dd241fe7f5571a1"",""document_id"":""techqa-doc:corpus/swg22012992.txt"",""filename"":""swg22012992.txt"",""rank"":1,""text"":""Title: IBM Security Bulletin: IBM MQ Clients can send a specially crafted message that could cause a channel to SIGSEGV. (CVE-2017-1747) - United States Text: SECURITY BULLETIN SUMMARY A specially crafted message could cause a denial of service in an IBM MQ application consuming messages that the application needs to perform data conversion on. VULNERABILITY DETAILS CVEID: CVE-2017-1747 [http://cve.mitre.org/cgi-bin/cvename.cgi?name=CVE-2017-1747] DESCRIPTION: A specially crafted message could cause a denial of service in an IBM MQ application consuming messages that the application needs to perform data conversion on. CVSS Base Score: 5.3 CVSS Temporal Score: See https://exchange.xforce.ibmcloud.com/vulnerabilities/135520 [https://exchange.xforce.ibmcloud.com/vulnerabilities/135520] for the current score CVSS Environmental Score*: Undefined CVSS Vector""},{""char_end"":735,""char_start"":0,""chunk_id"":""09150957573bb45365c1a98b61c77ccccb19f32f01d0ce05afd5eae757babd42"",""document_id"":""techqa-doc:corpus/swg22012983.txt"",""filename"":""swg22012983.txt"",""rank"":2,""text"":""Title: IBM Security Bulletin: IBM MQ clients connecting to an MQ queue manager can cause a SIGSEGV in the amqrmppa channel process terminating it. (CVE-2018-1371) - United States Text: SECURITY BULLETIN SUMMARY An IBM MQ client connecting to an MQ queue manager can cause a SIGSEGV in the queue manager's amqrmppa channel process, terminating it. VULNERABILITY DETAILS CVEID: CVE-2018-1371 [http://cve.mitre.org/cgi-bin/cvename.cgi?name=CVE-2018-1371] DESCRIPTION: An IBM MQ client connecting to an MQ queue manager can cause a SIGSEGV in the amqrmppa channel process terminating it. CVSS Base Score: 6.5 CVSS Temporal Score: See https://exchange.xforce.ibmcloud.com/vulnerabilities/137771 [https://exchange.xforce.ibmcloud.com/vulnera""},{""char_end"":834,""char_start"":0,""chunk_id"":""724f99575ace007a1ff6837b133ddc54a94f36b1519ec1555b649816fc50aef9"",""document_id"":""techqa-doc:corpus/swg22005525.txt"",""filename"":""swg22005525.txt"",""rank"":3,""text"":""Title: IBM Security Bulletin: IBM MQ could allow an authenticated user to insert messages with malformed data into the channel, which would cause it to restart. (CVE-2017-1433) - United States Text: SECURITY BULLETIN SUMMARY Malformed header data in an MQ message could trigger a server-connection channel process to terminate, which might deny service to other connected clients using the same channel process. VULNERABILITY DETAILS CVEID: CVE-2017-1433 [http://cve.mitre.org/cgi-bin/cvename.cgi?name=CVE-2017-1433] DESCRIPTION: IBM MQ could allow an authenticated user to insert messages with a corrupt header into the channel, which would cause it to restart. CVSS Base Score: 4.3 CVSS Temporal Score: See https://exchange.xforce.ibmcloud.com/vulnerabilities/127803 [https://exchange.xforce.ibmcloud.com/vulnerabilities/127803] for""},{""char_end"":851,""char_start"":0,""chunk_id"":""b77d8f8a96a31f16d3647b4cb79ccd524e112ed5a30aceb71456b2d54377a323"",""document_id"":""techqa-doc:corpus/swg22015617.txt"",""filename"":""swg22015617.txt"",""rank"":4,""text"":""Title: IBM Security Bulletin: Malformed message headers could cause message transmission to be blocked through channels resulting in denial of service in IBM MQ(CVE-2018-1503) - United States Text: SECURITY BULLETIN SUMMARY IBM MQ RCVR or CLUSRCVR type channels could go into retry status after receiving messages containing invalid or malformed headers. This results in blocking of further transmission of messages. VULNERABILITY DETAILS CVEID:CVE-2018-1503 [http://cve.mitre.org/cgi-bin/cvename.cgi?name=CVE-2018-1503] DESCRIPTION: IBM MQ could allow a remotely authenticated attacker to send invalid or malformed headers that could cause messages to no longer be transmitted via the affected channel. CVSS Base Score: 4.3 CVSS Temporal Score: Seehttps://exchange.xforce.ibmcloud.com/vulnerabilities/141339 [https://exchange.xforce.ibmcloud.com/vuln""},{""char_end"":896,""char_start"":0,""chunk_id"":""b3ce825f472ecbe00cb8179284a8d5ad5addb626fdb0345d78f4d075d8acc7f2"",""document_id"":""techqa-doc:corpus/swg22004378.txt"",""filename"":""swg22004378.txt"",""rank"":5,""text"":""Title: IBM Security Bulletin: IBM MQ is affected by a potential denial of service to channel processes (CVE-2017-1557) - United States Text: SECURITY BULLETIN SUMMARY An IBM MQ application with authority to connect to a remote queue manager could send a malicious request that could cause undefined behaviour within the channel process servicing that connection, including a loss of service for other connections being serviced by the same channel process. VULNERABILITY DETAILS CVEID:CVE-2017-1557 [http://cve.mitre.org/cgi-bin/cvename.cgi?name=CVE-2017-1557] DESCRIPTION:IBM MQ could allow an authenticated user with authority to send a specially crafted request that could cause a channel process to cease processing further requests. CVSS Base Score: 4.3 CVSS Temporal Score: Seehttps://exchange.xforce.ibmcloud.com/vulnerabilities/131547 [https://exchange.xforce.ibmcloud.com/vulnerabilities""},{""char_end"":818,""char_start"":0,""chunk_id"":""eaf7ec80680f7c31dfce991786ccac87218453d7a55df1b204d2f92531086023"",""document_id"":""techqa-doc:corpus/swg22005415.txt"",""filename"":""swg22005415.txt"",""rank"":6,""text"":""Title: IBM Security Bulletin: IBM MQ termination of a client application causes denial of service (CVE-2017-1235) - United States Text: SECURITY BULLETIN SUMMARY Termination during an MQGET call of a client application running on a channel with SHARECNV=1, could cause a SIGSEGV and termination of the channel agent process. VULNERABILITY DETAILS CVEID: CVE-2017-1235 [http://cve.mitre.org/cgi-bin/cvename.cgi?name=CVE-2017-1235] DESCRIPTION: IBM MQ could allow an authenticated user to cause a premature termination of a client application thread, which could potentially cause denial of service. CVSS Base Score: 3.1 CVSS Temporal Score: See https://exchange.xforce.ibmcloud.com/vulnerabilities/123914 [https://exchange.xforce.ibmcloud.com/vulnerabilities/123914] for the current score CVSS Environmental Score*: Und""},{""char_end"":985,""char_start"":0,""chunk_id"":""16e0ca50bdbaf4c06860a16260cebe1c87b3f1532a30e54a8259e31c35217530"",""document_id"":""techqa-doc:corpus/swg21689806.txt"",""filename"":""swg21689806.txt"",""rank"":7,""text"":""Title: IBM Security Bulletin: A security vulnerability has been identified in IBM WebSphere MQ shipped with IBM WebSphere Remote Server (CVE-2014-3566) - United States Text: SECURITY BULLETIN SUMMARY IBM WebSphere MQ is shipped as a component of IBM WebSphere Remote Server. Information about a security vulnerability affecting IBM WebSphere MQ has been published in a security bulletin. VULNERABILITY DETAILS Please consult the security bulletin Vulnerability in SSLv3 affects IBM WebSphere MQ, IBM WebSphere MQ Internet Pass-Thru and IBM Mobile Messaging and M2M Client Pack (CVE-2014-3566) [http://www-01.ibm.com/support/docview.wss?uid=swg21687433] for vulnerability details and information about fixes. AFFECTED PRODUCTS AND VERSIONS Principal Product and Version(s) Affected Supporting Product and Version All releases of IBM WebSphere Remote Server. All releases of IBM WebSphere MQ GET NOTIFIED ABOUT FUTURE SECURITY BULLETINS Subscribe to My Notifications [ http://www-01.ibm.""},{""char_end"":814,""char_start"":0,""chunk_id"":""1952bfa9897e55669fde4ac5b620496b268148822231961c9ac8cbfb1c9b4dd3"",""document_id"":""techqa-doc:corpus/swg22003856.txt"",""filename"":""swg22003856.txt"",""rank"":8,""text"":""Title: IBM Security Bulletin: IBM MQ and IBM MQ Appliance invalid requests cause denial of service to SDR and CLUSSDR channels (CVE-2017-1285) - United States Text: SECURITY BULLETIN SUMMARY An authenticated user with authority to send a specially crafted message could cause a SDR or CLUSSDR channel to remain in a running state but not process messages. VULNERABILITY DETAILS CVEID: CVE-2017-1285 [http://cve.mitre.org/cgi-bin/cvename.cgi?name=CVE-2017-1285] DESCRIPTION: IBM MQ could allow an authenticated user with authority to send a specially crafted message that would cause a channel to remain in a running state but not process messages. CVSS Base Score: 3.1 CVSS Temporal Score: See https://exchange.xforce.ibmcloud.com/vulnerabilities/125146 [https://exchange.xforce.ibmcloud.com/vulnerabilities/125146""},{""char_end"":2641,""char_start"":1671,""chunk_id"":""5f22f2b1ba4cf1050d43ca14683e2a85acefcf46248be5a753bf07b0f6d5b472"",""document_id"":""techqa-doc:corpus/swg22013026.txt"",""filename"":""swg22013026.txt"",""rank"":9,""text"":""/einfo.html] to be notified of important product support alerts like this. REFERENCES Complete CVSS v3 Guide [http://www.first.org/cvss/user-guide] On-line Calculator v3 [http://www.first.org/cvss/calculator/3.0] RELATED INFORMATION IBM Secure Engineering Web Portal [http://www.ibm.com/security/secure-engineering/bulletins.html] IBM Product Security Incident Response Blog [http://www.ibm.com/blogs/psirt] CHANGE HISTORY 17 April 2018: Original version published 24 April 2018: Removed incorrect reference to old version of MQ that is not affected. 25 April 2018: Made bulletin clearer that vulnerability is only in IBM MQ Advanced Message Security *The CVSS Environment Score is customer environment specific and will ultimately impact the Overall CVSS Score. Customers can evaluate the impact of this vulnerability in their environments by accessing the links in the Reference section of this Security Bulletin. DISCLAIMER According to the Forum of Incident Response""},{""char_end"":800,""char_start"":0,""chunk_id"":""459e6c060ef485483f0003e4931d99a9c9f4ccc7787b1958845b7d5a67c83d89"",""document_id"":""techqa-doc:corpus/swg21701525.txt"",""filename"":""swg21701525.txt"",""rank"":10,""text"":""Title: IBM Security Bulletin: A security vulnerability has been identified in WebSphere MQ Telemetry shipped with WebSphere Remote Server (CVE-2014-4263, CVE-2014-4244, CVE-2015-0410, CVE-2014-6593) - United States Text: SECURITY BULLETIN SUMMARY WebSphere MQ Telemetry is shipped as a component of WebSphere Remote Server. Information about a security vulnerability affecting WebSphere MQ Telemetry has been published in a security bulletin. VULNERABILITY DETAILS For vulnerability details, see the security bulletin Multiple vulnerabilities in IBM Java SDK affect IBM WebSphere MQ Telemetry 7.0.1 - CVE-2014-4263, CVE-2014-4244, CVE-2015-0410, CVE-2014-6593 [http://www.ibm.com/support/docview.wss?uid=swg21684073]. GET NOTIFIED ABOUT FUTURE SECURITY BULLETINS Subscribe to My Notifications [ http:""}]",phase03-sufficiency-annotation-v1,f2fe3f7f29b834d78fd7c79bf4d4a94faee43c658d89c48e386854123066802b,human_annotator_1,sufficient,Rank-1 is the exact bulletin (swg22012992) with the CVE-2017-1747 description from the reference.,2026-08-25T01:49:00+05:30
phase03-annotation-blinded-v1,0e94a006300ae304120b3c03ea0266ce6a52a5c8acf06cff1c5c5b1d6f73577d,38,TRAIN_Q007,train,hybrid,10,"Why do I get an exception when calling MQ after migrating my BPM environment (2035 MQRC_NOT_AUTHORIZED) ?



We migrated our BPM environment from V8.0 to 8.5.7. When we attempt to call the MQ service we are getting the following exception:

     [10/16/17 13:50:05:273 AST] 0000026d SystemOut     O
     com.ibm.msg.client.jms.DetailedJMSSecurityException: JMSWMQ2013: The
     security authentication was not valid that was supplied for QueueManager
     'QM1' with connection mode 'Client' and host name 'MQ1(1414)'.
     Please check if the supplied username and password are correct on the
     QueueManager to which you are connecting.
     ...
     Caused by: com.ibm.mq.MQException: JMSCMQ0001: WebSphere MQ call failed
     with compcode '2' ('MQCC_FAILED') reason '2035' ('MQRC_NOT_AUTHORIZED').
      at
     com.ibm.msg.client.wmq.common.internal.Reason.createException(Reason.jav
     a:204)
      ... 162 more

The same MQ service is working fine in the old BPM environment. User name and password configured for the queue is correct. However, when we check the MQ logs, we observing the username is not used, instead the sys admin user seems to be used.",answerable_with_reference,"Default component-managed authentication alias for outbound connections 

For cases where it is impractical to change the application to use container-managed security, or to change it to supply a username and password directly on the createConnection call, it is possible to supply a default. 

This default is called the ""component-managed authentication alias"" and cannot be configured via the administrative console (since WebSphere Application Server Version 7.0 when it was removed from the panels MQ connection factories). The below scripting samples show how to configure it using wsadmin: 

 * JACL:
   wsadmin>set cell [ $AdminConfig getid ""/Cell:mycell"" ]
   
   mycell(cells/mycell|cell.xml#Cell_1)
   
   wsadmin>$AdminTask listWMQConnectionFactories $cell
   
   MyCF(cells/mycell|resources.xml#MQConnectionFactory_1247500675104)
   
   wsadmin>$AdminTask modifyWMQConnectionFactory MyCF(cells/mycell|resources.xml#MQConnectionFactory_1247500675104) { -componentAuthAlias myalias }
   
   MyCF(cells/mycell|resources.xml#MQConnectionFactory_1247500675104) 
 * Jython:
   wsadmin>cell = AdminConfig.getid(""/Cell:mycell"")
   
   wsadmin>AdminTask.listWMQConnectionFactories(cell)
   
   'MyCF(cells/mycell|resources.xml#MQConnectionFactory_1247500675104)'
   
   wsadmin>AdminTask.modifyWMQConnectionFactory('MyCF(cells/mycell|resos urces.xml#MQConnectionFactory_1247500675104)', ""-componentAuthAlias myalias"")
   
   'MyCF(cells/mycell|resources.xml#MQConnectionFactory_1247500675104)'","[{""char_end"":820,""char_start"":0,""chunk_id"":""6913b9921fb8c404c6673cd54f5c043bef4f5f5eae2d407ba676b3fdf6aa6789"",""document_id"":""techqa-doc:corpus/swg21138961.txt"",""filename"":""swg21138961.txt"",""rank"":1,""text"":""Title: IBM MQJMS2013 (V6) JMSWMQ2013 (V7 and later) invalid security authentication (RC 2035) - United States Text: mqminfo permissions sec auth TECHNOTE (TROUBLESHOOTING) PROBLEM(ABSTRACT) You are running WebSphere MQ and your MQ JMS application fails with security authentication errors. SYMPTOM MQRC 2035 MQRC_NOT_AUTHORIZED MQRC 2063 MQRC_SECURITY_ERROR MQ V6: MQJMS2013: invalid security authentication supplied for MQQueueManager. MQ V7 and later: JMSWMQ2013: The security authentication was not valid that was supplied for QueueManager 'x' with connection mode 'Client' (or 'Bindings') and host name 'y.com'. Please check if the supplied username and password are correct on the QueueManager you are connecting to. CAUSE The MQJMS2013 exception shown in the WebSphere Application Server logs is generated due to a""},{""char_end"":1552,""char_start"":608,""chunk_id"":""b22752bcde50af7970c98b29d2a0d59d631580c8f25dcb56608557c5738955b7"",""document_id"":""techqa-doc:corpus/swg21138961.txt"",""filename"":""swg21138961.txt"",""rank"":2,""text"":""y.com'. Please check if the supplied username and password are correct on the QueueManager you are connecting to. CAUSE The MQJMS2013 exception shown in the WebSphere Application Server logs is generated due to a return code 2035 from the MQ queue manager: MQRC_NOT_AUTHORIZED This return code is generated because of these possible conditions: a) The userid that is used to start the JVM (WebSphere Application Server) has not been defined in the host where the MQ queue manager is located. ... or ... b) The userid is defined, but it does not have the proper authority to work with the queue manager. ... or ... c) MQ 7.1 or later: Channel authentication records: the user has been defined and: c.1) is a member of the MQ Administration group, but the default channel authentication records do not allow an MQ Administrator to do a remote login. c.2) There are no channel authentication records that allow the non-administrator user to access""},{""char_end"":770,""char_start"":0,""chunk_id"":""064e6ee983e272ce8a6552e643d5520255f3b9d52bdbb2876e035f0696e13dbc"",""document_id"":""techqa-doc:corpus/swg22006376.txt"",""filename"":""swg22006376.txt"",""rank"":3,""text"":""Title: IBM Resolving JMSCMQ0001: WebSphere MQ call failed when connecting to MQ version 7.5 - United States Text: MQ; CHANNEL; TPAEINTEGRATION TECHNOTE (FAQ) QUESTION How to resolve JMSCMQ0001: WebSphere MQ call failed with compcode '2' ('MQCC_FAILED') reason '2035' ('MQRC_NOT_AUTHORIZED') when configuring Maximo to use an MQ queue CAUSE The QMGR configuration feature in MQ 7.5 ANSWER When configure the Queue Connection Factory by navigating to JMS > Queue Connection Factories and providing all required attributes values for WebSphere MQ messaging provider and then testing a connection to MQ the error JMSCMQ0001: WebSphere MQ call failed with compcode '2' ('MQCC_FAILED') reason '2035' ('MQRC_NOT_AUTHORIZED') is present. To resolve : Navigate to ibm\\WebSphere M""},{""char_end"":2626,""char_start"":1849,""chunk_id"":""b4b22e86e2df7d1e85f5fc8942421a72df9c72b4705523a4d5005430cf6fb7be"",""document_id"":""techqa-doc:corpus/swg1IT25269.txt"",""filename"":""swg1IT25269.txt"",""rank"":4,""text"":""error. PROBLEM CONCLUSION * The user action associated with the IBM MQ classes for JMS error messages JMSWMQ2013 and JMSWMQ2021 have been updated to reference the 'Securing IBM MQ' section in IBM Knowledge Center and suggests reviewing the queue manager error logs for further information into why the MQRC_NOT_AUTHORIZED reason code was returned. The user action now reads: \""Please check if the supplied username and password are correct on the queue manager to which you are connecting. For further information, review the queue manager error logs and the 'Securing IBM MQ' topic within IBM Knowledge Center.\"" --------------------------------------------------------------- The fix is targeted for delivery in the following PTFs: Version Maintenance Level v9.0 LTS 9.0.0.5 v9""},{""char_end"":1744,""char_start"":843,""chunk_id"":""dd5ef066daa6e15f6004b5e027c1d1f5ff6998a8233966fb327a18f30cb3bd94"",""document_id"":""techqa-doc:corpus/swg21636093.txt"",""filename"":""swg21636093.txt"",""rank"":5,""text"":""'2' ('MQCC_FAILED') reason '2035' ('MQRC_NOT_AUTHORIZED') CAUSE The two most likely reasons why the connection is refused by MQ are as follows: 1. The user identifier passed across the client connection from the application server to MQ is not known on the server where the MQ queue manager is running, is not authorised to connect to MQ, or is longer than 12 characters and has been truncated. We discuss how this user identifier is obtained and passed over the connection in more detail below. For queue managers running on Windows, the following error might be seen in the MQ error logs for this scenario: AMQ8075: Authorization failed because the SID for entity 'wasuser' cannot be obtained. For UNIX no entry in the MQ error logs would be seen by default. See technote MQS_REPORT_NOAUTH environment variable can be used to better diagnose return code 2035 [http://www-01.ibm.com/support/docview.w""},{""char_end"":1967,""char_start"":1334,""chunk_id"":""d23c61584582d99195a5326b5bf77de80c31399e8637134d6e1237baf74ab885"",""document_id"":""techqa-doc:corpus/swg1IO17880.txt"",""filename"":""swg1IO17880.txt"",""rank"":6,""text"":"": JMSWMQ0018: Failed to connect to queue manager '' with connection mode 'Client' and host name 'sovpdc1(1425)'. Check the queue manager is started and if running in client mode, check there is a listener running. Please see the linked exception for more information. at com.ibm.msg.client.wmq.common.internal.Reason.reasonToException( Reason.j ava:496) .... Caused by: com.ibm.mq.MQException: JMSCMQ0001: WebSphere MQ call failed with compcode '2' ('MQCC_FAILED') reason '2059' ('MQRC_Q_MGR_NOT_AVAILABLE'). at com.ibm.msg.client.wmq.common.internal.Reason.createException(Re ason.jav a:223) ... 12 more Caused by: com.ibm.mq.jmqi.J""},{""char_end"":3091,""char_start"":2259,""chunk_id"":""f36fa3e7b863f0decbcdadb9139026a7fd9da95ba2c20910b6a5d36b97d84283"",""document_id"":""techqa-doc:corpus/swg21636093.txt"",""filename"":""swg21636093.txt"",""rank"":7,""text"":""queue manager. The following error in the MQ error logs would be seen for this scenario: AMQ9777: Channel was blocked See the Error logs on Windows, UNIX and Linux systems [http://pic.dhe.ibm.com/infocenter/wmqv7/v7r5/topic/com.ibm.mq.tro.doc/q039560_.htm] section of the MQ Information Center for the location of the MQ error logs. DIAGNOSING THE PROBLEM To understand the cause of the MQRC_NOT_AUTHORIZED reason code, you need to understand what username (and password) is being used by MQ to authorise the application server. Please note that WebSphere MQ V7.5 and earlier does not provide any out-of-the box password authentication system for client connections. Password authentication is provided out of the box in IBM MQ V8.0. More details on the new IBM MQ V8.0 security features are available in this presentation [https://""},{""char_end"":1471,""char_start"":733,""chunk_id"":""9970e8a4941f3fff9281971906af4261e9ace771d9a09b8f437cc9c4734c99a9"",""document_id"":""techqa-doc:corpus/swg1IV61043.txt"",""filename"":""swg1IV61043.txt"",""rank"":8,""text"":""flowed by the client in the connection attempt. The WebSphere MQ classes for JMS, after five seconds, fails the connection attempt and throws the following exception: com.ibm.msg.client.jms.DetailedJMSException: JMSWMQ0018: Failed to connect to queue manager '' with connection mode 'Client' and host name '()'. Check the queue manager is started and if running in client mode, check there is a listener running. Please see the linked exception for more information. ... Caused by: com.ibm.mq.MQException: JMSCMQ0001: WebSphere MQ call failed with compcode '2' ('MQCC_FAILED') reason '2009' ('MQRC_CONNECTION_BROKEN'). ... Caused by: com.ibm.mq.jmqi.JmqiException: CC=2;RC=2009;AMQ9213: A communications error for occurred. at com.ibm.mq.""},{""char_end"":1424,""char_start"":640,""chunk_id"":""cffbdf78116bfdd11937fb87eeea0169981a41e8fef691bb8d16f735200f0106"",""document_id"":""techqa-doc:corpus/swg21595102.txt"",""filename"":""swg21595102.txt"",""rank"":9,""text"":""110 ConnectionEve A J2CA0056I: The Connection Manager received a fatal connection error from the Resource Adapter for resource JMS$WbeQueueConnectionFactory$JMSManagedConnection@9. The exception is: com.ibm.msg.client.jms.DetailedJMSSecurityException: JMSWMQ2008: Failed to open MQ queue 'SYSTEM.DEFAULT.MODEL.QUEUE'. JMS attempted to perform an MQOPEN, but WebSphere MQ reported an error. Use the linked exception to determine the cause of this error. Check that the specified queue and queue manager are defined correctly.:com.ibm.mq.MQException: JMSCMQ0001: WebSphere MQ call failed with compcode '2' ('MQCC_FAILED') reason '2035' ('MQRC_NOT_AUTHORIZED'). CAUSE The WBE admin console makes use of a temporary queue to facilitate communications with the events engine. By default, M""},{""char_end"":1436,""char_start"":708,""chunk_id"":""a7e7516d8774e354c3dea3423dcd6a919f72de864cc8f1dd4c1124783f33e94f"",""document_id"":""techqa-doc:corpus/swg1PM30549.txt"",""filename"":""swg1PM30549.txt"",""rank"":10,""text"":""following entries: . +BBOO0222I: J2CA0056I: The Connection Manager received a fatal connection error from the Resource Adapter for resource jms/MQ_CONNECTION. The exception which was received is com.ibm.msg.client.jms.DetailedJMSSecurityException: JMSWMQ2008: Failed to open MQ queue 'MY.REQUEST.QUEUE'. JMS attempted to perform an MQOPEN, but WebSphere MQ reported an error. Use the linked exception to determine the cause of this error. Check that the specified queue and queue manager are defined correctly.:com.ibm.mq.MQException: JMSCMQ0001: WebSphere MQ call failed with compcode '2' ('MQCC_FAILED') reason '2035' +BBOO0156I CONTINUATION 0001 FOR BBOO0222I ON TCB=007C0718 577 ('MQRC_NOT_AUTHORIZED'). . The customer found""}]",phase03-sufficiency-annotation-v1,f2fe3f7f29b834d78fd7c79bf4d4a94faee43c658d89c48e386854123066802b,human_annotator_1,insufficient,"Guide-aligned flip: bundle gives generic 2035 causes and diagnosis but the benchmark answer (component-managed authentication alias default) is absent, so the bundle cannot support it.",2026-08-25T01:50:00+05:30
phase03-annotation-blinded-v1,b7419139e12911196fa35bec6f5fdde5cdb4040ac4b72226875b73e85dc59f00,39,TRAIN_Q035,train,hybrid,10,"DataPower remote log targets, tracking efficieny

How can I track the efficiency of my log target (remote endpoint)? ",benchmark_impossible_no_reference,,"[{""char_end"":1671,""char_start"":725,""chunk_id"":""c14cc948e74ff3a6862f32d3868335ce2c35c3604eaaade969be352a5323b9d3"",""document_id"":""techqa-doc:corpus/swg21502873.txt"",""filename"":""swg21502873.txt"",""rank"":1,""text"":""P in a \""fire-and-forget\"" manner. When using syslog-ng, if excessive amounts of log entries are generated, multiple syslog-ng log targets, or a high rate limit is used, then internal resources may be consumed while trying to connect using the TCP protocol when the remote syslog-ng target server is unreachable over the network. ENVIRONMENT This may be seen when using an IBM WebSphere DataPower SOA Appliance with a remote syslog-ng server and configuring excessive log targets to the same remote syslog-ng server, a high rate-limit, or excessive number of log messages to be sent. If the remote syslog-ng server goes down or becomes unreachable over the network, the DataPower appliance can consume internal resources while trying to send these many log messages using TCP and while waiting to time out. DIAGNOSING THE PROBLEM If the DataPower appliance encounters a resource issue when a syslog-ng target is simultaneously unreachable, tune the""},{""char_end"":5211,""char_start"":4397,""chunk_id"":""4553072d57294e44d2136998249f4fb30fac4904b831892558c0bd866cd6f5fa"",""document_id"":""techqa-doc:corpus/swg21459105.txt"",""filename"":""swg21459105.txt"",""rank"":2,""text"":""Usage This could also be in the form of CLI captures such as: http://www-01.ibm.com/support/docview.wss?uid=swg21377610 [http://www-01.ibm.com/support/docview.wss?uid=swg21377610] Step 4: Any service and system logs available, either local or remote log targets files that are leading up and into to the unexpected reload or reboot event Step 5: Latency logs related to service traffic on DataPower A local log target is ideal for the latency logs to avoid any dropped messages. The log target should be setup for both categories 'extlatency' and 'latency' at the 'info' log level. If further assistance is needed this technote will walk through how to configure a latency log Note: this example only shows how to include the latency category, remember to include extlatency as another entry http://www-01.ibm.com/""},{""char_end"":1791,""char_start"":738,""chunk_id"":""213264a31e37cb043bf448aec6dc13c4791f5ea101add580a67b3ceeb0655a18"",""document_id"":""techqa-doc:corpus/swg21269136.txt"",""filename"":""swg21269136.txt"",""rank"":3,""text"":""hold larger than average log files or long term logging needs in production environment. It should be noted that if used while debugging at load or in a capacity issue, log events may be dropped. There is a prioritization of events within the device and client traffic always comes first. Log events dropped can be confirmed or counted from the Status>Log Targets menu in the WebGUI. RESOLVING THE PROBLEM Configure a server daemon to listen and capture the DataPower devices events. First, this example shows how to create the log target sending events to a syslog destination. The other examples listed below will have their own strong points to be considered depending on the problem scenario. Syslog: * The syslog protocol operates over UDP which has no guarantee on packet delivery - a fast fire and forget method. To create the new log target, go into the default domain: Objects > Log Targets Configure the log target with settings as follows from the WebGUI: 1. Name the log target 2. Select Target Type of syslog 3. Fill in the Local Identifier""},{""char_end"":1221,""char_start"":0,""chunk_id"":""33883e00983d5ff148ffd32a1ee0006343d4b7ea33ae4b238e336ad1ee5fa3e2"",""document_id"":""techqa-doc:corpus/swg21606954.txt"",""filename"":""swg21606954.txt"",""rank"":4,""text"":""Title: IBM Logging Identical Event Suppression Tuning Considerations - United States Text: TECHNOTE (FAQ) QUESTION Are there any tuning considerations when using IBM WebSphere DataPower SOA Appliance Log Target Identical Event Suppression? CAUSE The user may want to consider the impact of using Identical Event Suppression in environments with many log targets or many unique log events. ANSWER The Identical Event Suppression feature allows for the suppression of identical log events that are generated by the same configuration object over a configurable time period. When enabled, the Log Target retains a reference to each processed event for a configurable period of time. Until this period expires, the Log Target will not process the same event from the same configuration object. Since the Log Target retains a reference to each processed event during the configured suppression period, several factors should be considered for tuning to allow for acceptable memory usage for the environment: a) the number of log targets using this feature may impact how much memory may be needed b) the number of unique log events generated may impact how much memory may be needed c) the length of the suppression period may""},{""char_end"":1998,""char_start"":1599,""chunk_id"":""f368f13d28e23cffc457a770a033d1ddde991bf9d9dd0acd95a9a1bdc75b6d4d"",""document_id"":""techqa-doc:corpus/swg21977295.txt"",""filename"":""swg21977295.txt"",""rank"":5,""text"":""DataPower configuration and packet-captures in regards to NFS log target traffic and also your NFS Server resource usage graphs (e.g. I/O, network, CPU). RESOLVING THE PROBLEM If you are affected, IBM Support recommends to reduce the number of NFS log targets on the device. Users can consolidate logging to NFS targets to the default domain as opposed to logging events in each domain individually.""},{""char_end"":906,""char_start"":0,""chunk_id"":""e9ab37c7c8c291e4f503dc6e96e557553c100ca8142da692dfe096c09a5aa505"",""document_id"":""techqa-doc:corpus/swg21502873.txt"",""filename"":""swg21502873.txt"",""rank"":6,""text"":""Title: IBM WebSphere DataPower SOA Appliance may consume internal resources if syslog-ng log target is unreachable on Firmware 4.0.2 or earlier - United States Text: TECHNOTE (TROUBLESHOOTING) PROBLEM(ABSTRACT) If a syslog-ng log target becomes unavailable, the IBM WebSphere DataPower SOA Appliance internal resources may be consumed when running Firmware 4.0.2 or earlier. SYMPTOM If a DataPower appliance is reporting an unexpectedly high level of internal resources is being consumed, has an unexpected restart, or the appliance becomes unresponsive when a remote syslog-ng log target has become unavailable, then this may be the possible cause. CAUSE Syslog-ng uses TCP for \""more\"" reliable connections and syslog uses UDP in a \""fire-and-forget\"" manner. When using syslog-ng, if excessive amounts of log entries are generated, multiple syslog-ng log targets, or a high rate limit is used, then internal""},{""char_end"":2329,""char_start"":1596,""chunk_id"":""35c4a789753ae1a171f73d100e6d12e0496d711cab6592c5ba889a6eac06ee34"",""document_id"":""techqa-doc:corpus/swg21269136.txt"",""filename"":""swg21269136.txt"",""rank"":7,""text"":""the default domain: Objects > Log Targets Configure the log target with settings as follows from the WebGUI: 1. Name the log target 2. Select Target Type of syslog 3. Fill in the Local Identifier with a descriptive string that may be used by a remote recipient to identify this specific log target 4. Enter the Remote Host Address and the Remote IP Port as in the screen shot wherex.x.x.x is the IP address of the remote syslog server that listens on port 514 5. Take all other defaults [/support/docview.wss?uid=swg21269136&aid=1] [/support/docview.wss?uid=swg21269136&aid=1] Under the Event Subscriptions tab, you can select all and debug as indicated here: [/support/docview.wss?uid=swg21269136&aid=2] [/support/docview.wss?uid=sw""},{""char_end"":2444,""char_start"":1460,""chunk_id"":""6f033458c77b07eaced3501a9a6767d52637619ef964ca3d32d73dacbbb7ec38"",""document_id"":""techqa-doc:corpus/swg21502873.txt"",""filename"":""swg21502873.txt"",""rank"":8,""text"":""send these many log messages using TCP and while waiting to time out. DIAGNOSING THE PROBLEM If the DataPower appliance encounters a resource issue when a syslog-ng target is simultaneously unreachable, tune the syslog-ng configuration as appropriate. RESOLVING THE PROBLEM There are multiple ways to resolve and work around this issue if encountered. * One of the problem resolutions is to use Firmware 5.0.0 or later. * Consider using the syslog (UDP) log target instead of syslog-ng (TCP). * Be sure to test/tune your environment to use reasonable resources that might get overwhelmed if the syslog-ng server has an outage. Avoid misconfiguration such as excessive rate limits, extraneous log targets, and excessive log messages to be sent. * Consider some sort of high-availability or load balancer solution for the remote syslog-ng to protect against outages. You can find more information about DataPower Support and search for other technotes by using our Support Portal. [http""},{""char_end"":1308,""char_start"":532,""chunk_id"":""5ed5452be3e5617b43eb5b0d61ec14f89790e2cb5defcc33aefbbd410f0a15d7"",""document_id"":""techqa-doc:corpus/swg1IT19589.txt"",""filename"":""swg1IT19589.txt"",""rank"":9,""text"":"".1 [http://www-01.ibm.com/support/docview.wss?uid=swg24042194] Fix packs for DataPower Gateway version 7.5.2 [http://www-01.ibm.com/support/docview.wss?uid=swg24042699] SUBSCRIBE You can track all active APARs for this component. APAR STATUS * CLOSED AS PROGRAM ERROR. ERROR DESCRIPTION * When the destination server for a syslog-tcp log target is unavailable, the CPU on the DataPower Gateway might rise dramatically due to excessive syslog-tcp connection attempts. LOCAL FIX PROBLEM SUMMARY * Many syslog-tcp targets going to a remote syslog server which is down might rise DataPower CPU usage. PROBLEM CONCLUSION * Add tuning parameters to sylog-tcp logging targets to allow customers to reduce the syslog retries to the syslog server Fix is available in 7.1.0.16, 7.2.0.14""},{""char_end"":1893,""char_start"":929,""chunk_id"":""efd6ba9c25c9381b8abe0d68cc7039618da3bab622358a770573165ae08a437e"",""document_id"":""techqa-doc:corpus/swg1IT09552.txt"",""filename"":""swg1IT09552.txt"",""rank"":10,""text"":""] Fix packs for DataPower Gateway version 7.2 [http://www-01.ibm.com/support/docview.wss?uid=swg24039783] SUBSCRIBE You can track all active APARs for this component. APAR STATUS * CLOSED AS PROGRAM ERROR. ERROR DESCRIPTION * If Log Target with Archive Mode Upload cannot reach its remote target it will continue to Log files to be sent. Currently the Log Target will only mark the oldest file as '.unsent' without cycling through any other files, if any. This may cause, over time a buildup of Log Files associated with this target until the Remote Target is brought back up. LOCAL FIX * Disable Log Targets that cannot reach their configured remote target. No functionality is lost when disabling the object when the remote target is down because the Log Targets cannot upload any data. PROBLEM SUMMARY * Affected is the use of Log Target with archive mode upload. The fix will ensure that even if the upload of the file has failed the file will be renamed to '.""}]",phase03-sufficiency-annotation-v1,f2fe3f7f29b834d78fd7c79bf4d4a94faee43c658d89c48e386854123066802b,human_annotator_1,insufficient,"Chunks cover log-target resource problems and suppression tuning; only a passing mention that dropped events can be counted from Status > Log Targets, no direct guidance on tracking remote log-target efficiency.",2026-08-25T01:51:00+05:30
phase03-annotation-blinded-v1,faff6984643f27ae7be4cc76726faf5163b237cceb79fde3480a878826e1f1d0,40,DEV_Q134,validation,dense,10,"I am receiving AC power supply failures on my DataPower 9235 appliance. How can I resolve this?



I am observing the following errors on my DataPower 9235 device:

[failure] Power supply '1' has no AC input power, or is not present. [failure] Power supply '2' has no AC input power, or is not present.
Do i need to replace the power supplies?",answerable_with_reference,This problem is caused by a highly intermittent error that may allow the sensor reading mechanism to get into a bad state. This bad state then generates the false error messages.,"[{""char_end"":1055,""char_start"":0,""chunk_id"":""813e52928993998e91377b435be8d8dcb036d57e233a7769d43c6104622948bc"",""document_id"":""techqa-doc:corpus/swg21512291.txt"",""filename"":""swg21512291.txt"",""rank"":1,""text"":""Title: IBM WebSphere DataPower M/T 9235 appliance might incorrectly report failure of both power supplies - United States Text: TECHNOTE (FAQ) QUESTION The IBM WebSphere DataPower M/T 9235 appliance might incorrectly report the failure of both power supplies. This message is not reported on all appliances and can occur rarely in the field. ANSWER The following message would be present in the DataPower logs: System power supply #2 has failed. or logging event code: 0x80400022 System power supply #2 The problem can be confirmed by issuing the following commands on the appliance CLI: co test hardware exit The following output from the test hardware command confirms this problem: [failure] Power supply '1' has no AC input power, or is not present. [failure] Power supply '2' has no AC input power, or is not present. Other results in the test hardware command might also show incorrect values. This problem does not affect the operation of the appliance other than the continuous reporting power supply failure message. To confirm the power supplies""},{""char_end"":1409,""char_start"":503,""chunk_id"":""0e6d08262a954a03c085331556bdf7acf48935769b99fd1aaa6f6573a86e441c"",""document_id"":""techqa-doc:corpus/swg1IC99305.txt"",""filename"":""swg1IC99305.txt"",""rank"":2,""text"":""034958] Fix packs for DataPower Service Gateway version 6.0 [http://www-01.ibm.com/support/docview.wss?uid=swg24034959] SUBSCRIBE You can track all active APARs for this component. APAR STATUS * CLOSED AS PROGRAM ERROR. ERROR DESCRIPTION * The IBM WebSphere DataPower M/T 9235 appliance might incorrectly report the failure of two power supplies. This message is not reported on all appliances. When this issue occurs, the following messages are present in the DataPower logs: System power supply #2 has failed. or logging event code: 0x80400022 System power supply #2 To check if this is a problem, issue the following CLI commands on the appliance: co test hardware exit The following output from the test hardware command confirms this problem: [failure] Power supply '1' has no AC input power, or is not present. [failure] Power supply '2' has no AC input power, or is not present. Other results in the""},{""char_end"":2055,""char_start"":1211,""chunk_id"":""4de3971143eac39d159fd9bafd10f67f07a6f263d9769776195aba581d6781fc"",""document_id"":""techqa-doc:corpus/swg1IC99305.txt"",""filename"":""swg1IC99305.txt"",""rank"":3,""text"":""hardware command confirms this problem: [failure] Power supply '1' has no AC input power, or is not present. [failure] Power supply '2' has no AC input power, or is not present. Other results in the test hardware command might also show incorrect values. This problem does not affect the operation of the appliance other than the continuous reporting of the power supply failure message. Note: A working power supply has a green LED. LOCAL FIX * Issue the \""shutdown reboot\"" command. PROBLEM SUMMARY * Customers with 9235 hardware platforms might experience the PSU sensors error. PROBLEM CONCLUSION * Fix is available in 5.0.0.13 and 6.0.0.5. For a list of the latest fix packs available, please see: http://www-01.ibm.com/support/docview.wss?uid=swg21237631 [http://www-01.ibm.com/support/docview.wss?uid=swg21237631] TEMPORARY FIX COMMENTS AP""},{""char_end"":1750,""char_start"":730,""chunk_id"":""d1fed6d3975a0a56c133794eeebc2af9cc24ca5869dac9c56af38f45f5ee40ca"",""document_id"":""techqa-doc:corpus/swg21289869.txt"",""filename"":""swg21289869.txt"",""rank"":4,""text"":""the appliances present a power supply problem message. Potential power supply problems are reported in logs, users displays, and from CLI command output. These problems or messages could simply indicate an appliance power cord or power source in the data center has been disconnected. IBM Support will work with you on the telephone to determine the cause of the problem. The problem might be a reporting problem as noted in this technote [http://www.ibm.com/support/docview.wss?uid=swg21512291] and not be a problem with the power supply. The problem could be firmware, power source, chassis, power cables, power supply or elsewhere. The machine types: 7198, 7199, and the 9235 appliances have two power supplies and will operate normally with only one power supply active. Section 1. Resolving and gathering information on the problem. Read and follow all safety precautions listed in the documents linked from our technote on Installing and Removing and Replacing Parts for Appliances. [http://www.ibm.com/support/doc""},{""char_end"":1038,""char_start"":0,""chunk_id"":""8d0dc51e7842bc5c533b5922a01bf41d8217f2e52d5c72443f6e9f10b03fb972"",""document_id"":""techqa-doc:corpus/swg21585939.txt"",""filename"":""swg21585939.txt"",""rank"":5,""text"":""Title: IBM DataPower 9235 appliance may restart due to Baseboard Management Controller (BMC) communications loss - United States Text: TECHNOTE (TROUBLESHOOTING) PROBLEM(ABSTRACT) A 9235 appliance may restart or in rare cases the boot up may not complete due to Baseboard Management Controller (BMC) communications loss. CAUSE NOTE: DataPower highly recommends upgrading to a version containing the fix for APAR IC80983 A DataPower 9235 appliance may be restarted without a back trace by its hardware watchdog due to a Baseboard Management Controller (BMC) communications loss. This also rarely causes a failure to restart successfully. If a failure to restart occurs, the appliance needs to be manually power cycled by removing and then replacing the power cords. DIAGNOSING THE PROBLEM Due to the potential impact of this problem, DataPower highly recommends upgrading to a version containing the fix for APAR IC80983. To check if your system may be susceptible to this issue check the output of these commands: * * * If the BMC version""},{""char_end"":991,""char_start"":0,""chunk_id"":""202c589eba24e60c27150374bdc4cd9c7d2a612bbf3c90109bd903c7350f8027"",""document_id"":""techqa-doc:corpus/swg21289869.txt"",""filename"":""swg21289869.txt"",""rank"":6,""text"":""Title: IBM MustGather: Appliance presents a power supply message, such as: \""System power supply #_ has failed.\"" - United States Text: MustGatherDocument; mustgather; power supply; System power supply; failed; power-1-failure; power-2-failure wsdpcru TECHNOTE (TROUBLESHOOTING) PROBLEM(ABSTRACT) Work with IBM Support to collect and troubleshooting problems when the M/T 9235, M/T 7199 or M/T 7198 , WebSphere DataPower SOA Appliance, IBM WebSphere Deployer, XC10, Cast Iron or Cloudburst appliance presents messages for a potential power supply problem. RESOLVING THE PROBLEM The following information describes the basic documentation needed when working with IBM support on the telephone to investigate questions or problems if the appliances present a power supply problem message. Potential power supply problems are reported in logs, users displays, and from CLI command output. These problems or messages could simply indicate an appliance power cord or power source in the data center""},{""char_end"":3207,""char_start"":2172,""chunk_id"":""ace0caeaef97d69739d286d89267e7d9590cc96191da3265aba5532d24ccf709"",""document_id"":""techqa-doc:corpus/swg21697043.txt"",""filename"":""swg21697043.txt"",""rank"":7,""text"":""t and developer.txt log files. The service.txt file will show the reason for the critical event and the log showing when the event took place. System Health: Critical System Status Summary One or more monitored parameters are abnormal. Critical Events Power module 2 is off. AC fault Power module 3 is off. AC fault Power module 4 is off. AC fault Looking at the power supplies they appear to be fine, there are no error LEDs on LED info: association location state blink_rate color description Power supply[3] Front panel OFF N/A ORANGE Fan Looking at the event log we find that the errors with the AC power fault occurred in the past. There may not be recovery events in the log file. Power module 2 is off. AC fault Power module 3 is off. AC fault Power module 4 is off. AC fault At this point we know the AC faults no longer exist. We can also determine if the power supplies are actually within tolerance of power by looking at the developer log. Looking at the POWER MODULE STATISTICS we can look at the ACT_W and the WPD1 fields""},{""char_end"":1027,""char_start"":0,""chunk_id"":""a99662451e3ded0818cec954ac4f12b176b54cc3a63d287d410498c307952f9a"",""document_id"":""techqa-doc:corpus/swg1IC80983.txt"",""filename"":""swg1IC80983.txt"",""rank"":8,""text"":""Title: IBM IC80983: 9235 APPLIANCE MAY RESTART DUE TO BASEBOARD MANAGEMENT CONTROLLER (BMC) COMMUNICATIONS LOSS. - United States Text: SUBSCRIBE You can track all active APARs for this component. APAR STATUS * CLOSED AS PROGRAM ERROR. ERROR DESCRIPTION * A DataPower 9235 appliance may be restarted by its hardware watchdog due to a Baseboard Management Controller (BMC) communications loss. This also rarely causes a failure to restart successfully. LOCAL FIX * If a failure to restart occurs, the appliance needs to be manually power cycled by removing and then replacing the power cords. PROBLEM SUMMARY * This APAR resolves the situation where the 9235 appliance may lose communications to the Baseboard Management Controller (BMC). This APAR delivers BMC version .29. To check if your system may be susceptible to this issue check the output of these commands: config service show component-firmware If the BMC version listed is below 0.29 we highly recommend upgrading to install the fix PROBLEM CONCLUSION * Fixed in 3.8""},{""char_end"":622,""char_start"":0,""chunk_id"":""554f56d7bf0f123a0a6c8cd68a97f03420489caac1aecfe9f282106b02c0772b"",""document_id"":""techqa-doc:corpus/swg1IC99305.txt"",""filename"":""swg1IC99305.txt"",""rank"":9,""text"":""Title: IBM IC99305: M/T 9235: WEBSPHERE DATAPOWER SOA APPLIANCE MIGHT INCORRECTLY REPORT THE FAILURE OF TWO POWER SUPPLIES - United States Text: FIXES ARE AVAILABLE Fix packs for DataPower B2B Appliance version 6.0 [http://www-01.ibm.com/support/docview.wss?uid=swg24034956] Fix packs for DataPower Integration Appliance version 6.0 [http://www-01.ibm.com/support/docview.wss?uid=swg24034957] Fix packs for DataPower Low Latency Appliance version 6.0 [http://www-01.ibm.com/support/docview.wss?uid=swg24034958] Fix packs for DataPower Service Gateway version 6.0 [http://www-01.ibm.com/support/docview.wss?uid=swg24034959]""},{""char_end"":3887,""char_start"":2977,""chunk_id"":""f98061d689968f45ff5920e6866fed17572030bda7e75eddf879929ca695bfa4"",""document_id"":""techqa-doc:corpus/swg21697043.txt"",""filename"":""swg21697043.txt"",""rank"":10,""text"":""the AC faults no longer exist. We can also determine if the power supplies are actually within tolerance of power by looking at the developer log. Looking at the POWER MODULE STATISTICS we can look at the ACT_W and the WPD1 fields for all four power supplies. S1 ACT_W WPD1 WPD2 WPD3 WPD4 1 2980 2980 2 2980 2980 3 2980 2980 4 2980 2980 This shows that all four 2980 watt power supplies are distributing 2980 watts of power per power supply. If WPDx = 0000 then there is no power to that power supply. RESOLVING THE PROBLEM Now that we are sure there are no actual power supply issues, we may clear the error. To clear the error a management module reset is needed. # ssh mm00x reset -T system:mm[x] Once the reset is done and the management module is once again accessible check the health of it again. # ssh mm00x health -l a -f system> health -l a -f OK Cross reference information Segment Product Component""}]",phase03-sufficiency-annotation-v1,f2fe3f7f29b834d78fd7c79bf4d4a94faee43c658d89c48e386854123066802b,human_annotator_1,sufficient,"Chunks (swg21512291, IC99305) state the 9235 falsely reports both power supplies failed, operation is unaffected, and the local fix is shutdown reboot, answering whether replacement is needed.",2026-08-25T01:52:00+05:30
phase03-annotation-blinded-v1,cfeb6cbd4cad5c79d32391c18eb8661296d70991bf9d5bfc3ce330804e650e18,41,DEV_Q203,validation,bm25,3,"Why WebSphere Application Server transactions are rolled back with these StaleConnectionExceptions?

Why WebSphere Application Server transactions are rolled back with these StaleConnectionExceptions?
My transactions are rolled back and the following errors are seen in the WebSphere Application Server logs:

ConnectionEve A J2CA0056I: ........ ........ Connection reset:java.net.SocketException: Connection reset [15/03/04 1:04:33:046 JST] 00000024 SystemOut O INFO Error executing internal sql (executing callable statement) com.ibm.websphere.ce.cm.StaleConnectionException: IO?G??ñ[: Connection reset at sun.reflect.NativeConstructorAccessorImpl.newInstance0(Native Method) at 
...
See original exception message: ...... with SQL State : 08003 SQL Code : 17008 ..... .....
Caused by: java.sql.SQLRecoverableException: .......DSRA0010E: SQL State : 08003 SQL Code : 17008",benchmark_impossible_no_reference,,"[{""char_end"":1583,""char_start"":737,""chunk_id"":""865d6d56764e17f085a93367b8889a65416682daa5a0c83ef027655d0dfe350d"",""document_id"":""techqa-doc:corpus/swg1IC96857.txt"",""filename"":""swg1IC96857.txt"",""rank"":1,""text"":""[Batch operation exception. Operation failed on the 0th statement. 0 rows were inserted/updated. SQL state = 23503; error code = 20000; error Message = INSERT on table 'TBSPACE_UTILIZATION' caused a violation of foreign key constraint 'FKTBSPUTIL_MDB' for key (UESAIS1). The statement has been rolled back., SQL Exception. SQL state = 23503; error code = 20000; error Message = INSERT on table 'TBSPACE_UTILIZATION' caused a violation of foreign key constraint 'FKTBSPUTIL_MDB' for key (UESAIS1). The statement has been rolled back.] . [ERROR ] ERROR [Batch operation exception. Operation failed on the 0th statement. 0 rows were inserted/updated. SQL state = 23503; error code = 20000; error Message = INSERT on table 'DBSTATUS' caused a violation of foreign key constraint 'FKDBSTAT_MDB' for key (UESMPAR1). The statement has been rolled back.,""},{""char_end"":2016,""char_start"":1218,""chunk_id"":""2fef078a20e4f027841d78aa5ce9ff91e8e6bb1b0eccaa8b3da72e038f2c1b50"",""document_id"":""techqa-doc:corpus/swg1IV25873.txt"",""filename"":""swg1IV25873.txt"",""rank"":2,""text"":""transaction was rolled back. The message received under the transaction is locked until the transaction is rolled back. This may occur many hours later when the WebSphere MQ transaction logs become full and incomplete transactions are rolled back to free space. The application server's SystemOut.log file records the message: javax.transaction.xa.XAException: The method 'xa_prepare' has failed with errorCode '-4'. When the transaction is eventually rolled back, WebSphere MQ queue manager logs record the message: AMQ7469:Transactions rolled back to release log space. LOCAL FIX PROBLEM SUMMARY * **************************************************************** USERS AFFECTED: This issue affects users of the WebSphere MQ classes for JMS, who are making use of XA transactions. This includes: -""},{""char_end"":1034,""char_start"":0,""chunk_id"":""5b191513fcce1fdf46678879a2519b88c56dde746730693970d5706499da85f0"",""document_id"":""techqa-doc:corpus/nas8N1011989.txt"",""filename"":""nas8N1011989.txt"",""rank"":3,""text"":""Title: IBM ODBC XA Transactions Rollback Automatically in SQL Server When Using a SSIS Package - United States Text: ODBC; SQL TECHNOTE (TROUBLESHOOTING) PROBLEM(ABSTRACT) This document will discuss the problem and resolution to an issue reported where ODBC XA transactions rolled back automatically in SQL Server when using a SSIS package. RESOLVING THE PROBLEM This document will discuss the problem and resolution to an issue reported where ODBC XA transactions rolled back automatically in SQL Server when using a SSIS package. Problem The following error message is thrown in SQL Server 2008 when attempting to execute a SSIS package that uses the System i Access for Windows ODBC driver to execute a simple SELECT statement in a XA transaction: SSIS package \""AS400 to SQL CATS Transfer.dtsx\"" starting. Information: 0x4004300A at Data Flow Task, SSIS.Pipeline: Validation phase is beginning. Information: 0x4001100A at Data Flow Task: Starting distributed transaction for this container. Information: 0x4004300A at Data Flow Task""}]",phase03-sufficiency-annotation-v1,f2fe3f7f29b834d78fd7c79bf4d4a94faee43c658d89c48e386854123066802b,human_annotator_1,insufficient,"Retrieved chunks concern foreign-key violations, MQ XA log-full rollbacks, and SQL Server SSIS; none explains WAS StaleConnectionException rollbacks.",2026-08-25T01:53:00+05:30
phase03-annotation-blinded-v1,28b15564a11008a443d176d98f2dc8832e6abf73ca457a9705ab21647089dacb,42,DEV_Q210,validation,hybrid,3,"startNode failed with ADML3000E after a deployment failure

Client had a deployment failure due to ""Too many open files"" error.

Afterwards, the startNode failed with ADML3000E:

What could cause the ""Too many open files error?",answerable_with_reference,"When the ""Too Many Open Files"" error message is written to the logs, it indicates that all available file handles for the process have been used (this includes sockets as well). In a majority of cases, this is the result of file handles being leaked by some part of the application.","[{""char_end"":920,""char_start"":0,""chunk_id"":""0af86aa4354a273b8367f83e7ea35b510687493eb141454a25d9ec6200cab417"",""document_id"":""techqa-doc:corpus/swg21067352.txt"",""filename"":""swg21067352.txt"",""rank"":1,""text"":""Title: IBM Too Many Open Files error message - United States Text: wasrun; wasjdk; open; files; too; ProblemDeterminationDocument; JCC was appserver app server TECHNOTE (TROUBLESHOOTING) PROBLEM(ABSTRACT) This technote explains how to debug the \""Too many open files\"" error message on Microsoft Windows, AIX, Linux and Solaris operating systems. SYMPTOM The following messages could be displayed when the process has exhausted the file handle limit: java.io.IOException: Too many open files [3/14/15 9:26:53:589 EDT] 14142136 prefs W Could not lock User prefs. Unix error code 24. New sockets/file descriptors can not be opened after the limit has been reached. CAUSE System configuration limitation. When the \""Too Many Open Files\"" error message is written to the logs, it indicates that all available file handles for the process have been used (this includes sockets as well). In a majority of cases, this is the result""},{""char_end"":688,""char_start"":0,""chunk_id"":""79bbcbf4e4a7994b1791c74fe95677b512bd81c132c0cea2197edc8bc2fc5028"",""document_id"":""techqa-doc:corpus/swg21393774.txt"",""filename"":""swg21393774.txt"",""rank"":2,""text"":""Title: IBM Resource manager - \""Too many open files\"" error message - United States Text: TECHNOTE (TROUBLESHOOTING) PROBLEM(ABSTRACT) What is the possible cause for the error message \""Too many open files\"" on the resource manager? SYMPTOM Documents are not storing on the resource manager and a set of error messages similar to the following are found in the resource manager log file. ICMRM:ERROR 2008-09-11 16:52:56.122000 context: [WebContainer : 310] - java.io.FileNotFoundException: /lbosf01/lbosdata/00001/42/L1.A1001001A08I11A95134B84725.V1 (Too many open files) - getInputStream(FileSystem.java:311) java.io.FileNotFoundException: /lbosf01/lbosdata/00001/42/L1.A1001001A08I11A95134B""},{""char_end"":587,""char_start"":0,""chunk_id"":""bb07713e492c5b47403c0f2028cc461c69a4a066a45c95edec45eeb02b93d03f"",""document_id"":""techqa-doc:corpus/swg21468765.txt"",""filename"":""swg21468765.txt"",""rank"":3,""text"":""Title: IBM Running HPII_start and get error: too many open files using IBM FileNet Image Services - United States Text: TECHNOTE (TROUBLESHOOTING) PROBLEM(ABSTRACT) Running HPII_start failed, get error: too many open files using Image Services. CAUSE Failed when nofiles exceeded limit after only 245 batches. The status files are being removed prior to closing the HPII data files. RESOLVING THE PROBLEM Edit the HPII_cfg file removing or commenting out the 2 lines ;ProgressFileFlag=1 ;FNProgressDirectory=/fnsw/local/bin/hpii/status Engineering is working on a fix for future release.""}]",phase03-sufficiency-annotation-v1,f2fe3f7f29b834d78fd7c79bf4d4a94faee43c658d89c48e386854123066802b,human_annotator_1,sufficient,"Rank-1 chunk contains the reference answer: all file handles exhausted, typically from handle leaks.",2026-08-25T01:54:00+05:30
phase03-annotation-blinded-v1,05fe4871e59ebb85e137b62e1aeab7a61c35d8b19e09c776703561acb970b754,43,TRAIN_Q478,validation,dense,10,"How to define shared libraries for ODM ruleApps on WAS traditional?

What is the proper way to define a shared lib for RuleApps without giving up the isolated mode of the XU resource adapter? Is it ""works as designed"" that isolating of the XU prevents the resource adapter from seeing shared lib classes from other classloaders? ",answerable_with_reference,"In order to support the existence of multiple versions of the driver jars, the ""Isolate this resource provider"" configuration helps to ensure there are no conflicts. This needs to be configured on each JDBC Provider. You cannot isolate only one resource provider, all the provider configurations in different scopes will have to be configured with the ""Isolate this resource provider"" setting. In this scenario, the resource provider classes from different versions of the jars are not imported or accessed to verify if the isolation has indeed worked. In order to use the server-scoped resource provider the datasource using the server-scoped jdbc provider will have to be referenced from the application after isolating the resource providers and using a resource reference in the application. 


Go to the JDBC Provider and enable ""isolate the resource provider"". When ""Isolate this resource provider"" is enabled, it ensures that only the jar that was specified in the classpath will be used for all the datasources under that particular JDBC provider.","[{""char_end"":4438,""char_start"":3256,""chunk_id"":""587187d9c8ee839f1bcf042d96ecbe8dc0e3309143c2e69c6713ad2750c0042b"",""document_id"":""techqa-doc:corpus/swg21639407.txt"",""filename"":""swg21639407.txt"",""rank"":1,""text"":""by the shared library are preferred over those provided by the application server. 2. Deploy open source packages as part of the application or web module and then change the class loader delegation mode to PARENT_LAST. This will allow open source packages provided by the application over those provided by the application server. This approach is desirable to maintain application portability. Isolated Shared Library: The isolated shared library option was introduced starting WebSphere Application Server V7 and the default setting is false - not to isolate the shared library. An isolated shared library enables one instance of the library classes to be shared among associated applications and web modules (isolated shared library cannot be associated with a server). Classloader order when using isolated shared library: 1. When delegation mode is set to \""Classes loaded with the parent class loader first (Parent first)\"": 1. Checks whether the associated library class loaders can load the class. 2. Checks whether its parent class loader can load the class. 3. Checks whether it (application or WAR module class loader) can load the class. 2. When delegation mode is set to""},{""char_end"":2609,""char_start"":1606,""chunk_id"":""f761ff6d8d239067a009297d42d3a359013c306403abc61047cd70ddd1af0081"",""document_id"":""techqa-doc:corpus/swg21400705.txt"",""filename"":""swg21400705.txt"",""rank"":2,""text"":""configured to look at the system class path at the end of the process. For instance, in WebSphere, you can change the application class loader policy from PARENT_FIRST to PARENT_LAST (\""Classes loaded with local class loader first (parent last)\""). For more information, see the documentation of your application server for class loading policies. * Repackage the XU RAR archive with your .ear file. Basically, you can include the resource adapter archive directly with your application. Rule Execution Server is scoped exclusively to one application. For more information, see the JRules documentation: * In JRules 5, see \""Application-Scoped Use Case\"" section in chapter \""Assembling and Packaging a J2EE BRE Server Application\"" of the \""BRE Server\"" manual. * In JRules 6, see the following section of ILOG JRules User Guide: \""Packaging an Application-Scoped Rule Execution Server\"" in chapter \""Executing Rules > Tasks > Assembling and Packaging a Rule Execution Server Application\"". * In JRules/WODM 7, see""},{""char_end"":2316,""char_start"":1794,""chunk_id"":""f6bf8234f3bd530eb0274e948fcefc2ad9efe1159a90581a1f56ff37269d25d5"",""document_id"":""techqa-doc:corpus/swg21677153.txt"",""filename"":""swg21677153.txt"",""rank"":3,""text"":""defaultApp\\deployment.xml and ..\\cells\\defaultCell\\nodes\\defaultNode\\servers\\defaultServer\\libraries.xml The support for the isolated classloader for shared library setting was added in RAD 8.5.1 to the WAS \""Deployment\"" editor: //== {Add|Edit} Library Entry ... .. --- Classpath Loading --------------------------------- [ ] Use an isolated classloader for this shared library ------------------------------------------------------- //== As shown in this screenshot: [/support/docview.wss?uid=swg21677153&aid=2] [/support/""},{""char_end"":2894,""char_start"":2219,""chunk_id"":""068141cbfd638adb109869889b47221b0fd0cf56221c02ed2324dbeda8b0a43f"",""document_id"":""techqa-doc:corpus/swg21677153.txt"",""filename"":""swg21677153.txt"",""rank"":4,""text"":""------- //== As shown in this screenshot: [/support/docview.wss?uid=swg21677153&aid=2] [/support/docview.wss?uid=swg21677153&aid=2] RAD 8.5.1+ versions have a checkbox to enable isolated shared library. If you select the checkbox, the <libraries:Library...> attribute isolatedClassLoader={\""true\""|\""false\""} is added to the libraries.xml file. When the EAR is subsequently published to WAS v7.x/8.x using default publish settings, the WAS Admin console will show the \""Use an isolated class loader for this shared library\"" checkbox set: Shared Libraries > {your shared lib Name} //== ... -------------- Class Loading [x ] Use an isolated class loader for this shared library //==""},{""char_end"":5074,""char_start"":4233,""chunk_id"":""1501b2e50380fe9be57c9537ea8ef6b97aa1118d34e9750f094630aa97487446"",""document_id"":""techqa-doc:corpus/swg21639407.txt"",""filename"":""swg21639407.txt"",""rank"":5,""text"":""loaders can load the class. 2. Checks whether its parent class loader can load the class. 3. Checks whether it (application or WAR module class loader) can load the class. 2. When delegation mode is set to \""Classes loaded with the parent class loader last (Parent last)\"": 1. Checks whether it (application or WAR module class loader) can load the class. 2. Checks whether the associated library class loaders can load the class. 3. Checks whether its parent class loader can load the class. How to create shared libraries and associate it to a server, application or a web module [http://pic.dhe.ibm.com/infocenter/wasinfo/v8r5/index.jsp?topic=%2Fcom.ibm.websphere.base.doc%2Fae%2Ftcws_sharedlib.html] Commonly encountered scenarios: * Using classes in an application that are also packaged within WSAS http://www.ibm.com/support/docview.wss""},{""char_end"":822,""char_start"":0,""chunk_id"":""8d9b77b97adbd7210ee29adbd8be9346244548ae7ec8817e189042689b1cb9fa"",""document_id"":""techqa-doc:corpus/swg21677153.txt"",""filename"":""swg21677153.txt"",""rank"":6,""text"":""Title: IBM Enhanced EAR deployment and the isolated class loader attribute for a shared library - United States Text: Enhanced EAR; deployment; shared library; isolatedClassLoader; Use an isolated class loader for this shared library; classpath loading; editor; ibmconfig TECHNOTE (FAQ) QUESTION How to edit the Enhanced EAR deployment extension files in Rational Application Developer (RAD) v8.0.4.x to set the isolated class loader attribute for a shared library in WebSphere Application Server (WAS) V7 or higher. CAUSE This shared library setting was introduced with WAS v7.0 as described in this WAS v7 Knowledge Center (KC) item: Shared library settings [http://www-01.ibm.com/support/knowledgecenter/?lang=en#!/SSEQTP_7.0.0/com.ibm.websphere.soafep.multiplatform.doc/info/ae/ae/ucws_rsharedlib_inst.html?cp=SSEQTP_7""},{""char_end"":1302,""char_start"":728,""chunk_id"":""740bc8146a49c0fc1b0e9847247c4f86a3f0fa96c8c1edcaf35b214f25912711"",""document_id"":""techqa-doc:corpus/swg21677153.txt"",""filename"":""swg21677153.txt"",""rank"":7,""text"":"".0/com.ibm.websphere.soafep.multiplatform.doc/info/ae/ae/ucws_rsharedlib_inst.html?cp=SSEQTP_7.0.0], describing: ...Use an isolated class loader for this shared library... ... isolatedClassLoader={\""true\""|\""false\""} .. It is possible to set this in the WAS Admin Console when creating a shared library for WAS v7.x/v8.x. * * Shared Libraries > {your shared lib Name} //== ... -------------- Class Loading [x ] Use an isolated class loader for this shared library //=== As shown in this screenshot: [/support/docview.wss?uid=swg21677153&aid=1] [/support/docview.wss?uid=swg21677""},{""char_end"":6329,""char_start"":5514,""chunk_id"":""01a0fb22d7f06b7a0cee731829f351dced8897d8233916e04cc3f59c817d2715"",""document_id"":""techqa-doc:corpus/swg21427266.txt"",""filename"":""swg21427266.txt"",""rank"":8,""text"":""ules/ps_JRules_Rule_Execution_Server_OH35.html] (see also Managing the XU timeout policy [http://pic.dhe.ibm.com/infocenter/dmanager/v8r0m1/topic/com.ibm.wodm.dserver.rules.res.managing/topics/tsk_res_config_xu_timeout.html]). 5. Several session clients for a given ruleset are not associated to the same classloader: For example an EJB module and a WEB Application have distinct classloaders in an application server and execution requests for the same ruleset from each application lead to 2 separate parsing of the ruleset. Use a single classloader for the application or make sure that all execution requests are channeled through a service consistently associated with the same classloader. Note: Starting with ODM 8.5.1 it is possible to execute rulesets using the Decision Engine [http://pic.dhe.ibm.com/info""},{""char_end"":3717,""char_start"":2620,""chunk_id"":""6f671343d2c754d7d184c0e1c7049e061ce7d8a166c18935bc1a63cddc63c9dd"",""document_id"":""techqa-doc:corpus/swg21902432.txt"",""filename"":""swg21902432.txt"",""rank"":9,""text"":""any Java EE application or shared library from unexpectedly linking to classes in package \""org.apache.http.\"", nor any subpackages, provided by the Application Server. The same isolation applies to class resources in path \""/org/apache/http/\"" and any subpaths. The solution works for deployed artifacts that load directly from the ExtClassLoader classpath, such as non-isolated standalone resource adapters, non-isolated resource providers, custom services, and custom authentication modules, because when the property is set, these classes can link to Apache HTTP Components packages visible on the ExtClassloader classpath, only. However, the solution may not always work when both applications and other artifacts provide Apache HTTP Components. If an application and, for example, a standalone (non-isolated) resource adapter both provide Apache HTTP Components, then it is possible that both will link to the packages provided by the resource adapter, which are visible on the ExtClassLoader classpath. In such a deployment, extra steps must be taken either to configure the standalone resource""},{""char_end"":2131,""char_start"":1324,""chunk_id"":""5e635ccc13f150bd8f29455c32fc6ae16c313a614e46bc9b4e12a10852febd84"",""document_id"":""techqa-doc:corpus/swg21622452.txt"",""filename"":""swg21622452.txt"",""rank"":10,""text"":""export of the libraries to the XOM Path: 1. In Rule Designer, in the Rule Explorer view, right-click the rule project, and click Properties. 2. Click Java Execution Object Model in the list of properties. 3. To display a list of all selected Java XOM entries, click the Order and Export tab. 4. Clear the check boxes that correspond to the libraries, and then click OK. Once the RuleApp is deployed, you must add the XOM as a library URI in the Rule Execution Server console. To add the XOM as a library URI: 1. Deploy the XOM to Rule Execution Server, using \""Deploy Resource\"" in the Rule Execution Server console. For more information on how to deploy a resource, see: http://pic.dhe.ibm.com/infocenter/dmanager/v7r5/index.jsp?topic=%2Fcom.ibm.dserver.res%2FContent%2FBusiness_Rules%2F_pubskel%2FInfocenter""}]",phase03-sufficiency-annotation-v1,f2fe3f7f29b834d78fd7c79bf4d4a94faee43c658d89c48e386854123066802b,human_annotator_1,insufficient,"Chunks explain isolated shared libraries and XU repackaging/PARENT_LAST options, but the reference answer (Isolate this resource provider on every JDBC provider) and the works-as-designed question are not directly addressed.",2026-08-25T01:55:00+05:30
phase03-annotation-blinded-v1,302348105301926a614e06ac229c33c75eb81b2dc61bc5e70b08ab19e9d0af67,44,DEV_Q073,validation,dense,1,"What should I do if I observed ""ghost queue building up"" issue?

There are lots of ghost queues in the system, which have already took up most of file system space. What can I do under such situation?
",benchmark_impossible_no_reference,,"[{""char_end"":991,""char_start"":0,""chunk_id"":""718be660fc0263771b2c522d923a50e751182af2eda4684d543a24781583c34f"",""document_id"":""techqa-doc:corpus/swg21237907.txt"",""filename"":""swg21237907.txt"",""rank"":1,""text"":""Title: IBM How to delete GHOST queues, which appear after a power outage - United States Text: process remove delete ghost queue process remove delete ghost queue process remove delete ghost queue TECHNOTE (TROUBLESHOOTING) PROBLEM(ABSTRACT) After a power outage, your WebSphere MQ queue manager is showing some queues whose names begin with: !!GHOST! You want to know how to delete them. CAUSE For each model queue there is a pool of re-usable ghost queues. When a dynamic queue is created it requires some significant infrastructure to be put in place, in terms of directories and files. Instead of throwing away all of this data when a dynamic queue is created, the data is kept and stored as a member of a \""ghost\"" pool that is associated with the model queue. After a catastrophic failure (such as killing the power on the machine) some of the permanent dynamic queues no longer exist, even though they were never closed using MQCO_DELETE or MQCO_DELETE_PURGE. If you do not delete these""}]",phase03-sufficiency-annotation-v1,f2fe3f7f29b834d78fd7c79bf4d4a94faee43c658d89c48e386854123066802b,human_annotator_1,insufficient,Single chunk is the exact ghost-queue technote but the retrieved span covers only the cause; the deletion procedure the question needs falls outside the chunk.,2026-08-25T01:56:00+05:30
phase03-annotation-blinded-v1,a07db186aabb30b62f9f720a0d98c5673fa51f3fca628b0670df022bf71e6f49,45,DEV_Q127,train,hybrid,10,"Help with Security Bulletin: Vulnerability in IBM Java Runtimes affect Websphere Business Modeler Advanced and Websphere Business Modeler Basic (CVE-2015-0138)

I need to understand details regarding Security Bulletin: Vulnerability in IBM Java Runtimes affect Websphere Business Modeler Advanced and Websphere Business Modeler Basic (CVE-2015-0138). Where can I find this information?",benchmark_impossible_no_reference,,"[{""char_end"":4745,""char_start"":4049,""chunk_id"":""5ea5fe56d2a73e7fe6486a82a9fe4f8d776d1479ec12074942e402e96a9bdc24"",""document_id"":""techqa-doc:corpus/swg21700720.txt"",""filename"":""swg21700720.txt"",""rank"":1,""text"":""s * Security Bulletin: Vulnerability in IBM Java Runtimes affect Websphere Business Modeler Advanced and Websphere Business Modeler Basic (CVE-2015-0138) [http://www-01.ibm.com/support/docview.wss?uid=swg21701056] * Security Bulletin: Multiple vulnerabilities in IBM Java SDK affect IBM Integration Designer (IID) and WebSphere Integration Developer (WID)(CVE-2015-0138, CVE-2015-0410, CVE-2014-6593) [http://www-01.ibm.com/support/docview.wss?uid=swg21700896] * Security Bulletin: Vulnerability in IBM WebSphere Application Server affects WebSphere Business Services Fabric (CVE-2015-0138) [http://www-01.ibm.com/support/docview.wss?uid=swg21699929] * Security Bulletin: Multiple vulnerabilities""},{""char_end"":1064,""char_start"":0,""chunk_id"":""6f2d3e17d943ca0f8d13a3b9fe3b351c16895eaedf5c79e53cbb6fd844da69f4"",""document_id"":""techqa-doc:corpus/swg21967357.txt"",""filename"":""swg21967357.txt"",""rank"":2,""text"":""Title: IBM Security Bulletin: A security vulnerability has been identified in IBM WebSphere Application Server shipped with WebSphere Business Modeler Publishing Server (CVE-2015-3183) - United States Text: SECURITY BULLETIN SUMMARY IBM WebSphere Application Server (WAS) is shipped as a component of WebSphere Business Modeler Publishing Server. Information about a security vulnerability affecting IBM WebSphere Application Server has been published in a security bulletin. VULNERABILITY DETAILS Consult the security bulletin Security Bulletin: HTTP Request smuggling vulnerability may affect IBM HTTP Server (CVE-2015-3183) [http://www.ibm.com/support/docview.wss?uid=swg21963361] for vulnerability details and information about fixes. AFFECTED PRODUCTS AND VERSIONS This vulnerability affects WebSphere Business Modeler Publishing Server V6.2.0.x. GET NOTIFIED ABOUT FUTURE SECURITY BULLETINS Subscribe to My Notifications [ http://www-01.ibm.com/software/support/einfo.html] to be notified of important product support alerts like this. REFERENCES Complete CV""},{""char_end"":957,""char_start"":0,""chunk_id"":""c492cde1794ba88cc281ae6e0513b799905855eb5c209a1882d3db02193d452e"",""document_id"":""techqa-doc:corpus/swg21722410.txt"",""filename"":""swg21722410.txt"",""rank"":3,""text"":""Title: IBM Security Bulletin: A security vulnerability has been identified in WebSphere Message Broker shipped with WebSphere Remote Server (CVE-2015-0138) - United States Text: SECURITY BULLETIN SUMMARY WebSphere Message Broker is shipped as a component of WebSphere Remote Server. Information about a security vulnerability affecting WebSphere Message Broker has been published in a security bulletin. VULNERABILITY DETAILS For vulnerability details, see the security bulletin Multiple vulnerabilities in IBM Java Runtime affect IBM Integration Bus and WebSphere Message Broker (CVE-2015-0138) [http://www.ibm.com/support/docview.wss?uid=swg21700397]. AFFECTED PRODUCTS AND VERSIONS Principal Product and Version(s) Affected Supporting Product and Version WebSphere Remote Server V7.1, 7.1.1, 7.1.2, 8.5 WebSphere Message Broker V7.0, 8.0 GET NOTIFIED ABOUT FUTURE SECURITY BULLETINS Subscribe to My Notifications [ http://www-01.ibm.com/software/support/""},{""char_end"":971,""char_start"":0,""chunk_id"":""5218b3f0f7538f5a7edd9b5cd9c847bca964f26ff9d9bb35617d3ac9f77d225e"",""document_id"":""techqa-doc:corpus/swg21959326.txt"",""filename"":""swg21959326.txt"",""rank"":4,""text"":""Title: IBM Security Bulletin: A security vulnerability has been identified in IBM WebSphere Application Server shipped with IBM Business Monitor (CVE-2015-1920) - United States Text: SECURITY BULLETIN SUMMARY IBM WebSphere Application Server is shipped as a component of IBM Business Monitor. Information about a security vulnerability affecting WebSphere Application Server has been published in a security bulletin. VULNERABILITY DETAILS Consult the security bulletin Security Bulletin: Security Vulnerability in IBM WebSphere Application Server (CVE-2015-1920) [http://www-01.ibm.com/support/docview.wss?uid=swg21883573] for vulnerability details and information about fixes. AFFECTED PRODUCTS AND VERSIONS IBM Business Monitor V8.5.5 and V8.5.6 IBM Business Monitor V8.0.1.3 IBM Business Monitor V7.5.1.2 WebSphere Business Monitor V7.0.0.5 GET NOTIFIED ABOUT FUTURE SECURITY BULLETINS Subscribe to My Notifications [ http://www-01.ibm.com/software/support/einfo.html""},{""char_end"":1014,""char_start"":0,""chunk_id"":""5bf4e3d8041ad5c0f06c11657d1132207dc55f19204701ac53961ff92eb7e5ce"",""document_id"":""techqa-doc:corpus/swg22016089.txt"",""filename"":""swg22016089.txt"",""rank"":5,""text"":""Title: IBM Security Bulletin: A security vulnerability has been identified in IBM WebSphere Application Server shipped with IBM Business Monitor (CVE-2017-1743) - United States Text: SECURITY BULLETIN SUMMARY IBM WebSphere Application Server is shipped as a component of Business Monitor. Information about a security vulnerability affecting WebSphere Application Server has been published in a security bulletin. VULNERABILITY DETAILS Consult the Security Bulletin Security Bulletin: Vulnerabilities in Disclosure in WebSphere Application Server (CVE-2017-1743) [http://www-01.ibm.com/support/docview.wss?uid=swg24044794] for vulnerability details and information about fixes. AFFECTED PRODUCTS AND VERSIONS * IBM Business Monitor V8.5.5, V8.5.6 and V8.5.7 * IBM Business Monitor V8.0.1.3 * IBM Business Monitor V8.0 Principal Product and Versions Affected Supporting Product and Versions IBM Business Monitor V8.5.7 WebSphere Application Server V8.5.5 IBM Business Monitor V8.5.6 WebSphere Application Server V8.""},{""char_end"":1453,""char_start"":683,""chunk_id"":""1bd35ba4cc170923929dac4717556aaf01d1d0438832fc69a91cfff4e545b164"",""document_id"":""techqa-doc:corpus/swg21982320.txt"",""filename"":""swg21982320.txt"",""rank"":6,""text"":""Maintenance and Quality. Information about a security vulnerability affecting : IBM WebSphere Application Server, IBM DB2, IBM SPSS Modeler, IBM Cognos Business Intelligence Server, IBM SPSS Collaboration and Deployment Services,IBM Integration Bus, IBM ILOG CPLEX Optimization Studio, IBM SPSS Analytic Server and IBM SPSS Modeler has been published their respective security bulletins. VULNERABILITY DETAILS Please consult the Security Bulletin: Multiple vulnerabilities in IBM Java Runtime affect WebSphere Message Broker and IBM Integration Bus (CVE-2015-8126, CVE-2016-0494, CVE-2016-0483, CVE-2015-8472, CVE-2016-0475, CVE-2016-0466, CVE-2016-0402, CVE-2015-7575, CVE-2016-0448, CVE-2015-5041, CVE-2015-7981, CVE-2015-8540) [http://www.ibm.com/support/docview.wss?""},{""char_end"":4226,""char_start"":3512,""chunk_id"":""d80f15e6c63d3149464b834bc2caf95c59d0809bcb0c0f4c1e4d0017e47f08e2"",""document_id"":""techqa-doc:corpus/swg21700720.txt"",""filename"":""swg21700720.txt"",""rank"":7,""text"":""CVSS Base Score: 4.3 CVSS Temporal Score: See [https://exchange.xforce.ibmcloud.com/vulnerabilities/97013]https://exchange.xforce.ibmcloud.com/vulnerabilities/97013 [https://exchange.xforce.ibmcloud.com/vulnerabilities/97013] for the current score CVSS Environmental Score*: Undefined CVSS Vector: (AV:N/AC:M/Au:N/C:P/I:N/A:N) AFFECTED PRODUCTS AND VERSIONS WebSphere Dynamic Process Edition 6.1, 6.2, 7.0 If you are using an unsupported version, IBM strongly recommends to upgrade. REMEDIATION/FIXES Please consult the security bulletins * Security Bulletin: Vulnerability in IBM Java Runtimes affect Websphere Business Modeler Advanced and Websphere Business Modeler Basic (CVE-2015-0138) [http://www-01.ibm.com/""},{""char_end"":981,""char_start"":0,""chunk_id"":""4843de8772f31608ec051aac92968cabb2ef28e22e8032b02ee79e8eacaafffe"",""document_id"":""techqa-doc:corpus/swg22014353.txt"",""filename"":""swg22014353.txt"",""rank"":8,""text"":""Title: IBM Security Bulletin: A security vulnerability has been identified in WebSphere Application Server shipped with IBM Connections Docs (CVE-2017-1731) - United States Text: SECURITY BULLETIN SUMMARY WebSphere Application Server is shipped as a component of IBM Connections Docs. Information about a security vulnerability affecting WebSphere Application Server has been published in a security bulletin. VULNERABILITY DETAILS Please consult the security bulletin Potential Privilege Escalation in WebSphere Application Server Admin Console (CVE-2017-1731) [http://www-01.ibm.com/support/docview.wss?uid=swg22012345] [http://www-01.ibm.com/support/docview.wss?uid=swg22012345] for vulnerability details and information about fixes. AFFECTED PRODUCTS AND VERSIONS Principal Product and Version(s) Affected Supporting Product and Version IBM Connections Docs 2.0 IBM WebSphere Application Server: * Version 9.0 * Version 8.5 * Version 8.0 * Version 7.0 GET NOTIFIED ABOUT FUTURE""},{""char_end"":2005,""char_start"":1104,""chunk_id"":""72bda683d3b4dfbffaa3c91d734d46377ff032a9a6a2907c844b05e2ae345901"",""document_id"":""techqa-doc:corpus/swg1JR51837.txt"",""filename"":""swg1JR51837.txt"",""rank"":9,""text"":""Security Bulletin: Vulnerability in SSLv3 affects WebSphere Process Server, WebSphere Business Compass, and WebSphere Business Modeler Publishing Server (CVE-2014-3566)\"" (http://www.ibm.com/support/docview.wss?uid=swg21689918). PRODUCTS AFFECTED: WebSphere Business Modeler Advanced WebSphere Business Modeler Basic LOCAL FIX PROBLEM SUMMARY * No additional information is available. PROBLEM CONCLUSION * A fix is available for IBM WebSphere Business Modeler Advanced and WebSphere Business Modeler Basic V7.0.0.4 that upgrades the JRE to fix the security vulnerability from a POODLE attack by disabling SSLv3 and using TLS by default. On Fix Central (http://www.ibm.com/support/fixcentral), search for JR51837: 1. Select IBM WebSphere Business Modeler with your edition from the product selector, the installed version to the fix pack level, and your platform, and then click Continue. 2. Select APAR""},{""char_end"":854,""char_start"":0,""chunk_id"":""158a4610e623e6ef6ce4c71e1611b962e19c5d463c49eee313a4202ff7ab7f53"",""document_id"":""techqa-doc:corpus/swg2C1000113.txt"",""filename"":""swg2C1000113.txt"",""rank"":10,""text"":""Title: IBM Security Bulletin: A security vulnerability has been identified in WebSphere Application Server shipped with IBM Service Delivery Manager (CVE-2016-0475, CVE-2016-0466, CVE-2015-7575 and CVE-2016-0448) - United States Text: CVE-2016-0475; CVE-2016-0466; CVE-2015-7575; CVE-2016-0448 SECURITY BULLETIN SUMMARY WebSphere Application Server is shipped as components of IBM Service Delivery Manager. Information about a security vulnerability affecting WebSphere Application Server has been published in a security bulletin. VULNERABILITY DETAILS Please consult the security bulletin Multiple vulnerabilities in IBM® Java SDK affect WebSphere Application Server January 2016 CPU (CVE-2016-0475, CVE-2016-0466, CVE-2015-7575, CVE-2016-0448) [http://www-01.ibm.com/support/docview.wss?uid=swg21975424] for vulnerability details and information about""}]",phase03-sufficiency-annotation-v1,f2fe3f7f29b834d78fd7c79bf4d4a94faee43c658d89c48e386854123066802b,human_annotator_1,insufficient,Rank-1 contains only a link to the named bulletin (swg21701056); the vulnerability details themselves are not in the retrieved text.,2026-08-25T01:57:00+05:30
phase03-annotation-blinded-v1,ccd208f56b4043607f8ff821b0db31c847efcd13736d6f4faccf927860adc487,46,TRAIN_Q151,train,hybrid,5,"Does IBM DataPower Gateway Appliance support the HTTP CONNECT method?

Does IBM DataPower Gateway Appliance support the HTTP CONNECT method for non-SSL proxy requests? ",answerable_with_reference,"Non-SSL Proxy requests will work using either:

a) an XML Firewall when configuring in the HTTP Options tab, where the user can configure the Proxy Host and Port

b) a Multi-Protocol Gateway when configuring an HTTP Proxy Policy in the User Agent","[{""char_end"":979,""char_start"":0,""chunk_id"":""e34bb7e33c86cb736730b5d1d53f1b7f43e4f6ca808ec609755fbd78a9e30761"",""document_id"":""techqa-doc:corpus/swg21612222.txt"",""filename"":""swg21612222.txt"",""rank"":1,""text"":""Title: IBM How to Proxy SSL request from DataPower to Remote Proxy Server? - United States Text: Forward Proxy XMLFW MPGW CONNECT TUNNEL TECHNOTE (TROUBLESHOOTING) PROBLEM(ABSTRACT) How to configure an IBM WebSphere DataPower SOA Appliance Service to proxy an SSL request to a remote proxy server using the CONNECT method for SSL tunneling? CAUSE Many common forward proxy servers expect requests in different formats depending on if they are proxying non-SSL or SSL requests. For example, a non-SSL request to be proxied may come in the form of GET hostname:port/URI. For SSL requests to be proxied, remote proxy servers are commonly configured to tunnel the request from the client to the backend server. In the SSL request scenario, remote proxy servers will typically expect a CONNECT request and then tunnel the SSL request from the client to the backend server. Users configuring DataPower may need a way to implement this CONNECT method for SSL tunneling to a remote Proxy""},{""char_end"":665,""char_start"":0,""chunk_id"":""b6add63670f604f095ceae2715b92b91413453a2d5344feeafae7dad94c4d6fd"",""document_id"":""techqa-doc:corpus/swg1IT16244.txt"",""filename"":""swg1IT16244.txt"",""rank"":2,""text"":""Title: IBM IT16244: INCORRECT SSL ERROR 'WRONG VERSION NUMBER' IS ISSUED WHEN RECEIVING 5XX ERROR FROM HTTP PROXY SERVER WHEN USING CONNECT - United States Text: FIXES ARE AVAILABLE Fix packs for DataPower Service Gateway version 7.0 [http://www-01.ibm.com/support/docview.wss?uid=swg24037486] Fix packs for DataPower B2B Appliance version 7.0 [http://www-01.ibm.com/support/docview.wss?uid=swg24037487] Fix packs for DataPower Integration Appliance version 7.0 [http://www-01.ibm.com/support/docview.wss?uid=swg24037488] Fix packs for DataPower Gateway version 7.1 [http://www-01.ibm.com/support/docview.wss?uid=swg24038524] Fix packs for DataPower Gateway version""},{""char_end"":637,""char_start"":0,""chunk_id"":""ae59cb9e501542b3b53ee0f88270e33150b81541f18af382fbea1d9a3400bab6"",""document_id"":""techqa-doc:corpus/swg1IC93504.txt"",""filename"":""swg1IC93504.txt"",""rank"":3,""text"":""Title: IBM IC93504: WEB SERVICE PROXY HTTP CLIENT IP LABEL REVERTS TO THE DEFAULT WHEN WEB SERVICE PROXY IS MODIFIED FROM THE WEBGUI - United States Text: FIXES ARE AVAILABLE Fix packs for DataPower XML Security Gateway version 6.0 [http://www-01.ibm.com/support/docview.wss?uid=swg24034955] Fix packs for DataPower B2B Appliance version 6.0 [http://www-01.ibm.com/support/docview.wss?uid=swg24034956] Fix packs for DataPower Integration Appliance version 6.0 [http://www-01.ibm.com/support/docview.wss?uid=swg24034957] Fix packs for DataPower Low Latency Appliance version 6.0 [http://www-01.ibm.com/support/docview.wss?uid=swg24034958]""},{""char_end"":3430,""char_start"":2611,""chunk_id"":""db606fa7be406f6baf5bf8daf3201e841acc0f204d5f9b12fb90fa4892c398f9"",""document_id"":""techqa-doc:corpus/swg22010745.txt"",""filename"":""swg22010745.txt"",""rank"":4,""text"":""API Connect Version 5.0 or later. For more information, see Validated upgrade paths for API Connect [http://www.ibm.com/support/knowledgecenter/SSMNED_5.0.0/com.ibm.apic.overview.doc/overview_apic_upgrade_path.html] In addition to the specific validated upgrade paths for the API Management appliance, you must upgrade your IBM DataPower Gateway appliance. For more information, see Upgrading DataPower for Gateway servers [http://www.ibm.com/support/knowledgecenter/SSMNED_5.0.0/com.ibm.apic.overview.doc/apply_main_gateway.html]. Upgrading the gateway to firmware level 7.5.0.1 is strongly recommended for the best experience. DOWNLOADS: Full installation and upgrade files for IBM API Connect Version 5.0.6.5 (Enterprise, Professional & Essentials) can be downloaded from Fix Central: IBM API Connect Version 5.0.6.5""},{""char_end"":624,""char_start"":0,""chunk_id"":""e35d1d0b930ebcee77a8838a9f730b680ba7cd3f7467528dad6f3f8fe5a879f4"",""document_id"":""techqa-doc:corpus/swg1IT17280.txt"",""filename"":""swg1IT17280.txt"",""rank"":5,""text"":""Title: IBM IT17280: SIX VULNERABILITIES IN THE SSL COMPONENT OF IBM DATAPOWER GATEWAYS - United States Text: FIXES ARE AVAILABLE Fix packs for DataPower Service Gateway version 7.0 [http://www-01.ibm.com/support/docview.wss?uid=swg24037486] Fix packs for DataPower B2B Appliance version 7.0 [http://www-01.ibm.com/support/docview.wss?uid=swg24037487] Fix packs for DataPower Integration Appliance version 7.0 [http://www-01.ibm.com/support/docview.wss?uid=swg24037488] Fix packs for DataPower Gateway version 7.1 [http://www-01.ibm.com/support/docview.wss?uid=swg24038524] Fix packs for DataPower Gateway version 7.2 [http:/""}]",phase03-sufficiency-annotation-v1,f2fe3f7f29b834d78fd7c79bf4d4a94faee43c658d89c48e386854123066802b,human_annotator_1,insufficient,Rank-1 technote concerns configuring CONNECT for SSL tunneling; the reference answer (non-SSL proxying via XML Firewall HTTP Options or MPGW User Agent proxy policy) is not in the retrieved spans.,2026-08-25T01:58:00+05:30
phase03-annotation-blinded-v1,4b1f5c380513e5a10213af712f2e6731e5c941164c03080e852aeba7cab9cc97,47,TRAIN_Q467,train,dense,3,"How can we change the password for LDAP bind user?

We need to change our LDAP bind user due to security requirement. Is there any documentation for the procedure? ",answerable_with_reference,"The Directory Service user account and password are normally used in two product components: FileNet Enterprise Manager (FEM), and the application server. A coordinated update procedure should be followed when there is a need to change the user account and/or password. This procedure applies to FileNet Content Engine 4.x and above.","[{""char_end"":776,""char_start"":0,""chunk_id"":""b7e5b2a0be9988b21650632ab8eba5d4bca5551a7fff982f8e200a5c288ddca4"",""document_id"":""techqa-doc:corpus/swg21266356.txt"",""filename"":""swg21266356.txt"",""rank"":1,""text"":""Title: IBM Changing the WebSEAL Server bind-pwd while connecting to LDAP Server. - United States Text: bind-pwd; obfuscate; userPassword TECHNOTE (FAQ) QUESTION When password is not encrypted, how does one change WebSEAL Server's bind-pwd for connecting to LDAP? ANSWER Important Note: The bind-pwd is always stored in an encrypted format, in the WebSEAL configuration obfuscated file. But this file cannot be modified directly. To modify this file, we need to modify the relevant WebSEAL configuration file. 1) Retrieve the current password from the Obfuscated file as follows: # pdadmin -l config show /opt/pdweb/etc/webseald-default.conf ldap bind-pwd Z7nXxAPpYz4t5TGGrPz 2) Check the current password in LDAP Server: # ldapsearch -D cn=root -w root -s base -b \""cn=default-""},{""char_end"":3159,""char_start"":2277,""chunk_id"":""3d28c81a18da9aa0efd2bf53db95a63b7d02f382c31ebfa2dc873c363d32be02"",""document_id"":""techqa-doc:corpus/swg21500831.txt"",""filename"":""swg21500831.txt"",""rank"":2,""text"":""configuration and later updates. 2. Let's call the LDAP repository the primary LDAP where WAS primary administrative user resides. If the bind password of the primary LDAP is to be updated using the procedure in this technote, conduct the procedure to change the bind password before the actual user's password is changed in the LDAP. Otherwise, the task may fail with WebSphere error ADMN0022E and LDAP error code 49. 3. The function of resetting the bind user ID and password can also be done by \""updateIdMgrLDAPServer\"" in IdMgrRepositoryConfig using wsadmin tool in WebSphere Application Server. See the link in reference below. Other Parameters to be checked: * federated.ldap.referral * federated.ldap.authentication * federated.ldap.sslEnabled * federated.ldap.sslConfiguration * federated.ldap.certificateMapMode * federated.ldap.certificateFilter * federated.ldap.connection""},{""char_end"":5218,""char_start"":4539,""chunk_id"":""1e623ccf42e7d5f8afad5663a6793faeb1369e94efb4ed51ae4827b39bd6a4f9"",""document_id"":""techqa-doc:corpus/swg21587930.txt"",""filename"":""swg21587930.txt"",""rank"":3,""text"":""must be completed on the connection., data 0, vece Solution: user specified in binddn requires password to get in to LDAP server. Add -w option followed by <bindpw> 4. Verify that the user defined in binddn parameter has the LDAP server privileges to see all of the users you want it to see by running the following command: ldapsearch -v -h <host_name> -b <base> -D <binddn> -p <port> -x -w <bindpw> “(cn=<user_cn>)” 5. Set up authentication as follows: As a root user, make a backup copy of the ldap.conf file: cp /etc/ldap.conf /etc/ldap.conf.orig Edit the ldap.conf file and comment out following line (put # at the beginning of it): uri ldap://127.0.0.1/ [ldap://127.0.0.1/]""}]",phase03-sufficiency-annotation-v1,f2fe3f7f29b834d78fd7c79bf4d4a94faee43c658d89c48e386854123066802b,human_annotator_1,insufficient,"Retrieved chunks give bind-password procedures for WebSEAL and WAS, not the FileNet Content Engine coordinated update procedure in the reference; product ambiguity unresolved by context.",2026-08-25T01:59:00+05:30
phase03-annotation-blinded-v1,ed27555be2e1a9dd06f3df4d24acf54efa4bc6f8781200f36d235f93e98eae84,48,TRAIN_Q207,validation,bm25,5,"How to configure the Data Power Agent to communicate on TLSv1.2 ?

APM agent for data power is not able to communicate with data power server when SSL is enabled. Since we are connecting to TLS version 1, where data power server supports only TLS 1.2. ",answerable_with_reference,"A new configuration item ""KBN_SOMA_PROTOCOL"" is introduced to support TLS.
The value should be SSL/TLSv1/TLSv1.1/TLSv1.2. The default value is ""TLSv1"". 
If you want to support TLSv1.1/TLSv1.2, please change it manually.","[{""char_end"":865,""char_start"":0,""chunk_id"":""701d8765dab7999d28bc41ff0dc7113f54431f6c813fdd2ecf867f3ee1cc145f"",""document_id"":""techqa-doc:corpus/swg1IJ06924.txt"",""filename"":""swg1IJ06924.txt"",""rank"":1,""text"":""Title: IBM IJ06924: APM DATA POWER AGENT THRESHOLD IS NOT DISTRIBUTED TO THE AGENT - United States Text: A README IS AVAILABLE 8.1.4.0-IBM-APM-SERVER-IF0006 [http://www-01.ibm.com/support/docview.wss?uid=isg400004027] SUBSCRIBE You can track all active APARs for this component. APAR STATUS * CLOSED AS FIXED IF NEXT. ERROR DESCRIPTION * APM Data Power agent threshold is not distributed to the agent Environment: APM server APM version: 8.1.4.0 IF04 Problem Description: APM Data Power agent threshold is not distributed to the agent, after the agent is renamed and subnode is connected to new agent. Detailed Recreation Procedure: APM Data Power agent threshold is not distributed to the agent, after the agent is renamed and subnode is connected to new agent. Related Files and Output: Messages found in logs etc : in server1 log file, from agent lifecycle topic""},{""char_end"":686,""char_start"":0,""chunk_id"":""a3634fe92b5a20bff25a8055fdaa174e12f746efc85cd00416d1b6f79dbce379"",""document_id"":""techqa-doc:corpus/swg21693180.txt"",""filename"":""swg21693180.txt"",""rank"":2,""text"":""Title: IBM How to delete WebSphere BN agent Data Power instances from the command line - United States Text: WebSphere Data Power Agent BN CAMD4ALL CAMD4INST TECHNOTE (TROUBLESHOOTING) THIS DOCUMENT APPLIES ONLY TO THE FOLLOWING LANGUAGE VERSION(S): US English PROBLEM(ABSTRACT) If unable to use the MTEMS GUI to remove ITM BN Agent Data Power Instances from the agent configuration, the alternative is to use the tacmd command. RESOLVING THE PROBLEM Example on removing the BN Data Power instances: /opt/IBM/ITMSVT/bin/tacmd login -s <system> -u <userid> -p <passwd> /opt/IBM/ITMSVT/bin/tacmd removesystem -m instanceA:<name>:BN PRODUCT ALIAS/SYNONYM ITCAM for SOA Agent for Data Power""},{""char_end"":856,""char_start"":0,""chunk_id"":""e633213c27ab136532f027e75310e1fa8fccf4d863d0deef8a33887a5221ec60"",""document_id"":""techqa-doc:corpus/swg21701189.txt"",""filename"":""swg21701189.txt"",""rank"":3,""text"":""Title: IBM ITCAM SOA agent (d4) support of TLS - United States Text: soa data power DP D4 agent CAMD4ALL TECHNOTE (TROUBLESHOOTING) PROBLEM(ABSTRACT) The SOA D4 Agent was configured for the WebSphere Data Power appliance, which initially used SSLv3. Communication to the Data Power Appliance was changed to TLS, but the SOA agent still attempts to connect using SSL. SYMPTOM The startDC.sh/startDC.bat passes the following Java Parameter during the startup of the SOA DC, \""-Djava.protocol.handler.pkgs=com.ibm.net.ssl.www.protocol\"" This parameter is what causes the SSL communication via the version of JAVA the customer uses when running the startup script. DIAGNOSING THE PROBLEM Determine your JAVA version prior to running the startDC.sh/startDC.bat script by running 'java -version'. RESOLVING THE PROBLEM APAR IV66110 (updated with IV68808) implement""},{""char_end"":1223,""char_start"":760,""chunk_id"":""2000b588db3827eadb06c5e6f3a8654a1618fe40514ba9df115e8be651c7fe81"",""document_id"":""techqa-doc:corpus/swg1IV94730.txt"",""filename"":""swg1IV94730.txt"",""rank"":4,""text"":""**************************************************************** * ERROR DESCRIPTION: * The VM manager data collector listening on port 25001 is only * accepting TLS1.0 connections. Not able to communicate on TLS 1.2. * EXPECTED RESULTS: * The VM Manager data collector should be able to communicate * on TLS 1.2. **************************************************************** * RECOMMENDATION: Apply appropriate update when available. *************************""},{""char_end"":832,""char_start"":0,""chunk_id"":""c0f15a1d7e9fdf1918bf1b02a2c95063b40030cff7c566d9109db5d3f5f8fbaf"",""document_id"":""techqa-doc:corpus/swg22017052.txt"",""filename"":""swg22017052.txt"",""rank"":5,""text"":""Title: IBM How Enable tls 1.2 dynamic agent REST API plugin - United States Text: TECHNOTE (TROUBLESHOOTING) THIS DOCUMENT APPLIES ONLY TO THE FOLLOWING LANGUAGE VERSION(S): English PROBLEM(ABSTRACT) REST API plugin not able to connect to server configured with tls 1.2 enabled SYMPTOM after configure with TLS 1.2 not able to connect to server configured with tls 1.2 enabled CAUSE missing configuration ENVIRONMENT Server with tls 1.2 Enabled DIAGNOSING THE PROBLEM the plugin do not work and unauthorised message is present in the logs under javaExt folder. RESOLVING THE PROBLEM The following are the parameters should be added in the JobManager.ini, JVMOptions parameter: -Dhttps.protocols=TLSv1.1,TLSv1.2 -Djdk.tls.client.protocols=\""TLSv1,TLSv1.1,TLSv1.2\"" The settings above are java settings to force a Java Client to connect""}]",phase03-sufficiency-annotation-v1,f2fe3f7f29b834d78fd7c79bf4d4a94faee43c658d89c48e386854123066802b,human_annotator_1,insufficient,Closest chunk resolves a related SOA D4 agent TLS issue via APARs; the KBN_SOMA_PROTOCOL configuration item in the reference is absent.,2026-08-25T02:00:00+05:30
phase03-annotation-blinded-v1,64302a9347789188931d4ff69cb084fd4811c03a548586870ded6dd5b3f7a382,49,TRAIN_Q150,train,bm25,10,"Error: ""MBEANSTARTER LOADEXTENSIONS FAILED TO LOAD EXTENSION"" occurs at portal startup



We are using Portal Server 8.5 and when starting the Portal server we see following error:

0000005e MBeanStarter E com.ibm.wps.scripting.server.MBeanStarter loadExtensions failed to load extension: key: ServerExt.applications / value: com.ibm.wps.scripting.server.ApplicationServerExtensions

How can we resolve this error without installing a fix?",answerable_with_reference,"1) open the WAS admin console
   2) navigate to Resources > Resource environment providers > WP
   ScriptingService > Custom properties
   3) you should see an entry with the name
   ""ServerExt.applications"" and value
   ""com.ibm.wps.scripting.server.ApplicationServerExtensions""
   4) delete this entry, save and restart the server.","[{""char_end"":755,""char_start"":0,""chunk_id"":""2e93bdc2b0ba0556d7b39e331cec30433000115171549c3e2a4ad8f065bc561f"",""document_id"":""techqa-doc:corpus/swg1PI38040.txt"",""filename"":""swg1PI38040.txt"",""rank"":1,""text"":""Title: IBM PI38040: MBEANSTARTER LOADEXTENSIONS FAILED TO LOAD EXTENSION - United States Text: A FIX IS AVAILABLE Fixes integrated in WebSphere Portal 8.5.0.0 Combined Cumulative Fixes [http://www-01.ibm.com/support/docview.wss?uid=swg24037786] SUBSCRIBE You can track all active APARs for this component. APAR STATUS * CLOSED AS PROGRAM ERROR. ERROR DESCRIPTION * During Portal Start-Up following error is shown: -------------------- 0000005e MBeanStarter E com.ibm.wps. scripting.server.MBeanStarter loadExtensions failed to load extension: key: ServerExt.applications / value: com.ibm.wps.scripting.server.ApplicationServerExtensions LOCAL FIX * 1) Open the WAS admin console. 2) Navigate to Resources > Resource environment providers > WP ScriptingSer""},{""char_end"":755,""char_start"":0,""chunk_id"":""8d1695305bcc6d46e4cf2a8a8c13e0986a14fd42aec7d4cdab8222ca8140ebd2"",""document_id"":""techqa-doc:corpus/swg1PI34677.txt"",""filename"":""swg1PI34677.txt"",""rank"":2,""text"":""Title: IBM PI34677: MBEANSTARTER LOADEXTENSIONS FAILED TO LOAD EXTENSION - United States Text: A FIX IS AVAILABLE Fixes integrated in WebSphere Portal 8.5.0.0 Combined Cumulative Fixes [http://www-01.ibm.com/support/docview.wss?uid=swg24037786] SUBSCRIBE You can track all active APARs for this component. APAR STATUS * CLOSED AS PROGRAM ERROR. ERROR DESCRIPTION * During Portal Start-Up following error is shown: -------------------- 0000005e MBeanStarter E com.ibm.wps. scripting.server.MBeanStarter loadExtensions failed to load extension: key: ServerExt.applications / value: com.ibm.wps.scripting.server. ApplicationServerExtensions LOCAL FIX * 1) open the WAS admin console 2) navigate to Resources > Resource environment providers > WP ScriptingSer""},{""char_end"":755,""char_start"":0,""chunk_id"":""84bdc7f3e70c809bd48ef0705b7d27e8fdbd9cca09664b401bff8a7a54a18ed2"",""document_id"":""techqa-doc:corpus/swg21978797.txt"",""filename"":""swg21978797.txt"",""rank"":3,""text"":""Title: IBM While attempting to start Portal 8.5 we see the following error, ADML0004E in the startServer.log - United States Text: TECHNOTE (TROUBLESHOOTING) PROBLEM(ABSTRACT) While attempting to start Portal 8.5 we see the following error, ADML0004E in the startServer.log SYMPTOM After installing Portal 8.5 you attempt to start Portal and see nothing logged to the SystemOut.log and the following logged to the startServer.log.... [3/1/16 14:54:27:390 CST] 00000000 AdminTool A ADMU3100I: Reading configuration for server: WebSphere_Portal [3/1/16 14:54:27:415 CST] 00000000 ImplFactory W WSVR0072W: Ignoring undeclared override of interface, com.ibm.websphere.cluster.topography.DescriptionManager, with implementation, com.ibm.ws.cluster.propagation.""},{""char_end"":2157,""char_start"":1293,""chunk_id"":""5a713ad2a66fb141f387aa8b7c5515425f3c625cbaa13fdad2604b4c11ced9e3"",""document_id"":""techqa-doc:corpus/swg21386395.txt"",""filename"":""swg21386395.txt"",""rank"":4,""text"":"".servlet.ObjectLifeCycleHandler</listener-class> </listener> However, this class is not in any of the JARs in the provided WAR. SYMPTOM In SystemOut.log during Portal Server startup the follwing error is thrown during initialization of a Portlet Factory application: WebApp E SRVE0026E: [Servlet Error]-[Failed to load listener: com.bowstreet.servlet.ObjectLifeCycleHandler]: java.lang.ClassNotFoundException:com.bowstreet.servlet.ObjectLifeCycleHandler at java.net.URLClassLoader.findClass(URLClassLoader.java(Compiled Code)) Portal Server does eventually start and the user does not see any consequence of this error when navigating the Portal Server so it is merely the exception that is thrown in SystemOut.log that is the issue. RESOLVING THE PROBLEM This mismatch and resulting exception can occur if you have ported their old project to a newer WPF version,""},{""char_end"":926,""char_start"":0,""chunk_id"":""1d99fab66a033588801f829b18ff90b76b5954114bbc64d9625deb0ec4c1b168"",""document_id"":""techqa-doc:corpus/swg21580731.txt"",""filename"":""swg21580731.txt"",""rank"":5,""text"":""Title: IBM Stale connection exception when attempting to access an idle Portal server - United States Text: stale connection; unable to access database TECHNOTE (TROUBLESHOOTING) PROBLEM Stale connections can occur after Portal server has been idle for a period of time and attempts to access the database. [1/19/12 22:16:42:351 EST] 00000036 SchedulerDaem E SCHD0104E: The Scheduler poll daemon WPSTaskScheduler (wps/Scheduler) failed to load tasks from the database due to an exception: com.ibm.websphere. scheduler.SchedulerNotAvailableException: com.ibm.websphere.ce.cm. StaleConnectionException: IO Error: A remote host did not respond within the timeout period. SYMPTOM After a period of inactivity, the Portal server becomes unresponsive. CAUSE The Portal connection to the database is closed externally by a firewall or by the remote database due to inactivity. Because Portal is still holding onto this connection, we""},{""char_end"":1313,""char_start"":571,""chunk_id"":""cd33a8e4350ab2154de2f78a83d13c290f3121323cbce92e30fdcf05b7c49caf"",""document_id"":""techqa-doc:corpus/swg1PI38040.txt"",""filename"":""swg1PI38040.txt"",""rank"":6,""text"":""/ value: com.ibm.wps.scripting.server.ApplicationServerExtensions LOCAL FIX * 1) Open the WAS admin console. 2) Navigate to Resources > Resource environment providers > WP ScriptingService > Custom properties. 3) You should see an entry with the name \""ServerExt.applications\"" and value \""com.ibm.wps.scripting.server.ApplicationServerExtensions\"" 4) Delete this entry, save, and restart the server. PROBLEM SUMMARY * A code fix for this issue is integrated into the WebSphere Portal & WCM Combined Cumulative Fix 06 (PI36060 [http://www-01.ibm.com/support/docview.wss?uid=swg1PI36060]) for Portal 8.5.0.0 available from Fix Central: http://www-933.ibm.com/support/fixcentral/swg/selectFixes?parent =ibm/WebSphere&product=ibm/WebSphere/WebSphere""},{""char_end"":1054,""char_start"":0,""chunk_id"":""3ef68ec32a9f6f0f62f23d528e39ce6feed2b17b4a63647726efb3371fd3eb49"",""document_id"":""techqa-doc:corpus/swg21972962.txt"",""filename"":""swg21972962.txt"",""rank"":7,""text"":""Title: IBM CORS violation between WebSphere Portal 8.5 and Watson Content Analytics API - United States Text: TECHNOTE (TROUBLESHOOTING) PROBLEM(ABSTRACT) We are implementing a Custom Portlet using the WebSphere Portal 8.5 and that making REST APIs call to the collections inside Watson Content Analytics 3.5. When we invoke the REST apis from the Custom Portlet inside the Portal, its throwing CORS header exception, though when hitting the rest URLs directly inside the browser, we are able to get response from Watson Content Analytics. CAUSE The browser won't send the AJAX request. Same origin request policy is implemented in your browser, it is NOT something the server can handle. There's no way to configure the server to allow it, because the request has not reached the Watson Content Analytics REST server. You will see a 405 error, as if the server responded. However there's no actual transaction between your browser and the server. The error is misleading. DIAGNOSING THE PROBLEM You can test CORS by installing this html file on your web""},{""char_end"":843,""char_start"":0,""chunk_id"":""aab05845b6497a7a9c2559357807e21fbb7413f2180c6b1d451d67b2f0d74538"",""document_id"":""techqa-doc:corpus/swg24025078.txt"",""filename"":""swg24025078.txt"",""rank"":8,""text"":""Title: IBM PK92047; extension registry is not destroying classloader - United States Text: PK92047; PK92047; PK92047 DOWNLOADABLE FILES ABSTRACT The extension registry does not destroy classloaders for uninstalled plugins DOWNLOAD DESCRIPTION PK92047 resolves the following problem: ERROR DESCRIPTION: The Plugin is being initially loaded by the Portal core and later again by installing the Test Portlet. The test portlet is uninstalled, but its classloader not destroyed, since Portal is still holding on to the plugin. Next time we need the service again we run into the following NullPointerException. java.lang.NullPointerException at com.ibm.ws.classloader.CompoundClassLoader.libraryClassLoadersFi ndClass(CompoundClassLoader.java:658) at com.ibm.ws.classloader.CompoundClassLoader.loadClass(CompoundCla ssLoader.java:496) at java.lang.""},{""char_end"":996,""char_start"":0,""chunk_id"":""39d8ce09aee9ce8a42b49c469af948246bf1894dfe00411441b66daeb564dd8c"",""document_id"":""techqa-doc:corpus/swg21644754.txt"",""filename"":""swg21644754.txt"",""rank"":9,""text"":""Title: IBM Why am I getting a Load API test failed error message when I try to create instance or when I try and map a table ? - United States Text: 3025; SQL3025N; filename ; invalid; load api; test; failed TECHNOTE (TROUBLESHOOTING) PROBLEM(ABSTRACT) We receive the following error message when we try and create a new CDC instance or when an instance exist and we try to map tables: Load API test failed and returned the following error A SQL exception has occurred. The SQL error code is '-3025'. The SQL state is: . The error message is: SQL3025N A parameter specifying a filename or path is not valid. CAUSE The permissions for the path for bulk load for each instance are not set correctly ENVIRONMENT DB2 RESOLVING THE PROBLEM Verify that the database instance owners have access to folders that make up the path for the bulk load for the CDC instance. The same level of access may be required across all folders, for example if the bulk load path looks something like: ABC / DEF / GHI If""},{""char_end"":897,""char_start"":0,""chunk_id"":""83b9777e10680ab68ba5742761b79d49efffbc3bf5411302a2cae8428e126bae"",""document_id"":""techqa-doc:corpus/swg21640838.txt"",""filename"":""swg21640838.txt"",""rank"":10,""text"":""Title: IBM Fix pack 8001 installation fails to validate credentials - ClassNotFoundException during Portal startup - United States Text: Portal 8 8001 fix pack install installation upgrade fail fails failed error validate credentials WRONG_PORTAL_SERVER_CREDENTIAL EJPFD0016E EJPEI0117E PortletStateManagerServiceInitException ClassNotFoundException DeviceClassAccessorFactory TECHNOTE (TROUBLESHOOTING) PROBLEM During the installation of fix pack 8001, Installation Manager (IM) may fail to validate the credentials due to the Portal server not starting correctly. The validation process starts the Portal server and then runs XMLAccess to verify the credentials. However, this depends on the Portal server being able to start cleanly. SYMPTOM In the IM GUI, the user would see that IM failed to validate the credentials. In ConfigTrace, the following error is seen: =============================""}]",phase03-sufficiency-annotation-v1,f2fe3f7f29b834d78fd7c79bf4d4a94faee43c658d89c48e386854123066802b,human_annotator_1,sufficient,Rank-6 chunk (PI38040) contains the reference local fix verbatim: delete the ServerExt.applications custom property under WP ScriptingService and restart.,2026-08-25T02:01:00+05:30
phase03-annotation-blinded-v1,53bbf6d82744437d16abc319a22fd64a8bd8eca564afce0a81582979d73b8241,50,DEV_Q277,train,dense,1,"Is transient user support available for SAML integration with WebSphere Portal 8.0?

I am looking to leverage the SAML TAI provided by WebSphere Application Server for my WebSphere Portal 8.0 environment. Is transient user support available so that I do not have to maintain a local account in my Portal user registry for every external user which is verified and trusted by my identity provider? ",answerable_with_reference,Transient user support [http://www-01.ibm.com/support/knowledgecenter/SSHRKX_8.5.0/mp/overview/new_cf08.dita?lang=en] has been introduced for SAML TAI [http://www-01.ibm.com/support/knowledgecenter/SSHRKX_8.5.0/mp/wcm/wcm_secure_int_tai_auth.dita?lang=en] starting with Cumulative Fix (CF) #8 for 8.5. Refer to the WebSphere Portal Security blog [https://www.ibm.com/developerworks/community/blogs/8f2bc166-3bdc-4a9d-bad4-3620dbb3e46c/entry/portal_transient_user_support_with_was_saml_tai_business_case_clarification?lang=en] for more details regarding the business case and implementation details.,"[{""char_end"":3116,""char_start"":2372,""chunk_id"":""cb7a72a097f24569c4addc3515fb3257fe4d827498dab9b0c39614153674c2d3"",""document_id"":""techqa-doc:corpus/swg21665086.txt"",""filename"":""swg21665086.txt"",""rank"":1,""text"":""] starting with Cumulative Fix (CF) #8 for 8.5. Refer to the WebSphere Portal Security blog [https://www.ibm.com/developerworks/community/blogs/8f2bc166-3bdc-4a9d-bad4-3620dbb3e46c/entry/portal_transient_user_support_with_was_saml_tai_business_case_clarification?lang=en] for more details regarding the business case and implementation details. Note: WebSphere Portal also provides transient user support when configured with OpenId authentication [http://www-01.ibm.com/support/knowledgecenter/SSHRKX_8.5.0/mp/security/use_openid.dita?lang=en]. RELATED INFORMATION Understanding the SAML Trust Association Interceptor [http://www.ibm.com/developerworks/websphere/techjournal/1307_lansche/1307_lansche.html] WebSphere Portal Support Statement [""}]",phase03-sufficiency-annotation-v1,f2fe3f7f29b834d78fd7c79bf4d4a94faee43c658d89c48e386854123066802b,human_annotator_1,sufficient,"Single chunk contains the reference: transient user support for SAML TAI introduced with CF08 for Portal 8.5, with blog and OpenId notes.",2026-08-25T02:02:00+05:30
phase03-annotation-blinded-v1,eaf0505b181fe1e6f6ca62ec272fa55adb9138bd3a63b07598b7fc18d8ed1fac,51,TRAIN_Q485,validation,hybrid,1,"Security Bulletin: XXE injection vulnerability in IBM API Connect (CVE-2017-1322)

I need to understand details regarding Security Bulletin: XXE injection vulnerability in IBM API Connect (CVE-2017-1322). Where can I find this information? ",benchmark_impossible_no_reference,,"[{""char_end"":762,""char_start"":0,""chunk_id"":""4d5f09c23d8b5c438071b60a6f5bb2cab360aff363564595ba629f1bbd8f2537"",""document_id"":""techqa-doc:corpus/swg22004714.txt"",""filename"":""swg22004714.txt"",""rank"":1,""text"":""Title: IBM Security Bulletin: IBM API Connect is affected by an information disclosure vulnerability (CVE-2017-1379). - United States Text: SECURITY BULLETIN SUMMARY IBM API Connect has addressed the following vulnerability. VULNERABILITY DETAILS CVEID: CVE-2017-1379 [http://cve.mitre.org/cgi-bin/cvename.cgi?name=CVE-2017-1379] DESCRIPTION: IBM API Connect could allow a remote attacker to obtain sensitive information, caused by improper handling of requests to the Developer Portal. CVSS Base Score: 5.3 CVSS Temporal Score: See https://exchange.xforce.ibmcloud.com/vulnerabilities/127002 [https://exchange.xforce.ibmcloud.com/vulnerabilities/127002] for the current score CVSS Environmental Score*: Undefined CVSS Vector: (CVSS:3.0/AV:N/AC:L/PR:N/UI:N/S:U/C""}]",phase03-sufficiency-annotation-v1,f2fe3f7f29b834d78fd7c79bf4d4a94faee43c658d89c48e386854123066802b,human_annotator_1,insufficient,Single chunk is a bulletin for a different CVE (2017-1379); nothing on CVE-2017-1322.,2026-08-25T02:03:00+05:30
phase03-annotation-blinded-v1,9a9f9775e22dc24f2028c376642c331dd26e6921ff7bf2a9ffc1d10846585c23,52,TRAIN_Q427,validation,dense,1,"Setting session timeouts and precedence

What are the different ways to set the session timeout values. What takes more precedence?",answerable_with_reference,"The HTTP Session time-out can be set in the following places: 

 * From the Administrative Console at the server, Enterprise application, and Web application levels 
 * At the time when the application is packaged 
 * In the application code","[{""char_end"":3522,""char_start"":2663,""chunk_id"":""d5721817db1230b9775c9e565751fa04adb211a0568c1ede8bb1a714d21607a0"",""document_id"":""techqa-doc:corpus/swg21163875.txt"",""filename"":""swg21163875.txt"",""rank"":1,""text"":""xml file. The entry in the web.xml will be as follows: <session-config> * <session-timeout>60</session-timeout> * * </session-config> Where the \""session-timeout\"" is an integer value for the desired session time-out in minutes. Setting HTTP Session time-out from the application code Finally, the HTTP Session time-out can be set in the application code. The programmer can invoke the setMaxInactiveInterval() method on HttpSession object to set the time-out value as desired. This setting overrides any time-out defined in the application package or made from the Administrative Console. HTTP Session time-out Override Precedence Summary The list below shows the precedence from which the final HTTP Session time-out is derived. 1. Server Level [/support/docview.wss?uid=swg21163875&amp;aid=1] Lowest level 2. Enterprise Application [/support/docview.wss?uid=""}]",phase03-sufficiency-annotation-v1,f2fe3f7f29b834d78fd7c79bf4d4a94faee43c658d89c48e386854123066802b,human_annotator_1,insufficient,"Single chunk covers web.xml packaging and application-code methods with an override note, but the Administrative Console option in the reference and a complete precedence answer are missing.",2026-08-25T02:04:00+05:30
phase03-annotation-blinded-v1,0435f813b00f0d22dd8812cc82e0287577843c85cd0c64ef4ad410fb450268aa,53,TRAIN_Q549,validation,dense,3,"What does the end-file-message mean while doing a launchpad.sh in the MS""

I am getting an end-file-message means while doing a launchpad.sh in the MS. How do I solve the problem?",answerable_with_reference,"Use the commands shown below to verify you have them installed, otherwise contact your Linux system administrator and installt these required libraries.","[{""char_end"":762,""char_start"":0,""chunk_id"":""a58cb7d281b605c3782fefe0400db224290b151ce9ae4359120b003e5ac58c5f"",""document_id"":""techqa-doc:corpus/swg21985630.txt"",""filename"":""swg21985630.txt"",""rank"":1,""text"":""Title: IBM Using launchpad.sh or silent_MS_linux.bin results in end-of-file message. - United States Text: ITCAM compat-libstdc++ libstdc++ libraries silent_MS_linux.bin launchpad.sh errors TECHNOTE (TROUBLESHOOTING) THIS DOCUMENT APPLIES ONLY TO THE FOLLOWING LANGUAGE VERSION(S): US English PROBLEM(ABSTRACT) Using the DC or MS 'launchpad.sh' script results in the following error message: ./setup_MS_lin.bin: line 1926: warning: here-document at line 1926 delimited by end-of-file (wanted `/dev/null') SYMPTOM The following error is seen running when doing either 'launchpad.sh' or 'silent_MS_linux.bin': Initializing InstallShield Wizard........ Launching InstallShield Wizard........ ./setup_MS_lin.bin: line 1926: warning: here-document at line 1926 delimi""},{""char_end"":986,""char_start"":0,""chunk_id"":""800f25d01e8ca693ca856c34efe2fcd945bf0fedbd25298a474d60e0cbb449cc"",""document_id"":""techqa-doc:corpus/swg21288640.txt"",""filename"":""swg21288640.txt"",""rank"":2,""text"":""Title: IBM Launchpad console might not open when you try to install WebSphere Application Server on the AIX operating system - United States Text: AIX 6.1; AIX61Cert; AIX71Cert TECHNOTE (TROUBLESHOOTING) PROBLEM(ABSTRACT) If you run the launchpad.sh command on IBM AIX Version 6.1 or 7.1, it might not bring up a launchpad console that you can use to install IBM WebSphere Application Server Version 6.0 or Version 6.1. CAUSE Shell security enhancements in AIX Version 6.1 cause some commands to produce results that are different from those produced in earlier versions of AIX, including a command that is processed when you run the launchpad.sh command. Because of a difference in the processing of the 'typeset +r LOGNAME' command, the launchpad.sh command fails to produce a console window for installing WebSphere Application Server Version 6.0 or Version 6.1. RESOLVING THE PROBLEM For WebSphere Application Server Version 6.0, run the ./install command instead of the ./launchpad""},{""char_end"":2296,""char_start"":1493,""chunk_id"":""0c04dc032280f22f71547bababf20f2c19548c7e9ec60d7e33d8fceff124756b"",""document_id"":""techqa-doc:corpus/swg24032300.txt"",""filename"":""swg24032300.txt"",""rank"":3,""text"":""following file are replaced <extract_directory>/launchpad/content/scripts/runIM.bat <extract_directory>/launchpad/content/global.properties <extract_directory>/launchpad/content/installation/utils/InstallUtils.js <extract_directory>/launchpad/content/installation/widgets/InstallingPane.js launchpad.zip [/support/docview.wss?uid=swg24032300&aid=2]launchpad.zip [/support/docview.wss?uid=swg24032300&aid=1] Cross reference information Segment Product Component Platform Version Edition Business Integration IBM Business Process Manager Express Installation / Configuration Windows 7.5.1 Business Integration IBM Business Process Manager Advanced Installation / Configuration Windows 7.5.1 PRODUCT ALIAS/SYNONYM BPM [/support/docview.wss?uid=swg24032300&aid=3]Problems (APARS) fixed [/support/docview.wss""}]",phase03-sufficiency-annotation-v1,f2fe3f7f29b834d78fd7c79bf4d4a94faee43c658d89c48e386854123066802b,human_annotator_1,insufficient,"Rank-1 is the exact end-of-file technote but the retrieved span covers only symptom; the resolution (verify/install compat-libstdc++ libraries) appears only as keyword metadata, not as instructions.",2026-08-25T02:05:00+05:30
phase03-annotation-blinded-v1,ab8d3f1e4f208f4aee2fa27908fd3b8a3d3bb12e070fbf3cb6e5bab669644b55,54,TRAIN_Q517,train,hybrid,3,"Installed an STAP on a DB Server but it does not show up on my Appliance in S-TAP Control etc



Installed an STAP on a DB Server but it does not show up on my Appliance in S-TAP Control etc

I get the following messages in the logs:-

/tmp/guard_stap.stderr.txt on the DB Server :- ""Server wasn't heard from for nn sec during this attempt nnn sec total), closing and re-opening""

and from the Guardium Appliance - via fileserver in the /log/opt-ibm-guardium-log/snif/snif.log ""Unauthorized client connecting from ,rejecting"".

How do I correct the problem?",answerable_with_reference,Uncheck the Approval box and the S-TAPs should start connecting .,"[{""char_end"":777,""char_start"":0,""chunk_id"":""f68b173727cfed9c7d69747917bdc16866ba3faee6834d1459d8d0d711ae4c4d"",""document_id"":""techqa-doc:corpus/swg22009818.txt"",""filename"":""swg22009818.txt"",""rank"":1,""text"":""Title: IBM Guardium STAP does not connect properly and does not show in the S-TAP Control - I see some specific errors in some log files. - United States Text: TECHNOTE (FAQ) QUESTION What can cause an STAP to fail to connect properly - I get the following messages in the logs:- /tmp/guard_stap.stderr.txt on the DB Server :- \""Server <ip_addr> wasn't heard from for nn sec during this attempt (nnn sec total), closing and re-opening\"" and from the Guardium Appliance - via fileserver in the /log/opt-ibm-guardium-log/snif/snif.log \""Unauthorized client connecting from <ip_addr> ,rejecting\"" CAUSE One reason for these errors could be that the S-TAP Approval Needed is checked in the S-TAP Certification screen on the Appliance like this :- [/support/docview.wss?uid=swg22009818&""},{""char_end"":2366,""char_start"":1444,""chunk_id"":""d463e3cab761e60c171db3c28687462747baff9dd29d06827e608b7e78cc3cd5"",""document_id"":""techqa-doc:corpus/swg21684016.txt"",""filename"":""swg21684016.txt"",""rank"":2,""text"":"".wss?uid=swg21569674] 3. Check S-TAP Status on Guardium Appliance Launch GUI for the Guardium Appliance a) Administration Console > Local Taps > S-TAP Control b) Check the status of the S-TAP from which traffic is expected: i) If the status is red, then S-TAP is likely not active on the database server. On Windows database servers, ensure that the STAP services are started. On Unix/Linux database servers, 'ps -ef | grep stap' should confirm if STAP is running. If the STAP is not running, check the STAP installation log to confirm that STAP was installed without any errors. Checking the syslog (Linux/Unix) or event viewer log (Windows) can also be useful at this point. ii) If the status is green, then S-TAP is likely sending traffic but no information is displayed in reports due to defined policy rules. Go to Administration Console > Configuration > Policy Installation > click on \""Edit Installed Policy\"" button""},{""char_end"":982,""char_start"":0,""chunk_id"":""5709122d675c7b52f1458e36f712d2f7cffe4b4e253432226e67e3318b9df641"",""document_id"":""techqa-doc:corpus/swg22001783.txt"",""filename"":""swg22001783.txt"",""rank"":3,""text"":""Title: IBM Security Guardium: Unix STAP Troubleshooting Steps - United States Text: STAP; GIM; Troubleshoot; UNIX TECHNOTE (TROUBLESHOOTING) PROBLEM(ABSTRACT) How to toubleshoot Unix STAP issues SYMPTOM 1. STAP not showing up in the GUI console 2. Guardium STAPs are showing as red or Inactive in the GUI console. 3. STAP shows green, but no traffic is collected. RESOLVING THE PROBLEM Verifying that the Guardium and the database server for the S-TAP are connected 1. Verify that sniffer process is running Before connecting to the database, check whether the sniffer process is running on the Guardium system. The sniffer is responsible for communicating with each S-TAP and processing the data that is received. If the sniffer is not running, responses from the S-TAP will not be recognized. On Guardium, run following commands from CLI to start the services: restart stopped_services ==> Use this CLI command to restart services previously stopped support clean servlets ==> Use""}]",phase03-sufficiency-annotation-v1,f2fe3f7f29b834d78fd7c79bf4d4a94faee43c658d89c48e386854123066802b,human_annotator_1,sufficient,"Rank-1 chunk identifies the cause as the S-TAP Approval Needed checkbox on the certification screen, from which the reference fix (uncheck it) follows directly.",2026-08-25T02:06:00+05:30
phase03-annotation-blinded-v1,eeada05a0be6e35e272e668a5e4e34058badf4c36fab2aa55c19c102fe6334a0,55,DEV_Q293,validation,dense,1,"BPM installation packages and deployment options

What is the difference between ""Advanced"" and ""AdvancedOnly"" options for BPM deployment environment? What is the difference between ""BPM Advanced"" and ""BPM Advanced - Process Server"" installation images?",benchmark_impossible_no_reference,,"[{""char_end"":1840,""char_start"":1011,""chunk_id"":""2561f85d478d0eb445c6f87720694c678f59f9f8910bd8992b49d30a238d1e68"",""document_id"":""techqa-doc:corpus/swg27046470.txt"",""filename"":""swg27046470.txt"",""rank"":1,""text"":""* Version 8.5.7 * Version 8.5.6 * Version 8.5.5 * Version 8.5 * Version 8.0.1 * Version 8.0 * Version 7.5.1 * Version 7.5 * This release, the product name changed from IBM Business Process Manager to IBM Business Process Manager Server as a result of simplifying the package, combining IBM BPM Advanced and IBM BPM Standard into a single edition. IBM Business Process Manager Server includes all the same server profiles (IBM Process Center, IBM Process Server, IBM BPM Advanced, IBM BPM Advanced only, IBM BPM Standard, and IBM Process Federation Server) as separately deployable components of IBM BPM Server. * Download IBM Business Process Manager Version 8.6 [http://www.ibm.com/support/docview.wss?uid=swg24043974] * Download IBM Business Process Manager Advanced Version 8.5.7 [http://www.ibm.com/support/docview.wss?uid=sw""}]",phase03-sufficiency-annotation-v1,f2fe3f7f29b834d78fd7c79bf4d4a94faee43c658d89c48e386854123066802b,human_annotator_1,insufficient,Single chunk lists the profile names including Advanced and Advanced only but explains neither the deployment-option nor installation-image differences asked about.,2026-08-25T02:07:00+05:30
phase03-annotation-blinded-v1,f4a505eb18a6ed31bc0108d0f3e48665e98e07495895b5f6d6865da591fe98dc,56,TRAIN_Q521,train,bm25,5,"Cannot open module in exclusive edit - (no such file or directory)

 Hello.

I have a module, that I can open normally, but when I try to open it in Exclusive Edit it tells me that ""no such file or directory""

What does this mean?",answerable_with_reference,"This error indicates that a user session file is corrupted on the database server. 

This defect is resolved in IBM Rational DOORS Version 9.4.0.1","[{""char_end"":995,""char_start"":0,""chunk_id"":""2fab340f73ebbf2b1c27ce5f51a78c7e3870fab2a68778c4de9a605802653a84"",""document_id"":""techqa-doc:corpus/swg21511831.txt"",""filename"":""swg21511831.txt"",""rank"":1,""text"":""Title: IBM DOORS module fails to open in exclusive edit mode results in error \""unable to open module ...no such file or directory\"" - United States Text: missing session file; file not found; can not open module; open module exclusive edit fails; PM50525 TECHNOTE (TROUBLESHOOTING) PROBLEM(ABSTRACT) Attempts to open a module exclusive edit in IBM Rational DOORS result in the error \""DOORS report Unable to open module '/A Project/Requirements' No such file or directory\"". SYMPTOM A module with a large number of sections is used mostly in shareable edit mode. You can open the module Read-only , or Shareable-Edit; but not in exclusive edit. Steps to reproduce: 1. Login to DOORS 2. Click the Project, or folder, icon that contains the module 3. Click the module icon in the DOORS Explorer window 4. Click File > Open> Exclusive Edit (Ctrl + E) Expected result: The module should open in Exclusive edit mode. Actual result: The module will not open in exclusive edit module; however it will open""},{""char_end"":762,""char_start"":0,""chunk_id"":""7631b5009779023d7bb3b1a4ae520025131a3b053420440ff79e932ead533b41"",""document_id"":""techqa-doc:corpus/swg1PM50525.txt"",""filename"":""swg1PM50525.txt"",""rank"":2,""text"":""Title: IBM PM50525: module cannot be opened in exclusive edit mode anymore - United States Text: A FIX IS AVAILABLE Rational DOORS fix Pack 1 ( 9.4.0.1 ) for 9.4 [http://www-01.ibm.com/support/docview.wss?uid=swg24033421] SUBSCRIBE You can track all active APARs for this component. APAR STATUS * CLOSED AS PROGRAM ERROR. ERROR DESCRIPTION * module cannot be opened in exclusive edit mode Expected Results: - module should open without any error message Actual Results: - module opens with error message 'No such file or directory' for a session file Possible Workarounds: - open module first in shareable edit and close it again - open module in DOORS version prior to 9.2.0.3 and save it LOCAL FIX PROBLEM SUMMARY * ********************************************""},{""char_end"":808,""char_start"":0,""chunk_id"":""a3fc31749557909dbf451ccb6c2f0aadf14b8f6f04d684f57f00aa0b9b94bbe4"",""document_id"":""techqa-doc:corpus/swg21430028.txt"",""filename"":""swg21430028.txt"",""rank"":3,""text"":""Title: IBM Error \""Unable to open module...\"" seen after an IBM rational DOORS database archive restore - United States Text: archive; restore; unix; solaris; ddbs; doorsd; file; directory; module; unable; open; .zip; .dtc TECHNOTE (TROUBLESHOOTING) PROBLEM(ABSTRACT) Why are the modules I restore and try to archive on my unix server's new DOORS database failing? After I restore a module and try to open it, I get an error saying: \""Unable to open module '/module/name' No such file or directory $SERVERDATA/.../...*.dtc \"", and when I try to archive anything I get an error saying: \""No Such File or directory $SERVERDATA/xxxxxxxx.zip\"" SYMPTOM After restoring a module, opening it results in an error saying: \""Unable to open module '/module/name' No such file or directory $SERVERDATA/.../...*.dtc \"", When arch""},{""char_end"":1544,""char_start"":771,""chunk_id"":""58be9d4d9c422ae0a60289485c2e033b87ab2ae5fdf156c67f52085f40322480"",""document_id"":""techqa-doc:corpus/swg21511831.txt"",""filename"":""swg21511831.txt"",""rank"":4,""text"":""the DOORS Explorer window 4. Click File > Open> Exclusive Edit (Ctrl + E) Expected result: The module should open in Exclusive edit mode. Actual result: The module will not open in exclusive edit module; however it will open in read only mode, or shareable edit mode. If you attempt to check the database integrity for issue the module is not flagged for any problems. The full error message is as follows: DOORS report Unable to open module '/A Project/Requirements' No such file or directory\"" C:\\Program Files (x86)\\IBM\\Rational\\DOORS\\9.5\\data\\v6data\\20\\m00000021.mod\\current.ver\\s1000005.dtc image [/support/docview.wss?uid=swg21511831&aid=1] [/support/docview.wss?uid=swg21511831&aid=1] CAUSE This issue has been identified as a product defect under APAR PM50525 [http:""},{""char_end"":1047,""char_start"":0,""chunk_id"":""5469cb0ca73d4a85a245f5139b5425ace361c2077211dec81f716f51426171eb"",""document_id"":""techqa-doc:corpus/swg21469875.txt"",""filename"":""swg21469875.txt"",""rank"":5,""text"":""Title: IBM Error: Failed to open in exclusive edit when using IBM Rational DOORS Quality Center Interface sync - United States Text: DOORS; lock; exclusive; edit; QC; QCI; failed; open; sync; synch; synchronize; synchronization TECHNOTE (FAQ) QUESTION When trying to run a synchronization from the Rational DOORS Quality Center Interface Admin Tool I get an error related to DOORS that says \""Failed to open in exclusive edit\"", what is this? ANSWER Following are two items to check: * The DOORS module which is being synchronized is already open in exclusive edit mode by another user. You can check this by logging into DOORS as the 'Administrator' account and selecting Tools -> Manage Locks from the database explorer. If it is identified that another user has the module open in exclusive edit mode, notify them to exit out of the module. * The DOORS user configured in the DOORS Quality Center Admin Tool may not have access to the open the module in question in exclusive edit mode. So check the access rights for the module and make sure the""}]",phase03-sufficiency-annotation-v1,f2fe3f7f29b834d78fd7c79bf4d4a94faee43c658d89c48e386854123066802b,human_annotator_1,sufficient,Rank-1 technote and PM50525 APAR chunks cover the session-file cause and the fix in DOORS 9.4.0.1 from the reference.,2026-08-25T02:08:00+05:30
phase03-annotation-blinded-v1,1c8fe234dc44f02ee0175746c7ffa38bf1debb3c28eb6cfa9dc51a5b77e8672f,57,TRAIN_Q499,validation,bm25,1,"Security Bulletin: IBM MQ Appliance is affected by a GNU C library (glibc) vulnerability (CVE-2017-8804)

I need to understand details regarding Security Bulletin: IBM MQ Appliance is affected by a GNU C library (glibc) vulnerability (CVE-2017-8804). Where can I find this information?",answerable_with_reference,"CVEID:CVE-2017-8804 [http://cve.mitre.org/cgi-bin/cvename.cgi?name=CVE-2017-8804]
DESCRIPTION:glibc is vulnerable to a denial of service, caused by improper handling of buffer deserialization in the xdr_bytes and xdr_string functions. By sending a specially-crafted UDP packet, a remote attacker could exploit this vulnerability to cause virtual memory allocation, or memory consumption on the system.
CVSS Base Score: 7.5
CVSS Temporal Score: Seehttps://exchange.xforce.ibmcloud.com/vulnerabilities/125760 [https://exchange.xforce.ibmcloud.com/vulnerabilities/125760]for the current score
CVSS Environmental Score*: Undefined
CVSS Vector: (CVSS:3.0/AV:N/AC:L/PR:N/UI:N/S:U/C:N/I:N/A:H)","[{""char_end"":791,""char_start"":0,""chunk_id"":""768e59dc02a4f53c69fd31f486b630044cc3b8d720f897dc4210434e1c42edbb"",""document_id"":""techqa-doc:corpus/swg22009796.txt"",""filename"":""swg22009796.txt"",""rank"":1,""text"":""Title: IBM Security Bulletin: IBM MQ Appliance is affected by a GNU C library (glibc) vulnerability (CVE-2017-8804) - United States Text: SECURITY BULLETIN SUMMARY IBM MQ Appliance has addressed a vulnerability in GNU C library (glibc). VULNERABILITY DETAILS CVEID:CVE-2017-8804 [http://cve.mitre.org/cgi-bin/cvename.cgi?name=CVE-2017-8804] DESCRIPTION:glibc is vulnerable to a denial of service, caused by improper handling of buffer deserialization in the xdr_bytes and xdr_string functions. By sending a specially-crafted UDP packet, a remote attacker could exploit this vulnerability to cause virtual memory allocation, or memory consumption on the system. CVSS Base Score: 7.5 CVSS Temporal Score: Seehttps://exchange.xforce.ibmcloud.com/vulnerabilities/125760 [https://exchange.xforce.""}]",phase03-sufficiency-annotation-v1,f2fe3f7f29b834d78fd7c79bf4d4a94faee43c658d89c48e386854123066802b,human_annotator_1,sufficient,Rank-1 is the exact bulletin (swg22009796) with the CVE-2017-8804 description from the reference.,2026-08-25T02:09:00+05:30
phase03-annotation-blinded-v1,92f8b655fbe88a0d4c62957d213d617263a35dbb29db5191934c33b44ba444a5,58,TRAIN_Q507,validation,bm25,10,"Why are the users unable to login to Web GUI 8.1 after I modify timeout to 2147483647 in security.xml file ?



I followed the Web GUI 8.1 reference guide here to switching off the session timeout

http://www-01.ibm.com/support/knowledgecenter/SSSHTQ_8.1.0/com.ibm.netcool_OMNIbus.doc_8.1.0/webtop/wip/task/web_adm_settimeout.html

After I edited /config/cells/JazzSMNode01Cell/security.xml file, modified timeout setting to 2147483647, users are not able to login anymore.",answerable_with_reference,"1. On DASH server, navigate to <JazzSM Home>/profile/config/cells/JazzSMNode01Cell/applications/isc.ear/deployments/isc/isclite.war/WEB-INF 

 
2. Take a backup of consoleProperties.xml 

 
3. Open consoleProperties.xml in edit-mode. 

 
4. Search for ""LTPAFIX"" and change the value from ""true"" to ""false"". 


Example: 

Before 
===== 
<consoleproperties:console-property id=""LTPAFIX"" value=""true""/> 
</consoleproperties:ibm-portal-consoleproperties> 

After 
==== 
<consoleproperties:console-property id=""LTPAFIX"" value=""false""/> 
</consoleproperties:ibm-portal-consoleproperties> 

5. Save the file. 

 
6. Restart DASH server.","[{""char_end"":940,""char_start"":0,""chunk_id"":""16da8548b6f64d85ca03782dd36c4151e70949916cdef4a46f293371a1c864ad"",""document_id"":""techqa-doc:corpus/swg21690658.txt"",""filename"":""swg21690658.txt"",""rank"":1,""text"":""Title: IBM Setting a big session time-out value in DASH causes session lock-out - United States Text: DASHL2; session; time-out; timeout; cannot login; locked out ; 2147483647; security.xml TECHNOTE (TROUBLESHOOTING) PROBLEM(ABSTRACT) Using a big value (2147483647) for the session timeout setting in DASH, to achieve the maximum time between timeouts, is causing users to be locked out completely. SYMPTOM After entering the user ID and password in the login page, and then pressing the \""continue\"" button, the login page does not change, stuck at \""processing\"" and then returns to the login page again.\"" All users get essentially locked out completely from DASH sessions. CAUSE In order to maximize the time between session timeouts, the customer is setting the timeout parameter in the security.xml file to 2147483647. This timeout parameter used in the security.xml file is a WAS setting, but DASH is using a javascript call (settimeout),""},{""char_end"":879,""char_start"":0,""chunk_id"":""eae0b12cffc1331004ed6b14decf8255b802250351640971dc361d87600d73d8"",""document_id"":""techqa-doc:corpus/swg21963674.txt"",""filename"":""swg21963674.txt"",""rank"":2,""text"":""Title: IBM Non-Admin user auto logged-off after every few minutes - United States Text: Logout; user; session timeout TECHNOTE (FAQ) QUESTION How do you set the session timeout at foundation application level in IBM Sterling Selling and Fulfillment? CAUSE Non-admin user are getting auto logged off from GUI after few minutes (2 to 5 minutes) of not using the GUI. ANSWER Steps to resolve: 1. Modify the timeout details for specific user using the modifyUserHierarchy API. 2. Sample Input XML: <User Activateflag=\""Y\"" Localecode=\""en_US_EST\"" Loginid=\""USER1\"" OrganizationKey=\""DEFAULT\"" Password=\""USER1\"" Username=\""USER1\"" SessionTimeout=\""8000\""></User> At the Websphere level: 3. Login to the WAS console. 4. Go to the server where the application is installed 5. Go to Container Settings - Web Container Settings - Web Container - Session Management -Session Timeout. Here set the time""},{""char_end"":1575,""char_start"":750,""chunk_id"":""d1ce00d47dc8152d1ff1de92fff3181784d86f2121f1c25be0cebcd5bee947be"",""document_id"":""techqa-doc:corpus/swg21690658.txt"",""filename"":""swg21690658.txt"",""rank"":3,""text"":""setting the timeout parameter in the security.xml file to 2147483647. This timeout parameter used in the security.xml file is a WAS setting, but DASH is using a javascript call (settimeout), which causes a condition that prevents a login, if the timeout value is really big. Note: 2147483647 is the maximum positive value for a 32-bit signed binary integer in computing. RESOLVING THE PROBLEM This condition that prevents logins can be averted by setting the custom property LTPAFIX in the consoleProperties.xml to \""false\"". Please follow this steps: 1. On DASH server, navigate to <JazzSM Home>/profile/config/cells/JazzSMNode01Cell/applications/isc.ear/deployments/isc/isclite.war/WEB-INF 2. Take a backup of consoleProperties.xml 3. Open consoleProperties.xml in edit-mode. 4. Search for \""LTPAFIX\"" and change the value from""},{""char_end"":505,""char_start"":0,""chunk_id"":""a7977817d5e070d3489a026276ad0112be509bb445e410caae64b636de382ad3"",""document_id"":""techqa-doc:corpus/swg21680984.txt"",""filename"":""swg21680984.txt"",""rank"":4,""text"":""Title: IBM Setting a reasonable LTPA time out value for TDWC. - United States Text: LTPA; timeout; security.xml TECHNOTE (TROUBLESHOOTING) PROBLEM(ABSTRACT) Setting LTPA timeout value to 2147483647 in security.xml may cause FireFox and IE to prompt for authentication again after login. RESOLVING THE PROBLEM 2147483647 is in minute and it is 4085 years. There is no reason to have this number this large. Use reasonable time out value instead of unnecessary very large numbers. For example: * * * * * * *""},{""char_end"":939,""char_start"":0,""chunk_id"":""9bf92f1ce71ef54efd894c6284cbb7ea442bda08eb3592935d86961463f70ab9"",""document_id"":""techqa-doc:corpus/swg21979792.txt"",""filename"":""swg21979792.txt"",""rank"":5,""text"":""Title: IBM Unable to configure Web GUI Users - United States Text: Webgui users; Webgui authentication TECHNOTE (TROUBLESHOOTING) PROBLEM(ABSTRACT) Unable to configure any users after installed Web GUI SYMPTOM User authentication does not work in the configuration process after installing the Web GUI. RESOLVING THE PROBLEM For Web GUI 8.1 need to run configuration tool after installation to create users. Starting the OMNIbus Web GUI configuration tool will helps to configure the Web GUI. Before you begin: If you encounter an issue while running the OMNIbus Web GUI Configuration Tool you can reference thencwConfigUI_<timestamp>.log file for further information. The log file is located in the omnibus_webgui home directory under /configtools/logs. For example:/opt/IBM/netcool/omnibus_webgui/configtool/logs. Procedure: 1.Navigate to the configuration tool directory :WEBGUI_HOME/configtool/<$PLATFORM> 2.Run the ncwConfigUI command""},{""char_end"":4089,""char_start"":3163,""chunk_id"":""35379c4fd12a06480775ff135dbce15cf684a285916fc5cec23b0ce1eb979351"",""document_id"":""techqa-doc:corpus/swg21147129.txt"",""filename"":""swg21147129.txt"",""rank"":6,""text"":""of instruction granularity, e.g., poll occurs just before the timer expiration, and next poll occurs one poll interval later). If the poll interval is set to 0, the db connection will never be closed by CQ, and will remain open until it is manually closed by the user (File > Close Database). Back to top 3. Web time out: Specifies the length of time ASP will allow a script to run. If the script does not finish running by the end of the timeout period, ASP stops the script and writes an event to the Windows NT event log. You can set the timeout period to a value between 1 and 2147483647. The Web Session Timeout defaults to 20 minutes. The ASP timeout defaults to 90 seconds, and terminates the web request if ASP page execution exceeds this timeout. These are IIS settings, not CQ-specific settings. Back to top 4. Web login timeout Starts after put in login and password, and click ok. Default is 15000 ms or 15 seconds""},{""char_end"":996,""char_start"":0,""chunk_id"":""13fc5fdde9afc7d1b326d55ae74e2d4c50da2ee910a8b41ca9dcbf04c708af83"",""document_id"":""techqa-doc:corpus/swg21275311.txt"",""filename"":""swg21275311.txt"",""rank"":7,""text"":""Title: IBM How can set Inactive User Timeout so that users are not prompted to log in after - United States Text: PANAGON IDM WEB SERVICES TECHNOTE (TROUBLESHOOTING) PROBLEM(ABSTRACT) How can set Inactive User Timeout so that users are not prompted to log in after RESOLVING THE PROBLEM How can set Inactive User Timeout so that users are not prompted to log in after 20 minutes? Software versions IDM Web Services 3.x, IIS 5.0, Windoows 2000 Steps to verfiy if problem applies: Users are prompted to login to the library after 20 minutes of inactivity in Web Services. Inactive User Timeout never goes into affect. Steps to resolve: In order for the Inactive User Timeout to work, the Session Timeout in minutes for IDMWS virtual folder must match the hours set. To set the Session Timeout in IIS, proceed as follows: 1. In Internet Information Services, expand Default Web Site 2. Right click on IDMWS virtual folder 3. In the Virtual Directory tab, click Configuration and select App Options 4""},{""char_end"":845,""char_start"":0,""chunk_id"":""5ac790d8e375a7800ca31c1f8d859322af8b706d476713c7c5012f150f8da35a"",""document_id"":""techqa-doc:corpus/swg21975908.txt"",""filename"":""swg21975908.txt"",""rank"":8,""text"":""Title: IBM Running Web GUI browser sessions side by side - United States Text: omnibus web gui; login; dash; migration TECHNOTE (FAQ) QUESTION In the course of migration from Web GUI 7.x to 8.1 I plan to run old and new installations side by side on the same machine. How can I avoid sessions logging each other out? CAUSE It is possible to run multiple Web GUI installations of different versions on the same machine using different ports, but if you then try to run sessions to each installation from the same browser using the default configuration, the one session will log the other session out. ANSWER Here are three options: Option 1 - Rename the session cookie in DASH (WAS 8.0): https://www-01.ibm.com/support/knowledgecenter/SSYJ99_8.0.0/admin/http_sessn_cookie.html?lang=en [https://www-01.ibm.com/support/knowledgecenter/SSYJ99_8.0.0""},{""char_end"":790,""char_start"":0,""chunk_id"":""e0f09e23978c70c189bd8d3d895064b19cad40b9c0caae1eee9a541c1a7fb332"",""document_id"":""techqa-doc:corpus/swg21456794.txt"",""filename"":""swg21456794.txt"",""rank"":9,""text"":""Title: IBM Tivoli Integrated Portal setting session time-out. - United States Text: Tivoli; Integrated; Portal; TIP setting; session; time-out; TIPL2FAQ TECHNOTE (FAQ) QUESTION How can I set the session time-out for TIP/TBSM 4.2.1 to never expire? CAUSE Because users do not log out of TIP, the connection eventually times out causing ports to not get reused which can cause the application to crash. ANSWER You can set the session time-out to force it to never expire as below, in each case both xml files have to be updated. security.xml: <TIP HOME>/profiles/TIPProfile/config/cells/TIPCell/security.xml – timeout value (this is in minutes - max value is 2147483647) deployment.xml: TIP 1.x: <TIP HOME>/profiles/TIPProfile/config/cells/TIPCell/applications/isclite.ear/deployments/isclite""},{""char_end"":776,""char_start"":0,""chunk_id"":""3bb758e1d1dd7c4347a8d01a7f6d57847d9e6b76c22295c73afbf83f1581d539"",""document_id"":""techqa-doc:corpus/swg21976199.txt"",""filename"":""swg21976199.txt"",""rank"":10,""text"":""Title: IBM Setting session timeout interval to \""No timeout\"" prevents login to SKLM GUI - United States Text: TECHNOTE (TROUBLESHOOTING) PROBLEM(ABSTRACT) Setting session timeout for SKLM to \""No timeout\"" so that login sessions never expires and restarting WebSphere kicks you out of the SKLM GUI. SYMPTOM User gets kicked out the SKLM GUI and gets the following message on the login screen : \""Your session has become invalid. This is due to session timeout, an administrator has logged you out, or another user has invalidated your session by logging on with same user ID.\"" [http://www-01.ibm.com/support/knowledgecenter/SSWPVP_2.5.0.3/com.ibm.sklm.doc_2.5.0.3/install_guide/tsk/tsk_insguide_tklm_postinstall_setkeepalive.html?lang=en] RESOLVING THE PROBLEM This will get fixed""}]",phase03-sufficiency-annotation-v1,f2fe3f7f29b834d78fd7c79bf4d4a94faee43c658d89c48e386854123066802b,human_annotator_1,sufficient,Rank-3 chunk contains the reference resolution: set the LTPAFIX custom property in consoleProperties.xml to false.,2026-08-25T02:10:00+05:30
phase03-annotation-blinded-v1,ed38c5358d03b982cfff6fda202bbb4373938fd1c8f90b179ef4e87ffcb6589d,59,DEV_Q227,train,dense,3,"Is Java 7 supported for BPM?

What versions of BPM support Java 7?",benchmark_impossible_no_reference,,"[{""char_end"":1537,""char_start"":781,""chunk_id"":""240f48d66782faf5ec1acd093d0aa79eefdbc4a87822c00768a880037aec231e"",""document_id"":""techqa-doc:corpus/swg21999583.txt"",""filename"":""swg21999583.txt"",""rank"":1,""text"":""www-01.ibm.com/common/ssi/ShowDoc.wss?docURL=/common/ssi/rep_ca/3/897/ENUS916-143/index.html&request_locale=en]. If you continue to use a supported BPM or Monitor level with Java 6 past this time frame, you will still be able to get support for BPM or Monitor issues. Although you will not be able to get fixes for any Java problems or security flaws that are found in Java. It is recommended to migrate or upgrade to the latest version. * For details on the latest BPM product versions and links to the upgrade instructions, see Product maintenance strategy for IBM Business Process Manager [http://www-01.ibm.com/support/docview.wss?uid=swg21964995]. Upgrading to BPM 8.6 or later, will update you to Java 8. If you are using BPM 8.5.6 or 8.5.7 with Java""},{""char_end"":4413,""char_start"":3751,""chunk_id"":""716b7519daa766b9e8580bb14d3770bd7f1136246d25735ce4a6b9b3bfa8c0d3"",""document_id"":""techqa-doc:corpus/swg27023009.txt"",""filename"":""swg27023009.txt"",""rank"":2,""text"":""longer available through standard support. While existing customers may continue to use their Microsoft Office and Sharepoint add-on licenses, support would only be available through an extended support agreement. The BPM Microsoft Office and Sharepoint add-ons will work with the following IBM BPM products... * IBM Business Process Manager Advanced V7.5, V7.5.1, V8.0, V8.5.0 Fix Pack 1 (8.5.0.1), 8.5.5, and 8.5.6 * IBM Business Process Manager Standard V7.5, V7.5.1, V8.0, V8.5.0 Fix Pack 1 (8.5.0.1), 8.5.5, and 8.5.6 * IBM Business Process Manager Express V7.5, V7.5.1, V8.0, V8.5.0 Fix Pack 1 (8.5.0.1), 8.5.5, and 8.5.6 Note: Your entitlement to support,""},{""char_end"":1512,""char_start"":762,""chunk_id"":""b6251deac45f7063794063eb45a689ccfedea4af87da212b1b3cde112d2a0068"",""document_id"":""techqa-doc:corpus/swg21422150.txt"",""filename"":""swg21422150.txt"",""rank"":3,""text"":""0.0.0 This version contains IBM Runtime Environment, Java Technology Edition 6.0 (J9 2.6). 8.0.0.0 This version contains IBM Runtime Environment, Java Technology Edition 6.0 (J9 2.6). 7.0 7.0 This version contains Java Software Development Kit (SDK) 6 Service Release (SR) 2. 7.0 This version contains Java SDK 6 SR 2, which supports POWER7 toleration. 7.0 Fix Pack 9 or later This version contains Java SDK 6 SR 7. 6.1 6.1 Fix Pack 9 This version contains Java SDK 5.0 SR 5. 6.1 Fix Pack 19 This version contains Java SDK 5.0 SR 8. See the important note that follows this table. Not applicable 6.0.2 6.0.2 Fix Pack 41 This version contains Java 1.4.2 SR 13 Fix Pack 4 for the SDK. 6.0.2 Fix Pack 41 This version contains Java 1.4.2 SR 13 Fix Pack 4""}]",phase03-sufficiency-annotation-v1,f2fe3f7f29b834d78fd7c79bf4d4a94faee43c658d89c48e386854123066802b,human_annotator_1,insufficient,Chunks cover Java 6 support timelines and per-version SDK 5/6 listings; no chunk states which BPM versions support Java 7.,2026-08-25T02:11:00+05:30
phase03-annotation-blinded-v1,3b742448d9c23a289f54b46029b44125cd0c29faaca7b4bf46be8e26a3c61068,60,TRAIN_Q338,validation,dense,1,"VScan not working after migrating Datacap Application from 8.1 to 9.0.1

I have recently migrated one datacap application developed in Datacap 8.1 to Datacap 9.0.1. I followed the complete instruction provided in the link 

http://www.ibm.com/support/knowledgecenter/SSZRWV_9.0.1/com.ibm.dc.develop.doc/dcadv001.htm

 

After migration, when I tried to execute the application using Datacap Desktop. I got errors that ""This batch has no data to process. Aborting"" and ""Unable to run queue"". I am attaching the screenshots of error. I am also attaching the DStudio rule's screenshot.

I have verified and configured all the required settings.

Please guide if someone has faced the similar issue and resolved it.
",answerable_with_reference,"The ""Bind DCO type to panel"" for Datacap Desktop is case-sensitive. Be sure the DCO name matches as it appears in Datacap Studio (both the spelling and case-sensitivity).","[{""char_end"":966,""char_start"":0,""chunk_id"":""fe665bce2a8f88b61905c71b247e6b9a44593aa24e7e544d6f65e17a294649c3"",""document_id"":""techqa-doc:corpus/swg21967312.txt"",""filename"":""swg21967312.txt"",""rank"":1,""text"":""Title: IBM Error when launching Scan task from Datacap Desktop. - United States Text: Desktop; No data; Scan; VScan TECHNOTE (TROUBLESHOOTING) PROBLEM(ABSTRACT) Receiving the following error message when attempting to launch up Scan task from Datacap Desktop: \""This batch has no data to process. Aborting.\"" Then followed by this error: \""Unable to run queue.\"" DIAGNOSING THE PROBLEM The panel for TravelDocs contained a value with all upper-case letter [eg. TRAVELDOCS], which caused the error to occur when attempting to launch the Scan task from Datacap Desktop RESOLVING THE PROBLEM The \""Bind DCO type to panel\"" for Datacap Desktop is case-sensitive. Be sure the DCO name matches as it appears in Datacap Studio (both the spelling and case-sensitivity). Logon to TMWeb client. Go to Administrator tab Select the VScan task from the Workflow. Click Setup under Program. Then change the value of the Panel to match what is in Datacap Studio. For example \""TRAVELDOCS\""""}]",phase03-sufficiency-annotation-v1,f2fe3f7f29b834d78fd7c79bf4d4a94faee43c658d89c48e386854123066802b,human_annotator_1,sufficient,Single chunk is the exact technote showing the case-sensitive panel binding cause behind the reference answer.,2026-08-25T02:12:00+05:30
phase03-annotation-blinded-v1,0e80a7363cf0dc2d411834422eb7a4459cc28d5fae8fd2b902abefdc317fad4d,61,TRAIN_Q004,train,dense,5,"Help with Action required for IIB H.E. V9 & WMB H.E. V8 for security vulnerabilities in Red Hat Linux (CVE-2018-6551 CVE-2018-6485)



I need to understand details regarding Action required for IBM Integration Bus Hypervisor Edition V9.0 and WebSphere Message Broker Hypervisor Edition V8.0 for security vulnerabilities in Red Hat Linux.
This is related to CVE-IDs:
CVE-2018-6551
CVE-2018-6485

Where can I find this information?",benchmark_impossible_no_reference,,"[{""char_end"":896,""char_start"":0,""chunk_id"":""2716ad0492df190295172a8fbe8f27ca0932d860955b9ed22c32919c36327bf4"",""document_id"":""techqa-doc:corpus/swg22011754.txt"",""filename"":""swg22011754.txt"",""rank"":1,""text"":""Title: IBM Action required for IBM Integration Bus Hypervisor Edition V9.0 and WebSphere Message Broker Hypervisor Edition V8.0 for security vulnerabilities in Red Hat Linux - United States Text: IIB WMB FLASH (ALERT) ABSTRACT IBM Integration Bus Hypervisor Edition V9.0 and WebSphere Message Broker Hypervisor Edition V8.0 require customer action for security vulnerabilities in Red Hat Linux CONTENT IBM Integration Bus Hypervisor Edition V9.0 and WebSphere Message Broker Hypervisor Edition V8.0 ship with Red Hat Enterprise Linux (RHEL) Server 6.2 which is vulnerable to CVE-2017-16546 Remediation: IBM strongly recommends that you contact Red Hat to obtain and install fixes for Red Hat Enterprise Linux (RHEL) Server 6.2, as applicable. Cross reference information Segment Product Component Platform Version Edition Business Integration WebSphere Message Broker Hypervisor Edition Linux 8.0""},{""char_end"":953,""char_start"":0,""chunk_id"":""b8013c658a3923e64f97e6db5e977f60eb36384d6fa893d3a63514f1d2e3c529"",""document_id"":""techqa-doc:corpus/swg22012862.txt"",""filename"":""swg22012862.txt"",""rank"":2,""text"":""Title: IBM Action required for IBM Integration Bus Hypervisor Edition V9.0 and WebSphere Message Broker Hypervisor Edition V8.0 for security vulnerabilities in Red Hat Linux - United States Text: IIB WMB FLASH (ALERT) ABSTRACT IBM Integration Bus Hypervisor Edition V9.0 and WebSphere Message Broker Hypervisor Edition V8.0 require customer action for security vulnerabilities in Red Hat Linux CONTENT IBM Integration Bus Hypervisor Edition V9.0 and WebSphere Message Broker Hypervisor Edition V8.0 ship with Red Hat Enterprise Linux (RHEL) Server 6.2 which is vulnerable to: CVE-2018-1000001 CVE-2017-16997 CVE-2017-1000408 CVE-2017-1000409 CVE-2017-17426 Remediation: IBM strongly recommends that you contact Red Hat to obtain and install fixes for Red Hat Enterprise Linux (RHEL) Server 6.2, as applicable. Cross reference information Segment Product Component Platform Version Edition Business Integration WebSphere Message Broker Hypervisor Edition""},{""char_end"":855,""char_start"":0,""chunk_id"":""3f74274fade0e9c8c2ba71139e6ed4d85f13300e879e12491b6c7c5c1ef61619"",""document_id"":""techqa-doc:corpus/swg22011748.txt"",""filename"":""swg22011748.txt"",""rank"":3,""text"":""Title: IBM Action required for IBM Integration Bus Hypervisor Edition V9.0 and WebSphere Message Broker Hypervisor Edition V8.0 for security vulnerabilities in Red Hat Linux - United States Text: IIB WMB FLASH (ALERT) ABSTRACT IBM Integration Bus Hypervisor Edition V9.0 and WebSphere Message Broker Hypervisor Edition V8.0 require customer action for security vulnerabilities in Red Hat Linux CONTENT IBM Integration Bus Hypervisor Edition V9.0 and WebSphere Message Broker Hypervisor Edition V8.0 ship with version Red Hat Enterprise Linux (RHEL) Server 6.2 which is vulnerable to CVE-2017-14739 CVE-2017-14741 CVE-2017-14989 CVE-2017-15015 CVE-2017-15016 CVE-2017-15017 CVE-2017-15032 CVE-2017-15033 Remediation: IBM strongly recommends that you contact Red Hat to obtain and install fixes for Red Hat Enterprise Linux (RHEL) Server 6.2, as applicable.""},{""char_end"":896,""char_start"":0,""chunk_id"":""f26ed894aa8549890a92bf5f9d2b3ea8f1c04721cbaede1361554a4051500ae3"",""document_id"":""techqa-doc:corpus/swg22013693.txt"",""filename"":""swg22013693.txt"",""rank"":4,""text"":""Title: IBM Action required for IBM Integration Bus Hypervisor Edition V9.0 and WebSphere Message Broker Hypervisor Edition V8.0 for security vulnerabilities in Red Hat Linux - United States Text: IIB WMB FLASH (ALERT) ABSTRACT IBM Integration Bus Hypervisor Edition V9.0 and WebSphere Message Broker Hypervisor Edition V8.0 require customer action for security vulnerabilities in Red Hat Linux CONTENT IBM Integration Bus Hypervisor Edition V9.0 and WebSphere Message Broker Hypervisor Edition V8.0 ship with Red Hat Enterprise Linux (RHEL) Server 6.2 which is vulnerable to: CVE-2018-6405 Remediation: IBM strongly recommends that you contact Red Hat to obtain and install fixes for Red Hat Enterprise Linux (RHEL) Server 6.2, as applicable. Cross reference information Segment Product Component Platform Version Edition Business Integration WebSphere Message Broker Hypervisor Edition Linux 8.0""},{""char_end"":927,""char_start"":0,""chunk_id"":""b636116f4d9bca6c0d6c519728683a4aa0193bacb3fa3872d075f89fbfdb52d2"",""document_id"":""techqa-doc:corpus/swg22015916.txt"",""filename"":""swg22015916.txt"",""rank"":5,""text"":""Title: IBM Action required for IBM Integration Bus Hypervisor Edition V9.0 and WebSphere Message Broker Hypervisor Edition V8.0 for security vulnerabilities in Red Hat Linux - United States Text: IIB WMB FLASH (ALERT) ABSTRACT IBM Integration Bus Hypervisor Edition V9.0 and WebSphere Message Broker Hypervisor Edition V8.0 require customer action for security vulnerabilities in Red Hat Linux CONTENT IBM Integration Bus Hypervisor Edition V9.0 and WebSphere Message Broker Hypervisor Edition V8.0 ship with Red Hat Enterprise Linux (RHEL) Server 6.2 which is vulnerable to: CVE-2018-8804, CVE-2018-7470 , CVE-2018-7443 Remediation: IBM strongly recommends that you contact Red Hat to obtain and install fixes for Red Hat Enterprise Linux (RHEL) Server 6.2, as applicable. Cross reference information Segment Product Component Platform Version Edition Business Integration WebSphere Message Broker Hypervisor Edition Linux 8.0""}]",phase03-sufficiency-annotation-v1,f2fe3f7f29b834d78fd7c79bf4d4a94faee43c658d89c48e386854123066802b,human_annotator_1,insufficient,Retrieved chunks are parallel IIB/WMB Hypervisor Edition alerts for other CVE batches; none mentions CVE-2018-6551 or CVE-2018-6485.,2026-08-25T02:13:00+05:30
phase03-annotation-blinded-v1,725e996b8acc4cb8812410bade7834750fcd734472235dca41f790d887a142b2,62,TRAIN_Q438,train,bm25,1,"During action in Rhapsody Statechart



Hi Folks,

 

I am developing a statechart in Rhapsody and I have a question.

I could not see in Rhapsody where I can insert an action that must occur during the whole time the state is active.

I can only see : Actions on Entry     and    Actions on Exit.

Where is During Action?",answerable_with_reference,Some of UML features such as deferred event and do-activity are not natively supported today.,"[{""char_end"":784,""char_start"":0,""chunk_id"":""f5ecba4f76d5f37b18580eb8857bc7f16e3158d2c2b9b4d38bce2cc3b9d6d0c6"",""document_id"":""techqa-doc:corpus/swg1PM83809.txt"",""filename"":""swg1PM83809.txt"",""rank"":1,""text"":""Title: IBM PM83809: State edit windows grayed out in statecharts/flowcharts - United States Text: FIXES ARE AVAILABLE Rational Rhapsody Fix Pack 2 (8.0.2) for 8.0 [http://www-01.ibm.com/support/docview.wss?uid=swg24034499] Rational Rhapsody 8.0.6 [http://www-01.ibm.com/support/docview.wss?uid=swg24037021] SUBSCRIBE You can track all active APARs for this component. APAR STATUS * CLOSED AS PROGRAM ERROR. ERROR DESCRIPTION * In Rational Rhapsody when a unit is read only because of config management or referenced unit, in a statechart and flowchart in the feature dialog the action on entry and action on exit are grayed out. Also the scroll bars are grayed out, so it is not possible to see the entire contents if the action consists of many lines. It is also not possible to mark""}]",phase03-sufficiency-annotation-v1,f2fe3f7f29b834d78fd7c79bf4d4a94faee43c658d89c48e386854123066802b,human_annotator_1,insufficient,Single chunk is an APAR about grayed-out state edit windows; nothing about during-actions/do-activity support in the reference.,2026-08-25T02:14:00+05:30
phase03-annotation-blinded-v1,92adfb1f7ef386556d82e4a9dff4d9e6f77e30797eb5cdefe484bdc4bcde927f,63,DEV_Q053,validation,hybrid,1,"After uninstalling Portal 8.0 only from my WAS environment my subsequent attempts to install Portal 8.0 into that same existing WAS fails.



I installed Portal 8.0.0.1 CF12 with an existing WAS 8.0.0.8 application server and everything was successful. I want to script my install so I uninstalled Portal 8.0.0.1 only and was left with an existing WAS 8.0.0.8...as before. However, when I attempt to reinstall Portal 8.0.0.1 into that same existing WAS 8.0.0.8 to test my scripting I get the following error immediately:

ERROR: The required version 8.0.0.5 or later of WebSphere Application Server has not been detected on this system. Select the WebSphere Application Server Package to install WebSphere Application Server and WebSphere Portal.

IIM shows WAS as installed, so I am not sure what is causing this behavior when it installed fine just a few hours ago.
",answerable_with_reference,"Navigate to the AppServer folder and remove the following files (they are regenerated with a reinstall of Portal):

lib/ext/commons-codec-1.3.jar
lib/ext/commons-httpclient-3.0.1.jar
lib/ext/openid4java-full-0.9.5.jar
lib/ext/wp.auth.base.sua_RedirectServletFilter.jar
lib/ext/wp.auth.base.sua_loginmodule.jar
lib/ext/wp.auth.tai.jar
lib/wp.user.connections.jar
lib/wp.wire.jar
plugins/com.ibm.patch.was.plugin.jar
plugins/com.ibm.wp.was.plugin.jar
plugins/wp.ext.jar
properties/jndi.properties","[{""char_end"":1119,""char_start"":0,""chunk_id"":""a73f652e4c6681dc614da7a5ed9fc7cc22808d93abd24ebcfe3cb2a4f2f1e827"",""document_id"":""techqa-doc:corpus/swg21635341.txt"",""filename"":""swg21635341.txt"",""rank"":1,""text"":""Title: IBM Portal 8 installation unable to detect the WebSphere Application Server - United States Text: portal reinstall fails; install into existing WAS fails TECHNOTE (TROUBLESHOOTING) PROBLEM The IBM Installation Manager is unable to detect that a WebSphere Application Server exists when attempting to install Portal. SYMPTOM This issue seems to manifest when an existing Portal has been uninstalled and WebSphere Application Server is not uninstalled. When Portal install is attempted again, but this time to install into the existing WebSphere Application Server then Installation Manager will throw an excecption that notes that it is unable to detect WebSphere Application Server on the system We have also seen an issue where the install fails indicating the version of WAS detected is insufficient and we see an exception like this in IIM logs: 49 INFO 00:03.14 This Cumulative Fix requires that IBM WebSphere Portal Server version 8.0.0.0 be previously installed. You must first install the base release and then update it with the Cumulative Fix. You cannot install them at the same time. 50 ERROR 00:03.15""}]",phase03-sufficiency-annotation-v1,f2fe3f7f29b834d78fd7c79bf4d4a94faee43c658d89c48e386854123066802b,human_annotator_1,insufficient,Single chunk covers a different reinstall failure (Installation Manager not detecting WAS / CF ordering); the reference fix of deleting leftover Portal jars from the AppServer folder is absent.,2026-08-25T02:15:00+05:30
phase03-annotation-blinded-v1,30c5b4d1e09241878b490c521c4478bf0b777d93a0502728b20f5e637cd65e61,64,DEV_Q182,train,hybrid,3,"Help with Security Bulletin: Multiple vulnerabilities in IBM Java Runtime affect IIB and WMB



I need to understand details regarding ""Security Bulletin: Multiple vulnerabilities in IBM Java Runtime affect IBM Integration Bus and WebSphere Message Broker"" This is related to
CVE-2017-10115
CVE-2017-10116
CVE-2017-10109
CVE-2017-10108

Where can I find this information?",answerable_with_reference,"CVEID:CVE-2017-10115 [http://cve.mitre.org/cgi-bin/cvename.cgi?name=CVE-2017-10115]
DESCRIPTION:An unspecified vulnerability in Oracle Java SE related to the Java SE, Java SE Embedded, JRockit JCE component could allow an unauthenticated attacker to obtain sensitive information resulting in a high confidentiality impact using unknown attack vectors.
CVSS Base Score: 7.5
CVSS Temporal Score: Seehttps://exchange.xforce.ibmcloud.com/vulnerabilities/128876 [https://exchange.xforce.ibmcloud.com/vulnerabilities/128876]for the current score
CVSS Environmental Score*: Undefined
CVSS Vector: (CVSS:3.0/AV:N/AC:L/PR:N/UI:N/S:U/C:H/I:N/A:N)","[{""char_end"":888,""char_start"":0,""chunk_id"":""6b4be7a216f2e54db7192a31223cce53873ba44a6e85ef228fe6bdc4efdd6775"",""document_id"":""techqa-doc:corpus/swg21994213.txt"",""filename"":""swg21994213.txt"",""rank"":1,""text"":""Title: IBM Security Bulletin: Multiple vulnerabilities in IBM Java Runtime affect WebSphere Message Broker and IBM Integration Bus (CVE-2016-3485) - United States Text: WMB IIB SECURITY BULLETIN SUMMARY Multiple security vulnerabilities exist in the IBM® Runtime Environment JavaTM Technology Edition 6.0.16.26 (and earlier) used by WebSphere Message Broker, and the IBM® Runtime Environment JavaTM Technology Edition 7.0.9.40 (and earlier) used by WebSphere Message Broker and IBM Integration Bus, and the IBM® Runtime Environment JavaTM Technology Edition 7.1.3.40 (and earlier) used by IBM Integration Bus. These issues were disclosed as part of the IBM Java SDK updates in July 2016. VULNERABILITY DETAILS CVEID: CVE-2016-3485 [http://cve.mitre.org/cgi-bin/cvename.cgi?name=CVE-2016-3485] DESCRIPTION: An unspecified vulnerability in Oracle Java SE and Java SE Embedded related to the""},{""char_end"":1145,""char_start"":0,""chunk_id"":""c9879c0714d15f492ffb060295e92fe9e99b86dea788e781f3cc6feef0130947"",""document_id"":""techqa-doc:corpus/swg22005345.txt"",""filename"":""swg22005345.txt"",""rank"":2,""text"":""Title: IBM Security Bulletin: Multiple vulnerabilities in IBM Java Runtime affect WebSphere Message Broker and IBM Integration Bus - United States Text: WMB IIB SECURITY BULLETIN SUMMARY Multiple security vulnerabilities exist in the IBM® Runtime Environment JavaTM Technology Edition Version 6 Service Refresh 16 Fix Pack 41 and earlier releases used by WebSphere Message Broker, and the IBM® Runtime Environment JavaTM Technology Edition Version 7 Service Refresh 10 Fix Pack 1 and earlier releases used by WebSphere Message Broker and IBM Integration Bus, and the IBM® Runtime Environment JavaTM Technology Edition Version 7R1 Service Refresh 4 Fix Pack 1 and earlier releases used by IBM Integration Bus. These issues were disclosed as part of the IBM Java SDK updates in April 2017. WebSphere Message Broker and IBM Integration Bus have addressed the applicable CVEs VULNERABILITY DETAILS If you run your own Java code using the IBM Java Runtime delivered with this product, you should evaluate your code to determine whether the complete list of vulnerabilities are applicable to your code. For a complete list of vulnerabilities, refer to""},{""char_end"":925,""char_start"":0,""chunk_id"":""70dc7ba0cdc0ff7147a81a45b561447681e9caeb96fa3a8c38802ca3da754a5d"",""document_id"":""techqa-doc:corpus/swg22010090.txt"",""filename"":""swg22010090.txt"",""rank"":3,""text"":""Title: IBM Security Bulletin: Multiple vulnerabilities in IBM Java Runtime affect IBM Integration Bus and WebSphere Message Broker - United States Text: IIB; WMB SECURITY BULLETIN SUMMARY There are multiple vulnerabilities in IBM® SDK JavaTM Technology Edition, Version 7.1.4.10 and IBM® Runtime Environment JavaTM Versions 7.0.10.10 and 7.1.4.10 used by IBM Integration Bus and WebSphere Message Broker. These issues were disclosed as part of the IBM Java SDK updates in Jul 2017. VULNERABILITY DETAILS If you run your own Java code using the IBM Java Runtime delivered with this product, you should evaluate your code to determine whether the complete list of vulnerabilities are applicable to your code. For a complete list of vulnerabilities please refer to the link for “IBM Java SDK Security Bulletin\"" located in the “References” section for more information. CVEID:CVE-2017-10115 [http://cve.mitre.org/cgi-bin/cvename.""}]",phase03-sufficiency-annotation-v1,f2fe3f7f29b834d78fd7c79bf4d4a94faee43c658d89c48e386854123066802b,human_annotator_1,insufficient,"Rank-3 is the correct Jul 2017 IIB/WMB bulletin and lists CVE-2017-10115, but the retrieved span truncates before the vulnerability descriptions in the reference.",2026-08-25T02:16:00+05:30
phase03-annotation-blinded-v1,bc4a587c04c9ff93f1ee19f78987960e6933dc28a1036b17927eecce49218a9e,65,TRAIN_Q145,train,bm25,5,"How can I obtain a Java thread dump against an execution group in IIB v10?



This Q&A is abstracted from a PMR

How can I obtain a Java thread dump against an execution group in IIB v10?
",answerable_with_reference,"Use this command to generate a Java dump on IIB v10.0.0.9+:
mqsichangeproperties <Int.Node> -e <Int.Server> -o ComIbmInternalSupportManager/Java/JVM -n dump -v <dump_type>","[{""char_end"":5883,""char_start"":5054,""chunk_id"":""5980461eff9aba6913ce7629de7a2916a8578a2f6f00fb2cbfef30a705d10464"",""document_id"":""techqa-doc:corpus/swg21141368.txt"",""filename"":""swg21141368.txt"",""rank"":1,""text"":""groups:\\n\""); ThreadGroup top = Thread.currentThread().getThreadGroup(); while (top.getParent() != null) { top = top.getParent(); } dumptg(top); This code might be used in a case other than within NotesMain() in an agent execution, for instance if you think you may belong to a subgroup. However, in the case of a Java Agent, you will encounter a Java Security Exception when attempting to get a handle to the parent thread group. This exception occurs because access is not allowed to the parent group within the agent context, since this might expose thread not within the agent context. Once you have used this method to dump all threads in the agent thread group, you can analyze the thread name, thread ID, and ThreadGroup information for clues as to what code may be involved, or why a thread might not be getting destroyed.""},{""char_end"":1957,""char_start"":1417,""chunk_id"":""05f4f2e85b9ca72b4c053357964476b318ff74abaec4d98968f49e7499edcdaf"",""document_id"":""techqa-doc:corpus/swg1PI96966.txt"",""filename"":""swg1PI96966.txt"",""rank"":2,""text"":""*********************** PROBLEM DESCRIPTION: Prior to IBM Integration Bus v10, the console version of the mqsilist command with the D=0 option, displayed BIP8130I messages listing the Execution Groups in the User Log, for example: MVS0 2017354 12:26:40.54 -F MQ09BRK,L D=0 MVS0 2017354 12:26:41.55 STC48323 +BIP8130I MQ09BRK 2 Execution Group: EG1 - 65881 MVS0 2017354 12:26:41.56 STC48323 +BIP8130I MQ09BRK 2 Execution Group: EG2 - 0 MVS0 2017354 12:26:41.56 STC48323 +BIP8071I MQ09BRK 2 Successful command completion. However, at IIB V10,""},{""char_end"":2112,""char_start"":1261,""chunk_id"":""9851d6e2b9ce2423d2356c37f3b78d8d594afd37654933ff8bbb063ba8a8a047"",""document_id"":""techqa-doc:corpus/swg1PK49198.txt"",""filename"":""swg1PK49198.txt"",""rank"":3,""text"":""'s 64-bit registers when the caller issues a BPEWAIT or BPETCBSW call. In a thread sub-dispatching environment, this means that one thread could get another thread's high register values across a thread context switch. Although there is no current 64-bit register use in BPE address spaces today, this support should be added to allow for future 64-bit exploitation. Also, the BPE dump formatter initialization CLIST, BPEAACI0, has an incorrect label in the \""branch table\"" used to set BPE control block offsets based on the BPE release in the dump. Label V010500 is incorrectly spelled as x010500. If the BPE 1.6 (IMS V10) CLIST is used against a BPE 1.5 (IMS V9) dump, the following error is generated in the IPCS output: GOTO V010500 IKJ56545I THIS STATEMENT HAS REFERENCED AN INVALID OR UNDEFINED LABEL PROBLEM CONCLUSION * AIDS: RIDS/SYS RIDS/CNTR""},{""char_end"":997,""char_start"":0,""chunk_id"":""e487d791e8238d77896809204653d0828d0cde7a2ddd39fbfa5a49de26f19b65"",""document_id"":""techqa-doc:corpus/swg27050571.txt"",""filename"":""swg27050571.txt"",""rank"":4,""text"":""Title: IBM Integration Bus v10 support for Java 8 - United States Text: PRODUCT DOCUMENTATION ABSTRACT IBM Integration Bus (IIB) v10 adds support for Java 8 in IIB 10.0.0.11 and later fix packs on all supported platforms except for Solaris and HP. CONTENT IBM Integration Bus v10 ships with Java 8 in IIB 10.0.0.11 and later fix packs on all supported distributed platforms except Solaris and HP. IBM Integration Bus v10 on z/OS now supports Java 8 (in addition to Java 7) as a prerequisite component from IIB 10.0.0.11 onwards. There are some limitations with the Java 8 support for application developers, and after applying IIB 10.0.0.11 or later fix packs you may encounter known issues caused as a result of upgrading to Java 8. These issues and limitations are summarised below: * The IIB Toolkit is unable to compile Java source code containing Java 8 language constructs such as Functional Interfaces, default and static methods in Interfaces and Lambda Expressions. This affects all users""},{""char_end"":1750,""char_start"":804,""chunk_id"":""c6f9983689c3fda65824496ce6dbe3c0c61d52b9ffbc90e1e1bc701fd7277916"",""document_id"":""techqa-doc:corpus/swg1IY86071.txt"",""filename"":""swg1IY86071.txt"",""rank"":5,""text"":""**************************************** When a message flow runs within the Execution group it runs as a thread within the DataFlowEngine process. When a thread is created an area of storage is reserved for the thread's call stack. Generally, the more message processing nodes in a message flow that a message has to pass through, the greater the call stack storage required. The default AIX thread stack size is quite small, so the 32-bit Execution Group sets the thread stack size to 1MB which is adequate for most message flows, but can be overridden. The 64-bit Execution group, however, was not explicitly setting the thread stack size, allowing to default to the operating system default value. Hence, a complex message flow that could process messages successfully when running in a 32-bit Execution Group may fail in a 64-bit Execution Group. PROBLEM CONCLUSION * The 64-bit Execution Group now explicitly sets the thread stack size to 1""}]",phase03-sufficiency-annotation-v1,f2fe3f7f29b834d78fd7c79bf4d4a94faee43c658d89c48e386854123066802b,human_annotator_1,insufficient,No chunk contains the mqsichangeproperties ComIbmInternalSupportManager/Java/JVM dump command from the reference; retrieved chunks are unrelated to IIB Java dumps.,2026-08-25T02:17:00+05:30
phase03-annotation-blinded-v1,bd7f99a10ba327cc9616c3c194b10aa280d84499d786ad75d865c548af29a14e,66,TRAIN_Q342,train,hybrid,1,"WAS 8.5.x - Writing a JMS message to a remote queue takes a long time. How to write the message faster?

We are writing a jms message from a websphere cell (cellA) to a queue hosted by another websphere cell (cellB).Sometimes we noticed that writing a message is very slow. Usually when a local queue will be used the time to write this messages is about 8 ms, but if the queue is located on a other cell is took significant longer (about 3000ms+ ).

Our findings: After enabling following trace ""=info: com.ibm.ws.sib.trm.=finest"" the problem is related to:

 

- com.ibm.ws.cluster.selection.NoAvailableTargetExceptionImpl
 

- WaitForWLMDat 3 (com.ibm.ws.sib.trm.wlm.client.WaitForWLMData) [:] Sleeping for 2999 ms ""
Because of the sleep time the writing to the queue is slowed down. How to prevent the sleeping time of 3 seconds, when writing a message to a remote queue?",benchmark_impossible_no_reference,,"[{""char_end"":3508,""char_start"":2485,""chunk_id"":""a9757a0435c44d30bc74f254895264f220dd6a4860a28f71acdb1bef99666c75"",""document_id"":""techqa-doc:corpus/swg1IZ83475.txt"",""filename"":""swg1IZ83475.txt"",""rank"":1,""text"":""queue using the WebSphere MQ classes for JMS v7 client, in the default configuration a message browser thread is used to look for Message Driven Bean (MDB) suitable messages on the queue. If a message if found, the client makes use of the new WebSphere MQ v7 distributed functionality to put a marker on the message, which indicates to other message browser threads that this message is about to be consumed by an MDB. These message marks expire after a period of time, defined by the queue manager property, 'MARKINT', which defaults to 5000ms (5 seconds). After this time, if the message is still on the queue the browse mark is removed, and other message browse threads can mark the message for their own MDB server sessions. If the original browse thread MDB's server session takes longer than 5 seconds from the point of marking to retrieving the message, a window of opportunity exists for another message browser's MDB to get the message. When this occurs and the first MDB eventually attempts to get the message, it""}]",phase03-sufficiency-annotation-v1,f2fe3f7f29b834d78fd7c79bf4d4a94faee43c658d89c48e386854123066802b,human_annotator_1,insufficient,"Single chunk covers MDB message browsing and MARKINT on consumption; the question is about slow JMS puts to a remote queue, which no chunk addresses.",2026-08-25T02:18:00+05:30
phase03-annotation-blinded-v1,d6dec7478295f9123eac7a1c5ffa3771c9b3eea157c599ef15ef3f248b10f64a,67,TRAIN_Q546,train,hybrid,3,"Does @LocalNodeAlias="""" will affect ITNM failover health check events?.

Customization in nco_p_monitor.rules with @LocalNodeAlias=""empty"", after that both Primary and Backup started health check fail event, how to resolve that. ",answerable_with_reference,"The value for m_Domain is taken from the value for Node (@Node) in alerts.status for the health check event. If you have altered the inserted value for @Node, either by modifying the nco_p_ncpmonitor.rules file or by some other method such as an Automation or Impact policy, then the resulting update for state.domains will fail. Ensure that the rules governing the modification of @Node allow for the value of @Node to remain unchanged for health check events.","[{""char_end"":1641,""char_start"":712,""chunk_id"":""604b84365e686e725d1803dd77fea22fcbd5fb931a52f4161e0f415a2ac7d3cb"",""document_id"":""techqa-doc:corpus/swg21646731.txt"",""filename"":""swg21646731.txt"",""rank"":1,""text"":""causing the Health Check Fail events. 2. Check that the Health Check *Success* events are being sent by the ITNM Probe. Increase the probe trace level using kill -USR2 to debug 4 and watch for Health Check Success Events in the nco_p_ncpmonitor.<domain>.trace file. That will demonstrate that the Probe is inserting events successfully. See Related Information for a link to increase messagelevel and debug logging without restarting processes. 3. Review the Gateway's log file for any evidence of Health Check Success events. For example, this is a snippet from a healthy Backup domain Gateway trace file showing ItnmHealthChk events being retrieved for the companion Primary domain; Found event map 'ItnmHealthChk' for 'ItnmHealthChk'(585633) 'ItnmHealthChk' event map handling event: Resolution 585633 Resolution event with filtered input: { .. Summary='Precision health check success event for domain PRI from primary domain:""},{""char_end"":973,""char_start"":0,""chunk_id"":""20b2adfedba4855cbce724361ad185ee3036898b57d5a12316e1d55921931243"",""document_id"":""techqa-doc:corpus/swg21588006.txt"",""filename"":""swg21588006.txt"",""rank"":2,""text"":""Title: IBM Health Check event - United States Text: mustgather; itnmhealthcheck TECHNOTE (TROUBLESHOOTING) PROBLEM(ABSTRACT) Information to retrieve when investigating Health Check Event problems. SYMPTOM Constant Health Check Failure events are being generated. DIAGNOSING THE PROBLEM The virtual domain process monitors the health of the processes running under ncp_ctrl. It generates HC events every 60 seconds. The Event Gateway retrieves events for both its own and its companion domain. So if a process under ncp_ctrl fails or if a HC FAIL event from a companion domain is received, failover can occur. 1. Increase debug in your Primary and Backup Event Gateways so you can see the reception of HC events. 2. During the cycle of HC events, periodically check the alerts.status in both Primary and Backup domains for the Summary, Last and FirstOccurrence and Tally of the ItnmHealthChk events. In ITNM 3.8, you can use nco_sql to do perform this query: select Summary,""},{""char_end"":1000,""char_start"":0,""chunk_id"":""c757dd838b8e30dcf8f46622d99d3799d7f2402ea627b64c6f4f4248d50dea2d"",""document_id"":""techqa-doc:corpus/swg21424808.txt"",""filename"":""swg21424808.txt"",""rank"":3,""text"":""Title: IBM Health Check events Node and Domain and their interactions. - United States Text: HealthCheck failed events; nco_p_ncpmonitor.rules; VirtualDomain TECHNOTE (TROUBLESHOOTING) PROBLEM(ABSTRACT) HealthCheck failed events are being received, nco_p_ncpmonitor.rules has been customized. SYMPTOM Although both the Primary and Backup domains are up and (according to their mutual VirtualDomain processes) are healthy, each is sending Health Check Failed events for the other domain. CAUSE This document only applies to those installations where the nco_p_ncpmonitor.rules file has been edited to modify the inserted value for @Node in alerts.status or where @Node is being modified for health check events by some other external process. Each ITNM Gateway (ncp_ncogate) in the Primary and Backup domain retrieves health check events from alerts.status and constructs an update into the state.domains table in the VirtualDomain process. Please review the documentation in the 'Related Information'""}]",phase03-sufficiency-annotation-v1,f2fe3f7f29b834d78fd7c79bf4d4a94faee43c658d89c48e386854123066802b,human_annotator_1,sufficient,"Rank-3 is the exact technote: health-check fail events occur when nco_p_ncpmonitor.rules modifies @Node, matching the reference cause and implied fix.",2026-08-25T02:19:00+05:30
phase03-annotation-blinded-v1,7f4647b632b5f26bed37ea0d5ded0b28e41b9d30b7affac516ab873619df538a,68,TRAIN_Q584,validation,dense,5,"Help with Security Bulletin: Vulnerability identified in IBM WebSphere Application Server shipped with WSRR (CVE-2017-1741)

I need to understand details regarding Security Bulletin: Vulnerability identified in IBM WebSphere Application Server shipped with IBM WebSphere Service Registry and Repository (CVE-2017-1741). We are running WAS traditional V9.0.0.0.  What is the recommended fix?",answerable_with_reference,"· Upgrade to a minimal fix pack levels as required by interim fix and then apply Interim Fix PI89498 [http://www-01.ibm.com/support/docview.wss?uid=swg24044512] 
--OR-- 
· Apply Fix Pack 8.0.0.15 or later.","[{""char_end"":1121,""char_start"":0,""chunk_id"":""2f2905e68fd4fb3a14afd8228b6879717a16782f81cb0675a6e82f65c53ae5ec"",""document_id"":""techqa-doc:corpus/swg21990928.txt"",""filename"":""swg21990928.txt"",""rank"":1,""text"":""Title: IBM Security Bulletin: Vulnerability identified in IBM WebSphere Application Server shipped with IBM WebSphere Service Registry and Repository (CVE-2016-5986) - United States Text: SECURITY BULLETIN SUMMARY IBM WebSphere Application Server is shipped as a component of IBM WebSphere Service Registry and Repository. Information about a security vulnerability affecting IBM WebSphere Application Server has been published in a security bulletin. VULNERABILITY DETAILS Please consult the security bulletin: Security Bulletin: Potential Information Disclosure vulnerability in WebSphere Application Server (CVE-2016-5986) [http://www.ibm.com/support/docview.wss?uid=swg21990056] for vulnerability details and information about fixes. AFFECTED PRODUCTS AND VERSIONS Principal Product and Version(s) Affected Supporting Product and Version WebSphere Service Registry and Repository V8.5 WebSphere Application Server V8.5.5 WebSphere Service Registry and Repository V8.0 WebSphere Application Server V8.0 WebSphere Service Registry and Repository V7.5 WebSphere Application Server V7.0 REMEDIATION/FIXES None WORKAROUNDS""},{""char_end"":1097,""char_start"":0,""chunk_id"":""0b8d2566d0407d538063a533a49eb9ba30e3e52de4f07c95ebd1607708f30698"",""document_id"":""techqa-doc:corpus/swg21992907.txt"",""filename"":""swg21992907.txt"",""rank"":2,""text"":""Title: IBM Security Bulletin: Vulnerability identified in IBM WebSphere Application Server shipped with IBM WebSphere Service Registry and Repository (CVE-2016-5983) - United States Text: SECURITY BULLETIN SUMMARY IBM WebSphere Application Server is shipped as a component of IBM WebSphere Service Registry and Repository. Information about a security vulnerability affecting IBM WebSphere Application Server has been published in a security bulletin. VULNERABILITY DETAILS Please consult the security bulletin: Security Bulletin: Code execution vulnerability in WebSphere Application Server (CVE-2016-5983). [http://www.ibm.com/support/docview.wss?uid=swg21990060] for vulnerability details and information about fixes. AFFECTED PRODUCTS AND VERSIONS Principal Product and Version(s) Affected Supporting Product and Version WebSphere Service Registry and Repository V8.5 WebSphere Application Server V8.5.5 WebSphere Service Registry and Repository V8.0 WebSphere Application Server V8.0 WebSphere Service Registry and Repository V7.5 WebSphere Application Server V7.0 REMEDIATION/FIXES None WORK""},{""char_end"":1128,""char_start"":0,""chunk_id"":""dcc47df77f7fcd46a83f6eca964bb6bebef380b29a9ae750cc0e7852cf59ddaa"",""document_id"":""techqa-doc:corpus/swg22003259.txt"",""filename"":""swg22003259.txt"",""rank"":3,""text"":""Title: IBM Security Bulletin: Vulnerability identified in IBM WebSphere Application Server shipped with IBM WebSphere Service Registry and Repository (CVE-2017-1137) - United States Text: SECURITY BULLETIN SUMMARY IBM WebSphere Application Server is shipped as a component of IBM WebSphere Service Registry and Repository. Information about a security vulnerability affecting IBM WebSphere Application Server has been published in a security bulletin. VULNERABILITY DETAILS Please consult the security bulletin: Security Bulletin: Potential security vulnerability in WebSphere Application Server Administrative Console (CVE-2017-1137) [http://www-01.ibm.com/support/docview.wss?uid=swg21998469] for vulnerability details and information about fixes. AFFECTED PRODUCTS AND VERSIONS Principal Product and Version(s) Affected Supporting Product and Version WebSphere Service Registry and Repository V8.5 WebSphere Application Server V8.5.5 WebSphere Service Registry and Repository V8.0 WebSphere Application Server V8.0 REMEDIATION/FIXES None WORKAROUNDS AND MITIGATIONS None GET NOTIFIED ABOUT FUTURE SECURITY BULLETINS Subscribe""},{""char_end"":1148,""char_start"":0,""chunk_id"":""f5eb117e57d53ff9e9c173cfa63a166c3f5d85e4323e275b7247483308481223"",""document_id"":""techqa-doc:corpus/swg22013233.txt"",""filename"":""swg22013233.txt"",""rank"":4,""text"":""Title: IBM Security Bulletin: A security vulnerability has been identified in WebSphere Application Server shipped with WebSphere Service Registry and Repository (CVE-2017-1681) - United States Text: SECURITY BULLETIN SUMMARY WebSphere Application Server is shipped as a component of WebSphere Service Registry and Repository. Information about a security vulnerability affecting WebSphere Application Server has been published in a security bulletin. VULNERABILITY DETAILS Please consult the security bulletin Information disclosure in WebSphere Application Server (CVE-2017-1681) [http://www-01.ibm.com/support/docview.wss?uid=swg22010419] for vulnerability details and information about fixes. AFFECTED PRODUCTS AND VERSIONS Principal Product and Version(s) Affected Supporting Product and Version WebSphere Service Registry and Repository V8.5 WebSphere Application Server Network Deployment V8.5.5 WebSphere Service Registry and Repository V8.0 WebSphere Application Server Network Deployment V8.0 WebSphere Service Registry and Repository V7.5 WebSphere Application Server Network Deployment V7.0 WebSphere Service Registry and Repository V7.""},{""char_end"":1112,""char_start"":0,""chunk_id"":""d90bb582f855463c4c7bc88915316dc6f1a5b5a0681c48c9d9dfa747bd291fcf"",""document_id"":""techqa-doc:corpus/swg22014520.txt"",""filename"":""swg22014520.txt"",""rank"":5,""text"":""Title: IBM Security Bulletin: Vulnerability identified in IBM WebSphere Application Server shipped with IBM WebSphere Service Registry and Repository (CVE-2017-1741) - United States Text: SECURITY BULLETIN SUMMARY IBM WebSphere Application Server is shipped as a component of IBM WebSphere Service Registry and Repository. Information about a security vulnerability affecting IBM WebSphere Application Server has been published in a security bulletin. VULNERABILITY DETAILS Please consult the security bulletin: Security Bulletin: Information disclosure in WebSphere Application Server Admin Console (CVE-2017-1741) [http://www.ibm.com/support/docview.wss?uid=swg22012342] for vulnerability details and information about fixes. AFFECTED PRODUCTS AND VERSIONS Principal Product and Version(s) Affected Supporting Product and Version WebSphere Service Registry and Repository V8.5 WebSphere Application Server V8.5.5 WebSphere Service Registry and Repository V8.0 WebSphere Application Server V8.0 GET NOTIFIED ABOUT FUTURE SECURITY BULLETINS Subscribe to My Notifications [ http://www-01.ibm.com/software/support/""}]",phase03-sufficiency-annotation-v1,f2fe3f7f29b834d78fd7c79bf4d4a94faee43c658d89c48e386854123066802b,human_annotator_1,insufficient,Rank-5 is the CVE-2017-1741 shipped-component bulletin but only links to the details; the recommended fix in the reference (PI89498 or 8.0.0.15+) is not in the retrieved text and the question asks for the fix.,2026-08-25T02:20:00+05:30
phase03-annotation-blinded-v1,a5200268f305839a7b786a19d515c7cef384a2af8350fec47cb298c19b8a4af1,69,TRAIN_Q013,train,dense,10,"Can I apply a TIP 2.2 fix pack directly to a TIP 2.1 installation?

Can I apply a TIP 2.2 fix pack directly to a TIP 2.1 installation? ",answerable_with_reference,"In order to apply TIP 2.2 fix packs, the target TIP installation must already be at TIPCore 2.2.0 or newer. TIP 2.1 installations must be upgraded to TIP 2.2 using the TIP 2.2.0.1 feature pack.","[{""char_end"":1155,""char_start"":628,""chunk_id"":""5d478e82194ec02415de240ff5ffbf81d6ea51086fb584337c6b0103da43abf5"",""document_id"":""techqa-doc:corpus/swg21619045.txt"",""filename"":""swg21619045.txt"",""rank"":1,""text"":""required, but can be useful to test if the installed applications in the target TIP instance are \""certified\"" with TIP 2.2.0.1 in advance of attempting the installation. If desired, the fit.sh or fit.bat (Windows) script can be taken from a newer TIP 2.2 fix pack FIT package. For example, download the FIT package for TIP 2.2 fix pack 7. Unpack the package in a temporary location, and then copy the fit.sh or fit.bat script from the package to <TIP HOME>/profiles/TIPProfile/etc/fit Retry the \""fit.sh -showReport true\"" command""},{""char_end"":763,""char_start"":0,""chunk_id"":""ac0948486653fbb58061936a13318b3d8d47c42e5063a87fb2235f8ac3b0e15a"",""document_id"":""techqa-doc:corpus/swg21618719.txt"",""filename"":""swg21618719.txt"",""rank"":2,""text"":""Title: IBM Applying TIP 2.2 fix packs directly to a TIP 2.1 installation - United States Text: TIPL2; TIPL2INST; tivoli Integrated portal; feature pack TECHNOTE (FAQ) QUESTION Can Tivoli Integrated Portal 2.2 fix packs be applied directly to a TIP 2.1 installation? ANSWER In order to apply TIP 2.2 fix packs, the target TIP installation must already be at TIPCore 2.2.0 or newer. TIP 2.1 installations must be upgraded to TIP 2.2 using the TIP 2.2.0.1 feature pack. The TIP 2.2.0.1 feature pack can be acquired from IBM Fix Central [http://www-933.ibm.com/support/fixcentral/swg/selectFixes?parent=ibm~Tivoli&product=ibm/Tivoli/Tivoli+Integrated+Portal&release=All&platform=All&function=all]. The following three items should be obtained from Fix Central: * 2.2.""},{""char_end"":815,""char_start"":0,""chunk_id"":""28ffa1ab1c2d66a15053bff67edcb74756cd8ebdff81c4414711ad881fc5a6e7"",""document_id"":""techqa-doc:corpus/swg21615204.txt"",""filename"":""swg21615204.txt"",""rank"":3,""text"":""Title: IBM Determining if a TIP 2.2 fix pack can be installed on a target server. - United States Text: TIPL2INST; TIPL2; 2.2 fixpack; FP upgrade installation certified TECHNOTE (FAQ) QUESTION What method can be used to determine if a product installed with TIP are \""certified\"" for a particular TIP 2.2 fix pack? ANSWER The target TIP instance must have only \""certified\"" products installed. Otherwise TIP 2.2.0.9 will not install. The list of compatible IBM products will change over time as other IBM products team certify on TIP 2.2 fix packs. For that reason, customer's should always obtain the latest FIT file for the TIP fix pack from Fix Central. http://www-933.ibm.com/support/fixcentral/ [http://www-933.ibm.com/support/fixcentral/] The TIP FIT package will be named similar to: \""2.2.0-TIV-TIP-FITSuit-FP00""},{""char_end"":1396,""char_start"":698,""chunk_id"":""ac2f35645a0b2734f9f27087d8bf7c5f610e180f00291d4123380971da033516"",""document_id"":""techqa-doc:corpus/swg21615204.txt"",""filename"":""swg21615204.txt"",""rank"":4,""text"":""http://www-933.ibm.com/support/fixcentral/] The TIP FIT package will be named similar to: \""2.2.0-TIV-TIP-FITSuit-FP000X\"". (For example, \""2.2.0-TIV-TIP-FITSuit-FP0009\""). To determine if the TIP fix pack can be applied to a particular target TIP install review the list of certified products and product fix packs on the following DeveloperWorks post: TIP 2.2 fix pack certified products [https://www.ibm.com/developerworks/mydeveloperworks/groups/service/html/communityview?communityUuid=26d4aa47-4fd6-460d-a93b-3ee8945324d6]. Alternatively, the fit.sh utility packaged with the FIT package can be used to test the target TIP install. 1. Copy the FIT package file to the <TIP HOME>/profiles/TIPProfi""},{""char_end"":702,""char_start"":0,""chunk_id"":""216faff0d15bd4f3e69894434ff86a49ac9c769921d3f85acd5463c8837b784d"",""document_id"":""techqa-doc:corpus/swg21621796.txt"",""filename"":""swg21621796.txt"",""rank"":5,""text"":""Title: IBM Steps to install Tivoli Integrated Portal 2.2 fix packs - United States Text: TIPL2; TIPL2INST; installation; fix pack; 2.2; 2.2.0.7; 2.2.0.9; 2.2.0.11; 2.2.0.13; 2.2.0.15 TECHNOTE (FAQ) QUESTION What are the required packages and procedures to install TIP 2.2 fix packs? For example, TIP FP 2.2.0.7, 2.2.0.9, 2.2.0.11, etc. ANSWER First determine if all of the products deployed in the target TIP install are certified for the TIP fix pack. See the following instructions for determining which of the installed products are certified: Determining if a TIP 2.2 fix pack can be installed on a target TIP install [http://www-01.ibm.com/support/docview.wss?uid=swg21615204] All available TIP 2.""},{""char_end"":1815,""char_start"":1214,""chunk_id"":""7ba98ac483d6a8c266d42a20f7d1da07cb7c0772b02b7aec6e80148b2aeb6a67"",""document_id"":""techqa-doc:corpus/swg21615204.txt"",""filename"":""swg21615204.txt"",""rank"":6,""text"":""45324d6]. Alternatively, the fit.sh utility packaged with the FIT package can be used to test the target TIP install. 1. Copy the FIT package file to the <TIP HOME>/profiles/TIPProfile/etc directory. 2. Unzip the FIT file 3. cd to the fit directory 4. Execute the command: ./fit.sh -showReport true The above command will scan the install registry for the target TIP install and return either \""PASS\"" or \""FAILURE\"" results. \""FAILURE\"" is returned if the target TIP install has a product deployed which is not certified on the TIP fix pack. The failure report will return the product that is not certified""},{""char_end"":2311,""char_start"":1765,""chunk_id"":""297ca7a34e9aa623a234d2f9b959915d03067aaf4b1e8ae4f5ab0ab406530e57"",""document_id"":""techqa-doc:corpus/swg21621796.txt"",""filename"":""swg21621796.txt"",""rank"":7,""text"":""the bitness of the target TIP host, see the following: Determine the bitness of a TIP install [http://www-01.ibm.com/support/docview.wss?uid=swg21621828] Follow the instructions in the Installation guide which covers the use of the FITSuit package as well as other requirements for the install. RELATED INFORMATION Migrating from a TIP 2.1 32-bit install to a TIP 2.2 64 [http://www-01.ibm.com/support/docview.wss?uid=swg21618701] Applying TIP 2.2 fix packs directly to a TIP 2.1 instal [http://www-01.ibm.com/support/docview.wss?uid=swg21618719]""},{""char_end"":1060,""char_start"":0,""chunk_id"":""00f14290a924ad66c2071716852de72748b791c3e073cf57b1352f3c414e0782"",""document_id"":""techqa-doc:corpus/swg21966949.txt"",""filename"":""swg21966949.txt"",""rank"":8,""text"":""Title: IBM Verifying the environment before a TIP upgrade - United States Text: TECHNOTE (FAQ) QUESTION How can I verify the Tivoli products that are deployed in Tivoli Integrated Portal (TIP) are certified for a TIP Fix Pack? CAUSE Not all releases of IBM software are certified to run with all releases of TIP. ANSWER In order to apply a TIP 2.2 fix pack all products deployed in the target TIP instance must be at a release level that is certified on the TIP fix pack. Part of the TIP fix pack installation procedure is to download and unpack a \""FITSuite\"" package in addition to the TIP fix pack package itself. The TIP fix pack installer runs a script in the \""FITSuite\"" package to determine if the products deployed in the TIP instance are certified. If not, the installation will terminate indicating which products are not at the correct release level and what the minimum release level they should be upgraded to. For planning purposes, it is possible to run the FITSuite manually beforehand without having to download the full TIP FP. Go to the IBM Fix""},{""char_end"":1896,""char_start"":1121,""chunk_id"":""8828c7d3a040a370916de7887c43e2b6b5f41515ad0eef90b1839f578ec88bef"",""document_id"":""techqa-doc:corpus/swg24039146.txt"",""filename"":""swg24039146.txt"",""rank"":9,""text"":""and should only be used with this release. The included ZIP file contains modified versions of the following files: - version.jar, which should replace the existing copy located at $TIPHOME/profiles/TIPProfile/installedApps/TIPCell/isc.ear/OMNIbusWebGUI.war/WEB-INF/lib/version.jar - applets.jar, which should replace the existing copy located at $TIPHOME/profiles/TIPProfile/installedApps/TIPCell/isc.ear/OMNIbusWebGUI.war/classes/applets.jar - version.jar (2), which should replace the existing copy located at $TIPHOME/profiles/TIPProfile/installedApps/TIPCell/isc.ear/OMNIbusWebGUI.war/classes/version.jar where $TIPHOME is the root TIP installation directory. The steps for installing the fix on a Unix platform are listed below: 1. Stop the TIP server eg. $TIPHOME/bin/""},{""char_end"":748,""char_start"":0,""chunk_id"":""27b45233d2f3a6416949260f676d73fbe41dc507f4429c043f6926104b20a8e9"",""document_id"":""techqa-doc:corpus/swg21618740.txt"",""filename"":""swg21618740.txt"",""rank"":10,""text"":""Title: IBM TIP 2.2.x install failure during PreCheck phase. WAS.bit=abort. - United States Text: TIPL2INST; TIP 2.2.0.7; installation; failure; during; PreChec; phase; 32bit; 64bit; WAS.bit=abort. TECHNOTE (TROUBLESHOOTING) PROBLEM(ABSTRACT) Installing a 64bit TIP fixpack on an existing 32bit installation of TIP failed in the Precheck portion of the upgrade. This is the initial error received: FAILURE: The overall installation fails. Check /root/TIPFPInstaller-00.log. SYMPTOM Exceptions in the TIPFPInstaller-00.log, the actual content of the error will vary depending on the <TIP_HOME> variable and the date of the install attempt. 2012-09-10 08:58:28.614-05:00 : STDERR : The following error occurred /opt/IBM/ITM/tivoli/tipv2/_uninst/TIPIns""}]",phase03-sufficiency-annotation-v1,f2fe3f7f29b834d78fd7c79bf4d4a94faee43c658d89c48e386854123066802b,human_annotator_1,sufficient,Rank-2 chunk contains the reference answer verbatim: TIP must be at 2.2.0 core; upgrade 2.1 via the 2.2.0.1 feature pack.,2026-08-25T02:21:00+05:30
phase03-annotation-blinded-v1,70c041a4abca13f9f9c6744aec8793ca04ea0168f4ac455b14bf2b5d8478adb4,70,DEV_Q166,train,hybrid,10,"Which version of the WebSphere MQ Resource Adapter is shipped with  WebSphere Application Server?

Which version of WebSphere MQ JCA resource adapter is shipped with WebSphere Application Server ? ",benchmark_impossible_no_reference,,"[{""char_end"":5930,""char_start"":5383,""chunk_id"":""6e50c7573a1c6351fa809d32fe49d1ac7365a32cf0183a24d46ff6ef58d56c89"",""document_id"":""techqa-doc:corpus/swg1PM09742.txt"",""filename"":""swg1PM09742.txt"",""rank"":1,""text"":""Q JCA Resource Adapter * * within WebSphere Application * * Server Version 7.0 requires updating * **************************************************************** * RECOMMENDATION: * **************************************************************** The WebSphere MQ JCA Resource Adapter shipped within WebSphere Application Server Version 7.0 is used by all applications connecting to WebSphere MQ from within the application server. WebSphere MQ fix pack 7.0.1.2 includes a number of updates to the WebSphere MQ JCA resource adapter that apply to""},{""char_end"":3300,""char_start"":2755,""chunk_id"":""e8578464724aa6e0365710fc6942781300749e972fb698d116bfd1da9784c759"",""document_id"":""techqa-doc:corpus/swg21647169.txt"",""filename"":""swg21647169.txt"",""rank"":2,""text"":""7.0.1.9 - WebSphere MQ Fix Pack 7.1.0.2 Those version of WMQ are shipped with WebSphere Application Server Fix Pack in 8.5.0.2, 8.0.0.5 and 7.0.0.27. Which version of WebSphere MQ is shipped with WebSphere Application Server ? http://www.ibm.com/support/docview.wss?uid=swg21248089 [http://www.ibm.com/support/docview.wss?uid=swg21248089] WebSphere Application Server Version 8.5 ships with the WebSphere MQ 7.1 Resource Adapter. - WAS 8.5.0.2 - WMQ 7.1.0.2 - This level includes APAR IV14093 - WAS 8.5.0.1 - WMQ 7.1.0.1 - WAS 8.5.0.0 - WMQ 7.1.""},{""char_end"":1052,""char_start"":0,""chunk_id"":""412230cfeb062abe795bb75c12da30c9aed72195d3591f14524ea68240243ef5"",""document_id"":""techqa-doc:corpus/swg27023129.txt"",""filename"":""swg27023129.txt"",""rank"":3,""text"":""Title: IBM WebSphere MQ resource adapter v7.1 and later statement of support - United States Text: PRODUCT DOCUMENTATION ABSTRACT This document contains the statement of support for the WebSphere MQ resource adapter provided with WebSphere MQ V7.1 and later. CONTENT WebSphere MQ V7.1 and later includes a J2EE Connector Architecture (JCA) V1.5 resource adapter. The resource adapter implements the JCA V1.5 interfaces and can be used in J2EE 1.4 (or later) compliant application servers to access the resources of a WebSphere MQ queue manager. Using the resource adapter with WebSphere Application Server Version 7 and Version 8 The WebSphere MQ messaging provider in WebSphere Application Server Version 7 and Version 8 includes a version of the WebSphere MQ resource adapter. The version of the resource adapter supplied with the Application Server should be used in these environment. Updates to the WebSphere MQ resource adapter that is installed with the application server are included in WebSphere Application Server Fix Packs. For more details""},{""char_end"":6065,""char_start"":5099,""chunk_id"":""600a3aee5bb5eff4ab3a8139ac1d354031e9e73ac78f415582e9c0c4e5a4c01f"",""document_id"":""techqa-doc:corpus/swg21598341.txt"",""filename"":""swg21598341.txt"",""rank"":4,""text"":""Resource Adapter * By default when a WebSphere Application Server V7.0 profile is created at the WebSphere Application Server V7.0.0.0 level (for example by the product install profile creation tool), the WebSphere MQ Resource Adapter V7.0.0.0 is installed in such a way as to remain at this level regardless of the WebSphere Application Server fix pack level which is then applied. The version of the WebSphere MQ Resource Adapter which is included in each WebSphere Application Server fix pack is documented in the table in technote \""Which version of WebSphere MQ is shipped with WebSphere Application Server ? [http://www.ibm.com/support/docview.wss?rs=171&uid=swg21248089]\"" To ensure that your application server uses the appropriate version of the WebSphere MQ Resource Adapter, you will need to run a script which updates the application server profile to point to the fix pack installed version of the resource adapter. This procedure is documented in the Web""},{""char_end"":1803,""char_start"":1207,""chunk_id"":""46de83f0e8df5c12ef34bbc7e782fce4abadb043183248965e8e123aca0e64e3"",""document_id"":""techqa-doc:corpus/swg1PI74862.txt"",""filename"":""swg1PI74862.txt"",""rank"":5,""text"":""**************** * RECOMMENDATION: * **************************************************************** The WebSphere MQ JCA Resource Adapter shipped within WebSphere Application Server is used by all applications connecting to WebSphere MQ from within the application server. WebSphere Application Server now ships a new version of WebSphere MQ fix pack 7.1.0.7 that also includes WMQ RA APARs IT14385 and IT15559 [http://www-01.ibm.com/support/docview.wss?uid=swg1IT15559]. PROBLEM CONCLUSION * Update IBM WebSphere MQ JCA Resource Adapter to latest version of 7.1.0.7 which includes WMQ RA APARs""},{""char_end"":2561,""char_start"":2046,""chunk_id"":""fab844848b821ac7b8ba9a09e98f76e7ef8e4c56865a3a6a15148b77fc1170da"",""document_id"":""techqa-doc:corpus/swg1PI07338.txt"",""filename"":""swg1PI07338.txt"",""rank"":6,""text"":"": New maintenance is available for the * * WebSphere MQ JCA Resource Adapter. * **************************************************************** * RECOMMENDATION: * **************************************************************** The version of the WebSphere MQ JCA Resource Adapter previously shipped with the product was 7.1.0.2. Newer maintenance has been made available by WebSphere MQ: 7.1.0.4. PROBLEM CONCLUSION * The WebSphere MQ JCA Resource Adapter shipped with the product has been updated to version 7.1""},{""char_end"":970,""char_start"":0,""chunk_id"":""53defe5d0d6926f2e82436b3b5712e409b9112677da6223c65a902aaf00eb118"",""document_id"":""techqa-doc:corpus/swg21633761.txt"",""filename"":""swg21633761.txt"",""rank"":7,""text"":""Title: IBM Obtaining the IBM MQ Resource Adapter for the WebSphere Application Server Liberty Profile - United States Text: TECHNOTE (TROUBLESHOOTING) PROBLEM(ABSTRACT) How can you get the IBM MQ Resource Adapter, for use with either the WebSphere Application Server Liberty Profile or other JavaEE application servers? CAUSE To connect to IBM MQ from the Liberty Profile or other JavaEE application servers, you use the IBM MQ Resource Adapter. The Liberty Profile does not contain the IBM MQ Resource Adapter, you must get it separately. RESOLVING THE PROBLEM The JavaEE version of the application server used determines the version of the resource adapter that must be used. JavaEE 1.5 and 1.6 The WebSphere MQ Resource Adapter v7.5 supports JCA v1.5 and provides JMS 1.1 support. To provide full integration with WebSphere Application Server Liberty Profile the WebSphere MQ 7.5 Resource Adapter has been updated to APAR IC92914 [http://www.ibm.com/support/docview.w""},{""char_end"":1558,""char_start"":783,""chunk_id"":""b811f3df45460e33d62ec63e1a2dabc16b02bdb1d7208a72094e0cba8f2bd9e2"",""document_id"":""techqa-doc:corpus/swg27023129.txt"",""filename"":""swg27023129.txt"",""rank"":8,""text"":""version of the resource adapter supplied with the Application Server should be used in these environment. Updates to the WebSphere MQ resource adapter that is installed with the application server are included in WebSphere Application Server Fix Packs. For more details please see: Information about using the WebSphere MQ messaging provider for WebSphere Application Server Version 7.0 [http://publib.boulder.ibm.com/infocenter/prodconn/v1r0m0/topic/com.ibm.scenarios.wmqwasusing.doc/topics/swg21316899.htm] Information about using the WebSphere MQ messaging provider for WebSphere Application Server Version 8.0 [http://publib.boulder.ibm.com/infocenter/prodconn/v1r0m0/topic/com.ibm.scenarios.wmqwasusing.doc/topics/swg21498708.htm] [http://publib.boulder.ibm.com/infocent""},{""char_end"":1812,""char_start"":1246,""chunk_id"":""4668ce1822d68c9081b49a9ee10efecfc288b1399233f31690992047e9d99714"",""document_id"":""techqa-doc:corpus/swg1PI70191.txt"",""filename"":""swg1PI70191.txt"",""rank"":9,""text"":""**** * PROBLEM DESCRIPTION: The WebSphere MQ JCA Resource Adapter * * shipped within WebSphere Application * * Server requires updating. * **************************************************************** * RECOMMENDATION: * **************************************************************** The WebSphere MQ JCA Resource Adapter shipped within WebSphere Application Server is used by all applications connecting to WebSphere MQ from within the application server. WebSphere Application Server now ships a new version of WebSphere MQ fix pack 7.1.0.7 that also includes""},{""char_end"":1938,""char_start"":1180,""chunk_id"":""a3f06310c4795e41672fc6eae95f93b750cb2f6ca26ce19e5a65e1251f6906c2"",""document_id"":""techqa-doc:corpus/swg1PI84053.txt"",""filename"":""swg1PI84053.txt"",""rank"":10,""text"":""********************** The WebSphere MQ JCA Resource Adapter shipped within WebSphere Application Server is used by all applications connecting to WebSphere MQ from within the application server. WebSphere Application Server now ships a new version of WebSphere MQ fix pack 9.0.0.1. PROBLEM CONCLUSION * Update IBM WebSphere MQ JCA Resource Adapter to latest version of 9.0.0.1. The fix for this APAR is currently targeted for inclusion in fix pack 9.0.0.5. Please refer to the Recommended Updates page for delivery information: http://www.ibm.com/support/docview.wss?rs=180&uid=swg27004980 [http://www.ibm.com/support/docview.wss?rs=180&uid=swg27004980] TEMPORARY FIX COMMENTS APAR INFORMATION * APAR NUMBER PI84053 * REPORTED COMPONENT NAME WEBSPHERE APP S""}]",phase03-sufficiency-annotation-v1,f2fe3f7f29b834d78fd7c79bf4d4a94faee43c658d89c48e386854123066802b,human_annotator_1,sufficient,"Rank-2 chunk maps WMQ resource adapter versions to WAS fix packs (e.g. WAS 8.5 ships WMQ 7.1 RA), directly answering the question despite the benchmark marking it unanswerable.",2026-08-25T02:22:00+05:30
phase03-annotation-blinded-v1,1230713d974761ba82ff3b60560571bfca1622342900709a8c72af5f9b26ca27,71,DEV_Q302,validation,bm25,1,"How can I export a private key from DataPower Gateway Appliance?



Is it possible to export a private key from DataPower Gateway Appliance?",answerable_with_reference,"HSM-enabled DataPower appliances support the export of private keys using the crypto-export command. For key export to work, various conditions must be met: 

 * HSMs must be initialized and in the same key sharing domain on exporting and importing machines 
 * The private key in question must be marked exportable at keygen time (see keygen's exportable option) 
 * HSMs on exporting and importing machines must share internal key-wrapping keys (see hsm-clone-kwk command). A key-wrapping key is a key that encrypts another key.","[{""char_end"":937,""char_start"":0,""chunk_id"":""0dcaf7a00c5f9e488c0940a78f8ea9f8e58bcce885f15e9e4c460067824d0e00"",""document_id"":""techqa-doc:corpus/swg21412061.txt"",""filename"":""swg21412061.txt"",""rank"":1,""text"":""Title: IBM How to export and import keys from an HSM-enabled IBM WebSphere DataPower SOA Appliance - United States Text: TECHNOTE (FAQ) QUESTION How do I export and import private keys between the same or different Hardware Security Module (HSM) enabled IBM WebSphere DataPower SOA Appliance? ANSWER HSM-enabled DataPower appliances support the export of private keys using the crypto-export command. For key export to work, various conditions must be met: * HSMs must be initialized and in the same key sharing domain on exporting and importing machines * The private key in question must be marked exportable at keygen time (see keygen's exportable option) * HSMs on exporting and importing machines must share internal key-wrapping keys (see hsm-clone-kwk command). A key-wrapping key is a key that encrypts another key. Each HSM has a special key inside of it, the key-wrapping key, that is used to encrypt exported private keys (and""}]",phase03-sufficiency-annotation-v1,f2fe3f7f29b834d78fd7c79bf4d4a94faee43c658d89c48e386854123066802b,human_annotator_1,sufficient,Single chunk contains the reference answer verbatim including crypto-export and the HSM conditions.,2026-08-25T02:23:00+05:30
phase03-annotation-blinded-v1,ca70f6a8dd321663751a37b768a41fda13fd89678830ce61505a5b33dedc9fdf,72,TRAIN_Q481,train,dense,3,"Connection pooling parameters (unusedTimeout, agedTimeout) won't work as expected on bpm 8.5.5 and oracle 11g RAC

We have set the connection pooling parameters to unusedTimeout=300, agedTimeout=600, minConnections=0 and reapTimeout=180 seconds for all pools. Our expectation is that maximum after 13 minutes any connection shall be renewed (8 minutes for unused ones). However we observe connections issued by CMNuser and PSuser that last for days/weeks. Did anyone face a similar issue?",benchmark_impossible_no_reference,,"[{""char_end"":4594,""char_start"":3506,""chunk_id"":""6bd71c910b46af9f63d10e088dfc99165440f86b2177bea84732b45c0d117547"",""document_id"":""techqa-doc:corpus/swg21653836.txt"",""filename"":""swg21653836.txt"",""rank"":1,""text"":""enabled (Reap Time is not 0), any physical connection that remains unused for two minutes is discarded. Note that accuracy of this timeout, as well as performance, is affected by the Reap Time value. See the Reap Time bullet for more information. - Aged Timeout: Specify the interval in seconds before a physical connection is discarded, regardless of recent usage activity. Setting Aged Timeout to 0 allows active physical connections to remain in the pool indefinitely. For example, if the Aged Timeout value is set to 1200, and the Reap Time value is not 0, any physical connection that remains in existence for 1200 seconds (20 minutes) is discarded from the pool. Note that accuracy of this timeout, as well as performance, is affected by the Reap Time value. See Reap Time for more information. - Purge Policy: Specify how to purge connections when a stale connection or fatal connection error is detected. Valid values are EntirePool and FailingConnectionOnly. If you choose EntirePool, all physical connections in the pool are destroyed when a stale connection is detected. If you""},{""char_end"":2781,""char_start"":1604,""chunk_id"":""4defd69adb44cee84aaaa9eabb59b3bf428b28df476b83114acbac6b5fd3f9c0"",""document_id"":""techqa-doc:corpus/swg21474502.txt"",""filename"":""swg21474502.txt"",""rank"":2,""text"":""physical connections to maintain. If the size of the connection pool is at or below the minimum connection pool size, the Unused timeout thread does not discard physical connections. However, the pool does not create connections solely to ensure that the minimum connection pool size is maintained. Also, if you set a value for Aged timeout, connections with an expired age are discarded, regardless of the minimum pool size setting. For example, if the Minimum Connections value is set to 3, and one physical connection is created, the Unused timeout thread does not discard that connection. By the same token, the thread does not automatically create two additional physical connections to reach the Minimum Connections setting. Aged timeout - Specifies the interval in seconds before a physical connection is discarded. Setting Aged timeout to 0 supports active physical connections remaining in the pool indefinitely. Set the Aged timeout value higher than the Reap timeout value for optimal performance. For example, if the Aged timeout value is set to 1200, and the Reap Time value is not 0, any physical connection that remains in existence for 1200 seconds (20 minutes)""},{""char_end"":5833,""char_start"":5340,""chunk_id"":""8d56d0a0e381ca66a42644f0d3db7af0130671e0899e8278b73a1d53940568d2"",""document_id"":""techqa-doc:corpus/swg1PK27001.txt"",""filename"":""swg1PK27001.txt"",""rank"":3,""text"":""********************************* * PROBLEM DESCRIPTION: The unused time out value on a * * connection was not being reset properly * **************************************************************** * RECOMMENDATION: * **************************************************************** The unused time out value for a connection was not being reset when a connection was used. This was causing connections to be removed from the pool even though they had been used. Connections were being remove""}]",phase03-sufficiency-annotation-v1,f2fe3f7f29b834d78fd7c79bf4d4a94faee43c658d89c48e386854123066802b,human_annotator_1,insufficient,"Chunks explain unusedTimeout/agedTimeout semantics and a related APAR, but none explains why connections outlive the configured timeouts on BPM 8.5.5 with Oracle RAC.",2026-08-25T02:24:00+05:30
phase03-annotation-blinded-v1,faf16c1302d407118a1954168af5413f1de43e8580df13d78aaff040ba336645,73,TRAIN_Q352,train,hybrid,10,"How to Create an Application with the the Websphere Adapter for Flat File using Hex05 delimeter?

How to Create an Application with the the Websphere Adapter for Flat File using Hex05 delimeter? ",answerable_with_reference,The only complete solution at this time is to not process unicode characters that are not valid in XML. This can be done by not importing data fields that might contain such characters or by purging such characters from the incoming data source.,"[{""char_end"":791,""char_start"":0,""chunk_id"":""cfd0895448ad87ceae3595f6c478abb2b45238d59a55c7bfabe224a41add27bf"",""document_id"":""techqa-doc:corpus/swg27024018.txt"",""filename"":""swg27024018.txt"",""rank"":1,""text"":""Title: IBM Collection of WebSphere Adapter for Flat File Technotes - United States Text: PRODUCT DOCUMENTATION ABSTRACT This technical document is an index of the available WebSphere Adapter for Flat File technical notes, technical documentation and important flash messages. CONTENT 1. WebSphere Adapter for FlatFiles Version 6.0.2.2 Fail to Process Events [http://www-01.ibm.com/support/docview.wss?uid=swg21448638] 2. Java API lastModified() method of java.io.File class limitation on UNIX [http://www-01.ibm.com/support/docview.wss?uid=swg21446506] 3. IBM WebSphere Adapter for Flat Files Version 7 not Moving files from Staging Directory to Output Directory [http://www-01.ibm.com/support/docview.wss?uid=swg21568541] 4. WebSphere Adapter for FlatFile throws NullPointerException during""},{""char_end"":878,""char_start"":0,""chunk_id"":""dd6478be8e1e85b684852aac0df74065cbce465a5eabf0641bc97a2bcd5ecdd5"",""document_id"":""techqa-doc:corpus/swg21269631.txt"",""filename"":""swg21269631.txt"",""rank"":2,""text"":""Title: IBM WebSphere Adapter for FlatFiles V6.0.2 requires custom data bindings for content types other than text/xml - United States Text: waffv602mote TECHNOTE (TROUBLESHOOTING) PROBLEM(ABSTRACT) The only content type supported by IBM WebSphere Adapter for FlatFiles is text/xml. For other content types, for example Delimited, FixedWidth, or NameValue, you must provide custom data bindings. RESOLVING THE PROBLEM Use the information on creating a custom data binding provided in Making the business object name optional for FixedWidth DataBindings in inbound and outbound scenarios of the Adapter for Flat Files. [http://www.ibm.com/support/docview.wss?uid=swg21256263] The SampleDataBindings.zip file in the document contains the source files for Fixed Width data bindings that you can use to create your own data bindings. RELATED INFORMATION Technote 1256263 [http://www.""},{""char_end"":4446,""char_start"":3796,""chunk_id"":""f2cb8718dd042ed3effa232d89f66ac995b784dcae58214e159a42bf1f57b473"",""document_id"":""techqa-doc:corpus/swg27024018.txt"",""filename"":""swg27024018.txt"",""rank"":3,""text"":"".wss?uid=swg21328557] 23. WebSphere Adapter for Flat Files throws EventNotFoundException after processing event file [http://www-01.ibm.com/support/docview.wss?uid=swg21326372] 24. WebSphere Adapter for Flat Files does not poll for inbound events [http://www-01.ibm.com/support/docview.wss?uid=swg21306351] 25. WebSphere Adapter for Flat Files terminates during the polling operation with Synchronous Interaction style setting [http://www-01.ibm.com/support/docview.wss?uid=swg21305619] 26. Regular expressions in FilenameFunctionSelector in WebSphere Adapter for Flat files [http://www-01.ibm.com/support/docview.wss?uid=swg21290287] 27. Adapter for""},{""char_end"":1054,""char_start"":0,""chunk_id"":""6643b550461f881ced06de8e7e3ff405e70085e7531d6bc9781d5a25a60b0b81"",""document_id"":""techqa-doc:corpus/swg24017525.txt"",""filename"":""swg24017525.txt"",""rank"":4,""text"":""Title: IBM WebSphere Adapters V7.5 on WebSphere Application Server 8.0 - United States Text: DOWNLOADABLE FILES ABSTRACT This document describes how to access information for installing and using WebSphere Adapters V7.5. DOWNLOAD DESCRIPTION The link in this document provide references to instructions on installing and using the WebSphere adapters V7.5 on WebSphere Application Server V8.0. These adapters provide the means for JavaTM 2 Platform, Enterprise Edition components to interact with the Enterprise Information System for which the specific adapter is designed. Included in this document is a link to the Passport Advantage Online site where entitled customers can download these code packages. PREREQUISITES Hardware and software requirements are described here [http://www.ibm.com/support/docview.wss?uid=swg27006249] DOWNLOAD PACKAGE Adapter e-Assembly number Installation Instructions QSG for IBM WebSphere Adapter on WebSphere Application Server CZYY4ML Click here to access installation instructions [http://www.ibm.com/support/docview.""},{""char_end"":5500,""char_start"":4866,""chunk_id"":""14cce1cd65133572bbeb1aa4ebd6b0fc7f772f4bee0f2bede11059073b2baf6b"",""document_id"":""techqa-doc:corpus/swg27024018.txt"",""filename"":""swg27024018.txt"",""rank"":5,""text"":""content types other than text/xml [http://www-01.ibm.com/support/docview.wss?uid=swg21269631] 30. Making the business object name optional for FixedWidth DataBindings in inbound and outbound scenarios of the Adapter for Flat Files [http://www-01.ibm.com/support/docview.wss?uid=swg21256263] 31. Flat Files Adapter: Access permissions to the file system on UNIX [http://www-01.ibm.com/support/docview.wss?uid=swg21216797] 32. WebSphere Adapter for JDBC version 6.1/6.2 does not poll for events when High Availability is enabled [http://www-01.ibm.com/support/docview.wss?uid=swg21412128] 33. WebSphere Adapter Migration FAQ [http://www""},{""char_end"":3943,""char_start"":3307,""chunk_id"":""d2824443ea6463c0452850dfd31dda06067fb360bf141d0c078340a4200b30e5"",""document_id"":""techqa-doc:corpus/swg27024018.txt"",""filename"":""swg27024018.txt"",""rank"":6,""text"":"".23/6.1.0.25 [http://www-01.ibm.com/support/docview.wss?uid=swg21394864] 20. Debugging tips for File content encoding while using WebSphere Adapter for Flat File [http://www-01.ibm.com/support/docview.wss?uid=swg21383864] 21. Debugging tips for out of memory errors while using WebSphere Adapter for Flat File [http://www-01.ibm.com/support/docview.wss?uid=swg21383642] 22. WebSphere Adapter for Flat Files: Error occurs while serializing binary data [http://www-01.ibm.com/support/docview.wss?uid=swg21328557] 23. WebSphere Adapter for Flat Files throws EventNotFoundException after processing event file [http://www-01.ibm.com/support""},{""char_end"":5008,""char_start"":4326,""chunk_id"":""6617446043e38773aa7ad3d21fb27518edce5327f5eb7fa8cd2a5822e1272e7c"",""document_id"":""techqa-doc:corpus/swg27024018.txt"",""filename"":""swg27024018.txt"",""rank"":7,""text"":""Selector in WebSphere Adapter for Flat files [http://www-01.ibm.com/support/docview.wss?uid=swg21290287] 27. Adapter for Flat Files picks up incomplete files during inbound processing [http://www-01.ibm.com/support/docview.wss?uid=swg21289976] 28. Common schemas for Adapter for Flat Files and Adapter for FTP conflict when service descriptions for the adapters are generated in the same module [http://www-01.ibm.com/support/docview.wss?uid=swg21288720] 29. WebSphere Adapter for Flat Files version 6.0.2 requires custom data bindings for content types other than text/xml [http://www-01.ibm.com/support/docview.wss?uid=swg21269631] 30. Making the business object name optional for""},{""char_end"":586,""char_start"":0,""chunk_id"":""bd7b87ef8c1d3ff59090836ac0daf848470b7f5b9f253ff654051ca0013d70d3"",""document_id"":""techqa-doc:corpus/swg21431888.txt"",""filename"":""swg21431888.txt"",""rank"":8,""text"":""Title: IBM includeEndBoDelimiter exception thrown while migrating WebSphere Adapter for Flat Files - United States Text: Flat File Adapter; Flat File Adapter Migration; WebSphere Flat File Adapter; End of BO; End of business object TECHNOTE (TROUBLESHOOTING) PROBLEM(ABSTRACT) When migrating WebSphere Adapter for Flat Files from lower versions to latest version, an includeEndBoDelimiter exception is thrown. RESOLVING THE PROBLEM The workaround is to replace the <includeEndBoDelimiter></includeEndBoDelimiter> tags with <writeBoDelimiter></writeBoDelimiter> tags in the .import file.""},{""char_end"":636,""char_start"":0,""chunk_id"":""44732c7956fbd4d963733e290eb384dd80d16ccc87f13a4f8857d10aa45afb1d"",""document_id"":""techqa-doc:corpus/swg21600639.txt"",""filename"":""swg21600639.txt"",""rank"":9,""text"":""Title: IBM WebSphere Adapter for Flat File Adapter V7.5.0.1 gets CWYFF0026F: The specified value for EventDirectory does not have read or write (or both) permission - United States Text: adapter; cwyff0026f; eventdirectory TECHNOTE (TROUBLESHOOTING) PROBLEM(ABSTRACT) WebSphere Adapter for Flat File Adapter V7.5.1 gets CWYFF0026F: The specified value for EventDirectory does not have read or write (or both) permission even the logon user ID has control authority to the directory. CAUSE Code defect in the WebSphere Adapter for Flat File Adapter V7.5.0.1. RESOLVING THE PROBLEM Apply the WebSphere Adapter for Flat File V7.5.0.1 IF06.""},{""char_end"":1669,""char_start"":1200,""chunk_id"":""5efdd8924cd63eaad3a05dec6cce7014be0fba4fc274518932e6000057298938"",""document_id"":""techqa-doc:corpus/swg21405567.txt"",""filename"":""swg21405567.txt"",""rank"":10,""text"":"": [/support/docview.wss?uid=swg21405567&amp;aid=1] Version 7.0 IBM WebSphere Adapters [/support/docview.wss?uid=swg21405567&amp;aid=3] Adapter for Email, Version 7.0 [http://www-01.ibm.com/support/docview.wss?rs=695&uid=swg27016751] [/support/docview.wss?uid=swg21405567&amp;aid=4] Adapter for Flat Files, Version 7.0 [http://www-01.ibm.com/support/docview.wss?rs=695&uid=swg27016750] [/support/docview.wss?uid=swg21405567&amp;aid=5] Adapter for FTP, Version 7.0 [http:""}]",phase03-sufficiency-annotation-v1,f2fe3f7f29b834d78fd7c79bf4d4a94faee43c658d89c48e386854123066802b,human_annotator_1,insufficient,Chunks cover custom data bindings for delimited content and an adapter technote index; the reference answer about stripping unicode characters invalid in XML is absent.,2026-08-25T02:25:00+05:30
phase03-annotation-blinded-v1,91b92e2f0ff5e459ecd2e28fe20a1f1ae0a8ac01a65805c98b5191d219a29552,74,TRAIN_Q109,train,bm25,1,"Help with Action required for IIB H.E. V9 & WMB H.E. V8 for security vulnerabilities in Red Hat Linux



I need to understand details regarding Action required for IBM Integration Bus Hypervisor Edition V9.0 and WebSphere Message Broker Hypervisor Edition V8.0 for security vulnerabilities in Red Hat Linux.
This is related to CVE-ID:
CVE-2017-14746
CVE-2017-15085
CVE-2017-15086
CVE-2017-15087
CVE-2017-15275

Where can I find this information?",answerable_with_reference,"IBM strongly recommends that you contact Red Hat to obtain and install fixes for Red Hat Enterprise Linux (RHEL) Server 6.2, as applicable.","[{""char_end"":909,""char_start"":0,""chunk_id"":""85938d59596cca29d336c8963660d3060e614820c1562e4fd8b17f47bf9cadfc"",""document_id"":""techqa-doc:corpus/swg22011696.txt"",""filename"":""swg22011696.txt"",""rank"":1,""text"":""Title: IBM Action required for IBM Integration Bus Hypervisor Edition V9.0 and WebSphere Message Broker Hypervisor Edition V8.0 for security vulnerabilities in Red Hat Linux - United States Text: IIB WMB FLASH (ALERT) ABSTRACT IBM Integration Bus Hypervisor Edition V9.0 and WebSphere Message Broker Hypervisor Edition V8.0 require customer action for security vulnerabilities in Red Hat Linux CONTENT IBM Integration Bus Hypervisor Edition V9.0 and WebSphere Message Broker Hypervisor Edition V8.0 ship with versions of Red Hat Enterprise Linux (RHEL) Server that are vulnerable to CVE-2017-14746 CVE-2017-15085 CVE-2017-15086 CVE-2017-15087 CVE-2017-15275 IBM Integration Bus Hypervisor Edition V9.0 and WebSphere Message Broker Hypervisor Edition V8.0 ship with Red Hat Enterprise Linux (RHEL) Server 6.2 Remediation: IBM strongly recommends that you contact Red Hat to obtain and install fixes for Red Hat""}]",phase03-sufficiency-annotation-v1,f2fe3f7f29b834d78fd7c79bf4d4a94faee43c658d89c48e386854123066802b,human_annotator_1,sufficient,Single chunk is the exact flash alert listing the named CVEs with the reference remediation: contact Red Hat for RHEL 6.2 fixes.,2026-08-25T02:26:00+05:30
phase03-annotation-blinded-v1,2273b1f047c9a64cda6679962b5c9eab08d9323eebed42fb0b7cae4c6509e598,75,DEV_Q008,validation,bm25,3,"How can I export a private key from DataPower Gateway Appliance?



How can I export a private key from DataPower Gateway appliance?

",answerable_with_reference,HSM-enabled DataPower appliances support the export of private keys using the crypto-export command.,"[{""char_end"":937,""char_start"":0,""chunk_id"":""0dcaf7a00c5f9e488c0940a78f8ea9f8e58bcce885f15e9e4c460067824d0e00"",""document_id"":""techqa-doc:corpus/swg21412061.txt"",""filename"":""swg21412061.txt"",""rank"":1,""text"":""Title: IBM How to export and import keys from an HSM-enabled IBM WebSphere DataPower SOA Appliance - United States Text: TECHNOTE (FAQ) QUESTION How do I export and import private keys between the same or different Hardware Security Module (HSM) enabled IBM WebSphere DataPower SOA Appliance? ANSWER HSM-enabled DataPower appliances support the export of private keys using the crypto-export command. For key export to work, various conditions must be met: * HSMs must be initialized and in the same key sharing domain on exporting and importing machines * The private key in question must be marked exportable at keygen time (see keygen's exportable option) * HSMs on exporting and importing machines must share internal key-wrapping keys (see hsm-clone-kwk command). A key-wrapping key is a key that encrypts another key. Each HSM has a special key inside of it, the key-wrapping key, that is used to encrypt exported private keys (and""},{""char_end"":1079,""char_start"":0,""chunk_id"":""9dc213713ab4d1fa4e8efb3b3290c0d629cc4c4d858dbb47ed3f670ae6da1b3e"",""document_id"":""techqa-doc:corpus/swg21599770.txt"",""filename"":""swg21599770.txt"",""rank"":2,""text"":""Title: IBM Upgrading an IBM WebSphere DataPower Service Gateway XG45 appliance to add the Application Optimization feature - United States Text: TECHNOTE (FAQ) QUESTION How do I add the Application Optimization feature to an IBM WebSphere DataPower Service Gateway XG45 appliance? The following document provides assistance on upgrading a DataPower Service Gateway XG45 appliance to add the Option for Application Optimization feature. ANSWER To add the Application Optimization feature: * The appliance must be a DataPower Service Gateway XG45 appliance running firmware 5.0.0.0 or later. * You purchased the feature and received a letter that contains the Controlled Access Key to download the firmware image. Part 1: Accessing the Web site that contains the firmware image. Using your IBM account and Controlled Access Key, access the Web site to download the firmware image that contains the Application Optimization feature. 1. Identify the serial number for your appliance * From the WebGUI, click Status -> System -> Version Information. * From the command line, issue the""},{""char_end"":1050,""char_start"":0,""chunk_id"":""f188c20b9f99bd0244c65634f675ef8d06b488ad2a932e3264675607dd779167"",""document_id"":""techqa-doc:corpus/swg21508029.txt"",""filename"":""swg21508029.txt"",""rank"":3,""text"":""Title: IBM Upgrading an IBM WebSphere DataPower Service Gateway XG45 appliance to add the Data Integration Module - United States Text: TECHNOTE (FAQ) QUESTION How do I add the Data Integration Module to an IBM WebSphere DataPower Service Gateway XG45 appliance? The following document provides assistance on upgrading a DataPower Service Gateway XG45 appliance to add the Data Integration Module. ANSWER To add the Data Integration Module: * The appliance must be a DataPower Service Gateway XG45 running firmware 4.0.2.0 or later. * You purchased the Data Integration Module and received a letter that contains the Controlled Access Key to download the firmware image. Part 1: Accessing the Web site that contains the firmware image. Using your IBM account and Controlled Access Key, access the Web site to download the firmware image that contains the Data Integration Module. 1. Identify the serial number for your appliance * From the WebGUI, click Status -> System -> Version Information. * From the command line, issue the show version command""}]",phase03-sufficiency-annotation-v1,f2fe3f7f29b834d78fd7c79bf4d4a94faee43c658d89c48e386854123066802b,human_annotator_1,sufficient,Rank-1 chunk contains the reference answer: crypto-export on HSM-enabled appliances.,2026-08-25T02:27:00+05:30
phase03-annotation-blinded-v1,f92a1ce476cafd8383b7680f2424005a0af9a12dd5dac9728b93bfab705e4178,76,TRAIN_Q019,train,hybrid,5,"i cannot enter SPSS statistics trial program



I've downloaded the 14-days trial of SPSS subscription for 32bit, windows. After opening the program I'm asked to login and after entering my username and password a blank page comes up. And there is no way to proceed from here. I already saw previous answers about SPSS trial Login error, and there is a link(https://ibm.box.com/s/huaafbjzabkyblh47n7g4l0o4gxp4zdy) to download the zip file of 'jxbrowser'. But i cannot enter the link, and the webpage says ""probably the address was changed or deleted.""

i'm using Windows 7(32bit), and just want to know how can i resolve it.
",answerable_with_reference,"The most likely cause of this issue is installation of the 32bit IBM SPSS Statistics Subscription software on a 64bit machine. To fix the issue, please uninstall the 32bit and download and install the 64bit application from your Products & Services window on IBM.com. If you find that this does not resolve your issue, you have a new issue. Please open a Service Request using the Client Support Portal: http://ibm.biz/IBMClientSuccessPortal","[{""char_end"":932,""char_start"":0,""chunk_id"":""0599dd5d7425cfd2f0179edd35a972778272c71bf300705c2e36eea8be1b4964"",""document_id"":""techqa-doc:corpus/swg21672109.txt"",""filename"":""swg21672109.txt"",""rank"":1,""text"":""Title: IBM Cannot launch IBM SPSS Statistics 22 in Windows 8 - United States Text: TECHNOTE (TROUBLESHOOTING) PROBLEM(ABSTRACT) I downloaded SPSS Statistics 22 to my laptop with Windows 8 and I could not get it to open, it kept wanting to install. I tried to download the trial software off of your website and had the same challenge. CAUSE The issue here is that after a successful install of IBM SPSS Statistics, a lot of customers don't know how to launch SPSS Statistics 22 in Windows OS, especially Windows 8. RESOLVING THE PROBLEM Launch SPSS Statistics 22 from Windows Start menu. Start-> All Program->IBM SPSS Statistics->IBM SPSS Statistics 22 If you do not know where the Start menu is, please refer to the Microsoft web site for guidance: http://windows.microsoft.com/en-us/windows-8/where-is-start-menu [http://windows.microsoft.com/en-us/windows-8/where-is-start-menu] RELATED INFORMATION Need more help? Our Statistics""},{""char_end"":1032,""char_start"":0,""chunk_id"":""578c77b013b67ecf52f01a43ee4b83a9c532a02e66cb52b22c1cfede1b1cec67"",""document_id"":""techqa-doc:corpus/swg21684196.txt"",""filename"":""swg21684196.txt"",""rank"":2,""text"":""Title: IBM Could not enter authorization code in License Authorization Wizard - United States Text: TECHNOTE (TROUBLESHOOTING) PROBLEM(ABSTRACT) I installed the IBM SPSS Statistics on my computer with Windows 8. I was unable to resize the screen to see where to enter my license number. Now when I open IBM SPSS Statistics it says it is unlicensed. How do I enter my license number now that it has been installed on my computer? RESOLVING THE PROBLEM Use one of the methods below to decrease the size of the text and windows before activating IBM SPSS Statistics: 1. Enter the Display properties: A) Right click an empty area of the desktop, and then click Personalize, then click Display to open the Display window Or B) Open the Control Panel (select icons view), and click on the Display icon. 2. To decrease the size of the text and windows, use the mouse pointer to move the slider bar to the left, and then click Apply. 3. To complete the changes, select Sign out now. After restarting the computer, launch IBM SPSS Statistics""},{""char_end"":984,""char_start"":0,""chunk_id"":""442816241b65797953f4d6d8476c2b6748cb5e63b712a6a41b5e0e33b02c915a"",""document_id"":""techqa-doc:corpus/swg21903724.txt"",""filename"":""swg21903724.txt"",""rank"":3,""text"":""Title: IBM How to license a Trial or Demo version of IBM SPSS Modeler - United States Text: lic license licence trail temp temporary TECHNOTE (FAQ) QUESTION I download the IBM SPSS Modeler 17 trial version. but when I try to open it after setting up, it always show \""No License Key Found\"". How do I enable the 14-day trial license? ANSWER The trial license is copied to the local hard drive as part of the IBM SPSS Modeler installation. To enable this license, please follow the steps below: * Please ensure that you don't have any open windows of IBM SPSS Modeler running. * Restart the License Authorization Wizard as an Administrator and select the Enable Trial option. * You would now need to point to the location of the trial licence file (located in the installation directory of the Demo version of Modeler), do this by clicking on the ‘Open Folder’ icon and selecting the ‘temp.txt’ file. - By default, the installation directory for Windows would be: C:\\Program Files\\IBM\\SP""},{""char_end"":1018,""char_start"":0,""chunk_id"":""ef074ae29c62e5537e7dd54f5a2835f96b16eb87883445a1ce4e0243dd987b6e"",""document_id"":""techqa-doc:corpus/swg22001418.txt"",""filename"":""swg22001418.txt"",""rank"":4,""text"":""Title: IBM FAQ for IBM SPSS Statistics Subscription - United States Text: TECHNOTE (FAQ) QUESTION FAQ for IBM SPSS Statistics Subscription ANSWER Q. How to I cancel the auto-renewal of my IBM SPSS Statistics Subscription? A. Auto-renewal will be available a few days after your subscription starts. Please check back after a few days to change your subscription level. Changes to auto-renewal will take affect at the end of the month long subscription period. Q. I have installed the Subscription and when I attempt to login all I get is a big white screen. How do I get my subscription started? A. The most likely cause of this issue is installation of the 32bit IBM SPSS Statistics Subscription software on a 64bit machine. To fix the issue, please uninstall the 32bit and download and install the 64bit application from your Products & Services window on IBM.com. If you find that this does not resolve your issue, you have a new issue. Please open a Service Request using the Client Support Portal: http://ibm.biz/""},{""char_end"":1001,""char_start"":0,""chunk_id"":""41601f03d646d893991be7106355a4701b1a2e261165a9b4f0982516b2c96a11"",""document_id"":""techqa-doc:corpus/swg21482436.txt"",""filename"":""swg21482436.txt"",""rank"":5,""text"":""Title: IBM SPSS Client error:Failed to create the Java VM. - United States Text: TECHNOTE (TROUBLESHOOTING) PROBLEM(ABSTRACT) I have installed Statistics and licensed it without any problems. When I launch the program, I receive the following error message and I can not use Statistics. SPSS Client error: Failed to create the Java VM. What's happening? RESOLVING THE PROBLEM This error can come about for many reasons, among them a corrupt or incomplete installation due to insufficient privileges or an interfering or blocking application. The following steps will assist you to install the product. 1. Uninstall SPSS Statistics 2. Go to Start->Run and type \""msconfig\"". 3. On the \""General\"" tab, choose \""Diagnostic Startup - load basic devices and services only\"" 4. Click the \""Services\"" tab. 5. Check \""Windows Installer\"" and click OK. 6. Reboot the machine normally and install SPSS Statistics. 7. Reboot the machine and insure that SPSS Statistics is functioning correctly in this diagnostic mode. 8""}]",phase03-sufficiency-annotation-v1,f2fe3f7f29b834d78fd7c79bf4d4a94faee43c658d89c48e386854123066802b,human_annotator_1,sufficient,Rank-4 chunk contains the reference answer verbatim: 32bit Subscription installed on a 64bit machine causes the blank login screen; reinstall 64bit.,2026-08-25T02:28:00+05:30
phase03-annotation-blinded-v1,3db00a710397aeba937a3ee876c290a510a16206baba4d2c7467db42ef1b82dc,77,TRAIN_Q361,validation,hybrid,5,"Is MQ V7.0.1 is going out of support?

When is the last date of support?",answerable_with_reference,Product Version Release Date End of Support Platforms WebSphere MQ V7.0.1 28 Aug 2009 [https://www.ibm.com/common/ssi/cgi-bin/ssialias?subtype=ca&infotype=an&appname=iSource&supplier=897&letternum=ENUS209-245] 30 Apr 2015,"[{""char_end"":1269,""char_start"":506,""chunk_id"":""7d56a07ebd3d2c929a58289479824f6e481202c22ad6f1cbf914759908d3b359"",""document_id"":""techqa-doc:corpus/swg21674407.txt"",""filename"":""swg21674407.txt"",""rank"":1,""text"":""0.1 and V7.0.0 • MQ Telemetry V7.0.1 selected tab TAB NAVIGATION * What were the end of support dates for WebSphere MQ V7.0.1 and V7.0.0, WebSphere MQ File Transfer Edition V7.0.1 and V7.0.0, and WebSphere MQ Telemetry V7.0.1? * Do these announcements affect WebSphere MQ File Transfer Edition V7.0.4, V7.0.3 and V7.0.2, WebSphere MQ Advanced Message Security V7.0.1, or WebSphere MQ Hypervisor Edition V7.0.1? * What replacement products are available? * How do I check which version I am currently running? * Is any information available to help me upgrade to a later version? * How do I purchase a support extension for my current version? * When a WebSphere MQ server product goes out of support, does the client and file transfer agent also go out of support""},{""char_end"":1475,""char_start"":701,""chunk_id"":""0487fa6d307b6428e19a6377dd84bcaa16dbfdaca70baae47ed4b4e0b0c1831b"",""document_id"":""techqa-doc:corpus/swg21182185.txt"",""filename"":""swg21182185.txt"",""rank"":2,""text"":""//www.ibm.com/software/support/lifecycle/index_a_z.html] - Click on \""I [http://www.ibm.com/software/support/lifecycle/index_i.html]\"" to review the end of support dates for the IBM MQ or IBM Integration Bus products - Click on \""M [http://www.ibm.com/software/support/lifecycle/index_m.html]\"" to review the end of support dates for the MQSeries products - Click on \""W [http://www.ibm.com/software/support/lifecycle/index_w.html]\"" to review the end of support dates for the WebSphere MQ products Notes: * If there is no withdraw from support date, the product is supported, and the end of support date has not been announced. Renaming history * IBM MQ was previously known as WebSphere MQ prior to version 8.0. * WebSphere MQ was previously known as MQSeries prior to version 5""},{""char_end"":1861,""char_start"":1046,""chunk_id"":""a8079c650a27521a1552017d4da08875e397133d74a6361f90035f55a8bd9c16"",""document_id"":""techqa-doc:corpus/swg21674407.txt"",""filename"":""swg21674407.txt"",""rank"":3,""text"":""to help me upgrade to a later version? * How do I purchase a support extension for my current version? * When a WebSphere MQ server product goes out of support, does the client and file transfer agent also go out of support? * Are these products still supported when they are bundled with another IBM product? * Is the WebSphere MQ V7.0 Resource Adapter supported in WebSphere Application Server? * Is documentation still available for these products? * How do I obtain installation images for these products if I still need them? * Is there an IBM MQ V9.0 or MQ V8.0 trial version available for download? [/support/docview.wss?uid=swg21674407&amp;aid=1] WHAT ARE THE END OF SUPPORT DATES FOR WEBSPHERE MQ V7.0.1 AND V7.0.0, WEBSPHERE MQ FILE TRANSFER EDITION V7.0.1 AND V7.0.0, AND WEBSPHERE MQ TELEMETRY V7.0.1? *""},{""char_end"":1805,""char_start"":860,""chunk_id"":""d340a265ede6265f00b21912a717fa1e99ebde10b4e6ced9eb5241d6979a47bf"",""document_id"":""techqa-doc:corpus/swg24038993.txt"",""filename"":""swg24038993.txt"",""rank"":4,""text"":"": 2 Released: 04Dec14 Current Version: 1.0 Please note that the version number shown in the right-hand pane is the version of the MQ product that this SupportPac applies to. The date is the last web page refresh. To view the complete portfolio of WebSphere MQ SupportPacs please visit the WebSphere MQ SupportPacs homepage. [http://www-306.ibm.com/software/integration/support/supportpacs] PREREQUISITES None INSTALLATION INSTRUCTIONS None DOWNLOAD PACKAGE Download RELEASE DATE LANGUAGE SIZE(Bytes) Download Options mplc.pdf 04 Dec 2014 US English 1799086 FTP [ftp://public.dhe.ibm.com/software/integration/support/supportpacs/individual/mplc.pdf] TECHNICAL SUPPORT Category 2 SupportPacs are provided in good faith and AS-IS. There is no warranty or further service implied or committed and any supplied sample code is not supported through IBM product service channels. You may submit a question or offer feedback on the SupportPac but please""},{""char_end"":1374,""char_start"":849,""chunk_id"":""018f9f5230ac346e408618f219d4a16ad577569749cd918893f3c3904e74a454"",""document_id"":""techqa-doc:corpus/swg1IC60876.txt"",""filename"":""swg1IC60876.txt"",""rank"":5,""text"":""************************************************** PROBLEM SUMMARY: GSKit's JRE is not at the latest service level. PROBLEM CONCLUSION * Each MQ fix pack includes the latest JRE maintenance available at that time, so MQ fix packs will upgrade the GSKit JRE where possible. The GSKit JRE in MQ V6 is to be updated to include IBM JRE 1.4.2 SR13 when it is available. The GSKit JRE in MQ V7.0.1.0 will be updated to the latest IBM JRE 1.5 level available at that time. -----------------------------------------------------------""}]",phase03-sufficiency-annotation-v1,f2fe3f7f29b834d78fd7c79bf4d4a94faee43c658d89c48e386854123066802b,human_annotator_1,insufficient,The EOS FAQ document is retrieved but no span contains the 30 April 2015 end-of-support date the question asks for.,2026-08-25T02:29:00+05:30
phase03-annotation-blinded-v1,0b2f6ea7c5d7a8d4401ff08629d63e1fd734b9c7d48338a976221cddc8c88ec8,78,TRAIN_Q127,train,dense,10,"How precise is DataPower's backside persistent timeout value related to intermittent ""Failed to Process Response Headers"" error messages?



I have a service on DataPower with a backside persistent timeout value set to 28 seconds. The actual backend device has a persistent timeout setting of 30 seconds.

Since my service is configured with a lower persistent timeout value than 30 seconds, why am I still seeing the following error intermittently?

Wed June 25 2009 09:20:02 [0x80000001][xsltmsg][error] mpgw (MyGateway): tid(8675309)[error][9.x.x.x]: Failed to process response headers",answerable_with_reference,"In almost every event, this error is caused by a connection failure.
The error is correct, the service did not receive any response headers or data. The key to help confirm this is to increase the log level to debug. This will allow you to see the network debug errors around the context of the service error.","[{""char_end"":944,""char_start"":0,""chunk_id"":""d4e8ac4d05a30d0ad135cf8eec498398c02b31e97d0856d83fafce9253709708"",""document_id"":""techqa-doc:corpus/swg1IC81605.txt"",""filename"":""swg1IC81605.txt"",""rank"":1,""text"":""Title: IBM IC81605: FRONT-SIDE TIMEOUT MIGHT BE TRIGGERED WHEN WAITING FOR A BACK-END SERVER RESPONSE. - United States Text: SUBSCRIBE You can track all active APARs for this component. APAR STATUS * CLOSED AS PROGRAM ERROR. ERROR DESCRIPTION * The front-side timeout might trigger while DataPower waits for a back-end server response, if the back side timeout value is larger than the front-side timeout. LOCAL FIX * Increase the front-side timeout to the same value as, or larger than, the back side timeout. PROBLEM SUMMARY * Affected are DataPower customers using Multi-Protocol Gateway (MPGW) or Web Services Proxy (WSP) with a front-side timeout set to a value smaller than the back side timeout. The front-side timeout should not fire if client has sent the entire message and is awaiting a backend server response. PROBLEM CONCLUSION * The fix is available in 4.0.1.9 and 4.0.2.5 TEMPORARY FIX COMMENTS APAR INFORMATION * APAR NUMBER IC""},{""char_end"":1132,""char_start"":0,""chunk_id"":""1ba5d8fbbc6e6bf2953bd27db62501c42e3eefdec3a0fef9a5f6c0fa8f7ce22b"",""document_id"":""techqa-doc:corpus/swg1IC89568.txt"",""filename"":""swg1IC89568.txt"",""rank"":2,""text"":""Title: IBM IC89568: SOME TRANSACTIONS CANNOT BE COMPLETED BECAUSE OF AN ERROR MESSAGE \""READ ERROR (7)\"" - United States Text: SUBSCRIBE You can track all active APARs for this component. APAR STATUS * CLOSED AS PROGRAM ERROR. ERROR DESCRIPTION * In some cases DataPower will log the following error message in the system log: \""Error in stream. Descriptor number unavailable. Additional information: Read error (7)\"" Once this error occurs, the transaction will be lost or corrupted. LOCAL FIX * It may be possible to eliminate the errors or reduce the error frequency by setting the persistent timeouts on HTTP(S) FSHs to a value higher than the usual interval between the requests. PROBLEM SUMMARY * Affected are customers using services with HTTP or HTTPS front side handlers processing POST requests over persistent connections configured with short persistent connection timeout. On rare occasions, if the overall duration of a POST request is comparable to the persistent connection timeout, the processing of a properly received, complete HTTP POST request may be aborted, which might result in an incomplete request sent to the""},{""char_end"":950,""char_start"":0,""chunk_id"":""20efbcfab8a27603292c943db5b92373ff2ccdce03bd0b940fc0cfeec2fcfccf"",""document_id"":""techqa-doc:corpus/swg21673208.txt"",""filename"":""swg21673208.txt"",""rank"":3,""text"":""Title: IBM Why does DataPower report that WebSphere Application Server terminated the connection? - United States Text: TECHNOTE (TROUBLESHOOTING) PROBLEM(ABSTRACT) When using a DataPower appliance in front of WebSphere Application server(s) the DataPower appliance may throw an error such as: \""Connection terminated and no response headers read because of the server terminated the connection, URL: \"" RESOLVING THE PROBLEM This can be due to two possible configuration values, 1) If the HTTP transport of the WAS App server is set to a lower value than the DataPower service. For example the DataPower Back Persistent timeout is at the default value of 180 seconds and the WAS HTTP transport is set to 120 seconds. This will open the opportunity for WAS to close what DataPower believes to be an open reusable connection. This is also described in technote http://www-01.ibm.com/support/docview.wss?uid=swg21417934 [http://www-01.ibm.com/support/doc""},{""char_end"":2379,""char_start"":1415,""chunk_id"":""652b2a79a7bec9f030e8d9ad88bab2f9dd256bc30bfabd6e1d2d727676c883e6"",""document_id"":""techqa-doc:corpus/swg1IT02803.txt"",""filename"":""swg1IT02803.txt"",""rank"":4,""text"":""?uid=swg24037488] SUBSCRIBE You can track all active APARs for this component. APAR STATUS * CLOSED AS PROGRAM ERROR. ERROR DESCRIPTION * Upon clicking ?F5? key within front side client browser to refresh webpage, the backend HTTP server might return HTTP 304 No Modified response. If \""Process Message Whose Body Is Empty\"" option is on, and DataPower receives HTTP 304 response, the request will fail and an error like below will be logged. network error 615792663 1.1.1.1 0x80e006bf xmlfirewall (sampleXMLFW): A timeout occurred when reading or writing through the default identity processor. LOCAL FIX * Set \""Process Message Whose Body Is Empty\"" = OFF to avoid triggering this timeout. PROBLEM SUMMARY * Affected are Datapower configurations with XML Firewall service. When the service receives a legitimate HTTP response with no body from its backend (for example with HTTP status codes 1xx, 204 or 304), the service will not recognize the back-side transaction""},{""char_end"":648,""char_start"":0,""chunk_id"":""4ce12016ce4ce025d2aa20f464d97ee28f3a8e725c3df7c67c965b8922349adb"",""document_id"":""techqa-doc:corpus/swg1IT02803.txt"",""filename"":""swg1IT02803.txt"",""rank"":5,""text"":""Title: IBM IT02803: UNEXPECTED TIMEOUT WHEN RECEIVING HTTP 304 RESPONSE WITH OPTION \""PROCESSES MESSAGES WHOSE BODY IS EMPTY\"" = ON - United States Text: FIXES ARE AVAILABLE Fix packs for DataPower XML Security Gateway version 6.0 [http://www-01.ibm.com/support/docview.wss?uid=swg24034955] Fix packs for DataPower B2B Appliance version 6.0 [http://www-01.ibm.com/support/docview.wss?uid=swg24034956] Fix packs for DataPower Integration Appliance version 6.0 [http://www-01.ibm.com/support/docview.wss?uid=swg24034957] Fix packs for DataPower Low Latency Appliance version 6.0 [http://www-01.ibm.com/support/docview.wss?uid=swg24034958] Fix packs for""},{""char_end"":986,""char_start"":0,""chunk_id"":""60fdf614d2a0e15b76bb2f76afd983d04291047a467440692f6fb3b01570bca4"",""document_id"":""techqa-doc:corpus/swg21429963.txt"",""filename"":""swg21429963.txt"",""rank"":6,""text"":""Title: IBM SSL handshake failure causes high CPU and network error - United States Text: ssl negotiation spin unknown certificate trusted handshake TECHNOTE (TROUBLESHOOTING) PROBLEM(ABSTRACT) When DataPower is an SSL client that is configured for mutual authentication, and it sends a certificate that is not trusted by the SSL server, an increase in CPU can occur and network errors can flood the system log. SYMPTOM The following message could be produced repeatedly in the system log: Wed Apr 07 2010 08:36:09 [mpgw][error] mpgw(test): tid(2899): Network Error on Back interface As a result of the errors being logged repeatedly, a temporary increase in CPU can occur. CAUSE When SSL handshake failures occur, SSL negotiation can spin for the duration of the connection until the \""Back Side Timer\"" expires to abandon the idle connection. In general, it is by design that DataPower will aggressively pursue completion of the SSL handshake, if there are handshake failures or if there""},{""char_end"":659,""char_start"":0,""chunk_id"":""3a776f484c679cb2dcb03e06d939164cc9a78d1982ec99128008f374936f93ea"",""document_id"":""techqa-doc:corpus/swg1IT13455.txt"",""filename"":""swg1IT13455.txt"",""rank"":7,""text"":""Title: IBM IT13455: INTERMITTENT TIMEOUT TO IMS CONNECT SERVER - United States Text: FIXES ARE AVAILABLE Fix packs for DataPower B2B Appliance version 7.0 [http://www-01.ibm.com/support/docview.wss?uid=swg24037487] Fix packs for DataPower Integration Appliance version 7.0 [http://www-01.ibm.com/support/docview.wss?uid=swg24037488] Fix packs for DataPower Gateway version 7.1 [http://www-01.ibm.com/support/docview.wss?uid=swg24038524] SUBSCRIBE You can track all active APARs for this component. APAR STATUS * CLOSED AS PROGRAM ERROR. ERROR DESCRIPTION * Intermittent timeouts may occur to the IMS server. [0x80e006bf][network][error] mpgw tid(13816541)[10.""},{""char_end"":1065,""char_start"":0,""chunk_id"":""aa942e1170bbb3975290b2b1bd2ef978efcc5fa6fe6c371374d4148eaa8f557a"",""document_id"":""techqa-doc:corpus/swg21469404.txt"",""filename"":""swg21469404.txt"",""rank"":8,""text"":""Title: IBM What IBM DataPower timeouts are used in specific configuration methods. - United States Text: timeout; timeouts; Back Side Timeout; Back Persistent Timeout TECHNOTE (FAQ) THIS DOCUMENT APPLIES ONLY TO THE FOLLOWING LANGUAGE VERSION(S): English QUESTION What timeout values are used in specific configuration examples for WebSphere DataPower SOA Appliances? ANSWER Specific connection methods may use different timeout values: HTTP The HTTP protocol through services such as Web Service Proxy, Multi-Protocol Gateway, etc. The url-open() and the Results Action have the same timeout behavior: Timeout Behavior Response The User Agent timeout takes precedence even with a lower Back Side Timeout, when waiting on a response from the back side server. Persistent The persistent connection timeout is controlled by a 15-second timer that is not user accessible. Even with a lower Back Persistent Timeout, the 15-second timeout will take precedence. * Note: * * The var://service/routing-url and Static Backend have the same timeout behavior. Timeout Behavior""},{""char_end"":1548,""char_start"":849,""chunk_id"":""168860975862710c020c612a67f01ce4d8bb5d033cfed7bdcd07915123b9bd8a"",""document_id"":""techqa-doc:corpus/swg21673208.txt"",""filename"":""swg21673208.txt"",""rank"":9,""text"":""technote http://www-01.ibm.com/support/docview.wss?uid=swg21417934 [http://www-01.ibm.com/support/docview.wss?uid=swg21417934] 2) The other possible source of this error is when the WAS HTTP transport option \""Maximum persistent requests per connection\"" is configured. This again allows for the server side of the connection to close a connection when the client, DataPower, believes the connection is reusable. The client side of the connection should be in controll of the reuse and timeout to prevent these type of failures. If these two are eliminated and the problem persists then a packet trace along with the error running from the same time would be needed to find the root cause and resolve.""},{""char_end"":5919,""char_start"":5206,""chunk_id"":""c9a344ef07e4e0048da4cc622874f4201bc9dd693042b9c49c032a5873790c69"",""document_id"":""techqa-doc:corpus/swg24044502.txt"",""filename"":""swg24044502.txt"",""rank"":10,""text"":""wss?uid=swg1IT24787] ADDRESS PROBLEMS WITH API CONNECT INTEGRATION Back to top 7.7.0.1 Release date: 5 April 2018 Last modified : 5 April 2018 Status: Available APAR Description IT24621 [http://www-01.ibm.com/support/docview.wss?uid=swg1IT24621] ADDRESS PROBLEMS WITH API CONNECT INTEGRATION Back to top 7.7.0.0 Release date:30 March 2018 Last modified : 30 March 2018 Status: Available APAR Description IT19401 [http://www.ibm.com/support/docview.wss?uid=swg1IT19401] DATAPOWER MAY INACCURATELY LOG BACKEND RESPONSE AS CONNECTION FAILURE IT20862 [http://www.ibm.com/support/docview.wss?uid=swg1IT20862] LATENCY AND EXTLATENCY LOG MESSAGES MAY CONTAIN INCORRECT INFORMATION WHEN REQUEST IS HTTP GET IT22019 [http:""}]",phase03-sufficiency-annotation-v1,f2fe3f7f29b834d78fd7c79bf4d4a94faee43c658d89c48e386854123066802b,human_annotator_1,sufficient,"swg21673208 chunks explain the two backend configuration causes (WAS transport timeout lower than DataPower persistent timeout; max persistent requests per connection) behind intermittent response-header failures, answering the scenario; the reference debug-logging advice is absent.",2026-08-25T02:30:00+05:30
phase03-annotation-blinded-v1,8719c93bef1bb2c874e788e02c8a3e3898e226d315109433ce42ebfc396cc5ce,79,DEV_Q037,train,hybrid,10,"Help with Action required for IIB H.E.V9 and WMB H.E. V8 for security vulnerabilities in Red Hat Linux



I need to understand details regarding Action required for IBM Integration Bus Hypervisor Edition V9.0 and WebSphere Message Broker Hypervisor Edition V8.0 for security vulnerabilities in Red Hat Linux.

Where can I find this information?",benchmark_impossible_no_reference,,"[{""char_end"":855,""char_start"":0,""chunk_id"":""3f74274fade0e9c8c2ba71139e6ed4d85f13300e879e12491b6c7c5c1ef61619"",""document_id"":""techqa-doc:corpus/swg22011748.txt"",""filename"":""swg22011748.txt"",""rank"":1,""text"":""Title: IBM Action required for IBM Integration Bus Hypervisor Edition V9.0 and WebSphere Message Broker Hypervisor Edition V8.0 for security vulnerabilities in Red Hat Linux - United States Text: IIB WMB FLASH (ALERT) ABSTRACT IBM Integration Bus Hypervisor Edition V9.0 and WebSphere Message Broker Hypervisor Edition V8.0 require customer action for security vulnerabilities in Red Hat Linux CONTENT IBM Integration Bus Hypervisor Edition V9.0 and WebSphere Message Broker Hypervisor Edition V8.0 ship with version Red Hat Enterprise Linux (RHEL) Server 6.2 which is vulnerable to CVE-2017-14739 CVE-2017-14741 CVE-2017-14989 CVE-2017-15015 CVE-2017-15016 CVE-2017-15017 CVE-2017-15032 CVE-2017-15033 Remediation: IBM strongly recommends that you contact Red Hat to obtain and install fixes for Red Hat Enterprise Linux (RHEL) Server 6.2, as applicable.""},{""char_end"":896,""char_start"":0,""chunk_id"":""f26ed894aa8549890a92bf5f9d2b3ea8f1c04721cbaede1361554a4051500ae3"",""document_id"":""techqa-doc:corpus/swg22013693.txt"",""filename"":""swg22013693.txt"",""rank"":2,""text"":""Title: IBM Action required for IBM Integration Bus Hypervisor Edition V9.0 and WebSphere Message Broker Hypervisor Edition V8.0 for security vulnerabilities in Red Hat Linux - United States Text: IIB WMB FLASH (ALERT) ABSTRACT IBM Integration Bus Hypervisor Edition V9.0 and WebSphere Message Broker Hypervisor Edition V8.0 require customer action for security vulnerabilities in Red Hat Linux CONTENT IBM Integration Bus Hypervisor Edition V9.0 and WebSphere Message Broker Hypervisor Edition V8.0 ship with Red Hat Enterprise Linux (RHEL) Server 6.2 which is vulnerable to: CVE-2018-6405 Remediation: IBM strongly recommends that you contact Red Hat to obtain and install fixes for Red Hat Enterprise Linux (RHEL) Server 6.2, as applicable. Cross reference information Segment Product Component Platform Version Edition Business Integration WebSphere Message Broker Hypervisor Edition Linux 8.0""},{""char_end"":896,""char_start"":0,""chunk_id"":""2716ad0492df190295172a8fbe8f27ca0932d860955b9ed22c32919c36327bf4"",""document_id"":""techqa-doc:corpus/swg22011754.txt"",""filename"":""swg22011754.txt"",""rank"":3,""text"":""Title: IBM Action required for IBM Integration Bus Hypervisor Edition V9.0 and WebSphere Message Broker Hypervisor Edition V8.0 for security vulnerabilities in Red Hat Linux - United States Text: IIB WMB FLASH (ALERT) ABSTRACT IBM Integration Bus Hypervisor Edition V9.0 and WebSphere Message Broker Hypervisor Edition V8.0 require customer action for security vulnerabilities in Red Hat Linux CONTENT IBM Integration Bus Hypervisor Edition V9.0 and WebSphere Message Broker Hypervisor Edition V8.0 ship with Red Hat Enterprise Linux (RHEL) Server 6.2 which is vulnerable to CVE-2017-16546 Remediation: IBM strongly recommends that you contact Red Hat to obtain and install fixes for Red Hat Enterprise Linux (RHEL) Server 6.2, as applicable. Cross reference information Segment Product Component Platform Version Edition Business Integration WebSphere Message Broker Hypervisor Edition Linux 8.0""},{""char_end"":909,""char_start"":0,""chunk_id"":""85938d59596cca29d336c8963660d3060e614820c1562e4fd8b17f47bf9cadfc"",""document_id"":""techqa-doc:corpus/swg22011696.txt"",""filename"":""swg22011696.txt"",""rank"":4,""text"":""Title: IBM Action required for IBM Integration Bus Hypervisor Edition V9.0 and WebSphere Message Broker Hypervisor Edition V8.0 for security vulnerabilities in Red Hat Linux - United States Text: IIB WMB FLASH (ALERT) ABSTRACT IBM Integration Bus Hypervisor Edition V9.0 and WebSphere Message Broker Hypervisor Edition V8.0 require customer action for security vulnerabilities in Red Hat Linux CONTENT IBM Integration Bus Hypervisor Edition V9.0 and WebSphere Message Broker Hypervisor Edition V8.0 ship with versions of Red Hat Enterprise Linux (RHEL) Server that are vulnerable to CVE-2017-14746 CVE-2017-15085 CVE-2017-15086 CVE-2017-15087 CVE-2017-15275 IBM Integration Bus Hypervisor Edition V9.0 and WebSphere Message Broker Hypervisor Edition V8.0 ship with Red Hat Enterprise Linux (RHEL) Server 6.2 Remediation: IBM strongly recommends that you contact Red Hat to obtain and install fixes for Red Hat""},{""char_end"":953,""char_start"":0,""chunk_id"":""b8013c658a3923e64f97e6db5e977f60eb36384d6fa893d3a63514f1d2e3c529"",""document_id"":""techqa-doc:corpus/swg22012862.txt"",""filename"":""swg22012862.txt"",""rank"":5,""text"":""Title: IBM Action required for IBM Integration Bus Hypervisor Edition V9.0 and WebSphere Message Broker Hypervisor Edition V8.0 for security vulnerabilities in Red Hat Linux - United States Text: IIB WMB FLASH (ALERT) ABSTRACT IBM Integration Bus Hypervisor Edition V9.0 and WebSphere Message Broker Hypervisor Edition V8.0 require customer action for security vulnerabilities in Red Hat Linux CONTENT IBM Integration Bus Hypervisor Edition V9.0 and WebSphere Message Broker Hypervisor Edition V8.0 ship with Red Hat Enterprise Linux (RHEL) Server 6.2 which is vulnerable to: CVE-2018-1000001 CVE-2017-16997 CVE-2017-1000408 CVE-2017-1000409 CVE-2017-17426 Remediation: IBM strongly recommends that you contact Red Hat to obtain and install fixes for Red Hat Enterprise Linux (RHEL) Server 6.2, as applicable. Cross reference information Segment Product Component Platform Version Edition Business Integration WebSphere Message Broker Hypervisor Edition""},{""char_end"":977,""char_start"":0,""chunk_id"":""1a06b095e5146e060adba4a9878ed189694402907e43959c5eaaebca4e358692"",""document_id"":""techqa-doc:corpus/swg22010832.txt"",""filename"":""swg22010832.txt"",""rank"":6,""text"":""Title: IBM Action required for IBM Integration Bus Hypervisor Edition V9.0 and WebSphere Message Broker Hypervisor Edition V8.0 for security vulnerabilities in Red Hat Linux - United States Text: FLASH (ALERT) ABSTRACT IBM Integration Bus Hypervisor Edition V9.0 and WebSphere Message Broker Hypervisor Edition V8.0 require customer action for security vulnerabilities in Red Hat Linux CONTENT IBM Integration Bus Hypervisor Edition V9.0 and WebSphere Message Broker Hypervisor Edition V8.0 ship with versions of Red Hat Enterprise Linux (RHEL) Server that are vulnerable to CVE-2011-5320 CVE-2017-15670 CVE-2017-15671 CVE-2017-15804 Remediation: IBM strongly recommends that you contact Red Hat to obtain and install fixes for Red Hat Enterprise Linux (RHEL) Server 6.2, as applicable Cross reference information Segment Product Component Platform Version Edition Business Integration WebSphere Message Broker Hypervisor Edition Linux 8.0 PRODUCT ALIAS/SYNONYM WMB HVE IIB HVE""},{""char_end"":927,""char_start"":0,""chunk_id"":""b636116f4d9bca6c0d6c519728683a4aa0193bacb3fa3872d075f89fbfdb52d2"",""document_id"":""techqa-doc:corpus/swg22015916.txt"",""filename"":""swg22015916.txt"",""rank"":7,""text"":""Title: IBM Action required for IBM Integration Bus Hypervisor Edition V9.0 and WebSphere Message Broker Hypervisor Edition V8.0 for security vulnerabilities in Red Hat Linux - United States Text: IIB WMB FLASH (ALERT) ABSTRACT IBM Integration Bus Hypervisor Edition V9.0 and WebSphere Message Broker Hypervisor Edition V8.0 require customer action for security vulnerabilities in Red Hat Linux CONTENT IBM Integration Bus Hypervisor Edition V9.0 and WebSphere Message Broker Hypervisor Edition V8.0 ship with Red Hat Enterprise Linux (RHEL) Server 6.2 which is vulnerable to: CVE-2018-8804, CVE-2018-7470 , CVE-2018-7443 Remediation: IBM strongly recommends that you contact Red Hat to obtain and install fixes for Red Hat Enterprise Linux (RHEL) Server 6.2, as applicable. Cross reference information Segment Product Component Platform Version Edition Business Integration WebSphere Message Broker Hypervisor Edition Linux 8.0""},{""char_end"":924,""char_start"":0,""chunk_id"":""7e1fac62ee0f634b42bf663499fd33a86ecc372a8f9b8d14bedfe8d0e00d0766"",""document_id"":""techqa-doc:corpus/swg22012477.txt"",""filename"":""swg22012477.txt"",""rank"":8,""text"":""Title: IBM Action required for IBM Integration Bus Hypervisor Edition V9.0 and WebSphere Message Broker Hypervisor Edition V8.0 for security vulnerabilities in Red Hat Linux - United States Text: IIB WMB FLASH (ALERT) ABSTRACT IBM Integration Bus Hypervisor Edition V9.0 and WebSphere Message Broker Hypervisor Edition V8.0 require customer action for security vulnerabilities in Red Hat Linux CONTENT IBM Integration Bus Hypervisor Edition V9.0 and WebSphere Message Broker Hypervisor Edition V8.0 ship with Red Hat Enterprise Linux (RHEL) Server 6.2 which is vulnerable to: CVE-2017-5715 CVE-2017-5753 CVE-2017-5754 Remediation: IBM strongly recommends that you contact Red Hat to obtain and install fixes for Red Hat Enterprise Linux (RHEL) Server 6.2, as applicable. Cross reference information Segment Product Component Platform Version Edition Business Integration WebSphere Message Broker Hypervisor Edition Linux 8.0""},{""char_end"":912,""char_start"":0,""chunk_id"":""94253eea16113184384fb68544bb46fd6c370b79a100e399bd994280cd233e20"",""document_id"":""techqa-doc:corpus/swg22015915.txt"",""filename"":""swg22015915.txt"",""rank"":9,""text"":""Title: IBM Action required for IBM Integration Bus Hypervisor Edition V9.0 and WebSphere Message Broker Hypervisor Edition V8.0 for security vulnerabilities in Red Hat Linux - United States Text: IIB WMB FLASH (ALERT) ABSTRACT IBM Integration Bus Hypervisor Edition V9.0 and WebSphere Message Broker Hypervisor Edition V8.0 require customer action for security vulnerabilities in Red Hat Linux CONTENT IBM Integration Bus Hypervisor Edition V9.0 and WebSphere Message Broker Hypervisor Edition V8.0 ship with Red Hat Enterprise Linux (RHEL) Server 6.2 which is vulnerable to: CVE-2018-1057 , CVE-2018-1050 Remediation: IBM strongly recommends that you contact Red Hat to obtain and install fixes for Red Hat Enterprise Linux (RHEL) Server 6.2, as applicable. Cross reference information Segment Product Component Platform Version Edition Business Integration WebSphere Message Broker Hypervisor Edition Linux 8.0""},{""char_end"":767,""char_start"":0,""chunk_id"":""87c6e587758beda158e7fe92828d62e83e26bc74cfc0ea4c4b816ac1a424360c"",""document_id"":""techqa-doc:corpus/swg22012861.txt"",""filename"":""swg22012861.txt"",""rank"":10,""text"":""Title: IBM Action required for IBM Integration Bus Hypervisor Edition V9.0 and WebSphere Message Broker Hypervisor Edition V8.0 for security vulnerabilities in Red Hat Linux - United States Text: IIB WMB FLASH (ALERT) ABSTRACT IBM Integration Bus Hypervisor Edition V9.0 and WebSphere Message Broker Hypervisor Edition V8.0 require customer action for security vulnerabilities in Red Hat Linux CONTENT IBM Integration Bus Hypervisor Edition V9.0 and WebSphere Message Broker Hypervisor Edition V8.0 ship with Red Hat Enterprise Linux (RHEL) Server 6.2 which is vulnerable to: CVE-2018-5357 CVE-2018-5358 CVE-2018-5246 CVE-2018-5247 CVE-2018-5248 CVE-2017-1000476 CVE-2017-18008 CVE-2017-17914 CVE-2017-17934 CVE-2017-18022 CVE-2017-17882 CVE-2017-17884 CVE-2017-17887""}]",phase03-sufficiency-annotation-v1,f2fe3f7f29b834d78fd7c79bf4d4a94faee43c658d89c48e386854123066802b,human_annotator_1,sufficient,"Retrieved chunks are the actual flash alerts for this title; rank-6 span includes a CVE list and the contact-Red-Hat remediation, covering the generic where-can-I-find ask.",2026-08-25T02:31:00+05:30
phase03-annotation-blinded-v1,5a2dfe0ac7a6d5e4e951969f10ad92d4b1ed06b9c1fc040f3dfbf39ae39481a9,80,TRAIN_Q155,train,dense,5,"Is it possible to make where filter to case insensitive in My Inbox?

Workplace OOTB feature - 'Tasks-->My Inbox--> Filter inbox based on field where' the filter is case sensitive. but our expected result is case insensitive. We have already checked 'Force case-insensitive search'. Our expectation it should return the same work items what ever we use 'TEST' or 'test'. ",answerable_with_reference,"ICN does not provide a feature to turn on or off case sensitive searches. All metadata searches in ICN are case sensitive by default. However, depending on the repository, case insensitive searches can be performed by doing the following:
- For FileNet P8 repositories; set the Force Case Insensitive Search flag on the object store. 
- For Content Manager repositories; the administrator will firstly need to enable text search on metadata, then a text search will need to be done in ICN against the metadata by enclosing the metadata value in double quotes.

Alternatively, a request filter can be written to change the case of a query to all upper or all lower case.","[{""char_end"":887,""char_start"":0,""chunk_id"":""2b288d4be2b7ec28517a69426df30d4be8dde041e539ba3bfef953d29c6e4d8b"",""document_id"":""techqa-doc:corpus/swg21987296.txt"",""filename"":""swg21987296.txt"",""rank"":1,""text"":""Title: IBM Case insensitive searches in IBM Content Navigator - United States Text: ICN case sensitive TECHNOTE (FAQ) QUESTION How can a search field be enabled as case insensitive in IBM Content Navigator (ICN)? ANSWER ICN does not provide a feature to turn on or off case sensitive searches. All metadata searches in ICN are case sensitive by default. However, depending on the repository, case insensitive searches can be performed by doing the following: - For FileNet P8 repositories; set the Force Case Insensitive Search flag on the object store. - For Content Manager repositories; the administrator will firstly need to enable text search on metadata, then a text search will need to be done in ICN against the metadata by enclosing the metadata value in double quotes. Alternatively, a request filter can be written to change the case of a query to all upper or all lower case.""},{""char_end"":1000,""char_start"":0,""chunk_id"":""a024117578c20f57465a27a10190ca66bb0dd405b595c5f26f8932729918b1e1"",""document_id"":""techqa-doc:corpus/swg1JR44517.txt"",""filename"":""swg1JR44517.txt"",""rank"":2,""text"":""Title: IBM JR44517: ENHANCE INFOCENTER ON HOW TO DO CASE INSENSITIVE SEARCH IN UI AND Query Language - United States Text: SUBSCRIBE You can track all active APARs for this component. APAR STATUS * CLOSED AS DOCUMENTATION ERROR. ERROR DESCRIPTION * There exists common.properties parameter \""search_ignorecase parameter\"" whether search is case sensitive or not. This parameter affects only search on String attributes using Rich search in UI. Doing Search using Query Language (QL) is not affected. In order to do case insensitive search using QL, there exists function upper(). The string attribute you want to search then needs to be contained in function upper() and you will have to convert the matching string yourself to uppercase. e.g. if you want to run case insensitive search on String attribute Displayname, you would use query like: select item from catalog('My_Catalog') where ( upper(item['My_Primary Spec/Displayname'] ) like 'ITEM%' ) Category based search is always case sensitive, in""},{""char_end"":1047,""char_start"":801,""chunk_id"":""785d9f8f82d5abb1146e5c8833a65bea51213573379b0bec436a0c0e43ee07b4"",""document_id"":""techqa-doc:corpus/swg21653227.txt"",""filename"":""swg21653227.txt"",""rank"":3,""text"":""insensitive. For example, this query is case sensitive: ApproverID='%USERNAME%' This query is case insensitive: LOWER(ApproverID)=LOWER('%USERNAME%') A queue filter with a case insensitive query will return all matching values regardless of case.""},{""char_end"":1581,""char_start"":714,""chunk_id"":""76765bc0ab54a95cb10a4b3ddb10c494b360d7260511a87c1f91eb4b68c127b9"",""document_id"":""techqa-doc:corpus/swg1PK64418.txt"",""filename"":""swg1PK64418.txt"",""rank"":4,""text"":""-sensitive by default and juru search is case-insensitive by default. The ui for the match case checkbox on a text filter was disabled in 6.x because, according to the comment in the source, \""JCR currently does not support case matching\"" However, this comment was incorrect, since the text filter uses internal JCR search, not juru search. As a result, in 6.x, text filter on view was case sensitive with no option for case-insensitive. PROBLEM CONCLUSION * a) create a pair of case-insensitive XPath expression types in XPathUtil.java. These expression types simply use the XPath function fn:lower-case() to downcase both sides of the comparison. The two new expression types are: case-insensitive \""like\"" (EXPR_LIKE_NOCASE) case-insensitive \""not like\"" (EXPR_NOT_LIKE_NOCASE). b) re-enable the ui in TableStringFilter.java and call the new expressions. An interim fix""},{""char_end"":909,""char_start"":0,""chunk_id"":""50a78488e79c61a0ce7896c89bf697130924705ca131b373176e3fd723dcd5a1"",""document_id"":""techqa-doc:corpus/swg1PK64418.txt"",""filename"":""swg1PK64418.txt"",""rank"":5,""text"":""Title: IBM PK64418: ADD \""MATCH CASE\"" OPTION ON COLUMN FILTER IN WCM AUTHORING PORTLET - United States Text: APAR STATUS * CLOSED AS PROGRAM ERROR. ERROR DESCRIPTION * Add \""Match Case\"" option on column Filter in WCM Authoring portlet LOCAL FIX PROBLEM SUMMARY * In Authoring UI, on object list, select Filter by Title. There is no \""Match Case\"" option and title filter is case-sensitive by default. Customer wants \""Match Case\"" option that was available in 5.x so they can do case-insensitive filters. The following errors appear in SystemOut.log: None Problem Analysis: Customer's complaint was that they didn't have the option to do a case-insensitive filter (which was available in 5.x). In 6.x, jcr search is case-sensitive by default and juru search is case-insensitive by default. The ui for the match case checkbox on a text filter was disabled in 6.x because, according to the comment in the source, \""JCR""}]",phase03-sufficiency-annotation-v1,f2fe3f7f29b834d78fd7c79bf4d4a94faee43c658d89c48e386854123066802b,human_annotator_1,sufficient,Rank-1 chunk contains the reference answer verbatim: ICN metadata searches are case sensitive; use Force Case Insensitive Search on P8 object stores.,2026-08-25T02:32:00+05:30
phase03-annotation-blinded-v1,01ce6b91ecf0816a52dff7eeee8c62fdae44e8ff35a7293d8f730cee8d90d91a,81,TRAIN_Q432,validation,bm25,1,"Maintenance Manager login with LDAP

 I""m trying to set up NENU to run on a 9.0.1 application. I've created the application and configured the ruleset but it will not connect to the application.

In the Knowledge base it says that if using LDAP to leave the UserID, Password and Station ID blank.

I have tried this in multiple configuration but it simply will not connect and says the Userid and Password are invalid.

Anyone have expedite on how to connect using LDAP?

Here is the error message when using a userid

Running SetupOpenApplication Action...
16:07:24.569 (47) t:1C90 p:53A7028 !!! ERROR !!!: Cannot login to application:'APPLICATIONAME', server:'tms', admin:'tmadmin', engine:'tmengine', user name:'ntprod\svc_datacap_tst', station:'btcedcswd212v'. Error message from aTM:'Login name and/or password invalid.
Please try again.'
16:07:24.569 (0) t:1C90 p:53A7028 Running SetupDisconnectAll Action...

If I remove the username, password and station, the error message is the same except the userID has xxx.com\svc_datacap_tst as the userid which is incorrect. ",benchmark_impossible_no_reference,,"[{""char_end"":1007,""char_start"":0,""chunk_id"":""c0a59e161cad9f0e216f44e2dd1ba914be7eb8fef025686c403c5be3b9a26a05"",""document_id"":""techqa-doc:corpus/swg21484441.txt"",""filename"":""swg21484441.txt"",""rank"":1,""text"":""Title: IBM Can't connect to Statistics Server - receive error message that it's an invalid userid / password / domain - United States Text: TECHNOTE (TROUBLESHOOTING) PROBLEM(ABSTRACT) I am trying to connect the client from one linux to the Statistics Server selecting the option to \""switch to server.\"" I enter the ID and password, but it refuses to connect. I am getting the error message that it's an invalid userid / password / domain. The user can connect to the server via SSH. This connection works fine with ROOT and local poweruser but not with LDAP. What authentication or configuration do I need to solve this error? RESOLVING THE PROBLEM In order to use 'pam' (Pluggable Authentication Module) with PASW Stats Server you need to configure PAM on the server. If his PAM and LDAP are already configured and working fine, then switching PASW Stats over to use 'pam' is documented in the PASW Statistics Server Administrator's Guide, Chapter 5. Be sure to edit Statisticsd.conf from the bin directory""}]",phase03-sufficiency-annotation-v1,f2fe3f7f29b834d78fd7c79bf4d4a94faee43c658d89c48e386854123066802b,human_annotator_1,insufficient,"Single chunk covers SPSS Statistics server LDAP login, unrelated to Maintenance Manager/NENU on a 9.0.1 application.",2026-08-25T02:33:00+05:30
phase03-annotation-blinded-v1,785b2335c0f1e377a1a9b7eec54868b321ea5e9c4f76c7bfe7faf124b7274b9a,82,TRAIN_Q374,train,bm25,3,"About implementation and specification in a File entry of type Logical under Component

I use Rhapsody for C++ and want to add a .c/.h file combo.

I know I can easily do this by adding 2 File entries under the Component level: one being Implementation type and the other Specification. Then add the appropriate code in the respective Text Elements.

Alternatively I can do the equivalent by having a single File entry of type Logical that will generate 2 files (and change the CG:ImplementationExternsion property changed to .c).

However when the type is set to Logical, I don't know where to place the code for the Implementation and the code for the Specification so that they end up each in the right file. Right now, whatever I put in the Text Element ends up in both files.

Does anyone know how I can indicate Rhapsody that ""this code is the implementation (.c)"" and ""this code is the specification (.h)""?

---

Rhapsody 8.0.5 for C++ on Windows",answerable_with_reference,"In some cases, you want to import legacy source files into Rhapsody models as external elements. For those externally imported elements (classes and files), Rhapsody doesn't generate code, hence you can preserve legacy code as part of your existing model. However, by default, Rhapsody excludes those external elements from the build even though you turn CG::File::AddToMakefile [File::AddToMakefile] property on.","[{""char_end"":1129,""char_start"":0,""chunk_id"":""8fd1ee7a9d567cc2000ef08350e571654f54c6298bf72bc78cdc5c7f6b26cbed"",""document_id"":""techqa-doc:corpus/swg21644835.txt"",""filename"":""swg21644835.txt"",""rank"":1,""text"":""Title: IBM How to view Specification and Implementation files of external source code in Rational Rhapsody post Reverse Engineering - United States Text: Source artifacts; Rhapsody; reverse engineering TECHNOTE (FAQ) QUESTION How do you view Specification and Implementation files of external source code in IBM Rational Rhapsody post Reverse Engineering? CAUSE You have a Specification and Implementation file with the same name and after reverse engineering these files into Rational Rhapsody you would like to view both the files in the model ANSWER Reverse engineering process is capable of reverse engineering Specification and Implementation files with the same name into Rational Rhapsody but will display the file as a single element in the model However the Implementation and Specification files of the element can be viewed in the model as Source Artifacts To enable Source Artifacts view in the model: 1. Open the model in Rational Rhapsody 2. Select the package containing the reverse engineered files 3. Navigate to View > Browser Display Options > Show Source Artifacts to display the source artifacts in the model""},{""char_end"":874,""char_start"":0,""chunk_id"":""dfe8e90e16af603f75c83580f13a27b51111382111c8ed8d5ae1b0852ccfca28"",""document_id"":""techqa-doc:corpus/swg21664437.txt"",""filename"":""swg21664437.txt"",""rank"":2,""text"":""Title: IBM How to get the same description having macro in both specification and implementation files in Rational Rhapsody - United States Text: Rhapsody; GenerateDescriptionInImplementation; UseSpecification TECHNOTE (FAQ) QUESTION How do you get the same description of an operation having macro in both specification and implementation files in IBM Rational Rhapsody? CAUSE You would like to have proper documentation in the generated code of an operation in IBM Rational Rhapsody ANSWER PROCEDURE: 1. Navigate to the Operation features. 2. Set Description Template as the $tag_name. 3. Set GenerateDescriptionInImplementation to UseSpecification. 4. Click OK and generate the code for the class this operation belongs to. 5. Verify the expanded macro text description in both the specification and implementation files. Note: $tag_name is a tag defined in the operation""},{""char_end"":1571,""char_start"":795,""chunk_id"":""cd3aa4fe7b43720b30955a50c0ade47e93c36aff1fc97b46f86d6ac138da838d"",""document_id"":""techqa-doc:corpus/swg1PM88072.txt"",""filename"":""swg1PM88072.txt"",""rank"":3,""text"":""********************************************************* If the model is not Code Centric and the property 'CPP_CG::File::Generate' of a package or a class is set to the value 'Specification', only a specification file is generated for the element. In the roundtrip an implementation file is expected and therefore error is reported. PROBLEM CONCLUSION * When the property 'CPP_CG::File::Generate' is set to the value 'Specification', the implementation file will not be generated. However if the model is not Code Centric in the roundtrip process the implementation file is expected to be there. It is a user's responsibility to add the implementation file. The workaround can be to generate the file once and then to change the value of the property 'CPP_CG::File::Generate""}]",phase03-sufficiency-annotation-v1,f2fe3f7f29b834d78fd7c79bf4d4a94faee43c658d89c48e386854123066802b,human_annotator_1,insufficient,Chunks concern reverse-engineered spec/impl viewing and generation properties; the reference behaviour about external elements and CG File AddToMakefile is absent.,2026-08-25T02:34:00+05:30
phase03-annotation-blinded-v1,5551abe92e581faa47e52d1ebc1a5639f9c1ef73dbb2aaa2a11080bf16e3c976,83,TRAIN_Q285,train,bm25,3,"How do I upgrade my virtual DataPower Appliance from 5.0 firmware to 6.0+ firmware?

When attempting to upgrade my Virtual DataPower Appliance from 5.0.0.0 firmware version to 6.0+ firmware versions, I receive a failure message. ",answerable_with_reference,You must install the 5.0.0.8 or later fix pack to upgrade to 6.0.0.0 or later. The 5.0.0.8 fix pack contains a required fix to allow the larger sized firmware image to fit.,"[{""char_end"":911,""char_start"":0,""chunk_id"":""074eb179c22514afd7a835d63272074d174997938139907423dd7f04e0d2d78c"",""document_id"":""techqa-doc:corpus/swg21640445.txt"",""filename"":""swg21640445.txt"",""rank"":1,""text"":""Title: IBM WebSphere DataPower firmware release 6.0 now available - United States Text: NEWS ABSTRACT WebSphere DataPower SOA Appliances firmware version 6.0 is now available for download on the following appliances: WebSphere DataPower B2B Appliance XB60 WebSphere DataPower B2B Appliance XB62 WebSphere DataPower Integration Appliance XI50 WebSphere DataPower Integration Appliance XI52 WebSphere DataPower Integration Appliance XI52 Virtual Edition WebSphere DataPower Integration Blade XI50B WebSphere DataPower Low Latency Appliance XM70 WebSphere DataPower Service Gateway XG45 WebSphere DataPower Service Gateway XG45 Virtual Edition WebSphere DataPower XML Security Gateway XS40 CONTENT Refer to the following documents for details about firmware version 6.0 now available: * WebSphere DataPower firmware V6.0 announcement [http://www-01.ibm.com/common/ssi/cgi-bin/ssialias?infotype=AN&subtype=CA&htmlfi""},{""char_end"":855,""char_start"":0,""chunk_id"":""337e62b9b81fadd07a61c7728ba46dd190c6d042036acb6049703a3607e52a3d"",""document_id"":""techqa-doc:corpus/swg24034199.txt"",""filename"":""swg24034199.txt"",""rank"":2,""text"":""Title: IBM Download WebSphere DataPower XC10 Appliance V2.1.0.3 firmware - United States Text: v21xc10rnotes; v85xsrnotes DOWNLOADABLE FILES ABSTRACT Download the IBM WebSphere DataPower XC10 Appliance Version 2.1 Fix Pack 3 firmware upgrade. DOWNLOAD DESCRIPTION This firmware release includes improved capability for WebSphere DataPower XC10 Appliance Version 2.1 Fix Pack 3, also known as V2.1.0.3. Caution: After you upgrade either 9235-92X or 7199-92X appliance types with Version 2.1.0.3 firmware, you cannot roll back to any firmware version prior to Version 2.1. You must operate at the Version 2.1 or higher firmware level. Subsequently, when moving from Version 1.0 or Version 2.0 levels to Version 2.1 levels, you cannot roll back to previous firmware versions. When upgrading from Version 2.1.0.x To upgrade the collective while servicing work""},{""char_end"":855,""char_start"":0,""chunk_id"":""9ab2abab32c256077e079875ab4a060d8af48c64ba1669c5d7604801e31cd600"",""document_id"":""techqa-doc:corpus/swg24033547.txt"",""filename"":""swg24033547.txt"",""rank"":3,""text"":""Title: IBM Download WebSphere DataPower XC10 Appliance V2.1.0.2 firmware - United States Text: v21xc10rnotes; v85xsrnotes DOWNLOADABLE FILES ABSTRACT Download the IBM WebSphere DataPower XC10 Appliance Version 2.1 Fix Pack 2 firmware upgrade. DOWNLOAD DESCRIPTION This firmware release includes improved capability for WebSphere DataPower XC10 Appliance Version 2.1 Fix Pack 2, also known as V2.1.0.2. Caution: After you upgrade either 9235-92X or 7199-92X appliance types with Version 2.1.0.2 firmware, you cannot roll back to any firmware version prior to Version 2.1. You must operate at the Version 2.1 or higher firmware level. Subsequently, when moving from Version 1.0 or Version 2.0 levels to Version 2.1 levels, you cannot roll back to previous firmware versions. When upgrading from Version 2.1.0.x To upgrade the collective while servicing work""}]",phase03-sufficiency-annotation-v1,f2fe3f7f29b834d78fd7c79bf4d4a94faee43c658d89c48e386854123066802b,human_annotator_1,insufficient,Chunks announce 6.0 firmware and XC10 downloads; the reference prerequisite (install 5.0.0.8+ fix pack before upgrading to 6.0) is absent.,2026-08-25T02:35:00+05:30
phase03-annotation-blinded-v1,70d2e344a5a5fdf7ea1fb2f6a977992123e3738b5159bb471eb291f5cdff1c3d,84,TRAIN_Q583,validation,dense,1,"Why does the ITCAM for AD Managing GUI install fail with an end-of-file message?

I am trying to install the ITCAM for AD Managing server and I am seeing the following error when doing either 'launchpad.sh' or 'silent_MS_linux.bin': Initializing InstallShield Wizard........ Launching InstallShield Wizard........

./setup_MS_lin.bin: line 1926: warning: here-document at line 1926 delimited by end-of-file (wanted `/dev/null')

The installer is unable to run in graphical mode. Try running the installer with the -console for -silent flag.",answerable_with_reference,"CAUSE
Missing Linux system libraries.","[{""char_end"":909,""char_start"":0,""chunk_id"":""6cd8b74984dfb872c65b73420fedfb2bea4ff0bf950c910b9190e13230b25e2f"",""document_id"":""techqa-doc:corpus/swg21469762.txt"",""filename"":""swg21469762.txt"",""rank"":1,""text"":""Title: IBM Graphical User Interface (GUI) Installation of ITCAM Data Collector Fails on 64 bit Linux Operating System - United States Text: ITCAM; J2EE; WAS; 64-bit Linux; GUI Installer TECHNOTE (TROUBLESHOOTING) PROBLEM(ABSTRACT) Version 6.1 ITCAM for J2EE and ITCAM for WebSphere installer bundles and uses a 32-bit JRE to start GUI installer. On a 64-bit Linux OS, sometimes, the X11 libraries required by 32-bit JRE are not present so the GUI installer fails to start. SYMPTOM After issuing setup_DC_lin.bin from DC installation directory, you may get following error message: \""The installer is unable to run in graphical mode. Try running the installer with the -console or -silent flag.\"" RESOLVING THE PROBLEM 1. Perform silent installation. 2. You can use 64-bit JDK/JRE to start GUI installer if 64-bit JDK/JRE is already installed on your machine, switch to DC installation directory and issue: setup""}]",phase03-sufficiency-annotation-v1,f2fe3f7f29b834d78fd7c79bf4d4a94faee43c658d89c48e386854123066802b,human_annotator_1,insufficient,Single chunk covers a different installer failure (missing 32-bit X11 libraries stopping the GUI installer); the exact end-of-file technote and its missing-compat-libstdc++ cause are not retrieved.,2026-08-25T02:36:00+05:30
phase03-annotation-blinded-v1,ffc53be19657465a9d9e9417f8638f2e6e39c68166e1ea51e3666e20f86494f4,85,TRAIN_Q592,validation,dense,3,"Do the  Bash Bug  vulnerabilities affect WebSphere MQ Hypervisor?

Do the Bourne Again Shell (Bash) vulnerabilities known as Bash Bugs or Shellshock affect WebSphere MQ Hypervisor and if so, what action is required to address this situation?",answerable_with_reference,"IBM WebSphere MQ Hypervisor Edition for Red Hat Enterprise Linux Server ship with Red Hat Enterprise Linux (RHEL) that is vulnerable to CVE-2014-6271, CVE-2014-7169, CVE-2014-7186, CVE-2014-7187, CVE-2014-6277 and CVE-2014-6278 Bash vulnerabilities.","[{""char_end"":737,""char_start"":0,""chunk_id"":""3fa1afb4f1cd0ecbf3c93190d6aec30e1e25fcdc0aa9fe5251bbd0270ccfa7f1"",""document_id"":""techqa-doc:corpus/swg21685666.txt"",""filename"":""swg21685666.txt"",""rank"":1,""text"":""Title: IBM Action required for IBM WebSphere MQ Hypervisor Edition for Red Hat Enterprise Linux Server for the Bash vulnerabilities (CVE-2014-6271, CVE-2014-7169, CVE-2014-7186, CVE-2014-7187, CVE-2014-6277 and CVE-2014-2014-6278) - United States Text: FLASH (ALERT) ABSTRACT IBM WebSphere MQ Hypervisor Edition for Red Hat Enterprise Linux Server requires customer action for the Bash vulnerabilities that have been referred to as \""Bash Bug\"" or \""Shellshock\"" and the two memory corruption vulnerabilities. CONTENT IBM WebSphere MQ Hypervisor Edition for Red Hat Enterprise Linux Server ship with Red Hat Enterprise Linux (RHEL) that is vulnerable to CVE-2014-6271, CVE-2014-7169, CVE-2014-7186, CVE-2014-7187, CVE-2014-6277 and CVE-2014-""},{""char_end"":802,""char_start"":0,""chunk_id"":""01b3266afc4b623cb429036607d6b210d81d120c0937dc6abc4dbc6c40d67610"",""document_id"":""techqa-doc:corpus/swg21687971.txt"",""filename"":""swg21687971.txt"",""rank"":2,""text"":""Title: IBM Security Bulletin: WebSphere Process Server Hypervisor Edition Bash vulnerability (CVE-2014-6271, CVE-2014-7169, CVE-2014-7186, CVE-2014-7187, CVE-2014-6277, CVE-2014-6278) - United States Text: SECURITY BULLETIN SUMMARY WebSphere Process Server Hypervisor Edition might be vulnerable to CVE-2014-6271, CVE-2014-7169, CVE-2014-7186, CVE-2014-7187, CVE-2014-6277 and CVE-2014-6278 (shellshock) vulnerabilities in bash delivered by UNIX-based platforms. VULNERABILITY DETAILS CVE-ID: CVE-2014-6271 DESCRIPTION: GNU Bash might allow a remote attacker to execute arbitrary commands on the system, which is caused by an error when evaluating specially crafted environment variables passed to it by the bash functionality. An attacker might exploit this vulnerability to write to files and execute""},{""char_end"":879,""char_start"":0,""chunk_id"":""6a1c54eb7477f74b382545eae7d0b95da27bc5d454e6213b757a5cf8e00ecafe"",""document_id"":""techqa-doc:corpus/swg21685604.txt"",""filename"":""swg21685604.txt"",""rank"":3,""text"":""Title: IBM Security Bulletin: Vulnerabilities in Bash and GNU C Library affect WebSphere Transformation Extender (WTX) with Launcher Hypervisor Edition (CVE-2014-6271, CVE-2014-6277, CVE-2014-6278, CVE-2014-7169, CVE-2014-5119, CVE-2014-7186, CVE-2014-7187) - United States Text: WebSphere Transformation Extender hypervisor SECURITY BULLETIN SUMMARY Bash and GNU C Library vulnerabilities were disclosed in September 2014. This bulletin addresses the vulnerabilities that have been referred to as “Bash Bug” or “Shellshock”, a heap-based buffer overflow, and two memory corruption vulnerabilities. Bash and glibc are included in Red Hat Enterprise Linux which is shipped with WebSphere Transformation Extender with Launcher Hypervisor Edition. WebSphere Transformation Extender is not directly affected by any of these reported vulnerabilities. VULNERABILITY DETAILS CVE-ID: CVE""}]",phase03-sufficiency-annotation-v1,f2fe3f7f29b834d78fd7c79bf4d4a94faee43c658d89c48e386854123066802b,human_annotator_1,sufficient,Rank-1 is the exact MQ Hypervisor Edition Bash/Shellshock flash alert naming the CVEs in the reference.,2026-08-25T02:37:00+05:30
phase03-annotation-blinded-v1,c58f5679a4b1a1108bf54f04109741707b668cf29059ca90c331111f48b1d432,86,TRAIN_Q058,validation,hybrid,5,"Portal v8.5 install fails with INSTCONFFAILED - No Portral logs are written

Portal v8.5 install fails with INSTCONFFAILED - No Portral logs are written",answerable_with_reference,"The parsing code is updated so the problem no longer occurs.
   
   The fix for this APAR is currently targeted for inclusion in
   fix pack 8.5.5.6.","[{""char_end"":2877,""char_start"":2280,""chunk_id"":""5168a99e8877c4b8e3d5afcf4f87d59e41a8e7084762910f4853c74db1d5cb38"",""document_id"":""techqa-doc:corpus/swg21594770.txt"",""filename"":""swg21594770.txt"",""rank"":1,""text"":""the below provided sample #Sample debug properties suitable for log.properties #Tue Jan 18 12:54:48 EST 2011 InstallOperation=DEBUG InstallOperation/pause.on_error=true #global=DEBUG Save this file, copy it to the directory 'IM_DATA_DIR/logs'. Re-run the portal install. When the install fails, the installation pauses and then one can collect all the logs from the following directories: <IM_DATA_DIR>/logs <IM_DATA_DIR>/installed.xml <IM_DATA_DIR>/installed.xsl <IM_DATA_DIR>/installRegistry.xml <wp_profile root>/logs <wp_profile root>/ConfigEngine/log/ConfigTrace.log <AppServer root>/logs * *""},{""char_end"":1036,""char_start"":0,""chunk_id"":""e0df935b9c4459aa50c7785fee1c6c2a2c91da42da41acb8e698b6186f7bfa59"",""document_id"":""techqa-doc:corpus/swg21685680.txt"",""filename"":""swg21685680.txt"",""rank"":2,""text"":""Title: IBM Base version of Portal 8.5 install fails noting a cumulative fix conflict during silent install - United States Text: base install fails; CF conflict TECHNOTE (TROUBLESHOOTING) PROBLEM Attempts to install the Base version of Portal 8.5 using a response file fails as it notes that the cumulative fix fails as it requires the Base version SYMPTOM The IBM Installation Manger throws the following exception: This Cumulative Fix requires that IBM WebSphere Portal Server version 8.5.0.0 be previously installed. You must first install the base release and then update it with the Cumulative Fix. You cannot install them at the same time. CAUSE The class that triggers the message about not being able to install a CF is found in a plugin shipped with each install image: wp.im.wpcf.warning_8.5.0.<qualifier>.jar (The qualifier is different in each image and is based on the date the jar was built.) The version of this plugin shipped with CFs should trigger the message whereas the version shipped with the base v8.5 code should""},{""char_end"":1119,""char_start"":0,""chunk_id"":""a73f652e4c6681dc614da7a5ed9fc7cc22808d93abd24ebcfe3cb2a4f2f1e827"",""document_id"":""techqa-doc:corpus/swg21635341.txt"",""filename"":""swg21635341.txt"",""rank"":3,""text"":""Title: IBM Portal 8 installation unable to detect the WebSphere Application Server - United States Text: portal reinstall fails; install into existing WAS fails TECHNOTE (TROUBLESHOOTING) PROBLEM The IBM Installation Manager is unable to detect that a WebSphere Application Server exists when attempting to install Portal. SYMPTOM This issue seems to manifest when an existing Portal has been uninstalled and WebSphere Application Server is not uninstalled. When Portal install is attempted again, but this time to install into the existing WebSphere Application Server then Installation Manager will throw an excecption that notes that it is unable to detect WebSphere Application Server on the system We have also seen an issue where the install fails indicating the version of WAS detected is insufficient and we see an exception like this in IIM logs: 49 INFO 00:03.14 This Cumulative Fix requires that IBM WebSphere Portal Server version 8.0.0.0 be previously installed. You must first install the base release and then update it with the Cumulative Fix. You cannot install them at the same time. 50 ERROR 00:03.15""},{""char_end"":771,""char_start"":0,""chunk_id"":""5fb2f9e4fb9983c21fe44a7b70eabb18ad095eacd401fb7140f5518dc450f4c0"",""document_id"":""techqa-doc:corpus/swg21644066.txt"",""filename"":""swg21644066.txt"",""rank"":4,""text"":""Title: IBM Portal v8 fix installation fails with CRIMA1077E error for ConfigEngine - United States Text: CRIMA1077E; ConfigEngine; ConfigEngine.sh; not found; silent; response file; user.wp.profile.update.required; com.ibm.websphere.PORTAL.SERVER.v80 TECHNOTE (TROUBLESHOOTING) PROBLEM When silently installing a Portal v8 fix on a system that was originally installed as a \""binary\"" Portal, the installation fails with CRIMA1077E error for ConfigEngine SYMPTOM The following error is seen in the console output, and in the IIM logs: ERROR CRIMA1077E 00:10.54 File \""/ConfigEngine.sh\"" not found. CAUSE The response file has an incorrect property in it: <data key='user.wp.profile.update.required,com.ibm.websphere.PORTAL.SERVER.v80' value='true'/> For a binary installation""},{""char_end"":1169,""char_start"":0,""chunk_id"":""9833caf6d3f3c564aa6994562e83e1ef098b41f00bae05c85b26ac18412394f7"",""document_id"":""techqa-doc:corpus/swg21621811.txt"",""filename"":""swg21621811.txt"",""rank"":5,""text"":""Title: IBM Cumulative fix upgrade fails on secondary node with \""Installation Manager cannot add feature Portal Server Profile\"" - United States Text: cf upgrade fails; silent install failture; silent cf install TECHNOTE (TROUBLESHOOTING) PROBLEM Cumulative fix upgrade fails on secondary node with \""Installation Manager cannot add feature Portal Server Profile\"" SYMPTOM During steps to install Cumulative fix in IBM Installation Manager, the following error is encountered: ERROR: Installation Manager cannot add feature Portal Server Profile during the Update or Rollback. CAUSE This exception is generated when attempting a silent install of the cumulative fix to a binary install of Portal. IBM Installation Manager does not register that a profile exists and because this is an update, adding the feature portal.profile is not allowed thus the exception is thrown and the upgrade is unable to proceed. ENVIRONMENT Portal 8.0 + Cumulative fix DIAGNOSING THE PROBLEM Reviewing the sample response file that comes with the cumulative fix, we can see that the portal.profile is to be added <offering id='com.ibm.websphere.PORTAL.SERVER.v80' profile='IBM WebSphere Portal""}]",phase03-sufficiency-annotation-v1,f2fe3f7f29b834d78fd7c79bf4d4a94faee43c658d89c48e386854123066802b,human_annotator_1,insufficient,Chunks cover log collection and other Portal install failures; the APAR parsing fix targeted for 8.5.5.6 in the reference is absent.,2026-08-25T02:38:00+05:30
phase03-annotation-blinded-v1,6226e4ba0f2d017dda2fe47a7c4b112ce752ba824de27cffa9e2d65e86b35a86,87,DEV_Q124,validation,bm25,3,"Is there a scripting feature in ITM?

Is there a scripting feature in ITM? ",benchmark_impossible_no_reference,,"[{""char_end"":29083,""char_start"":28259,""chunk_id"":""cd6650bf41a4bf81d85507ada3a76d7c59d25a2f873cf523d676741eae033fe1"",""document_id"":""techqa-doc:corpus/swg21960062.txt"",""filename"":""swg21960062.txt"",""rank"":1,""text"":""ERROR on Solaris. - The scripting feature does not provide full Native Language Support; some issues may be found using Nationalized characters in property files or script outputs. - On windows OS agent there is no possibility of executing scripts residing on a mapped network drive. 9. Troubleshooting =================== Standard KBB_RAS1 variable will apply to the OS agent and to the fcp_daemon processes. To apply a specific trace setting to fcp_daemon only, use the KXX_FCP_KBB_RAS1 variable; when KXX_FCP_KBB_RAS1 is set, the value specified by KBB_RAS1 is ignored by fcp_daemon. To trace the operations logged by the OS agent core threads of the feature: KBB_RAS1=ERROR (UNIT:factory ALL) To trace scripting queries from the ITM server and events sent to the server, add the entries: (UNIT:klz34 ALL) (UNIT:klz35 ALL""},{""char_end"":930,""char_start"":0,""chunk_id"":""0b0fe5339f38337df36d79fff3bb570901c627858c81338180d639f4d1f4fdaa"",""document_id"":""techqa-doc:corpus/swg21258115.txt"",""filename"":""swg21258115.txt"",""rank"":2,""text"":""Title: IBM The .Net Scripting feature in RFT is not selectable in IBM Installation Manager when msvcp71.dll is missing from the Windows Vista Operating System - United States Text: .Net Scripting; Functional; Tester; select; Installation; Manager; msvcp71.dll; missing; 1258115 TECHNOTE (TROUBLESHOOTING) PROBLEM(ABSTRACT) The .Net Scripting feature in IBM® Rational® Functional Tester (RFT) is not selectable in the IBM Installation Manager, when msvcp71.dll is missing from the Microsoft® Windows VistaTM operating systems. RESOLVING THE PROBLEM Before installing Rational Functional Tester on the Microsoft Windows Vista operating system, you must copy the msvcp71.dll file into the System32 directory (C:Windows\\System32). This file is required to use the .NET scripting feature of Rational Functional Tester. You can copy the msvcp71.dll file from any other Windows operating systems, or download it from Internet. Note: This""},{""char_end"":3184,""char_start"":2523,""chunk_id"":""bae50a95a004f10e5b23a52a5d92691356ef70ac63573b641dc9e8cb0c7542fe"",""document_id"":""techqa-doc:corpus/swg21507047.txt"",""filename"":""swg21507047.txt"",""rank"":3,""text"":"", see [/support/docview.wss?uid=swg21507047&amp;aid=1] The OSGi Architecture [http://www.osgi.org/About/WhatIsOSGi]. Dynamic scripting functionality for CICS TS V4.2 is available with V1.1 of the Feature Pack. See CICS Transaction Server Feature Pack for Dynamic Scripting 1.1 is available for CICS TS 4.2 [http://www.ibm.com/support/docview.wss?uid=swg21566483] for more information. PM32731 is not needed for CICS TS 4.2 since the function is in the base product. V1.0 of the Feature Pack is only for use with CICS TS V4.1. See Compatibility of Dynamic Scripting Feature Pack with CICS TS V4.2 [http://www.ibm.com/support/docview.wss?uid=swg21504332] for more""}]",phase03-sufficiency-annotation-v1,f2fe3f7f29b834d78fd7c79bf4d4a94faee43c658d89c48e386854123066802b,human_annotator_1,sufficient,"Rank-1 chunk documents the ITM OS agent scripting feature (limitations, fcp_daemon troubleshooting), supporting a yes-with-details answer; other chunks are unrelated products.",2026-08-25T02:39:00+05:30
phase03-annotation-blinded-v1,10c976d0b4b477e637ce55890c77914053c51be1e7a0cea7bd6f36432daaf023,88,TRAIN_Q119,train,bm25,1,"How do I change from shared to unshared connection?

in WAS, how do I change from shared to unshared connection. I am seeing connections max out and take a long time to release.
",benchmark_impossible_no_reference,,"[{""char_end"":5446,""char_start"":4879,""chunk_id"":""27c3b49183dfe03f55aa5e72d76de20c71c8bc0001d64d181340651d0505a35a"",""document_id"":""techqa-doc:corpus/swg1PK27001.txt"",""filename"":""swg1PK27001.txt"",""rank"":1,""text"":""Connection information (shared partitions 200) No shared connections Free Connection information (free distribution table/partitions 12/1) No free connections UnShared Connection information No unshared connections LOCAL FIX * n/a PROBLEM SUMMARY * **************************************************************** * USERS AFFECTED: All Wepsphere Application Server version * * 6.0.2 and 6.1 users of J2C connection * * manager. * **************************************************************** * PROBLEM DESCRIPTION: The unused time out value on a * * connection was""}]",phase03-sufficiency-annotation-v1,f2fe3f7f29b834d78fd7c79bf4d4a94faee43c658d89c48e386854123066802b,human_annotator_1,insufficient,Single chunk is APAR debug output mentioning shared/unshared partitions; no instructions for changing connection sharing scope in WAS.,2026-08-25T02:40:00+05:30
phase03-annotation-blinded-v1,365b757f1cecc559442a7bb96103f2839481d52406438579cc10279d1f0d137d,89,TRAIN_Q380,train,hybrid,5,"How do I view Custodian Notes in Atlas Preservation Plan?

How do I view Custodian Notes in Atlas Preservation Plan? ",answerable_with_reference,"When you click on the Notes tab in a Preservation Plan it only lists the Plan Notes. Click the ""Show Custodian Notes"" button which lists the custodian notes. If you would like to go back to Plan Notes, click the ""Show Plan Notes"" button","[{""char_end"":547,""char_start"":0,""chunk_id"":""e0573c30169d6af631e21b4c6ade5df522faad89ed007e2983105134b7697bb5"",""document_id"":""techqa-doc:corpus/swg21981880.txt"",""filename"":""swg21981880.txt"",""rank"":1,""text"":""Title: IBM Viewing Custodian Notes in Atlas Preservation Plan - United States Text: Atlas Notes Preservation Plan TECHNOTE (FAQ) QUESTION How do I view Custodian Notes in Atlas Preservation Plan? CAUSE When you click on the Notes tab in a Preservation Plan, you see a blank page without any notes listed ANSWER When you click on the Notes tab in a Preservation Plan it only lists the Plan Notes. Click the \""Show Custodian Notes\"" button which lists the custodian notes. If you would like to go back to Plan Notes, click the \""Show Plan Notes\"" button""},{""char_end"":1051,""char_start"":0,""chunk_id"":""593512b80e1d08dfb241bed977b4a727194dbe054377a45ac4c00bad294a74c9"",""document_id"":""techqa-doc:corpus/swg27044173.txt"",""filename"":""swg27044173.txt"",""rank"":2,""text"":""Title: IBM Known issue: Preventing \""unresponsive script\"" warnings and system errors that can occur when you view a large number of notes on the collection plan or preservation plan Notes tab - United States Text: RELEASE NOTES ABSTRACT If a collection plan or preservation plan has many custodian notes, you can get \""unresponsive script\"" warnings and system errors when you view the custodian notes on the Notes tab. To alleviate this problem, view only plan notes in the collection or preservation plan Notes tab. You can still view the custodian notes in the Custodians tab. CONTENT In the Atlas Policy Suite web client, for a matter and associated collection plan, navigate to Matters > matter-name > Collections > collection-plan-name. Similarly, for a matter and associated preservation plan, navigate to Matters > matter-name > Holds > preservation-plan-name. For both collection and preservation plans, you see a set of tabs that includes the Notes tab and the Custodians tab. The Notes tab can show two types of notes: plan notes and custodian""},{""char_end"":1738,""char_start"":854,""chunk_id"":""ddafed636698d16e5d397e28c215ad5dfd26997bb5ab449bc5d38316d87982b8"",""document_id"":""techqa-doc:corpus/swg27044173.txt"",""filename"":""swg27044173.txt"",""rank"":3,""text"":""-plan-name. For both collection and preservation plans, you see a set of tabs that includes the Notes tab and the Custodians tab. The Notes tab can show two types of notes: plan notes and custodian notes. The default setting is to show plan notes. To change the type of notes that are shown, you click a button whose label changes when you click the button. When the collection Notes tab shows plan notes, the button label is Show Custodian Notes. When the Notes tab shows custodian notes, the button label is Show Plan Notes. To show only plan notes in the Notes tab, click the button so its label changes to Show Custodian Notes. You can still view the custodian notes in the Custodians tab. To view the custodian notes, click the Custodians tab and click the custodian whose notes you want to view. The custodian page is opened and shows all the notes that belong to the custodian.""},{""char_end"":414,""char_start"":0,""chunk_id"":""53489f7986ea84757a768095fcc17df47b847f82c2c9be98e6e017f115da06ce"",""document_id"":""techqa-doc:corpus/swg21983163.txt"",""filename"":""swg21983163.txt"",""rank"":4,""text"":""Title: IBM Changing Custodian Status from Release to On Hold in a preservation plan - United States Text: Atlas Preservation Matter TECHNOTE (FAQ) QUESTION Can we change custodian status from Release to On Hold in a preservation plan? CAUSE The plan owner set the custodian status to Release ANSWER No. This change cannot be performed through the Atlas Application. You can contact IBM Atlas support for assistance""},{""char_end"":604,""char_start"":0,""chunk_id"":""613d10486b765e3a83868662382a23c383ce00a2c50a2e6392d73ef4abcfb9be"",""document_id"":""techqa-doc:corpus/swg21989919.txt"",""filename"":""swg21989919.txt"",""rank"":5,""text"":""Title: IBM Custodian Status in a Atlas Preservation or Collection Plan - United States Text: Atlas Preservation Plan status TECHNOTE (FAQ) QUESTION What are the various custodian status in a Preservation or Collection Plan? CAUSE Custom Process using a custom query was only looking at \""On Hold\"" status to perform a release and ignoring other status ANSWER Status for custodians in a Atlas Preservation or Collection Plan are as follows: 1. Not Executed 2. Failed 3. Release 4. Inactive 5. Complete 6. On Hold 7. Completed 8. Collected 9. Hold Failed 10. Completion Failed 11. Released 12. Release Failed""}]",phase03-sufficiency-annotation-v1,f2fe3f7f29b834d78fd7c79bf4d4a94faee43c658d89c48e386854123066802b,human_annotator_1,sufficient,Rank-1 chunk contains the reference answer verbatim: use the Show Custodian Notes button on the Notes tab.,2026-08-25T02:41:00+05:30
phase03-annotation-blinded-v1,7b31eefc400eb42137bb62c7f0541673e44920b8a5ecb7a72f0624acc8f55029,90,TRAIN_Q346,train,dense,10,"Cannot open module in exclusive edit - (no such file or directory)

I have a module, that I can open normally, but when I try to open it in Exclusive Edit it tells me that ""no such file or directory""  How do I solve this?",answerable_with_reference,This defect is resolved in IBM Rational DOORS Version 9.4.0.1,"[{""char_end"":995,""char_start"":0,""chunk_id"":""2fab340f73ebbf2b1c27ce5f51a78c7e3870fab2a68778c4de9a605802653a84"",""document_id"":""techqa-doc:corpus/swg21511831.txt"",""filename"":""swg21511831.txt"",""rank"":1,""text"":""Title: IBM DOORS module fails to open in exclusive edit mode results in error \""unable to open module ...no such file or directory\"" - United States Text: missing session file; file not found; can not open module; open module exclusive edit fails; PM50525 TECHNOTE (TROUBLESHOOTING) PROBLEM(ABSTRACT) Attempts to open a module exclusive edit in IBM Rational DOORS result in the error \""DOORS report Unable to open module '/A Project/Requirements' No such file or directory\"". SYMPTOM A module with a large number of sections is used mostly in shareable edit mode. You can open the module Read-only , or Shareable-Edit; but not in exclusive edit. Steps to reproduce: 1. Login to DOORS 2. Click the Project, or folder, icon that contains the module 3. Click the module icon in the DOORS Explorer window 4. Click File > Open> Exclusive Edit (Ctrl + E) Expected result: The module should open in Exclusive edit mode. Actual result: The module will not open in exclusive edit module; however it will open""},{""char_end"":1544,""char_start"":771,""chunk_id"":""58be9d4d9c422ae0a60289485c2e033b87ab2ae5fdf156c67f52085f40322480"",""document_id"":""techqa-doc:corpus/swg21511831.txt"",""filename"":""swg21511831.txt"",""rank"":2,""text"":""the DOORS Explorer window 4. Click File > Open> Exclusive Edit (Ctrl + E) Expected result: The module should open in Exclusive edit mode. Actual result: The module will not open in exclusive edit module; however it will open in read only mode, or shareable edit mode. If you attempt to check the database integrity for issue the module is not flagged for any problems. The full error message is as follows: DOORS report Unable to open module '/A Project/Requirements' No such file or directory\"" C:\\Program Files (x86)\\IBM\\Rational\\DOORS\\9.5\\data\\v6data\\20\\m00000021.mod\\current.ver\\s1000005.dtc image [/support/docview.wss?uid=swg21511831&aid=1] [/support/docview.wss?uid=swg21511831&aid=1] CAUSE This issue has been identified as a product defect under APAR PM50525 [http:""},{""char_end"":762,""char_start"":0,""chunk_id"":""7631b5009779023d7bb3b1a4ae520025131a3b053420440ff79e932ead533b41"",""document_id"":""techqa-doc:corpus/swg1PM50525.txt"",""filename"":""swg1PM50525.txt"",""rank"":3,""text"":""Title: IBM PM50525: module cannot be opened in exclusive edit mode anymore - United States Text: A FIX IS AVAILABLE Rational DOORS fix Pack 1 ( 9.4.0.1 ) for 9.4 [http://www-01.ibm.com/support/docview.wss?uid=swg24033421] SUBSCRIBE You can track all active APARs for this component. APAR STATUS * CLOSED AS PROGRAM ERROR. ERROR DESCRIPTION * module cannot be opened in exclusive edit mode Expected Results: - module should open without any error message Actual Results: - module opens with error message 'No such file or directory' for a session file Possible Workarounds: - open module first in shareable edit and close it again - open module in DOORS version prior to 9.2.0.3 and save it LOCAL FIX PROBLEM SUMMARY * ********************************************""},{""char_end"":1498,""char_start"":675,""chunk_id"":""b97fdb0d724f77cd07f96b74aaea40cd0bb2d69d16a25c0017f15a5df1d62eb4"",""document_id"":""techqa-doc:corpus/swg1PI63891.txt"",""filename"":""swg1PI63891.txt"",""rank"":4,""text"":""userA keeps the module displayed in the right pane and folder selected in the left pane. 4. Login as other admin user. 5. Open the Project/FOLDER property and unselect \""inherit from parent\"" option. Add userA with R access to the project/folder . 6. As userA open the module in exclusive edit mode in the same DOORS session. UserA can open with exclusive edit mode, even though the user does not write permission any more. userA can edit attributes and successfully save the changes. If userA selects F5 and performs a refresh the access controls should be updated and the next time userA tries to open the module they receive message: \""You have insufficient access rights to open this module for edit\"" Options to open read only or cancel. LOCAL FIX PROBLEM SUMMARY * ********************************************************""},{""char_end"":1877,""char_start"":1367,""chunk_id"":""5d1743ee916bf328c923b223833d30622f2873671f4f33cd266492a1b3ed129b"",""document_id"":""techqa-doc:corpus/swg1PI84449.txt"",""filename"":""swg1PI84449.txt"",""rank"":5,""text"":""**************** * USERS AFFECTED: * * All users/environments affected. * **************************************************************** * PROBLEM DESCRIPTION: * * If a user attempts to open a module in exclusive edit mode, * * but another user has the module open, they get the option to * * receive notification when the exclusive lock is available. * * When that notification is triggered it results in a * * diagnostic log and DXL error. * ****************************************************************""},{""char_end"":1315,""char_start"":724,""chunk_id"":""7d4dc0fe5c4b3628b952c020030b955d0455dfdcec24a238bfd32375fc3a003d"",""document_id"":""techqa-doc:corpus/swg1PM26646.txt"",""filename"":""swg1PM26646.txt"",""rank"":6,""text"":""in exclusive Edit Mode, right click the module and the Requirement Management Request' is greyed out (to be expected.) Close module and re-open module in read-only mode, by right clicking module and selecting Open ? Read-only Right click the module and the 'Requirements Management Request' is greyed out. The expected behavior is to have the 'Requirements Management Request' enabled. LOCAL FIX PROBLEM SUMMARY * **************************************************************** * USERS AFFECTED: * **************************************************************** * PROBLEM DESCRIPTION: * **""},{""char_end"":817,""char_start"":0,""chunk_id"":""4e5946eec7ddedab25d67543afab864739e1672f1cbefb6c5434508b14bc40a6"",""document_id"":""techqa-doc:corpus/swg21504910.txt"",""filename"":""swg21504910.txt"",""rank"":7,""text"":""Title: IBM DOORS: Error when attempting to open a module \""could not open include file (addins/synergy...)\"" - United States Text: could not open include file TECHNOTE (TROUBLESHOOTING) PROBLEM(ABSTRACT) Attempts to open a module results in an error when using IBM Rational DOORS\"" E- DXL: <Line:1> could not open include file (addins/synergy/utils/ecpsconfigutils.inc) (No such file or directory) -I- DXL: all done with 1 error and 0 warnings. RESOLVING THE PROBLEM The easiest way is to go to the Rational DOORS database to conf/u1000001.dir/csint+AF8-<moduleid> and find the file that is called config.dat. Inside the file, find this line: csint_status=ON Change ON to OFF, save the file, then open the module and it should not force them to read-only mode anymore. It would be a good idea at this point to delete the""},{""char_end"":2375,""char_start"":1624,""chunk_id"":""359ef393d04e4b3804cee144172e2dd0ff1f4bfcd320e30a9387aeb81d9fa869"",""document_id"":""techqa-doc:corpus/swg1PI19699.txt"",""filename"":""swg1PI19699.txt"",""rank"":8,""text"":""= * * 1> Select any Module which has Objects in it and open this * * Module in Read Only Mode. (As any user including * * Administrator) * * 2> Insert a new Column in the Module, say Object Heading or * * Object Text. * * 3> Double click on any of the Object's such the cursor * * starts * * blinking in the newly added Column of step 2 * * 4> Click on Edit -- Edit Mode -- try changing the Mode to * * either * * Exclusive Edit or Shareable Edit. * * * * Expected Result: * * ============= * * Upon selecting the required Edit Mode, the Module's editing * * mode * * should be changed. * * * * Current Behavior: * * ============= * * Instead of the Edit Mode being changed, the Module continues * * to * * remain in Read Only Mode. * ****************""},{""char_end"":1047,""char_start"":0,""chunk_id"":""5469cb0ca73d4a85a245f5139b5425ace361c2077211dec81f716f51426171eb"",""document_id"":""techqa-doc:corpus/swg21469875.txt"",""filename"":""swg21469875.txt"",""rank"":9,""text"":""Title: IBM Error: Failed to open in exclusive edit when using IBM Rational DOORS Quality Center Interface sync - United States Text: DOORS; lock; exclusive; edit; QC; QCI; failed; open; sync; synch; synchronize; synchronization TECHNOTE (FAQ) QUESTION When trying to run a synchronization from the Rational DOORS Quality Center Interface Admin Tool I get an error related to DOORS that says \""Failed to open in exclusive edit\"", what is this? ANSWER Following are two items to check: * The DOORS module which is being synchronized is already open in exclusive edit mode by another user. You can check this by logging into DOORS as the 'Administrator' account and selecting Tools -> Manage Locks from the database explorer. If it is identified that another user has the module open in exclusive edit mode, notify them to exit out of the module. * The DOORS user configured in the DOORS Quality Center Admin Tool may not have access to the open the module in question in exclusive edit mode. So check the access rights for the module and make sure the""},{""char_end"":3972,""char_start"":3084,""chunk_id"":""326cfbef8db290f8653b82ad473f400e757195b939b08245fe8d2956dcb09ac2"",""document_id"":""techqa-doc:corpus/swg21444021.txt"",""filename"":""swg21444021.txt"",""rank"":10,""text"":"". Note: No users should be logged into the project with the problem module opened until repairs are complete. 1. Make a copy of the directory as a backup 2. Navigate to the server data directory location identified for the problem module 3. Open the Current Version directory 4. Rename the treedata.dtn file (if it exists ) from this directory to treedata.dtc 5. Restart the DOORS database server (ddbs) When there is no .dtn file, or after renaming the change (.dtn) file, and the module still fails to open you can attempt to use the backup treedata.dtb by renaming the file to treedata.dtc; then restart ddbs. If the module opens successfully click save before performing any work. If the problem is not resolved after renaming the file you need to obtain a working copy of the .dtc file from system backup of the last known good version of the data file and paste it in the directory.""}]",phase03-sufficiency-annotation-v1,f2fe3f7f29b834d78fd7c79bf4d4a94faee43c658d89c48e386854123066802b,human_annotator_1,sufficient,PM50525 chunk shows the fix is available in DOORS 9.4.0.1 per the reference.,2026-08-25T02:42:00+05:30
phase03-annotation-blinded-v1,ed56aff96b0bf5fcf80bd121984d1d740623d5bcef28ad649ec79e9a07245af5,91,TRAIN_Q330,train,bm25,5,"How do I change the default 'fit content by' behaviour of Daeja viewer in IBM Content Navigator, to fit content by height or width?

How do I change the default 'fit content by' behaviour of Daeja viewer in IBM Content Navigator v2.0.3, to fit content by height or width? ",answerable_with_reference,"The same parameter-value pair mentioned above can be added in the Additional Settings section of the Daeja ViewONE panel, of the admin desktop. Add the parameter-value pair to the Additional Settings section of 

 * the Professional tab for modifying the behaviour of the Daeja Professional viewer 
 * the Virtual tab for modifying the behaviour of the Daeja Virtual viewer.


Click New in the Additional Settings section to add the parameter-value pair. Save the changes and they should get picked up when the viewer is re-launched.","[{""char_end"":841,""char_start"":0,""chunk_id"":""fa9453278ee3718527a77c69d1d6cc483851165781518c475e42388528cb7e8c"",""document_id"":""techqa-doc:corpus/swg21674924.txt"",""filename"":""swg21674924.txt"",""rank"":1,""text"":""Title: IBM How do I change the default 'fit content by' behaviour of Daeja viewer in IBM Content Navigator, to fit content by height or width? - United States Text: fit by height; fit by width; fit; default fit; Daeja viewer; FileNet viewer; Daeja; scale TECHNOTE (FAQ) QUESTION How do I change the default 'fit content by' behaviour of Daeja viewer in IBM Content Navigator, to fit content by height or width? ANSWER In Content Navigator v2.0.2 In the ..navigator.war/applets/filenetViewer_properties.jsp file, set the value of the parameter 'scale' as follows To fit content by width, specify - scale: \""ftow\"", To fit content by height, specify - scale: \""ftoh\"", Here's another way to modify the behaviour: * make the same changes above to the filenetViewer_properties.jsp under ECMClient\\configure\\explodedformat\\navigator\\applets folder. *""},{""char_end"":4924,""char_start"":3945,""chunk_id"":""09f53fc6e8d2e4795f51fdcab233cea289ece1736f6cdb84ec2db31bfef18744"",""document_id"":""techqa-doc:corpus/swg27051104.txt"",""filename"":""swg27051104.txt"",""rank"":2,""text"":"", the following new enhancements have been added: * You can now retain the \""Fit to Width\"" and \""Fit to Height\"" settings during the complete logon session. A user views an image in DajeaViewer, and selects \""Fit To Height\"" or \""Fit to Width\"" from action menu. The image is scaled to proper zoom level in viewer, and also the selected setting of zoom level will be held on during the complete user session, and take effect until the user logs out. The new selected setting is only stored in user session temporarily, and does not replace the existing zoom level in user settings, but if the user changed zoom level in user settings, the session setting is overwritten by user settings. This feature applies to the following clients: * Scan client (Daeja HTML Viewer or Local Viewer) * Verify client (Daeja HTML Viewer) * Classify client (Daeja HTML Viewer) * SpeedScan client (Daeja HTML Viewer) * SpeedIndex client (Daeja HTML Viewer) * You can switch between \""Fit to Width\"" and \""Fit""},{""char_end"":5643,""char_start"":4751,""chunk_id"":""579e28e7a9f4e143966021b994b68112b1dcea24248ead724cf1db2845353335"",""document_id"":""techqa-doc:corpus/swg27051104.txt"",""filename"":""swg27051104.txt"",""rank"":3,""text"":""Viewer) * Classify client (Daeja HTML Viewer) * SpeedScan client (Daeja HTML Viewer) * SpeedIndex client (Daeja HTML Viewer) * You can switch between \""Fit to Width\"" and \""Fit to Height\"" in the user settings. A user can switch between \""Fit to Width\"" and \""Fit to Height\"" in the user settings. This setting applies to Scan, Verify, Classify, SpeedScan and SpeedIndex tabs with Daeja HTML Viewer and Local Rendering Viewer. * The keyboard shortcut for moving the image in viewer has been changed from \""CTRL +ALT +P\"" to \""CTRL + ALT + M\"". APARs addressed by this code fix The following table displays the list of APARs that are fixed in IBM Datacap 9.1.3 Interim Fix 005: Component APAR Number Description Defect ID Datacap Desktop IO26154 When using Oracle DB, a custom column in the TMBatch table shows \""Error received from aTM component\"" error on Datacap Web Server. 179406 Datacap Desktop IO2615""},{""char_end"":954,""char_start"":0,""chunk_id"":""abe7f977520d4d01dfc6eefbd50dbf1b1d8c7f2b19757c6f52ae6c81b6d1058d"",""document_id"":""techqa-doc:corpus/swg21685397.txt"",""filename"":""swg21685397.txt"",""rank"":4,""text"":""Title: IBM Upgrading the Daeja ViewONE version on IBM Content Navigator V2.0.3 - United States Text: Daeja ViewONE Navigator upgrade TECHNOTE (FAQ) QUESTION How do I upgrade to IBM Daeja ViewONE, V4.1.1 or later, in an IBM Content Navigator V2.0.3 installation? CAUSE You have entitlement to IBM Daeja ViewONE and want to manually upgrade the version of the product that is integrated in your IBM Content Navigator deployment to a newer version. ANSWER Prerequisites To upgrade the version of IBM Daeja ViewONE, you must have access to the IBM Content Navigator installation location and be able to deploy the application as for IBM Content Navigator. The instructions in this document use the following conventions: * <navigator> refers to the installation location of IBM Content Navigator. By default, the installation location is C:\\Program Files (x86)\\IBM\\ECMClient on Windows systems and/opt/IBM/ECMClient on UNIX systems. * <viewone> refers to the""},{""char_end"":2156,""char_start"":1330,""chunk_id"":""c1f7e7dec4be6f8fb923d2253f5f0ee3b6ee4fbe914024ec9e2e115ee2a3d904"",""document_id"":""techqa-doc:corpus/swg21590601.txt"",""filename"":""swg21590601.txt"",""rank"":5,""text"":""page matches the width of the window area. This may result in the visible page height exceeding the available window height in which case a vertical scroll bar appears automatically. “ftoh”: The page is scaled so that the height of the page matches the height of the window area. This may result in the visible page width exceeding the available window width in which case a horizontal scroll bar appears automatically. Modifying the parameter setting from writeParam('scale', 'ftow'); to writeParam('scale', 'best'); will cause the default page display from “ftow” (fit to window width) to “best” (fit to window). The Viewer can then display the entire image to fit the window, and the \""Fit to windows\"" icon on the toolbar will be enabled as shown in the screen capture below. [/support/docview.wss?uid=swg21590601&amp;aid=2]""}]",phase03-sufficiency-annotation-v1,f2fe3f7f29b834d78fd7c79bf4d4a94faee43c658d89c48e386854123066802b,human_annotator_1,insufficient,"Rank-1 span gives the v2.0.2 jsp method and the scale ftow/ftoh parameter, but the reference v2.0.3 method (Additional Settings on the Daeja ViewONE panel of the admin desktop) is not in the retrieved text.",2026-08-25T02:43:00+05:30
phase03-annotation-blinded-v1,87d3e358b50ed4c976c166fe49ffa2f6be5d13d22d19a1286a782fba368a89e4,92,TRAIN_Q405,validation,hybrid,10,"How do I define JMS objects for MQ?

Where and how do I defined JMS objects used by an MQ JMS application? ",benchmark_impossible_no_reference,,"[{""char_end"":1457,""char_start"":655,""chunk_id"":""36db10c67f391e0b8a0f7302b4168c0e64f1cfe7bb0c7e552985730eac256b0e"",""document_id"":""techqa-doc:corpus/swg21423244.txt"",""filename"":""swg21423244.txt"",""rank"":1,""text"":""RESOLVING THE PROBLEM WebSphere MQ Classes for JMS com.ibm.mq.jms.JMSC was a combined interface that attempted to do two things: * It provided constants and values solely for use by the JMS layer of code, for example transport type and other properties on the JMS Administered Objects. * It also replicated some of the standard WebSphere MQ constants. These WebSphere MQ constants would normally appear in structures such as the GetMessageOptions (GMO) or PutMessageOptions (PMO), and would usually be defined within for example header files such as CMQC.h. In WebSphere MQ V7, two architectural changes were made. Firstly the Java interface to WebSphere MQ (see diagrams at \"" What is new in WebSphere MQ Version 7.0 [http://www.ibm.com/support/knowledgecenter/SSFKSJ_7.0.1/com.ibm.mq.csqzaw.doc/jm3512""},{""char_end"":1726,""char_start"":735,""chunk_id"":""e815e6c2a6e5e84c1bb2b78d7382568dab8b0093f66323a14e2665f0f0af0b4d"",""document_id"":""techqa-doc:corpus/swg21457855.txt"",""filename"":""swg21457855.txt"",""rank"":2,""text"":""before using \""WebSphere MQ classes for Java\"" in J2EE/JEE. Follow these steps to obtain the MQ Base Java trace via the JVM method tracing from WebSphere Application Server: 1: Ensure to have at least one MQ JMS Administered Object in the WebSphere Application Server. If you do not have such an object, follow this sequence to define one: Using the WebSphere Application Server Administrative Console, create an MQ JMS Administered Object. We recommend to create a ConnectionFactory. This object does not need to be used, nor even have valid values. A Connection Factory can be created as follows: Resources -> JMS -> Connection factories -> New -> WebSphere MQ messaging provider You need to supply any value for the 'Name' and 'JNDI name' fields, and click the 'OK' button at the bottom of the panel. Save the configuration. Any time you create or modify a JMS object, you will need to restart the application server. Do not restart it yet, because few more things need to be configured. 2:""},{""char_end"":2065,""char_start"":1413,""chunk_id"":""1f1e7f61ce2fa46eae1e2f71147663435b2d641dc1905e5fbe0fb71e393ade4d"",""document_id"":""techqa-doc:corpus/swg21290334.txt"",""filename"":""swg21290334.txt"",""rank"":3,""text"":""MQ Java or JMS interface. 3. 4. 5. Generate a trace of the queue manager [http://www.ibm.com/support/docview.wss?uid=swg21667375] at the same time. 6. STEP 2: COLLECT DATA 1. 2. Record the MQ version and maintenance level [http://www.ibm.com/support/docview.wss?uid=swg21621707]. 3. 4. 5. Record the operating system version and maintenance level [http://www.ibm.com/support/docview.wss?uid=swg21634678]. 6. 7. 8. If the problem is with a JMS application which uses JMS connection factory and destination objects stored in JNDI [http://www.ibm.com/support/docview.wss?uid=swg21161085], display the attributes of those objects. For example, if you confi""},{""char_end"":2729,""char_start"":1907,""chunk_id"":""e4a96812049d97b2414f91f5ef9720b9ae1f11bc541ba7db43c98f3ea2abd6d8"",""document_id"":""techqa-doc:corpus/swg27023212.txt"",""filename"":""swg27023212.txt"",""rank"":4,""text"":""Chapter 3: - How to create a Connection Factory, a Queue and a Topic object into the JNDI via the MQ Explorer in Windows. Chapter 4: - How to run in UNIX, 2 excellent samples provided with MQ V7 that show how to use the JNDI to do Point-to-Point (queue based) messaging, and how to do Pub/Sub (topic based). Complete runs for the scenarios are included. - These 2 samples are located at: UNIX: /opt/mqm/samp/jms/samples Windows: C:\\Program Files\\IBM\\WebSphere MQ\\tools\\jms\\samples JmsJndiConsumer.java JmsJndiProducer.java These samples are provided in source Java code and in compiled format. The source files have good explanation of the code. The samples use: IBM JMS API (v1.1, unified domain). - MQ also ships 2 other samples that do not use the JNDI. They are not discussed in this techdoc, but are mentioned in case""},{""char_end"":5951,""char_start"":5332,""chunk_id"":""d5e4d1c8972387bf2938926c8f381098ea872da37f8b6f73b00330d5fb2a3c15"",""document_id"":""techqa-doc:corpus/swg1IT18406.txt"",""filename"":""swg1IT18406.txt"",""rank"":5,""text"":""PROBLEM CONCLUSION * The MQ classes for JMS QueueBrowser code has been updated to specify the MQ get message option: MQGMO_PROPERTIES_FORCE_MQRFH2 when browsing for messages on a queue to generate an enumeration of JMSMessage objects. As a result, message properties are returned in an MQRFH2 headers that can be parsed and properties mapped onto JMSMessage objects as per the documentation in the Knowledge Center: http://www.ibm.com/support/knowledgecenter/en/SSFKSJ_9.0.0/com.i bm.mq.dev.doc/q032060_.htm [http://www.ibm.com/support/knowledgecenter/en/SSFKSJ_9.0.0/com.ibm.mq.dev.doc/q032060_.htm] ------------------""},{""char_end"":6316,""char_start"":5531,""chunk_id"":""9cbb06d97491ff0fc543c4058451933afd61d184810612bbfdfc42c668f268c6"",""document_id"":""techqa-doc:corpus/swg1IT24429.txt"",""filename"":""swg1IT24429.txt"",""rank"":6,""text"":""following changes have been made: Change 1: ------------- The following topics in the IBM MQ sections of IBM Knowledge Center: - Collecting an IBM MQ classes for JMS trace by using a Java system property - Collecting an IBM MQ classes for JMS trace by using the IBM MQ classes for JMS configuration file - Collecting an IBM MQ classes for JMS trace dynamically by using the traceControl utility\"" and the IBM MQ classes for JMS configuration file: jms.config shipped with WebSphere MQ V7.5, and IBM MQ V8 and V9, have been updated to indicate that the default name of the trace file generated by IBM MQ classes for JMS applications that do not include the IBM MQ relocatable JAR file (com.ibm.mq.allclient.jar) on their CLASSPATH is: mqjava_%PID%.trc. Change 2: ------------- The string""},{""char_end"":3375,""char_start"":2563,""chunk_id"":""136951890f7612e9593d2bf6a2be58e7fe881af8e14494a4e490f1dbf0263d42"",""document_id"":""techqa-doc:corpus/swg1IT18406.txt"",""filename"":""swg1IT18406.txt"",""rank"":7,""text"":""This issue affects users who have applications using the MQ classes for JMS in 'MQ messaging provider normal mode' that create QueueBrowser objects to browse messages that do not contain message properties in an RFH2 header. Platforms affected: MultiPlatform **************************************************************** PROBLEM DESCRIPTION: If an MQ classes for JMS application created an JMS QueueBrowser object to browse for messages on a particular queue, then message properties would not be populated in the enumeration of JMSMessage objects if the properties were not stored in an MQRFH2 header within the message. Therefore, any message properties associated with the message outside of the MQRFH2 would not be available to the MQ classes for JMS application. For example, consider an administratively""},{""char_end"":3643,""char_start"":2769,""chunk_id"":""de3fb27b293bf36c766bcf541f3503862c3a1136356050b2a9cb97773d5441af"",""document_id"":""techqa-doc:corpus/swg1IT21384.txt"",""filename"":""swg1IT21384.txt"",""rank"":8,""text"":""by MQ classes for JMS applications, before creating Connection and Context objects, or - Setting the MQConstants.USE_MQCSP_AUTHENTICATION_PROPERTY to true in the properties hashtable passed to the com.ibm.mq.MQQueueManager constructor for MQ classes for Java applications. The Java system property, \""com.ibm.mq.cfg.jmqi.useMQCSPauthentication\"", that should have enabled MQCSP authentication mode globally when set to the value \""Y\"" was not checked by either the MQ classes for JMS or the MQ classes for Java when determining if an MQCSP structure should be created and flowed to the queue manager when establishing a connection. PROBLEM CONCLUSION * The MQ classes for JMS have been updated such that if the JmsConstants.USER_AUTHENTICATION_MQCSP property has not been set to true on the JMS Connection Factory used by the application, the value of the global \""com.ibm.mq.cfg""},{""char_end"":3976,""char_start"":3294,""chunk_id"":""8d5f31a88a9ddf56501340fd7aeeeadc2b6d282d75775dde11b2a999bc277956"",""document_id"":""techqa-doc:corpus/swg21423244.txt"",""filename"":""swg21423244.txt"",""rank"":9,""text"":""s.MQConstants that contains functions to do a mapping between a WebSphere MQ constant value and its well know textual name. For more information about this class, please see the following section: Class MQConstants [http://www.ibm.com/support/knowledgecenter/SSFKSJ_8.0.0/com.ibm.mq.javadoc.doc/WMQJMSClasses/com/ibm/mq/constants/MQConstants.html] This package can be used by both WebSphere MQ classes for JMS and WebSphere MQ classes for Java applications. The constants that are specific to the classes for JMS are now contained within the interface com.ibm.msg.client.jms.JmsConstants: [http://www.ibm.com/support/knowledgecenter/SSFKSJ_8.0.0/com.ibm.mq.javadoc.doc/WMQJMSClasses""},{""char_end"":2227,""char_start"":1597,""chunk_id"":""7bce39ec402bd83ed3791e92d687e3d0e07d809e95f66833d28774b7c208f165"",""document_id"":""techqa-doc:corpus/swg1IT24521.txt"",""filename"":""swg1IT24521.txt"",""rank"":10,""text"":""the MQ configuration property \""Target Client\"" set to the value 0 (for JMS), or - Programmatically create and configure a JMS Destination object from a JMS Session using the methods: com.ibm.mq.jms.MQSession.createQueue(String) com.ibm.mq.jms.MQSession.createTopic(String) or the equivalent \""javax.jms.JMSContext\"" class if using the JMS v2.0 interface. PROBLEM SUMMARY * **************************************************************** USERS AFFECTED: This issue affects message-driven bean (MDB) applications that consume messages which do not contain an MQRFH2 header, via an IBM MQ JCA Resource Adapter Activation Specification,""}]",phase03-sufficiency-annotation-v1,f2fe3f7f29b834d78fd7c79bf4d4a94faee43c658d89c48e386854123066802b,human_annotator_1,sufficient,Rank-2 (WAS console path for creating MQ JMS administered objects) and rank-4 (JNDI objects via MQ Explorer plus JmsJndi samples) together answer where and how to define JMS objects for MQ.,2026-08-25T02:44:00+05:30
phase03-annotation-blinded-v1,03a67d4843a66f704cc826b6083a6fd269eeea16ad36bc259ab143b2707aa864,93,DEV_Q120,train,dense,1,"Why do we get server error message when running BIRT reports after upgrading to Atlas 6.0.3.3?

Why do we get server error message when running BIRT reports after upgrading to Atlas 6.0.3.3? ",answerable_with_reference,This happens when the BIRT Reports is running in Standalone mode and happens due to a new configuration - report.standalone.userid,"[{""char_end"":593,""char_start"":0,""chunk_id"":""dc80fc11986fcd7ed2c51208b1f132226fa368d151c6396e1d88bfad4372cf76"",""document_id"":""techqa-doc:corpus/swg21982354.txt"",""filename"":""swg21982354.txt"",""rank"":1,""text"":""Title: IBM Server Error Message when running BIRT Reports after upgrading to Atlas 6.0.3.3 - United States Text: TECHNOTE (FAQ) QUESTION Why do we get server error message when running BIRT reports after upgrading to Atlas 6.0.3.3? CAUSE This happens when the BIRT Reports is running in Standalone mode and happens due to a new configuration - report.standalone.userid ANSWER 1. Navigate to Atlas Properties Folder 2. Edit AtlasReportConfig.properties 3. Uncomment the property #report.standalone.userid=1 4. Save the change 5. Restart both Atlas and Atlas Reports application server instances""}]",phase03-sufficiency-annotation-v1,f2fe3f7f29b834d78fd7c79bf4d4a94faee43c658d89c48e386854123066802b,human_annotator_1,sufficient,"Single chunk is the exact technote with the reference cause (standalone mode, report.standalone.userid) and the fix steps.",2026-08-25T02:45:00+05:30
phase03-annotation-blinded-v1,6808a9ecf4172b4c41ae837ecc91549c8a52702bb9ac958ab30cfebc5bda6269,94,TRAIN_Q108,validation,hybrid,10,"Help with Security Bulletin: Vulnerability in Diffie-Hellman ciphers affects IBM WebSphere MQ Internet Passthru (CVE-2015-4000)

I need to understand details regarding Security Bulletin: Vulnerability in Diffie-Hellman ciphers affects IBM WebSphere MQ Internet Passthru (CVE-2015-4000). Where can I find this information? ",answerable_with_reference,"CVEID: CVE-2015-4000 [http://cve.mitre.org/cgi-bin/cvename.cgi?name=CVE-2015-4000]
DESCRIPTION: The TLS protocol could allow a remote attacker to obtain sensitive information, caused by the failure to properly convey a DHE_EXPORT ciphersuite choice. An attacker could exploit this vulnerability using man-in-the-middle techniques to force a downgrade to 512-bit export-grade cipher. Successful exploitation could allow an attacker to recover the session key as well as modify the contents of the traffic. This vulnerability is commonly referred to as ""Logjam"".
CVSS Base Score: 4.3
CVSS Temporal Score: See https://exchange.xforce.ibmcloud.com/vulnerabilities/103294 [https://exchange.xforce.ibmcloud.com/vulnerabilities/103294] for the current score
CVSS Environmental Score*: Undefined
CVSS Vector: (AV:N/AC:M/Au:N/C:P/I:N/A:N)","[{""char_end"":911,""char_start"":0,""chunk_id"":""e5b81e814d3adbaa644a13718f4600595e8dd3cf9ad53b58a0baa5fa1e9bfff6"",""document_id"":""techqa-doc:corpus/swg21959745.txt"",""filename"":""swg21959745.txt"",""rank"":1,""text"":""Title: IBM Security Bulletin: Vulnerability in Diffie-Hellman ciphers affects IBM WebSphere MQ Internet Passthru (CVE-2015-4000) - United States Text: SECURITY BULLETIN SUMMARY The Logjam Attack on TLS connections using the Diffie-Hellman (DH) key exchange protocol affects IBM WebSphere MQ Internet Pass-thru (MQIPT). VULNERABILITY DETAILS CVEID: CVE-2015-4000 [http://cve.mitre.org/cgi-bin/cvename.cgi?name=CVE-2015-4000] DESCRIPTION: The TLS protocol could allow a remote attacker to obtain sensitive information, caused by the failure to properly convey a DHE_EXPORT ciphersuite choice. An attacker could exploit this vulnerability using man-in-the-middle techniques to force a downgrade to 512-bit export-grade cipher. Successful exploitation could allow an attacker to recover the session key as well as modify the contents of the traffic. This vulnerability is commonly referred to as \""Logjam\"". CVSS Base""},{""char_end"":933,""char_start"":0,""chunk_id"":""67cfd2b9a8dd03bef2799ef29068a80bb905a52bbd7202ecad228a21350ee0de"",""document_id"":""techqa-doc:corpus/swg21961072.txt"",""filename"":""swg21961072.txt"",""rank"":2,""text"":""Title: IBM Security Bulletin: A security vulnerability has been identified in muiltiple products shipped with Predictive Customer Intelligence (CVE-2015-4000) - United States Text: SECURITY BULLETIN SUMMARY WebSphere Application Server, Cognos Business Intelligence, Integration Bus, and WebSphere MQ are shipped as components of Predictive Customer Intelligence. Information about a security vulnerability affecting WebSphere Application Server, Cognos Business Intelligence, Integration Bus, and WebSphere MQ has been published in a security bulletin. VULNERABILITY DETAILS Please consult the security bulletins: Vulnerability in Diffie-Hellman ciphers affects IBM Cognos Business Intelligence (CVE-2015-4000) [http://www-01.ibm.com/support/docview.wss?uid=swg21959671] Vulnerability with Diffie-Hellman ciphers may affect IBM WebSphere Application Server (CVE-2015-4000) [http://www-01.ibm.com/support/docview.wss?uid=swg21957980]""},{""char_end"":904,""char_start"":0,""chunk_id"":""3ed192c809834410cca5e1caf24f58fe50ed4cb91b4f47feb4b6f86993965f6f"",""document_id"":""techqa-doc:corpus/swg21959257.txt"",""filename"":""swg21959257.txt"",""rank"":3,""text"":""Title: IBM Security Bulletin:Vulnerability with Diffie-Hellman ciphers may affect IBM WebSphere Application Server shipped with Tivoli Network Manager IP Edition(CVE-2015-4000) - United States Text: SECURITY BULLETIN SUMMARY The LogJam Attack on Diffie-Hellman ciphers (CVE-2015-4000) may affect some configurations of IBM WebSphere Application Server Full Profile, IBM WebSphere Application Server Liberty Profile, and IBM WebSphere Application Server Hypervisor Edition. The IBM HTTP Server used by WebSphere Application Server is not affected. VULNERABILITY DETAILS Please consult the security bulletin for Security Bulletin: Vulnerability with Diffie-Hellman ciphers may affect IBM WebSphere Application Server (CVE-2015-4000) [http://www-01.ibm.com/support/docview.wss?uid=swg21957980]vulnerability details and information about fixes. CVEID: CVE-2015-4000 [http://cve.mitre.org/cgi-bin/cvename.cgi?""},{""char_end"":966,""char_start"":0,""chunk_id"":""2250e7c6061dce2ddaf7b28030a9a35a1582a7fa1cbe928b11fe4892b94ef17d"",""document_id"":""techqa-doc:corpus/swg21959969.txt"",""filename"":""swg21959969.txt"",""rank"":4,""text"":""Title: IBM Security Bulletin: A security vulnerability has been identified in IBM SDK, Java Technology Edition and IBM WebSphere Application Server shipped with IBM Decision Optimization Center (CVE-2015-4000) - United States Text: SECURITY BULLETIN SUMMARY IBM SDK, Java Technology Edition and IBM WebSphere Application Server are shipped as components of IBM Decision Optimization Center. Information about a security vulnerability affecting IBM SDK, Java Technology Edition and IBM WebSphere Application Server have been published in security bulletins. VULNERABILITY DETAILS Please consult the security bulletins Vulnerability in Diffie-Hellman ciphers affects IBM SDK, Java Technology Edition (CVE-2015-4000) [http://www-01.ibm.com/support/docview.wss?uid=swg21959664] and Vulnerability with Diffie-Hellman ciphers may affect IBM WebSphere Application Server (CVE-2015-4000) [http://www-01.ibm.com/support/docview.wss?uid=swg21957980] for vulnerability details.""},{""char_end"":901,""char_start"":0,""chunk_id"":""737c210c143ec624086b914cd9fe69e6d253e06d6ca88b9842ed89493ad05309"",""document_id"":""techqa-doc:corpus/swg21958984.txt"",""filename"":""swg21958984.txt"",""rank"":5,""text"":""Title: IBM Security Bulletin: Vulnerability in Diffie-Hellman ciphers affects IBM WebSphere MQ Telemetry (CVE-2015-4000) - United States Text: SECURITY BULLETIN SUMMARY The Logjam Attack on TLS connections using the Diffie-Hellman (DH) key exchange protocol affects IBM WebSphere MQ Telemetry (MQXR) service. VULNERABILITY DETAILS CVEID: CVE-2015-4000 [http://cve.mitre.org/cgi-bin/cvename.cgi?name=CVE-2015-4000] DESCRIPTION: The TLS protocol could allow a remote attacker to obtain sensitive information, caused by the failure to properly convey a DHE_EXPORT ciphersuite choice. An attacker could exploit this vulnerability using man-in-the-middle techniques to force a downgrade to 512-bit export-grade cipher. Successful exploitation could allow an attacker to recover the session key as well as modify the contents of the traffic. This vulnerability is commonly referred to as \""Logjam\"". CVSS Base""},{""char_end"":1557,""char_start"":812,""chunk_id"":""b62bc1f0b21d5a47f3076a32b2b263a92cd9187fc4fda24cba6e26a1df0836b1"",""document_id"":""techqa-doc:corpus/swg21961072.txt"",""filename"":""swg21961072.txt"",""rank"":6,""text"":""s may affect IBM WebSphere Application Server (CVE-2015-4000) [http://www-01.ibm.com/support/docview.wss?uid=swg21957980] Vulnerability in Diffie-Hellman ciphers known as Logjam affects IBM WebSphere Message Broker and IBM Integration Bus (CVE-2015-4000) [http://www.ibm.com/support/docview.wss?uid=swg21958955] Vulnerability in Diffie-Hellman ciphers affects IBM WebSphere MQ Telemetry (CVE-2015-4000) [http://www-01.ibm.com/support/docview.wss?uid=swg21958984] for vulnerability details and information about fixes. AFFECTED PRODUCTS AND VERSIONS Principal Product and Version(s) Affected Supporting Product and Version IBM Predictive Customer Intelligence 1.0 IBM Cognos Business Intelligence Server 10.2.1.1 WebSphere Application Server 8.5.""},{""char_end"":3823,""char_start"":3196,""chunk_id"":""932d5abf96e0d865e191abf32a7b45d9dfc3180ad774289f243610fd4e2f4bf4"",""document_id"":""techqa-doc:corpus/swg21883331.txt"",""filename"":""swg21883331.txt"",""rank"":7,""text"":""E-2015-4947, CVE-2015-2808) [http://www.ibm.com/support/docview.wss?uid=swg21970056] * Security Bulletin: IBM Tivoli Monitoring embedded WebSphere Application Server (CVE-2015-1920) [http://www-01.ibm.com/support/docview.wss?uid=swg21963474] * [http://www-01.ibm.com/support/docview.wss?uid=swg21963473]Security Bulletin: Vulnerability in Diffie-Hellman ciphers affects IBM Tivoli Monitoring (CVE-2015-4000) [http://www.ibm.com/support/docview.wss?uid=swg21962739] * Security Bulletin: Vulnerability in Diffie-Hellman ciphers affects the Enterprise Common Collector component of the IBM Tivoli zEnterprise Monitoring Agent (CVE""},{""char_end"":1017,""char_start"":0,""chunk_id"":""309741b07e02065c160fa02cba6e448774158f16580f6c846af80c78a0e1547c"",""document_id"":""techqa-doc:corpus/swg21962540.txt"",""filename"":""swg21962540.txt"",""rank"":8,""text"":""Title: IBM Security Bulletin: A security vulnerability has been identified in WebSphere Application Server shipped with IBM Tivoli Service Automation Manager (CVE-2015-4000) - United States Text: CVE-2015-4000 SECURITY BULLETIN SUMMARY WebSphere Application Server is shipped as a component of Tivoli Service Automation Manager. Information about a security vulnerability that affects WebSphere Application Server has been published in the security bulletin. VULNERABILITY DETAILS Review Security Bulletin: Vulnerability with Diffie-Hellman ciphers may affect IBM WebSphere Application Server (CVE-2015-4000) [http://www.ibm.com/support/docview.wss?uid=swg21957980] for vulnerability details. AFFECTED PRODUCTS AND VERSIONS Principal Product and Versions Affected Supporting Product and Version Tivoli Service Automation Manager V7.2.1 through V7.2.4 WebSphere Application Server V6.1.0.0 through 6.1.0.47. REMEDIATION/FIXES Review Security Bulletin: Vulnerability with Diffie-Hellman ciphers may affect IBM WebSphere""},{""char_end"":930,""char_start"":0,""chunk_id"":""9cfbd765cfde98dc6c12da97cdc4de0ec980658caa3368b3792c61765a3027c1"",""document_id"":""techqa-doc:corpus/swg21959058.txt"",""filename"":""swg21959058.txt"",""rank"":9,""text"":""Title: IBM Security Bulletin: Vulnerability with Diffie-Hellman ciphers affects IBM WebSphere Portal Server (CVE-2015-4000) - United States Text: SECURITY BULLETIN SUMMARY The LogJam Attack on Diffie-Hellman ciphers (CVE-2015-4000) affects IBM WebSphere Application Server that is shipped as a component of IBM WebSphere Portal. VULNERABILITY DETAILS CVEID: CVE-2015-4000 [http://cve.mitre.org/cgi-bin/cvename.cgi?name=CVE-2015-4000] DESCRIPTION: The TLS protocol could allow a remote attacker to obtain sensitive information, caused by the failure to properly convey a DHE_EXPORT ciphersuite choice. An attacker could exploit this vulnerability using man-in-the-middle techniques to force a downgrade to 512-bit export-grade cipher. Successful exploitation could allow an attacker to recover the session key as well as modify the contents of the traffic. This vulnerability is commonly referred to as \""Logjam\"". CVSS Base Score: 4""},{""char_end"":973,""char_start"":0,""chunk_id"":""875d7d75e3f910d008bedf7b0a4a65994763a614ad4aea4cf4b13afe22b1f517"",""document_id"":""techqa-doc:corpus/swg21962162.txt"",""filename"":""swg21962162.txt"",""rank"":10,""text"":""Title: IBM Security Bulletin: Vulnerability in Diffie-Hellman ciphers affects Websphere Partner Gateway Enterprise/Advanced Editions (CVE-2015-4000) - United States Text: WPG Security Bulletin SECURITY BULLETIN SUMMARY The Logjam Attack on TLS connections using the Diffie-Hellman (DH) key exchange protocol affects Websphere Partner Gateway Enterprise/Advanced Editions VULNERABILITY DETAILS CVEID: CVE-2015-4000 [http://cve.mitre.org/cgi-bin/cvename.cgi?name=CVE-2015-4000] DESCRIPTION: The TLS protocol could allow a remote attacker to obtain sensitive information, caused by the failure to properly convey a DHE_EXPORT ciphersuite choice. An attacker could exploit this vulnerability using man-in-the-middle techniques to force a downgrade to 512-bit export-grade cipher. Successful exploitation could allow an attacker to recover the session key as well as modify the contents of the traffic. This vulnerability is commonly referred to as \""Logjam\"". CVSS Base Score: 4.""}]",phase03-sufficiency-annotation-v1,f2fe3f7f29b834d78fd7c79bf4d4a94faee43c658d89c48e386854123066802b,human_annotator_1,sufficient,Rank-1 is the exact MQIPT bulletin (swg21959745) with the CVE-2015-4000 description from the reference.,2026-08-25T02:46:00+05:30
phase03-annotation-blinded-v1,2834a243aaa4fb59e047af2041721aea9d951da910759e10ebb133855b93779e,95,TRAIN_Q351,validation,hybrid,10,"How to set session time out period for a single user in DASH?

How to set session time out period for a single user in DASH?",answerable_with_reference,"The HTTP Session time-out can be set in the following places: 

 * From the Administrative Console at the server, Enterprise application, and Web application levels 
 * At the time when the application is packaged 
 * In the application code","[{""char_end"":830,""char_start"":0,""chunk_id"":""385ace828487e7fa11470d74e303d6a3344090831de3985ab5183bf65c7987a9"",""document_id"":""techqa-doc:corpus/swg21973714.txt"",""filename"":""swg21973714.txt"",""rank"":1,""text"":""Title: IBM DASH/JazzSM: Change Session time out - United States Text: DASHL2; DASHCONF; DASH session time out TECHNOTE (FAQ) QUESTION How can I change session time out in IBM Dashboard Application Service Hub (DASH) /JazzSM? ANSWER The session time out can be controlled by modifying below files. Please make a backup copy of each file before modifying it. 1. deployment.xml <JazzSM_HOME>/profile/config/cells/JazzSMNode01Cell/applications/isc.ear/deployments/isc/deployment.xml In this file, locate the following section and change the invalidationTimeout to a desired value (by default it is set to 30 minutes). If there is no activity in DASH for set time, the session will time out and user will be logged out of DASH. <tuningParams xmi:id=\""TuningParams_1447548332527\"" usingMultiRowSchema=\""false\"" maxInMemorySessionCount=\""1000""},{""char_end"":1962,""char_start"":1178,""chunk_id"":""3f7994374fc8d0864ae7a558626b6fca2d87757fe2a4ef826b79193b458fd786"",""document_id"":""techqa-doc:corpus/swg21973714.txt"",""filename"":""swg21973714.txt"",""rank"":2,""text"":""SMNode01Cell/applications/isc.ear/deployments/isc/isclite.war/WEB-INF/consoleProperties.xml Change below property to keep the DASH session alive for the time that is set. By default, it is set to 20 minutes. So, for every 20 minutes, it will make a call to DASH to keep it active so that the session will not get expired. <consoleproperties:console-property id=\""ISC.KEEPALIVE.INTERVAL\"" value=\""20\""/> If you want the session to expire when there is no activity in DASH, please make sure that the above value is GREATER than the \""invalidationTimeout\"" value that you set in deployment.xml. For example; If invalidationTimeout is set to \""20\"" and ISC.KEEPALIVE.INTERVAL is set to \""30\"", and there is no activity for 20 minutes then the user will be logged out automatically after 20 minutes.""},{""char_end"":940,""char_start"":0,""chunk_id"":""16da8548b6f64d85ca03782dd36c4151e70949916cdef4a46f293371a1c864ad"",""document_id"":""techqa-doc:corpus/swg21690658.txt"",""filename"":""swg21690658.txt"",""rank"":3,""text"":""Title: IBM Setting a big session time-out value in DASH causes session lock-out - United States Text: DASHL2; session; time-out; timeout; cannot login; locked out ; 2147483647; security.xml TECHNOTE (TROUBLESHOOTING) PROBLEM(ABSTRACT) Using a big value (2147483647) for the session timeout setting in DASH, to achieve the maximum time between timeouts, is causing users to be locked out completely. SYMPTOM After entering the user ID and password in the login page, and then pressing the \""continue\"" button, the login page does not change, stuck at \""processing\"" and then returns to the login page again.\"" All users get essentially locked out completely from DASH sessions. CAUSE In order to maximize the time between session timeouts, the customer is setting the timeout parameter in the security.xml file to 2147483647. This timeout parameter used in the security.xml file is a WAS setting, but DASH is using a javascript call (settimeout),""},{""char_end"":798,""char_start"":0,""chunk_id"":""da06c4918316940216b7c60a783361b0b0c43e2bef612968435739a0ff7a27c7"",""document_id"":""techqa-doc:corpus/swg21883735.txt"",""filename"":""swg21883735.txt"",""rank"":4,""text"":""Title: IBM Setting DASH session timeout at the User or Group level. - United States Text: DASH; DASHL2; DASHL2CONF; Session Timeout; Configuration; Controls; User; Group ; level TECHNOTE (FAQ) QUESTION Is it possible to set DASH session timeout parameters on a group and user level? CAUSE For security reasons, customer wants to set DASH session timeout at the group and user level. ANSWER Setting DASH session Time-out controls is not supported at the Group and User level. For your convenience, here is a link for additional information on setting DASH session timeouts: www.ibm.com/developerworks/community/blogs/69ec672c-dd6b-443d-add8-bb9a9a490eba/entry/dash_session_timeout_configuration_controls?lang=en [https://www.ibm.com/developerworks/community/blogs/69ec672c-dd6b-443d-add8-bb9a9a490eb""},{""char_end"":785,""char_start"":0,""chunk_id"":""6cf08a8e3e384bc79e8b3522f1fb358a852466ee5bf8c6cff6fddad8ae2a3178"",""document_id"":""techqa-doc:corpus/swg21679259.txt"",""filename"":""swg21679259.txt"",""rank"":5,""text"":""Title: IBM Single sign off for WebSEAL and Dashboard Application Services Hub (DASH) - United States Text: TECHNOTE (TROUBLESHOOTING) PROBLEM(ABSTRACT) How can I configure Single Sign Off (SSO) for WebSEAL and Dashboard Application Services Hub (DASH) so that when a user logs out from DASH it logs the user out from WebSEAL too? SYMPTOM If a user logs out from DASH it does not log out the user from WebSEAL automatically. Refreshing the page let's the user log in to WebSEAL without entering a user Id and password. RESOLVING THE PROBLEM The URL below partially covers this topic so take a look into this first. http://www-01.ibm.com/support/knowledgecenter/SSEKCU_1.1.0/com.ibm.psc.doc_1.1.0/tip_original/ttip_config_tam_logout.html [http://www-01.ibm.com/support/knowledgecenter/SS""},{""char_end"":1829,""char_start"":784,""chunk_id"":""627ee3e9be19f87790c43af7f5a43ab2d6bce89d0b2f2ba3c65bd78653132470"",""document_id"":""techqa-doc:corpus/swg21444816.txt"",""filename"":""swg21444816.txt"",""rank"":6,""text"":""the Administration Console of the IBM Cognos Now! Workbench, a Session Timeout Configuration setting is available that is not described in the documentation. Session Timeout Configuration allows you to set the timeout period for IBM Cognos Now! as well as specify a specific timeout for a group of users. When the session timeout occurs, IBM Cognos Now! displays a pop-up screen that informs the user that the session has expired and allows the user to re-enter the user name and password. Note: Session timeout does not apply to a user logged in as Anonymous. The following are the settings for the session timeout: Default Session Timeout : Specifies how long IBM Cognos Now! can be idle before users must log in again. Setting the default session timeout to 0 indicates that user sessions do not time out. The default is 60 minutes. Alternate Session Timeout : Specifies how long IBM Cognos Now! can be idle before a specified list of users must log in again. The value that you specify for the alternate session timeout overrides the default""},{""char_end"":869,""char_start"":0,""chunk_id"":""a91363e83d87db665c9be7f1d2b0087aba7cb6df38693f035ef013cccc78efbf"",""document_id"":""techqa-doc:corpus/swg21682364.txt"",""filename"":""swg21682364.txt"",""rank"":7,""text"":""Title: IBM Configuring the session timeout value in IBM Endpoint Manager for Remote Control - United States Text: session timeout; web.xml.logged out TECHNOTE (FAQ) QUESTION When I am logged on to the IBM Endpoint Manager for Remote Control server and there is no activity, I am logged out after a period of time. How can I increase this time interval? CAUSE A default time period of 30 minutes is set in the WEB. XML file that is installed with the server. ANSWER You can increase the timeout value by editing the WEB. XML file. For a server that is installed by using the server installer, the file is in the following directory, \\[server installation directory]\\wlp\\usr\\servers\\trcserver\\apps\\TRCAPP.ear\\trc.war\\WEB-INF For a server that is installed on a Linux operating system /[server installation directory]/wlp/usr/servers/trcserver/apps/TRCAPP.ear/trc.war/WEB-""},{""char_end"":739,""char_start"":0,""chunk_id"":""c443a6baba0b1a1130bde91e1d057f30a951254e7a37f277ff7620d9b19abbe6"",""document_id"":""techqa-doc:corpus/swg21324345.txt"",""filename"":""swg21324345.txt"",""rank"":8,""text"":""Title: IBM How to force a user to re-login after 'n' minutes of inactivity in Change? - United States Text: timeout; session; invalidate; expire TECHNOTE (FAQ) QUESTION How to force a user to re-login after 'n' minutes of inactivity in Change? ANSWER By default Change is configured never to invalidate a user's session after inactivity for a period of time. This setting is present in the pt.cfg file located in <Change_home>\\cs_app\\webapps\\synergy\\WEB-INF\\wsconfig: * * * # forcing them to re-login. A value of '0' disables the timeout. * [CCM_SYSTEM][USER_SESSION_TIMEOUT]0[/USER_SESSION_TIMEOUT][/CCM_SYSTEM] * By default the setting is '0' so as never to invalidate the user. To set a time limit of inactivity, simply specify the time""},{""char_end"":1023,""char_start"":0,""chunk_id"":""df41970f53eddc15ca9491cb23f5541b5c8052b1fdc0e3e01d99651320dbdd42"",""document_id"":""techqa-doc:corpus/swg21444816.txt"",""filename"":""swg21444816.txt"",""rank"":9,""text"":""Title: IBM Cognos Now! - Session Timeout - United States Text: TECHNOTE (TROUBLESHOOTING) PROBLEM(ABSTRACT) How to change Session Timeout SYMPTOM Need to re-login RESOLVING THE PROBLEM Check the link below for more details : Release Notes Fix Pack 2 4.6.0.2 * Changes > Session Timeout IBM Cognos Now! allows you to set a session timeout with Session Timeout Configuration that is available as one of the system settings in the Administration Console of the IBM Cognos Now! Workbench. You can set a global timeout for IBM Cognos Now! and set a alternate timeout for a subset of the users. For information about the session timeout, see \""Session Timeout Configuration Not Documented\"". * General Documentation Issues > Session Timeout Configuration Not Documented In System Settings of the Administration Console of the IBM Cognos Now! Workbench, a Session Timeout Configuration setting is available that is not described in the documentation. Session Timeout Configuration allows you to set the timeout period for IBM Cognos""},{""char_end"":920,""char_start"":0,""chunk_id"":""149d1a208e56f1caf45267dba3ffb803948bb45f5120fb3a5d8e76145d5b3e94"",""document_id"":""techqa-doc:corpus/swg21977318.txt"",""filename"":""swg21977318.txt"",""rank"":10,""text"":""Title: IBM How to increase the session timeout for IBM InfoSphere MDM Collaboration Server User Interface - United States Text: session timeout \""inactive interval\"" \""times-out\"" TECHNOTE (FAQ) QUESTION How can I increase the session timeout value for IBM InfoSphere MDM Collaboration Server User Interface CAUSE During time intensive item or category insert / update work it may happen that the session times out and unsafed work is lost. The message window that pops up when this happens shows: * * * \""Your session times-out in 0 minutes. Would you like to reset your session with the server ?\"" * ANSWER You need to increase the value in $TOP/etc/default/common.properties for following parameter: * * max_inactive_interval=1800 * The max_inactive_interval parameter specifies the inactive session duration in seconds. By default it is set to 1800 (30 minutes). The server needs to be restarted so the new setting is used""}]",phase03-sufficiency-annotation-v1,f2fe3f7f29b834d78fd7c79bf4d4a94faee43c658d89c48e386854123066802b,human_annotator_1,sufficient,Rank-4 technote answers directly: DASH session timeout controls are not supported at the user or group level.,2026-08-25T02:47:00+05:30
phase03-annotation-blinded-v1,2fbcda23b9e630e339dcbb52f4ccb0c514035ffc47c385738e358c632c07ef10,96,DEV_Q254,train,bm25,10,"Why do I receive the message, ""IKJ79154I INSTALLATION EXIT IKJEESX0 REQUESTED TERMINATION. "" for a TSO SEND command?

If you issue the TSO SEND command in a batch job and receive this message:

IKJ79154I INSTALLATION EXIT IKJEESX0 REQUESTED TERMINATION.
IKJ79154I REASON CODE X'00000004'.",answerable_with_reference,coded a facility class for the FEK.CMD.SEND and FEK.CMD.SEND.CLEAR.,"[{""char_end"":762,""char_start"":0,""chunk_id"":""340b837d6054ccb5e09dc54413e86e5effc4d2d66e4bf7cd6c75fc1eaf9bce24"",""document_id"":""techqa-doc:corpus/swg21980860.txt"",""filename"":""swg21980860.txt"",""rank"":1,""text"":""Title: IBM RDz TSO EXIT IKJEESX0 TERMINATES with RC04 - United States Text: IKJEESX0 TECHNOTE (TROUBLESHOOTING) PROBLEM(ABSTRACT) IBM Rational Developer for z Systems (RDz) using TSO Send command may result in the error IKJ79154I for TSO EXIT IKJEESX0, RC 04 SYMPTOM Issuing the TSO SEND command in a batch job may terminate with this message: IKJ79154I INSTALLATION EXIT IKJEESX0 REQUESTED TERMINATION. IKJ79154I REASON CODE X'00000004'. CAUSE The RDz TSO Send command will invoke a TSO exit, IKJEESX0 (FEKEESX0) that will terminate with a reason code of 4 if you have not coded a facility class for the FEK.CMD.SEND and FEK.CMD.SEND.CLEAR. The exit provided by RDz checks to see if the user has the authority to issue the TSO Send command by executing the RACR""},{""char_end"":5457,""char_start"":4607,""chunk_id"":""3c060f4294d60471e0b29c356104df19ae42a148ab1707bc9d21a863b00ae42c"",""document_id"":""techqa-doc:corpus/swg1PI58704.txt"",""filename"":""swg1PI58704.txt"",""rank"":2,""text"":""RC0 Format the new HWSSCVC0 trace codes. HWSHRR Add reason code x'00006418' to indicate to IMS that IMS Connect is terminating an MSC TCP/IP link because of a 'STOPCLNT' process (receive socket termination). HWSIREC0 Detect a /PSTOP command in progress so that link termination does not mistakenly interpret a client termination as an error. HWSISCH0 Process the 'STOPCLNM' request from the receive client. HWSISC20 Process the 'STOPCLNM' request from the receive client. Issue existing message HWSF3310I, send a STOPSCLN request to clean up the send-client, and notify IMS with new reason code x'00006418' to indicate that IMS Connect is terminating an MSC TCP/IP link because of a 'STOPCLNT' process (receive socket termination). Ignore the request if the link is terminating normally (/PSTOP is in progress). HWSMLINK Add a flag to indicate that a""},{""char_end"":1293,""char_start"":407,""chunk_id"":""d717a764a5571259f607d3ed515308a11da9b87ceaad87a95ce19bb725d06c7a"",""document_id"":""techqa-doc:corpus/swg21047577.txt"",""filename"":""swg21047577.txt"",""rank"":3,""text"":""instructions to add EYU9XENF to the TSO authorized command table. But, when you enter the command from ISPF as \""TSO EYU9XENF\"" you receive the following message text: Authorized command 'EYU9XENF'. Return code = 20 . Reason code = 56 . Invocation error - System error encountered invoking authorized command 'EYU9XENF'. SYMPTOM If the command is invoked from TSO READY outside of ISPF, the following messages are received: IKJ5664I EYU9XENF ENDED DUE TO ERROR+ If you enter \""?\"" for additional information you receive: IKJ5664I SYSTEM ABEND CODE 047 REASON CODE 00000000 The Abend047 indicates an unauthorized program issued a restricted SVC . CAUSE The message is coming from the TSO/E command service facility IKJEFTSR as part of the TSO command processor. The TSO/E Programming Services manual documents the return and reason codes from IKJEFTSR . The return code 20 and reason code 56""},{""char_end"":5653,""char_start"":5029,""chunk_id"":""1430601ba717884d18ee40c25b925bd79a5cf0344f2354051a145fbbec1dd8c6"",""document_id"":""techqa-doc:corpus/swg1PI13315.txt"",""filename"":""swg1PI13315.txt"",""rank"":4,""text"":""8, 12, 16) are valid. |For the Type-B user exit routine, 0, 4, 8, 12, or 100-999 are |valid. System Action:The IPR Unload utility ends abnormally. User Response: Correct the routine. -------------------------------------------------------------- |HPSU3626I TERMINATION REQUESTED BY TYPE-B USER EXIT ROUTINE, | RETURN CODE=nnn | |Explanation: Job step termination is requested by the Type-B |user exit routine; returning a return code of nnn. |System action: The IPR Unload utility ends with the return |code requested by the Type-B user exit routine. |User response: None. This message is informational. --------------------""},{""char_end"":6092,""char_start"":5245,""chunk_id"":""b06845e11f63755bd888695318f4fe0d6dd39ee3cbd92fa58641ad025ea97552"",""document_id"":""techqa-doc:corpus/swg1PI57910.txt"",""filename"":""swg1PI57910.txt"",""rank"":5,""text"":""terminations are processed correctly and the links and associated resources are cleaned up. HWSISCH0 Process the 'STOPCLNM' request from the receive client. HWSISC20 Process the 'STOPCLNM' request from the receive client. Issue existing message HWSF3310I, send a STOPSCLN request to clean up the send-client, and notify IMS with new reason code x'00006418' to indicate that IMS Connect is terminating an MSC TCP/IP link because of a 'STOPCLNT' process (receive socket termination). Ignore the request if the link is terminating normally (/PSTOP is in progress). HWSMLINK Add a flag to indicate that a /PSTOP is in progress for the link. HWSSCVC0 For a client associated with an MSC link, send a 'STOPCLNM' (stop client for MSC) notification to the MSC datastore. HWSSSTP0 If the STOPCLNT command is an internal command from HWSDSRC0, then set SVT_""},{""char_end"":2089,""char_start"":1476,""chunk_id"":""4d0b0b00a4f310c232c4ede76ab71ed61133d541151cce5180c6e87c86d17ce3"",""document_id"":""techqa-doc:corpus/swg1PQ68455.txt"",""filename"":""swg1PQ68455.txt"",""rank"":6,""text"":""*************************** * RECOMMENDATION: INSTALL CORRECTIVE SERVICE FOR APAR/PTF * **************************************************************** When /EXIT is entered or the signoff exit requested conversation termination while a conversational input message is waiting to be processed, the /EXIT command processor DFSICLH0 will discard the message. DFSCONX0 is called to terminate the conversation with a vector in R0 with value of '08......'. x'08' in byte 0 indicates that /EXIT processing discarded the transaction. DFSCONF0 in DFSCON20 also uses byte 0 ( SAVVSPAB=x'08' ) to represent it has obtained""},{""char_end"":5546,""char_start"":4637,""chunk_id"":""abc50654593f82f8c7b235d11e27027323d10e029a5f16d8901239f19273b777"",""document_id"":""techqa-doc:corpus/swg1PI49368.txt"",""filename"":""swg1PI49368.txt"",""rank"":7,""text"":""6418' to indicate to IMS that IMS Connect is terminating an MSC TCP/IP link because of a 'STOPCLNT' process (receive socket termination). HWSIREC0 Detect a /PSTOP command in progress so that link termination does not mistakenly interpret a client termination as an error. Set the correct IMSid into the link block so that IMS abnormal terminations are processed correctly and the links and associated resources are cleaned up. HWSISCH0 Process the 'STOPCLNM' request from the receive client. HWSISC20 Process the 'STOPCLNM' request from the receive client. Issue existing message HWSF3310I, send a STOPSCLN request to clean up the send-client, and notify IMS with new reason code x'00006418' to indicate that IMS Connect is terminating an MSC TCP/IP link because of a 'STOPCLNT' process (receive socket termination). Ignore the request if the link is terminating normally (/PSTOP is in progress). HWSMLINK Add""},{""char_end"":1530,""char_start"":1011,""chunk_id"":""4195bf5a2dd2a5cc78cadd4da541938337796a38af7a5729cc98c3ebdea2640d"",""document_id"":""techqa-doc:corpus/swg1PQ62210.txt"",""filename"":""swg1PQ62210.txt"",""rank"":8,""text"":""* * environment. A batch job was * * terminated with an ABENDS0026 with * * a REASON code of 0E0D0101. * **************************************************************** * RECOMMENDATION: INSTALL CORRECTIVE SERVICE FOR APAR/PTF * **************************************************************** During job termination DFSRTM00 causes all modules previously loaded for the application to be deleted. This includes the XES event exit, module DFSDXES0. The XCF structures still remain connected and XES may attempt to send""},{""char_end"":1402,""char_start"":513,""chunk_id"":""25574bb3b4cf3507322ee2500e16ad85bc2d9bb834a67359b8884f1e4c1d0d7a"",""document_id"":""techqa-doc:corpus/swg1VM65531.txt"",""filename"":""swg1VM65531.txt"",""rank"":9,""text"":""Register 15 value at ABEND was X'00000004' IKJ56641I RECEIVE ENDED DUE TO ERROR+ READY on TSO Receive. This occurs for trasmitting MACLIB from z/VM to z/OS TSO. LOCAL FIX * n/a PROBLEM SUMMARY PROBLEM CONCLUSION TEMPORARY FIX COMMENTS * This APAR is closed as RET for insufficient documentation. This problem is described as follows: 1. We received the large data set from the customer which caused the ABENDB37 on receive command of the TSO, when trying to send the data set using the ISPF on VM. 2. ISPF support(L2 & L3), along with L2 IEBCOPY used the same data set, submitted by the customer using VM and sent it to the appropriate TSO userid. We were able to receive the data set successfully with the TSO receive command. 3. We were not able to recreate the problem nor determine root cause with the provided data set. We will need the information built and sent by VM ISPF before it""},{""char_end"":2183,""char_start"":1389,""chunk_id"":""53e11e15abfdb98a50a01e19b91f95bb82fb213db448223aaf1d4373a0926cdd"",""document_id"":""techqa-doc:corpus/swg24004577.txt"",""filename"":""swg24004577.txt"",""rank"":10,""text"":""Emulator as a binary file. Where \""send\"" is the command, \""cnmemig.xmt\"" is the file, \""a:\"" is the emulator window and \""CNMEMIG.UPLOAD\"" is the resulting data set on TSO: send cnmemig.xmt a:'CNMEMIG.UPLOAD' Note that the files must be uploaded in binary format. That means not including \""ascii crlf\"" on an emulator upload, and using \""bin\"" in any FTP transfer. The files must be received on TSO. To do this, issue a TSO RECEIVE command to read the files and convert them from TSO TRANSMIT format to PDS members. The syntax of the command is: receive indataset('CNMEMIG.UPLOAD') You will then be prompted with the following 2 messages. Note that the actual name of the data set that was packaged is displayed, rather than the name of the intermediate transmit file. INMR901I Dataset MIGTOOL.CLIST from""}]",phase03-sufficiency-annotation-v1,f2fe3f7f29b834d78fd7c79bf4d4a94faee43c658d89c48e386854123066802b,human_annotator_1,sufficient,Rank-1 chunk contains the reference cause: the exit terminates with RC04 when no facility class is coded for FEK.CMD.SEND and FEK.CMD.SEND.CLEAR.,2026-08-25T02:48:00+05:30
phase03-annotation-blinded-v1,e236d906db8acbaa1add131ddb110440a109c084c98939eac9f8946548060057,97,TRAIN_Q362,train,bm25,3,"Help with Security Bulletin: Vulnerability in Diffie-Hellman ciphers affects IBM Image Construction and CompositionTool. (CVE-2015-4000)

I need to understand details regarding ""Security Bulletin: Vulnerability in Diffie-Hellman ciphers affects IBM Image Construction and CompositionTool. (CVE-2015-4000"". Where can I find this information? ",answerable_with_reference,"CVEID: CVE-2015-4000 [http://cve.mitre.org/cgi-bin/cvename.cgi?name=CVE-2015-4000]
DESCRIPTION: The TLS protocol could allow a remote attacker to obtain sensitive information, caused by the failure to properly convey a DHE_EXPORT ciphersuite choice. An attacker could exploit this vulnerability using man-in-the-middle techniques to force a downgrade to 512-bit export-grade cipher. Successful exploitation could allow an attacker to recover the session key as well as modify the contents of the traffic. This vulnerability is commonly referred to as ""Logjam"".
CVSS Base Score: 4.3
CVSS Temporal Score: See https://exchange.xforce.ibmcloud.com/vulnerabilities/103294 [https://exchange.xforce.ibmcloud.com/vulnerabilities/103294] for the current score
CVSS Environmental Score*: Undefined
CVSS Vector: (AV:N/AC:M/Au:N/C:P/I:N/A:N)","[{""char_end"":951,""char_start"":0,""chunk_id"":""ab999fe75eee03e14a806db959e1614fa0f7ecf7cd47845a8f8b2cc756987ce7"",""document_id"":""techqa-doc:corpus/swg21964501.txt"",""filename"":""swg21964501.txt"",""rank"":1,""text"":""Title: IBM Security Bulletin: Vulnerability in Diffie-Hellman ciphers affects IBM Image Construction and CompositionTool. (CVE-2015-4000) - United States Text: SECURITY BULLETIN SUMMARY The Logjam Attack on TLS connections using the Diffie-Hellman (DH) key exchange protocol affects IBM Image Construction and Composition Tool. VULNERABILITY DETAILS CVEID: CVE-2015-4000 [http://cve.mitre.org/cgi-bin/cvename.cgi?name=CVE-2015-4000] DESCRIPTION: The TLS protocol could allow a remote attacker to obtain sensitive information, caused by the failure to properly convey a DHE_EXPORT ciphersuite choice. An attacker could exploit this vulnerability using man-in-the-middle techniques to force a downgrade to 512-bit export-grade cipher. Successful exploitation could allow an attacker to recover the session key as well as modify the contents of the traffic. This vulnerability is commonly referred to as \""Logjam\"". CVSS Base Score: 4.3 CVSS Temporal Score""},{""char_end"":820,""char_start"":0,""chunk_id"":""7a4e02fd195f288dd66bdd092086ae0b73c5fccb42162a64923214897c9c3b94"",""document_id"":""techqa-doc:corpus/swg21971906.txt"",""filename"":""swg21971906.txt"",""rank"":2,""text"":""Title: IBM Security Bulletin: Vulnerabilities in OpenSSL including Logjam affect IBM Image Construction and Composition Tool. (CVE-2014-8176, CVE-2015-1788, CVE-2015-1789, CVE-2015-1790, CVE-2015-1791, CVE-2015-1792, and CVE-2015-4000) - United States Text: SECURITY BULLETIN SUMMARY OpenSSL vulnerabilities were disclosed on June 11, 2015 by the OpenSSL Project. This includes Logjam Attack on TLS connections using the Diffie-Hellman (DH) key exchange protocol (CVE-2015-4000). OpenSSL is used by IBM Image Construction and Composition Tool. IBM Image Construction and Composition Tool has addressed the applicable CVEs. VULNERABILITY DETAILS CVEID: CVE-2015-4000 [http://cve.mitre.org/cgi-bin/cvename.cgi?name=CVE-2015-4000] DESCRIPTION: The TLS protocol could allow a remote attacker to obtain sensitive information,""},{""char_end"":866,""char_start"":0,""chunk_id"":""d6b7f554a270fc7133c88eaa90bee85cab2b5573e12b3428a1885abedd56c316"",""document_id"":""techqa-doc:corpus/swg21971907.txt"",""filename"":""swg21971907.txt"",""rank"":3,""text"":""Title: IBM Security Bulletin: Multiple vulnerabilities in IBM Java SDK including Logjam affect IBM Image Construction and Composition Tool. (CVE-2015-4000, CVE-2015-2613, CVE-2015-2601, CVE-2015-2625, and CVE-2015-1931) - United States Text: SECURITY BULLETIN SUMMARY There are multiple vulnerabilities in IBM SDK Java Technology Edition, Version 6 and 7, that is used by IBM Image Construction and Composition Tool. These issues were disclosed as part of the IBM Java SDK updates in July 2015. This bulletin also addresses the Logjam Attack on TLS connections using the Diffie-Hellman (DH) key exchange protocol affects. VULNERABILITY DETAILS CVEID: CVE-2015-4000 [http://cve.mitre.org/cgi-bin/cvename.cgi?name=CVE-2015-4000] DESCRIPTION: The TLS protocol could allow a remote attacker to obtain sensitive information, caused by the failure to properly convey a DHE""}]",phase03-sufficiency-annotation-v1,f2fe3f7f29b834d78fd7c79bf4d4a94faee43c658d89c48e386854123066802b,human_annotator_1,sufficient,Rank-1 is the exact bulletin with the CVE-2015-4000 description from the reference.,2026-08-25T02:49:00+05:30
phase03-annotation-blinded-v1,5e210914173b35c9b71ffe7f0f6e5b04344f0eb49cbc2cdac30b4b8577713183,98,TRAIN_Q358,validation,hybrid,5,"Cannot create syndication pair between Virtual Portals with a different user repository than Base Portal

Steps:
I have two different user repositories one to manage my base portal and Virtual Portals. (p.e: For Base Portal I use ITDS, and for VPs I use AD) with differents admin users each.
Then I created two VPs using the AD repository, and my VPs admin user on the credential vault.
Tried to create a syndication relationship , that is failing with the error:
""Could not communicate with the target URL. Please check that the Syndicator URL details are entered correctly, and that the credential slot user exists on the target server."" ",answerable_with_reference,"The Admin user has to be made visible on both base and virtual Portals if you wish to syndicate between the two.

When syndicating to Virtual Portals, the Administrator User who is listed as the Domain Admin retrieved with:
com.presence.connect.wmmcomms.UserManagementServiceImpl.getPortalAdministrator() should have access to the Virtual Portal.","[{""char_end"":892,""char_start"":0,""chunk_id"":""6dedba1cc3bb009f863dfdd14f88dc10fd1b19eac0843fe8c32d2970114b1a18"",""document_id"":""techqa-doc:corpus/swg21570363.txt"",""filename"":""swg21570363.txt"",""rank"":1,""text"":""Title: IBM Unable to setup syndication when SPNEGO is enabled - United States Text: Syndication; SPNEGO; credential vault; credential slot TECHNOTE (TROUBLESHOOTING) PROBLEM Unable to setup syndication when SPNEGO is enabled. You have SPNEGO enabled. You are trying to setup the syndication between 2 servers, but you get the following error and cannot setup syndication: \""Could not use the selected credential vault to authenticate against the target URL. Ensure the server details are entered correctly, and the credential slot user exists in the target server\"". CAUSE This happens because the host gets intercepted when SPNEGO is enabled. Following can be seen in the logs collected after enabling SPNEGO debug:- [19/09/11 18:26:41:430 CEST] 00000045 ServerCredent < com.ibm.ws.security.spnego.ServerCredentialsFactory hasServerCredentialsFor RETURN true [19/09/11 18:26:41:430 CEST] 00000""},{""char_end"":798,""char_start"":0,""chunk_id"":""2148d31bd56f5edd34ad08db06e3148d041977ae932e1a074db839d6b5e96e8a"",""document_id"":""techqa-doc:corpus/swg21681464.txt"",""filename"":""swg21681464.txt"",""rank"":2,""text"":""Title: IBM Syndicating to VP with exclusive realms does not work. - United States Text: syndication; realm; vp; admin user; getPortalAdministrator TECHNOTE (TROUBLESHOOTING) PROBLEM Syndication from base Portal to Virtual Portal with different realms does not work:- 1) Create 2 different realms with different base entries and map one realm ( with base entry e.g DC=org1,DC=test) to base Portal. 2) Create a Virtual portal and map it to another realm ( with base entry e.g DC=org2,DC=test). 3) Attempt to carry out syndication from Base Portal to Virtual Portal. 4) The syndication fails with below exception: [datetime] 0000007f PackageGenera I createIceProjectItemRemoves():: p_items length = 0 [datetime] 0000008b ResponseBL I Performing response for sender: 1abc2a07-e70a-4804-8e09-b7b897eef53""},{""char_end"":1755,""char_start"":677,""chunk_id"":""4f677566ea80d5e4baff5a65b79d1972109d9b048536dd7d0767455c5c9abdd6"",""document_id"":""techqa-doc:corpus/swg1PM80370.txt"",""filename"":""swg1PM80370.txt"",""rank"":3,""text"":""Credential Vault Slot 4c. Create a Subscriber record and check all the options for syndication 5. Look back at the main Portal page The pages from the main Portal are syndicated to the Virtual Portal 6. Select one of the pages with a Social portlet The portlet shows on the page but with an Error ... Error Something went wrong - Please report this problem to the portal administrator. Show full error message 7. Click the Show full error message link The following ext shows Invalid configuration found. Please contact your administrator. Expected Results: I would expect the portlets to show the same information in a Virtual Portal that they show in the main Portal. LOCAL FIX * Take care of the case PROBLEM SUMMARY * Social Rendering data doesn't show on syndicated page in VP PROBLEM CONCLUSION * Scenario (Steps to Recreate): 1. Install Portal and endable Social Portal with SSO to a Connections server 2. Create a few pages with Social portlets - ie List of Blogs, List of Communities, etc 3. Create a Virtual Portal 4. Set up syndication with the Virtual Portal 4a. Log""},{""char_end"":2393,""char_start"":1592,""chunk_id"":""17c4f62997127c93f6bf3d4ca51baf3c68e7fac540f67e0fe66a6cb4e2d114d7"",""document_id"":""techqa-doc:corpus/swg21681464.txt"",""filename"":""swg21681464.txt"",""rank"":4,""text"":""pl: com.ibm.portal.WpsException: EJPSG0002E: Requested Member does not exist.uid=wpsadmin,cn=users,DC=XYZ,DC=TEST [...] at com.presence.connect.wmmcomms.UserManagementServiceImpl.getPortalAdministrator(UserManagementServiceImpl.java:1678) [...] CAUSE The Admin user exists on Base Portal but not the Realm which is configured to Virtual Portal. The Administrator User who is listed as the Domain Admin retrieved with: com.presence.connect.wmmcomms.UserManagementServiceImpl.getPortalAdministrator() does not have access to the Virtual Portal. RESOLVING THE PROBLEM The Admin user has to be made visible on both base and virtual Portals if you wish to syndicate between the two. When syndicating to Virtual Portals, the Administrator User who is listed as the Domain Admin retrieved with: com.presence.""},{""char_end"":2600,""char_start"":1540,""chunk_id"":""8f67c6d2ee4dd55794a668709bce251caaf3ebb4ad706238d6bff5f47c61767a"",""document_id"":""techqa-doc:corpus/swg1PM80370.txt"",""filename"":""swg1PM80370.txt"",""rank"":5,""text"":""Social Portal with SSO to a Connections server 2. Create a few pages with Social portlets - ie List of Blogs, List of Communities, etc 3. Create a Virtual Portal 4. Set up syndication with the Virtual Portal 4a. Log in to the Virtual Portal 4b. Create a Credential Vault Slot 4c. Create a Subscriber record and check all the options for syndication 5. Look back at the main Portal page The pages from the main Portal are syndicated to the Virtual Portal 6. Select one of the pages with a Social portlet The portlet shows on the page but with an Error ... Error Something went wrong - Please report this problem to the portal administrator. Show full error message 7. Click the Show full error message link The following ext shows Invalid configuration found. Please contact your administrator. Expected Results: I would expect the portlets to show the same information in a Virtual Portal that they show in the main Portal. TEMPORARY FIX COMMENTS APAR INFORMATION * APAR NUMBER PM80370 * REPORTED COMPONENT NAME WEBSPHERE PORTA * REPORTED COMPONENT ID 5724E760""}]",phase03-sufficiency-annotation-v1,f2fe3f7f29b834d78fd7c79bf4d4a94faee43c658d89c48e386854123066802b,human_annotator_1,sufficient,Rank-4 chunk (swg21681464) states the cause matching the reference: the domain admin retrieved via getPortalAdministrator lacks access to the Virtual Portal realm.,2026-08-25T02:50:00+05:30
phase03-annotation-blinded-v1,ea0be85892c6de0c302492d7475bad79144e75ca9c4eb2b9a8fac5a50c9f3612,99,DEV_Q086,train,bm25,1,"Upgraded to  IBM HTTP Server 7.0.0.41, is TLS 1.2 supported?



We are recently upgraded to IBM HTTP Server 7.0.0.41 and believe it supports TLS 1.0.

Please let us know what configuration changes or fix pack we need to apply to support TLS 1.2.",benchmark_impossible_no_reference,,"[{""char_end"":3367,""char_start"":2379,""chunk_id"":""96f79fc733272fffa760e65bdf0c457facc7065db5b154188fe03baf9a2d6b6b"",""document_id"":""techqa-doc:corpus/swg21699845.txt"",""filename"":""swg21699845.txt"",""rank"":1,""text"":""support TLS 1.0 TLS 1.1 / TLS 1.2 TLS 1.1 and TLS 1.2 are supported in Windows 7 and Windows Server 2008 R2 and above (including Windows 8 and Windows Server 2012), although additional requirements stated below have to be satisfied in order to use these protocols: * Microsoft .NET Framework 4.5 or above * The version of TLS must be enabled in Internet Explorer Advanced settings * Apply APAR JR52781 As far as we are aware Windows XP, Windows Vista, Windows Server 2003 and Windows Server 2008 do not support TLS 1.1 and 1.2. If you wish implement increased security measures, it is important to ensure the underlying operation system supports these protocols, as there is a discrepancy between the Certified Client platforms supported by Information Server with regards to Windows Server 2008 Enterprise Edition. The detailed system requirements for Information Server 11.3.1 can be found here: http://www-969.ibm.com/software/reports/compatibility/clarity-reports/report/html/software""}]",phase03-sufficiency-annotation-v1,f2fe3f7f29b834d78fd7c79bf4d4a94faee43c658d89c48e386854123066802b,human_annotator_1,insufficient,"Single chunk covers TLS 1.1/1.2 on Windows with .NET/Internet Explorer requirements, not IBM HTTP Server 7.0.0.41 configuration or fix levels.",2026-08-25T02:51:00+05:30
phase03-annotation-blinded-v1,c87a9a71f3f97a915b8eb66e180715eadf125282ef113dd20600231363349984,100,TRAIN_Q272,validation,bm25,10,"Why are we seeing MQRC_NOT_AUTHORIZED errors after upgrading Websphere from V7.0 to V8.5.5?

https://www-01.ibm.com/support/docview.wss?uid=swg21662193",answerable_with_reference,"WebSphere MQ access control is based on user identifiers. There is a deliberate change in the default behaviour between the WebSphere MQ V7.0.1 classes for JMS and the WebSphere MQ V7.1 (and later) classes for JMS regarding the default user identifier flowed to the queue manager.
From the WebSphere MQ V7.1 classes for JMS onwards, a non-blank user identifier is always flowed to the queue manager when creating a connection to WebSphere MQ.","[{""char_end"":1980,""char_start"":1343,""chunk_id"":""cb00cd25171490f22997245fcd882599931041f3f1343655b542da37b37c9517"",""document_id"":""techqa-doc:corpus/swg21638168.txt"",""filename"":""swg21638168.txt"",""rank"":1,""text"":""'2035' MQRC 2035 MQRC_NOT_AUTHORIZED Additional References: For a similar problem refer to technote: WMQ 7.1 / 7.5 queue manager - RC 2035 MQRC_NOT_AUTHORIZED when using client connection as an MQ Administrator [http://www-01.ibm.com/support/docview.wss?uid=swg21577137] For similar problems at WebSphere MQ V6 or V7.0 refer to technote: 2035 MQRC_NOT_AUTHORIZED Java or JMS applications fail after upgrading from MQ V5.3 to V6 or V7. [http://www-01.ibm.com/support/docview.wss?uid=swg21420469] For similar problems in JMS refer to technote: MQJMS2013 (V6) JMSWMQ2013 (V7) invalid security authentication (RC 2035) [http://www-01.ibm.com""},{""char_end"":989,""char_start"":0,""chunk_id"":""ae765ad7b2b66b7b3de094f9eabc8142a1984903779de0c5ec2adda0cae2e65b"",""document_id"":""techqa-doc:corpus/swg21636093.txt"",""filename"":""swg21636093.txt"",""rank"":2,""text"":""Title: IBM 2035 MQRC_NOT_AUTHORIZED Connecting to WebSphere MQ from WebSphere Application Server via CLIENT Bindings - United States Text: TECHNOTE (TROUBLESHOOTING) PROBLEM(ABSTRACT) This article covers the most common reasons why an application running in WebSphere Application Server receives a 2035 MQRC_NOT_AUTHORIZED error when connecting to MQ as a client over a network. Quick steps to work around the MQRC_NOT_AUTHORIZED errors during development are provided in the 'Resolving the problem' section, as well as considerations for implementing security in production environments. A summary is also provided of behavior for outbound scenarios with container-managed and component-managed security, as well as inbound behavior for listener ports and activiation specifications SYMPTOM JMSCMQ0001: WebSphere MQ call failed with compcode '2' ('MQCC_FAILED') reason '2035' ('MQRC_NOT_AUTHORIZED') CAUSE The two most likely reasons why the connection is refused by MQ are as follows: 1.""},{""char_end"":2765,""char_start"":2017,""chunk_id"":""c208431c9776aac015c030d5518ba8099a9b4611a60cc2c7a4cde40fc762e95a"",""document_id"":""techqa-doc:corpus/swg21138961.txt"",""filename"":""swg21138961.txt"",""rank"":3,""text"":""regarding security that affects WAS 8.5 (which includes MQ JMS 7.1) with respect to WAS 7.0 and 8.0 (which include MQ JMS 7.0). . Changes in the default user identifier between WebSphere MQ V7.0.1 classes for JMS and WebSphere MQ V7.1 classes for JMS [http://www.ibm.com/support/docview.wss?uid=swg21662193] . + begin quote . - When using WebSphere Application Server v7.0 and v8.0, no user identifier value (blank) is passed to the queue manager. . - When using WebSphere Application Server V8.5, a non-blank user identifier value is passed to the queue manager. . + end quote +++ Specifically when using MQ 7.1 or later queue managers: Consult the following technote: WMQ 7.1 or later queue manager - RC 2035 MQRC_NOT_AUTHORIZED when using client""},{""char_end"":5531,""char_start"":4775,""chunk_id"":""a6e545d46357442e195072fde97f53280c36c86acd1da17bdbbf8a7c1cff6b55"",""document_id"":""techqa-doc:corpus/swg27039614.txt"",""filename"":""swg27039614.txt"",""rank"":4,""text"":"".2.0.1, 6.2.0.2, 6.2.0.3, 7.0, 7.0.0.1 and 7.0.0.2 After migrating the projects from WebSphere Integration Developer 6.0.2 to 6.2.0, you may encounter unexpected build errors even though the projects built perfectly in 6.0.2. The build errors refer to the Java code that references some business objects. Failure in upgrading WebSphere Process Server test environment of WebSphere Integration Developer to V7.0.0.3 (1446037) [http://www.ibm.com/support/docview.wss?uid=swg21446037&acss=dakc] Version: 7.0.0.3 During the installation of WebSphere Integration Developer V7.0.0.3 , when upgrading the WebSphere Process Server test environment to V7.0.0.3, you may experience an installation failure Upgrading WebSphere Process Server test environment to V7.0.""},{""char_end"":1501,""char_start"":840,""chunk_id"":""810ed5e20ca732bf5e281c4384da4cee00e71ff51409034f5be28207c7716fe6"",""document_id"":""techqa-doc:corpus/swg1PI31471.txt"",""filename"":""swg1PI31471.txt"",""rank"":5,""text"":""5.5.12: WebSphere Application Server V8.5.5 Fix Pack 12 [http://www-01.ibm.com/support/docview.wss?uid=swg24043844] 8.5.5.13: WebSphere Application Server V8.5.5 Fix Pack 13 [http://www-01.ibm.com/support/docview.wss?uid=swg24044479] SUBSCRIBE You can track all active APARs for this component. APAR STATUS * CLOSED AS PROGRAM ERROR. ERROR DESCRIPTION * The customer is seeing a WSRM issue with the 8.5.5.1, and 8.5.5.3 WebSphere ThinClient after upgrading from version 7. . The NullPointerException and stack as follow. . Exception in thread \""Thread-71\"" java.lang.NullPointerException at org.apache.sandesha2.handlers.SandeshaOutHandler.invoke(Sandesha OutHand""},{""char_end"":3404,""char_start"":2910,""chunk_id"":""bce0edd730284fed0fe5715da1dd4b15da610699501197e598fab286019f0311"",""document_id"":""techqa-doc:corpus/swg2C1000343.txt"",""filename"":""swg2C1000343.txt"",""rank"":6,""text"":""0.3 For 2.5 versions, IBM recommends upgrading to Fix Pack 4 (2.5.0.4) of IBM Cloud Orchestrator. http://www-01.ibm.com/support/docview.wss?uid=swg27045667 [http://www-01.ibm.com/support/docview.wss?uid=swg27045667] IBM Cloud Orchestrator V2.4, V2.4.0.1, V2.4.0.2, V2.4.0.3, V2.4.0.4 For 2.4 versions, IBM recommends upgrading to Fix Pack 5 (2.4.0.5) of IBM Cloud Orchestrator. https://www-01.ibm.com/support/docview.wss?uid=swg2C4000049 [https://www-01.ibm.com/support/docview.wss?uid=swg2C400""},{""char_end"":567,""char_start"":0,""chunk_id"":""14300985980c60252f43728fae4ff046d36694747db0c8e3f994aa2a9d8535c4"",""document_id"":""techqa-doc:corpus/swg1IZ92265.txt"",""filename"":""swg1IZ92265.txt"",""rank"":7,""text"":""Title: IBM IZ92265: WMQ7.0.1.3 or WMQ7.0.1.4 SSL SECURED CHANNEL TO DATAPOWER FAILS TO START. THE CIPHERSPEC RC4_SHA_US MQ ERRORS AMQ9665 AMQ9492 - United States Text: FIXES ARE AVAILABLE WebSphere MQ V7.0 Fix Pack 7.0.1.5 [http://www-01.ibm.com/support/docview.wss?uid=swg24029055] WebSphere MQ V7.0.1 for i5/OS Fix Pack 7.0.1.5 [http://www-01.ibm.com/support/docview.wss?uid=swg24029788] SUBSCRIBE You can track all active APARs for this component. APAR STATUS * CLOSED AS PROGRAM ERROR. ERROR DESCRIPTION * After upgrading to WebSphere MQ 7.0.1.3 or WebSphere MQ 7""},{""char_end"":1513,""char_start"":715,""chunk_id"":""90ddf9eba6180c661bcfc9b848cdfe3f0be43667c761a5799f49bd2ccf30a0d7"",""document_id"":""techqa-doc:corpus/swg21116997.txt"",""filename"":""swg21116997.txt"",""rank"":8,""text"":""NAGH01 index on SYSRESAUTH SYSIBM DSNAUH01 index on SYSUSERAUTH SYSIBM SYSUSERAUTH The application executes package ALL_ONL_Q_DB2.TC163920 (owned by TPTAAPP) out of plan PENTRAN (owned by H249ALL). EXECUTE has been granted to PUBLIC on ALL_ONL_Q_DB2.* Our CACHEPAC ZPARM is set to 1.5M, and according to statistics, we are not seeing package overwrites. So, after this first auth check, this info should be cached. Authorization checking should stop as soon as DB2 finds the execute authority granted to PUBLIC in SYSPACKAUTH. So, why are we seeing SYSRESAUTH and SYSUSERAUTH being accessed after SYSPACKAUTH? ANSWER EXECUTE on the plan has been granted to PUBLIC. The SELECT statement that is executed comes from a package. Here's the BIND statement for the plan: BIND PLAN (PENTRAN) OWNER(H249ALL""},{""char_end"":828,""char_start"":0,""chunk_id"":""1c2eab032dffb7677734a0c63cf3bdc009864a9c935e5295d004c6168e35cb37"",""document_id"":""techqa-doc:corpus/swg21420469.txt"",""filename"":""swg21420469.txt"",""rank"":9,""text"":""Title: IBM 2035 MQRC_NOT_AUTHORIZED Java or JMS applications fail after upgrading from MQ V5.3 to V6 or V7 - United States Text: 2035; JMS; java; MQRC_NOT_AUTHORIZED; client application; upgrade TECHNOTE (TROUBLESHOOTING) PROBLEM(ABSTRACT) You upgrade from WebSphere MQ V5.3 to V6 or V7 on the box where your client application is running. Now the client application fails with a reason code of 2035 (MQRC_NOT_AUTHORIZED). However, you have a client application that uses the WebSphere MQ V5.3 classes for JavaTM or JMS and it is working as expected. SYMPTOM MQRC 2035 2035 MQRC_NOT_AUTHORIZED CAUSE Starting with MQ V6, changes were done to the MQ JMS client code to provide to the MQ server the userid of the process (application) that is connecting to the MQ server using the MQ JMS client. In this case, the MQ queue manager""},{""char_end"":1204,""char_start"":453,""chunk_id"":""bbf975f5e12b896fc643a2d6547cea3bd0229e5e7e72177854db52a09ca883bd"",""document_id"":""techqa-doc:corpus/swg1PI59509.txt"",""filename"":""swg1PI59509.txt"",""rank"":10,""text"":""docview.wss?uid=swg24043844] 8.5.5.13: WebSphere Application Server V8.5.5 Fix Pack 13 [http://www-01.ibm.com/support/docview.wss?uid=swg24044479] SUBSCRIBE You can track all active APARs for this component. APAR STATUS * CLOSED AS PROGRAM ERROR. ERROR DESCRIPTION * SSLC0008E SSLHandshake exception after turning off TLSv1 protocol Configured SSL_TLSv2 in all SSL configuration and updated the java.security file to turn off TLSv1 protocol using property \""jdk.tls.disabledAlgorithms=TLSv1\"" After that we are seeing the SSLHandshake exception. This is problem happens only with when you are using JDK1.7 SSLHandshakeE E SSLC0008E: Unable to initialize SSL connection. Unauthorized access was denied or security settings have expired. Exception is java""}]",phase03-sufficiency-annotation-v1,f2fe3f7f29b834d78fd7c79bf4d4a94faee43c658d89c48e386854123066802b,human_annotator_1,sufficient,"Rank-3 chunk quotes the referenced technote: WAS 7.0/8.0 flow a blank user identifier while WAS 8.5 (MQ JMS 7.1) flows a non-blank one, the deliberate change in the reference.",2026-08-25T02:52:00+05:30
phase03-annotation-blinded-v1,ea5fce024295beba0c24195a1c208d3c574c5e5da35b5daa897a518594fad577,101,DEV_Q113,validation,bm25,5,"How to access Rule Team Server or Rule Execution Server on WAS 7 over HTTPS?

When trying to connect to Rule Team Server or Rule Execution Server on WebSphere Applicaiton Server (WAS) 7.0 over HTTPS, why do I still get an SSLHandshakeException after setting the property ""ilog.rules.res.allowSelfSignedCertificate""to ""true"" ?",benchmark_impossible_no_reference,,"[{""char_end"":819,""char_start"":0,""chunk_id"":""421a43fee94fae713152d0e8db549d7e29e9dbd819d9f3facb9da7d25806077f"",""document_id"":""techqa-doc:corpus/swg21427447.txt"",""filename"":""swg21427447.txt"",""rank"":1,""text"":""Title: IBM Accessing Rule Team Server or Rule Execution Server on WAS 7 over HTTPS - United States Text: TECHNOTE (FAQ) QUESTION When trying to connect to Rule Team Server or Rule Execution Server on WebSphere Applicaiton Server (WAS) 7.0 over HTTPS, why do I still get an SSLHandshakeException after setting the property \""ilog.rules.res.allowSelfSignedCertificate\""to \""true\"" ? CAUSE In WAS 7, the default server certificate is not self-signed. It is signed by a default server root certificate. See WebSphere Application Server V7 certificate management enhancements [ftp://ftp.software.ibm.com/software/iea/content/com.ibm.iea.was_v7/was/7.0/Security/WASv7_CertificateManagementEnhancements.pdf] for more details. As a result, the property \""ilog.rules.res.allowSelfSignedCertificate\"" is no longer effective in allowing""},{""char_end"":917,""char_start"":0,""chunk_id"":""a7fc2602f49446150182155aed4410b92c6a61015db91ce17113517bf314362e"",""document_id"":""techqa-doc:corpus/swg21400817.txt"",""filename"":""swg21400817.txt"",""rank"":2,""text"":""Title: IBM \""CertPathBuilderException: unable to find valid certification path to requested target\"" when connecting to Rule Team Server/Decision Center or Rule Execution Server over HTTPS - United States Text: Modules:Execution Server (BRES / RES); Modules:Rule Studio (Eclipse); Modules:Rule Team Server (RTS); ValidatorException; certificate; connection; error; http; https; secure; SSL; RES; BRES; RTS TECHNOTE (FAQ) QUESTION How do I resolve the \""[java.security.cert.CertPathBuilderException or sun.security.provider.certpath.SunCertPathBuilderException]: unable to find valid certification path to requested target\"" error I get when connecting to Rule Team Server (RTS)/Decision Center(DC) or Rule Execution Server over HTTPS/SSL? CAUSE If your application server is using a non-trusted certificate and because by default only trusted certificates are supported for HTTPS/SSL, you will get this type of error when""},{""char_end"":1061,""char_start"":0,""chunk_id"":""aae393b18ed4125c7abc522a61ab9455346aa480ecf4baef91526d1ecf5f1042"",""document_id"":""techqa-doc:corpus/swg21586966.txt"",""filename"":""swg21586966.txt"",""rank"":3,""text"":""Title: IBM How to connect to RES/RTS via https - United States Text: TECHNOTE (TROUBLESHOOTING) PROBLEM(ABSTRACT) When connecting from Rule Studio to Rule Team Server on WebSphere Application Server V7.0 over HTTPS, the connection fails. SYMPTOM The connection to Rule Team Server fails from Rule Studio, but when accessing from a web browser, it is works with the same URL, user and password login. CAUSE The connection URL to Rule Team Server is over HTTPS. The server certificate is not added to the Eclipse JVM truststore ENVIRONMENT Rule Studio / Eclipse RESOLVING THE PROBLEM Solution 1: Add the server certificate to the Eclipse JVM truststore 1. Get the server certificate: If you do not have direct access to the certificate stored on the server, you can obtain the server certificate from the client web browser. For details on how to export SSL certificate, see the vendor's documentation for each browser. For example, when browsing the Rule Team Server console over HTTPS from Internet Explorer, a Security Alert dialog box is displayed. Click View""},{""char_end"":978,""char_start"":0,""chunk_id"":""02135b54f315fb3cafb48e6349997cf55ca2cc40ec0716e22558bab058f65af9"",""document_id"":""techqa-doc:corpus/swg21677726.txt"",""filename"":""swg21677726.txt"",""rank"":4,""text"":""Title: IBM Configure ANT tasks to connect to Rule Execution Server and Decision Center over HTTPS - United States Text: TECHNOTE (FAQ) QUESTION There are a number of ANT tasks provided by ODM to perform administrative tasks concerning Rule Execution Server and Decision Center (such as deploying ruleApps to Rule Execution Server). How can I configure them to work over HTTPS? ANSWER 1. Set JAVA_HOME to point to the JDK that is bundled with with ODM. This would prevent the following error when running the ANT task: * java.net.SocketException: java.lang.ClassNotFoundException: Cannot find the specified class com.ibm.websphere.ssl.protocol.SSLSocketFactory 2. Set the secured attribute for the ANT task to true. 3. Add the server certificate to the Eclipse JVM truststore a. Get the server certificate: If you do not have direct access to the certificate stored on the server, you can obtain the server certificate from the client web browser. For details on how to export SS""},{""char_end"":3443,""char_start"":2619,""chunk_id"":""f1bc4d9a607a1d514c9e134b931b59c9325a6ac24368b0f084929346e7ae36ec"",""document_id"":""techqa-doc:corpus/swg21400817.txt"",""filename"":""swg21400817.txt"",""rank"":5,""text"":""problem, set the following Java system property on the client side to allow HTTPS/SSL connections with non-trusted certificates: * to connect to Rule Execution Server: -Dilog.rules.res.allowSelfSignedCertificate=true * to connect to Rule Team Server/Decision Center: -Dilog.rules.teamserver.allowSelfSignedCertificate=true Whether you connect to RTS/DC or Rule Execution Server: * If your client is Rule Studio/Designer, set the property in the build.xml starting the associated Eclipse instance. See section WebSphere ILOG JRules BRMS V7.1 > Rule Studio > Synchronizing and storing rules > Understanding synchronization > Synchronization and the communication protocol [http://publib.boulder.ibm.com/infocenter/brjrules/v7r1/topic/com.ibm.websphere.ilog.jrules.doc/Content/Business_Rules/Documentation/_pubskel/JRules/ps_JR""}]",phase03-sufficiency-annotation-v1,f2fe3f7f29b834d78fd7c79bf4d4a94faee43c658d89c48e386854123066802b,human_annotator_1,sufficient,"Rank-1 explains the cause (WAS 7 default certificate is CA-signed, not self-signed, so the property does not apply) and ranks 2/3/5 cover truststore/property remedies, allowing a composed answer.",2026-08-25T02:53:00+05:30
phase03-annotation-blinded-v1,ca0897340b5471f171f358d4f275ff47885d350b310ca0d27f4e4451ac2f8fe4,102,TRAIN_Q134,validation,hybrid,3,"Why Plug-in log file reports an error message after install & configure the WebSphere Plugin 8.5 version on a Apache 2.4 webserver.



During web server start-up, errors like the following will be logged into the Plug-in log file (http_plugin.log):

ERROR: lib_security: loadSecurityLibrary: Failed to load gsk library from /opt/IBM/WebSphere/Plugins/gsk8/gsk8_64 ERROR: ws_transport: transportInitializeSecurity: Unable to load security library ERROR: ws_server: serverAddTransport: Failed to initialize security ERROR: ws_server: serverAddTransport: HTTPS Transport is skipped

Note: This is an Apache 2.4 version on a Linux platform",answerable_with_reference,"To resolve the problem, you must set the LD_LIBRARY_PATH environment variable to point to the library directory of the GSKit that comes with the IBM web server Plug-in. The precise directory location will depend of the version of Plug-in, and on the bit depth being used (32-bit or 64-bit).","[{""char_end"":1576,""char_start"":757,""chunk_id"":""079326fb4d77799b671d7ac08800af13070ddfb4cb00134bcfa60294d04b3c7d"",""document_id"":""techqa-doc:corpus/swg21600618.txt"",""filename"":""swg21600618.txt"",""rank"":1,""text"":""will be logged into the Plug-in log file (http_plugin.log): ERROR: lib_security: loadSecurityLibrary: Failed to load gsk library from /opt/IBM/WebSphere/Plugins/gsk8/gsk8_64 ERROR: ws_transport: transportInitializeSecurity: Unable to load security library ERROR: ws_server: serverAddTransport: Failed to initialize security ERROR: ws_server: serverAddTransport: HTTPS Transport is skipped RESOLVING THE PROBLEM To resolve the problem, you must set the LD_LIBRARY_PATH environment variable to point to the library directory of the GSKit that comes with the IBM web server Plug-in. The precise directory location will depend of the version of Plug-in, and on the bit depth being used (32-bit or 64-bit). For example..... If you installed the 32-bit Plug-in v7.0 and are using with a 32-bit Apache 2.2, use this: export LD""},{""char_end"":1393,""char_start"":617,""chunk_id"":""dcd72eb877d855ac9bce2264cddb6fd1332569c29bc47887db4d3673797226bb"",""document_id"":""techqa-doc:corpus/swg21660794.txt"",""filename"":""swg21660794.txt"",""rank"":2,""text"":""Directory>\\logs\\error.log The full error message is as follows: parser: handleLogEnd: Failed to open log file: 'c:\\\\Program Files\\\\IBM\\\\WebSphere\\\\Plugins\\\\logs\\\\http_plugin.log', OS Err: 3 [error] lib_security: logSSLError: str_security (gsk error 408): GSK_ERROR_BAD_KEYFILE_PASSWORD [error] lib_security: initializeSecurity: Failed to initialize GSK environment [error] ws_transport: transportInitializeSecurity: Failed to initialize security [error] ws_server: serverAddTransport: Failed to initialize security [error] ws_server: serverAddTransport: HTTPS Transport is skipped CAUSE Cause 1: The http_plugin.log file doesn't exist in the specified directory or exits in the different directory. Cause 2: Secure Socket Layer (SSL) is not configured properly. The SSL errors""},{""char_end"":1257,""char_start"":550,""chunk_id"":""781436c2efa5c88ac5e91eb8c4fc957c412504603215b6708c6b585958a4581b"",""document_id"":""techqa-doc:corpus/swg1PI76789.txt"",""filename"":""swg1PI76789.txt"",""rank"":3,""text"":""in fails to load the GSK security library causing HTTPS requests to fail. This happens because the plugin tries to load the 32-bit GSK library instead of the 64-bit library. An error message similar to the following can be found the plugin log: ERROR: lib_security: loadSecurityLibrary: Failed to load gsk library from C:\\Program Files\\IBM\\WebSphere\\Plugins\\gsk8\\gsk8_32 ERROR: ws_transport: transportInitializeSecurity: Unable to load security library ERROR: ws_server: serverAddTransport: Failed to initialize security. Secure transports are not possible. LOCAL FIX PROBLEM SUMMARY * **************************************************************** * USERS AFFECTED: Users of IBM HTTP Server (powered by *""}]",phase03-sufficiency-annotation-v1,f2fe3f7f29b834d78fd7c79bf4d4a94faee43c658d89c48e386854123066802b,human_annotator_1,sufficient,Rank-1 chunk contains the reference resolution verbatim: set LD_LIBRARY_PATH to the Plug-in GSKit library directory.,2026-08-25T02:54:00+05:30
phase03-annotation-blinded-v1,3160e80e5bca4de6006775d4b97927798a44b899d3c0a3263252ed2898fdd146,103,TRAIN_Q107,validation,dense,10,"How to increase the HTTP Session time-out value for Workplace application on WebSphere Application Server?

We would like to increase the HTTP Session time-out value for our Workplace application. Where are all the locations that this value is set and what are their precedence? ",answerable_with_reference,"The HTTP Session time-out can be set in the following places: 

 * From the Administrative Console at the server, Enterprise application, and Web application levels 
 * At the time when the application is packaged 
 * In the application code","[{""char_end"":1819,""char_start"":1538,""chunk_id"":""da391385d8d7453f160814968c3a89400a7b94ef191725da087fa9b7c9cfe7a6"",""document_id"":""techqa-doc:corpus/swg22006274.txt"",""filename"":""swg22006274.txt"",""rank"":1,""text"":""value for the desired session time-out in minutes (Here 60 refers to 60 minutes). - This setting overrides any session time-outs defined from the WebSphere Administrative Console. Alter this setting by repackaging the application with a new value, or by modifying the web.xml file.""},{""char_end"":515,""char_start"":0,""chunk_id"":""b88330afcccfa2e73f63fe4251ac2b03f8a8309648eebf0897a04539cbf46b0c"",""document_id"":""techqa-doc:corpus/swg22015479.txt"",""filename"":""swg22015479.txt"",""rank"":2,""text"":""Title: IBM Could you let me know the time out setting in Websphere Application? - United States Text: TECHNOTE (FAQ) QUESTION I am using Websphere with FileNet Content Platform. ANSWER There are three time out values could be set in WAS application: Server HTTP session timeout Application servers > [Server Name] > Session management Application HTTP session timeout Enterprise Applications > [Application Name] > Session management LTPA session timeout Security > Global Security. Under Authentication select LTPA""},{""char_end"":1147,""char_start"":0,""chunk_id"":""c7717a55079c17c9419a42e58204c86a417e6c733f876275dc9fb13b8ca98537"",""document_id"":""techqa-doc:corpus/swg21163875.txt"",""filename"":""swg21163875.txt"",""rank"":3,""text"":""Title: IBM HTTP Session time-out settings and overwrite precedence rules - United States Text: WebSphere http session management time-out wasrun precedence overwrite TECHNOTE (TROUBLESHOOTING) PROBLEM(ABSTRACT) It is possible to set the HTTP Session time-out in various places on the IBM® WebSphere® Application Server Administrative Console. It is also possible to set HTTP Session time-out for the application packaging process. Since Session time-out can be set in multiple places, it is necessary to understand how the ultimate Session time-out for an application is determined. CAUSE Application needs HTTP session time-out set. RESOLVING THE PROBLEM The HTTP Session time-out can be set in the following places: * From the Administrative Console at the server, Enterprise application, and Web application levels * At the time when the application is packaged * In the application code Setting the HTTP Session time-out from the Administrative Console 1. To set the HTTP Session time-out at the server level, navigate to Servers > Application Servers > Your Server > Web Container > Session Management. In the Session time-out section of this""},{""char_end"":1063,""char_start"":0,""chunk_id"":""8131c993cf7fd1f45a853a3f8f0812d686b98e3cf8352abb933cdb9f09c997fb"",""document_id"":""techqa-doc:corpus/swg21276751.txt"",""filename"":""swg21276751.txt"",""rank"":4,""text"":""Title: IBM Session time-out for the FileNet Workplace web application - United States Text: SESSION TIME-OUT WORKPLACE WEB CONTAINER TECHNOTE (TROUBLESHOOTING) PROBLEM(ABSTRACT) Session time-out for the Filenet Workplace web application RESOLVING THE PROBLEM Workplace does not have a session time out value. It relies on the Application Server. IBM WebSphere 6.1 requires setting a time out value in two locations if your Application Engine and Content Engine are on two different Application Servers. 1. Login to the WebSphere Admin console 2. Go to Enterprise Applications 3. Workplace 4. Manage Modules 5. web_client.war 6. Session management 7. Check Override session management 8. Select Set time-out and enter a value in minutes. 9. Click the Apply button. And 1. Login to the WebSphere Admin console 2. Go to Security 3. Secure administration, applications, and infrastructure 4. Authentication mechanisms and expiration 5. Set the Time-out value for forwarded credentials between server to a value greater than what was set, Set time-out. For example 540""},{""char_end"":1786,""char_start"":807,""chunk_id"":""666f54763eee5fc24be826ae935adae9266955d7cfaefdb45a357b59e23d2d46"",""document_id"":""techqa-doc:corpus/swg21633251.txt"",""filename"":""swg21633251.txt"",""rank"":5,""text"":""the Administrative Console to set up long time session. This configuration is for a one hour (60 minute) session. 1. Select Applications > Application Types > WebSphere enterprise applications > IBM_BPM_Portal_[node]_[server] > Session management > Session timeout. 2. Specify 60 minutes for the Session timeout value. 3. Select Applications > Application Types > WebSphere enterprise applications > IBM_BPM_WebAPI_[node]_[server] > Session management > Session timeout. 4. Specify 60 minutes for the Session timeout value. 5. Select Applications > Application Types > WebSphere enterprise applications > IBM_BPM_Teamworks_[node]_[server] > Session management > Session timeout. 6. Specify 60 minutes for the Session timeout value. 7. Select Security > Global security > Authentication cache settings > Cache timeout. 8. Specify 60 minutes for the Cache timeout value. 9. Select Security > Global security > LTPA > LTPA timeout. 10. Specify 60 minutes for the LTPA timeout value.""},{""char_end"":2802,""char_start"":1752,""chunk_id"":""7b0fea36e557e150da174d163626dbfab3a897317303285f04a7b7c7424a8c7c"",""document_id"":""techqa-doc:corpus/swg21163875.txt"",""filename"":""swg21163875.txt"",""rank"":6,""text"":""-out at the Web Application level, navigate to Applications > Enterprise Applications > Your Application > Web Module > Your Web App.war > Session Management. Check Override in the Override Session Management section, then select to set the time-out and the time-out value. This sets the Application Session to overwrite those values set at the parent levels, which in this case is the Server or Enterprise Application level. After modifying these settings, save the master configuration. Setting HTTP Session time-out when application is packaged The application developer can also select to set the HTTP Session time-out parameter when the application is packaged. This value is stored in the web.xml file for the Web application. This setting overrides any session time-outs defined from the Administrative Console. Alter this setting by repackaging the application with a new value, or by modifying the web.xml file. The entry in the web.xml will be as follows: <session-config> * <session-timeout>60</session-timeout> * * </session-config> Where""},{""char_end"":1998,""char_start"":908,""chunk_id"":""bd767e389c0c2b7783b65a1595b39b4e8b145c55925c960e265aa792d91d9c4b"",""document_id"":""techqa-doc:corpus/swg21163875.txt"",""filename"":""swg21163875.txt"",""rank"":7,""text"":""Session time-out from the Administrative Console 1. To set the HTTP Session time-out at the server level, navigate to Servers > Application Servers > Your Server > Web Container > Session Management. In the Session time-out section of this window, you can select No time-out or Set time-out by clicking the appropriate radio button. If you choose to set the time-out, type the desired value in minutes in the box. 2. To set the HTTP Session time-out at the Enterprise Application level, navigate to Applications > Enterprise Applications > Your Application > Session Management. Check Override in the Override Session Management section, then select to set the time-out and the time-out value. This sets the application session to overwrite those values set at the parent, which in this case is the Server level. 3. To set the HTTP Session time-out at the Web Application level, navigate to Applications > Enterprise Applications > Your Application > Web Module > Your Web App.war > Session Management. Check Override in the Override Session Management section, then select to set the time-""},{""char_end"":3522,""char_start"":2663,""chunk_id"":""d5721817db1230b9775c9e565751fa04adb211a0568c1ede8bb1a714d21607a0"",""document_id"":""techqa-doc:corpus/swg21163875.txt"",""filename"":""swg21163875.txt"",""rank"":8,""text"":""xml file. The entry in the web.xml will be as follows: <session-config> * <session-timeout>60</session-timeout> * * </session-config> Where the \""session-timeout\"" is an integer value for the desired session time-out in minutes. Setting HTTP Session time-out from the application code Finally, the HTTP Session time-out can be set in the application code. The programmer can invoke the setMaxInactiveInterval() method on HttpSession object to set the time-out value as desired. This setting overrides any time-out defined in the application package or made from the Administrative Console. HTTP Session time-out Override Precedence Summary The list below shows the precedence from which the final HTTP Session time-out is derived. 1. Server Level [/support/docview.wss?uid=swg21163875&amp;aid=1] Lowest level 2. Enterprise Application [/support/docview.wss?uid=""},{""char_end"":1969,""char_start"":1551,""chunk_id"":""02ae761420e3bb77816eb4e186e7e6cdd3f1dbc9ce80216b044f24b004e0ece2"",""document_id"":""techqa-doc:corpus/swg22003267.txt"",""filename"":""swg22003267.txt"",""rank"":9,""text"":""for the desired session time-out in minutes (Here 60 refers to 60 minutes) - This setting overrides any session time-outs defined from the WebSphere Administrative Console. Alter this setting by repackaging the application with a new value, or by modifying the web.xml file Cross reference information Segment Product Component Platform Version Edition Enterprise Content Management Atlas eDiscovery Process Management""},{""char_end"":896,""char_start"":0,""chunk_id"":""5c109fa2b7e61ecd5b2b309a4719cda28c3085af72373e0188f645c53bde0b58"",""document_id"":""techqa-doc:corpus/swg21636485.txt"",""filename"":""swg21636485.txt"",""rank"":10,""text"":""Title: IBM Configuring the Session timeout with CLM applications - United States Text: RTC; session timeout; WAS; CCM TECHNOTE (FAQ) QUESTION How do you configure the session timeout when deploying CLM Applications on WebSphere? CAUSE Administrators prefer to have their users timed out after certain periods of time for security purposes. ANSWER The current session timeout is hardcoded into the application for 6 hours. Due to a defect APAR PM88221, the session timeout cannot be changed when deploying the applications on WebSphere. For more information on this defect, planned to be resolved in 4.0.4, see jazz.net Defect 263315: Excessive use of HttpServletRequest.getSession() causes expired sessions to be ignored render WAS session configuration useless [https://jazz.net/jazz/web/projects/Jazz%20Foundation#action=com.ibm.team.workitem.viewWorkItem&id=263315] Leverage the Jazz Community""}]",phase03-sufficiency-annotation-v1,f2fe3f7f29b834d78fd7c79bf4d4a94faee43c658d89c48e386854123066802b,human_annotator_1,sufficient,"swg21163875 chunks cover all three reference locations (console at server/enterprise app/web app levels, packaging, application code) and their precedence.",2026-08-25T02:55:00+05:30
phase03-annotation-blinded-v1,0fcba01640d341e8d730ca40e3cdbd03aa83d6073364a9f40cd1493979f9c1da,104,DEV_Q030,validation,bm25,5,"For HP-UX how to write verbose gc output to a log file other than the native_stdout?

A customer asked why no gc logs generated even if they use the -Xverbosegc option. So How can I write verbose gc output to a log file other than the native_stdout for HP-UX? ",answerable_with_reference,"Add the following parameters to the generic JVM arguments: 
-XX:+PrintGCDetails 
-XX:+PrintGCDateStamps 
-XX:+PrintHeapAtGC 
-Xverbosegc:file= /tmp/gc_pid$$.vgc","[{""char_end"":672,""char_start"":0,""chunk_id"":""5820ba32b9afb8243163c0d07978ce9855302bd26aff96dd85f1b0ea59f0c006"",""document_id"":""techqa-doc:corpus/swg21636533.txt"",""filename"":""swg21636533.txt"",""rank"":1,""text"":""Title: IBM Writing Verbose GC To A Specified Log In Solaris and HP-UX - United States Text: verbosegc log rotation HP Solaris JVM rotate file TECHNOTE (FAQ) QUESTION How can I write verbose gc output to a log file other than the native_stdout? CAUSE By default, Solaris and HP-UX do not write verbose GC to a log file. This must be configured. ANSWER WAS 8.5.0.2 (and higher), WAS 8.0.0.6 (and higher), WAS 7.0.0.27 (and higher): Solaris: Add the following parameters to the generic JVM arguments: -XX:+PrintGCDetails -XX:+PrintGCDateStamps -XX:+PrintHeapAtGC -Xloggc:/tmp/gc.log To enable log file rotation: -XX:+UseGCLogFileRotation -XX:NumberOfGCLogFiles=10 -XX:GCLogFi""},{""char_end"":759,""char_start"":0,""chunk_id"":""152800bf2f3d7d6c6e82832e7d10741962ac530b42ceab02edba4c405cb47d16"",""document_id"":""techqa-doc:corpus/swg21384096.txt"",""filename"":""swg21384096.txt"",""rank"":2,""text"":""Title: IBM Writing Verbose GC to a Specified Log -Xverbosegclog in AIX, Linux and Windows - United States Text: verbose GC; verbose garbage collection; nativestd_err.log; verbose log app server appserver was TECHNOTE (FAQ) QUESTION How do you get verbose GC output to another log besides native_stderr? CAUSE Verbose GC data is captured by default in the native_stderr.log for AIX®, Windows® and Linux® and native_stdout.log for Solaris and HP. Note: For writing verbose gc to a specified log in Solaris and HP-UX, please see this link [https://www-304.ibm.com/support/docview.wss?uid=swg21636533]. At present there is no capability to rotate native_stderr logs in WebSphere. Therefore you can use -Xverbosegclog to minimize the size/contents of the native_st""},{""char_end"":946,""char_start"":0,""chunk_id"":""0d190cf6c159e489f769b59bf4d7fe575d43df8bd69f2d62262a327fb1be160d"",""document_id"":""techqa-doc:corpus/swg21222436.txt"",""filename"":""swg21222436.txt"",""rank"":3,""text"":""Title: IBM MustGather: How to enable Verbose GC Logging - United States Text: Verbose GC MustGather Garbage Collection; MustGatherDocument TECHNOTE (TROUBLESHOOTING) PROBLEM(ABSTRACT) Verbose GC logging gives an insight into the actions that the Garbage Collector is taking. This allows an application to be monitored and better tuned for performance, in addition to being vital for diagnosing memory problems. However, Verbose GC logging is not enabled by default. RESOLVING THE PROBLEM Enabling the generation of Verbose GC logging is done using the following command line option: -verbose:gc This causes the Verbose GC logging to be written to stderr. It is also possible to direct the Verbose GC logging output to a single file using the following command line option: -Xverbosegclog:[DIR_PATH][FILE_NAME] where: [DIR_PATH] is the directory where the file should be written [FILE_NAME] is the name of the file to write the logging to eg. java""},{""char_end"":3049,""char_start"":2168,""chunk_id"":""61718ef791b73795d08e598a2e30920770db83e637e7a602cde3053dedec0d2d"",""document_id"":""techqa-doc:corpus/swg21393526.txt"",""filename"":""swg21393526.txt"",""rank"":4,""text"":""be changed and set using the command line option: -Xdump:java[:=,...] So, for example, to set the ability to generate javadump files on user signals you would use: -Xdump:java:events=user Enable verbose GC logging Verbose GC logging gives an insight into the actions that the Garbage Collector is taking. This allows an application to be monitored and better tuned for performance, in addition to being vital for diagnosing problems. Verbose GC logging is not enabled by default, and can be done by 1 of the following ways: * Enabling the generation of Verbose GC logging is done to direct the Verbose GC logging output to a single file using the following command line option: -Xverbosegclog:[DIR_PATH][FILE_NAME] Where: [DIR_PATH] is the directory where the file should be written [FILE_NAME] is the name of the file to write the logging to For example, java -Xverbosegclog:/tmp/""},{""char_end"":3160,""char_start"":2294,""chunk_id"":""3f7062accc2ffe6f9193c8f7bb2d8c32676e97a66a1e20dd3e87d53461c9f60e"",""document_id"":""techqa-doc:corpus/swg21264875.txt"",""filename"":""swg21264875.txt"",""rank"":5,""text"":""java[:=,...] So, for example, to set the ability to generate javadump files on user signals you would use: -Xdump:java:events=user 2. Enable verbose GC logging Verbose GC logging gives an insight into the actions that the Garbage Collector is taking. This allows an application to be monitored and better tuned for performance, in addition to being vital for diagnosing problems. Verbose GC logging is not enabled by default, and can be done by one of the following ways. a) Enabling the generation of Verbose GC logging is done to direct the Verbose GC logging output to a single file using the following command line option: -Xverbosegclog:[DIR_PATH][FILE_NAME] where: [DIR_PATH] is the directory where the file should be written [FILE_NAME] is the name of the file to write the logging to For example, java -Xverbosegclog:C:\\temp\\verbose_output.xml b) The logging""}]",phase03-sufficiency-annotation-v1,f2fe3f7f29b834d78fd7c79bf4d4a94faee43c658d89c48e386854123066802b,human_annotator_1,sufficient,Rank-1 chunk contains the reference JVM arguments for writing verbose GC to a file on HP-UX.,2026-08-25T02:56:00+05:30
phase03-annotation-blinded-v1,03379bd76732417bb1a314026e09353a8c06d97b718f4c1ae273c3e9e485402f,105,DEV_Q106,train,bm25,10,"Why does WebSphere DataPower spike with a high CPU rate when a WebSphere MQ connection is unavailable?

I have noticed when my MQ backends go down unexpectedly it can result in a high CPU rate on DataPower. And how can I resolve this? ",answerable_with_reference,The solution to the issue of having DataPower vulnerable to the MQ Queue Manager being inaccessible is to change the Retry Attempts parameter on the Configure MQ Queue Manager window from 0 to some number.,"[{""char_end"":1046,""char_start"":0,""chunk_id"":""e3a77912fc77c472fcfc8a936d1bdd1abb67b312282e22c7fc95237e3c8ab4d7"",""document_id"":""techqa-doc:corpus/swg21431301.txt"",""filename"":""swg21431301.txt"",""rank"":1,""text"":""Title: IBM WebSphere DataPower spikes with high CPU when WebSphere MQ connection is unavailable - United States Text: retries; high CPU; MQ queue manager; Retry Interval; Retry Attempts; Long Retry Interval TECHNOTE (FAQ) QUESTION Why does WebSphere DataPower spike with a high CPU rate when a WebSphere MQ connection is unavailable? Is there a solution to this issue? CAUSE If the value of Retry Attempts is set to 0 on the DataPower MQ Queue Manager object, this negates the benefits of the Long Retry Interval since it will not be used. DataPower will retry forever using the specified Retry Interval. The default setting of Retry Attempts as 0 and Retry Interval as 1 second is provided to preserve backward compatibility. However, these default values should be changed to take advantage of Long Retry Interval feature available in firmware. ANSWER The solution to the issue of having DataPower vulnerable to the MQ Queue Manager being inaccessible is to change the Retry Attempts parameter on the Configure MQ Queue Manager window from 0 to""},{""char_end"":1809,""char_start"":963,""chunk_id"":""3ce28a82af26847d023208cd96282e5347213060fb7e5f1bafd1c5392338dc1a"",""document_id"":""techqa-doc:corpus/swg1IT02476.txt"",""filename"":""swg1IT02476.txt"",""rank"":2,""text"":""uid=swg24037486] Fix packs for DataPower B2B Appliance version 7.0 [http://www-01.ibm.com/support/docview.wss?uid=swg24037487] Fix packs for DataPower Integration Appliance version 7.0 [http://www-01.ibm.com/support/docview.wss?uid=swg24037488] SUBSCRIBE You can track all active APARs for this component. APAR STATUS * CLOSED AS PROGRAM ERROR. ERROR DESCRIPTION * When sharing conversation is enabled and an MQ error occurs (e.g. max channel limit reached), the MQ connection might fail. High CPU utilization might be observed. LOCAL FIX * Disable sharing conversation. PROBLEM SUMMARY * An administrator might see high CPU utilization and DataPower in a hang condition with DataPower MQ Queue Manager objects using sharing conversation. This might occur with a high traffic load at the time of an MQ error. PROBLEM CONCLUSION * Fix is available""},{""char_end"":2511,""char_start"":1557,""chunk_id"":""fc31fc3ad15f7c7fe881b9de1274495c81fc44d462dfd6a54d2f0c1ea8971409"",""document_id"":""techqa-doc:corpus/swg27021649.txt"",""filename"":""swg27021649.txt"",""rank"":3,""text"":""DataPower? 15:59 Why is the reply message not received by DataPower in an MQ request/reply flow? 21:05 I would like to profile my stylesheet on DataPower; does DataPower provide this type of functionality? 25:26 How can DNS cause problems with the DataPower device configuration and data flow? 27:01 How long does the DataPower cache the IP address of remote services like backend server when we use DNS names? I am asking this question because it allows the backend team to replace the backend server with DR site when the backend server crashes.I know that DataPower DNS cache depends upon TTL value in present when it queries DNS server to resolve the IP address. Will this hold good for this? 29:03 What is the difference between configuring duration monitor filters and SLM monitors? 30:17 Why doesn't SLM monitor express threshold in milliseconds? 31:00 Why does the dp:get-cert-details extension function depend only on objects or a base64 string?""},{""char_end"":1724,""char_start"":956,""chunk_id"":""bf12b03eda76fb367546f17b4bfcf27e2179477ff3ce82857ad7c747e01db8e9"",""document_id"":""techqa-doc:corpus/swg1IT18153.txt"",""filename"":""swg1IT18153.txt"",""rank"":4,""text"":""version 7.5.2 [http://www-01.ibm.com/support/docview.wss?uid=swg24042699] SUBSCRIBE You can track all active APARs for this component. APAR STATUS * CLOSED AS PROGRAM ERROR. ERROR DESCRIPTION * When there are many MQ front side handlers on a single service and the either the MQ connection is broken, or the service is removed and attempted to be restarted, DataPower may see CPU usage grow. It is possible this cpu usage will remain high causing unresponsiveness until the service or domain is manually disabled. LOCAL FIX PROBLEM SUMMARY * CPU might be high, when MQ connections are broken. PROBLEM CONCLUSION * Fix is available in 7.0.0.17, 7.1.0.14, 7.2.0.11, 7.5.0.5, 7.5.1.4 and 7.5.2.2 For a list of the latest fix packs available, please see: http://www-01.ibm""},{""char_end"":906,""char_start"":0,""chunk_id"":""e9ab37c7c8c291e4f503dc6e96e557553c100ca8142da692dfe096c09a5aa505"",""document_id"":""techqa-doc:corpus/swg21502873.txt"",""filename"":""swg21502873.txt"",""rank"":5,""text"":""Title: IBM WebSphere DataPower SOA Appliance may consume internal resources if syslog-ng log target is unreachable on Firmware 4.0.2 or earlier - United States Text: TECHNOTE (TROUBLESHOOTING) PROBLEM(ABSTRACT) If a syslog-ng log target becomes unavailable, the IBM WebSphere DataPower SOA Appliance internal resources may be consumed when running Firmware 4.0.2 or earlier. SYMPTOM If a DataPower appliance is reporting an unexpectedly high level of internal resources is being consumed, has an unexpected restart, or the appliance becomes unresponsive when a remote syslog-ng log target has become unavailable, then this may be the possible cause. CAUSE Syslog-ng uses TCP for \""more\"" reliable connections and syslog uses UDP in a \""fire-and-forget\"" manner. When using syslog-ng, if excessive amounts of log entries are generated, multiple syslog-ng log targets, or a high rate limit is used, then internal""},{""char_end"":5124,""char_start"":4174,""chunk_id"":""282ac6b54f347b547950947bae0c496d5f8e586e044b3db30a2c381379ecde44"",""document_id"":""techqa-doc:corpus/nas8N1015837.txt"",""filename"":""nas8N1015837.txt"",""rank"":6,""text"":""15/91 10:26:46 F3=Exit F12=Cancel The advantage of using SLIC log is that it tells you when the high EAO rate started and ended. Unfortunately, it does not give you information about the job or program that caused the EAOs. EAOs tend to be bursty when they are a performance problem. They tend to occur with specific jobs and/or programs. If the system is running many users or batch jobs, then the severity of the performance degradation is masked by the normal system operation. For example, if a batch job is getting high rates of EAOs and interactive jobs preempt the batch job, then the EAO rate will be decreased. When the batch job runs, then the EAO rate will be high, then an interactive job preempts the batch job, then the EAO rate will be low. If all the jobs on the system have equal priority and one job has high EAO rate, then that job will tend to use its internal time slice (500 msecond of CPU time) and then give up the CPU for the""},{""char_end"":2549,""char_start"":1727,""chunk_id"":""6d0451a66b7a803979af7f40c4774e39525a2e05c3abfedefbbda47e16c1a4a8"",""document_id"":""techqa-doc:corpus/swg21291189.txt"",""filename"":""swg21291189.txt"",""rank"":7,""text"":""/subscribe performance, Java Message Service (JMS) performance, and the IBM Message Service interface (XMS) interface. * IBM MQ Performance Reports [http://www.ibm.com/support/docview.wss?uid=swg27007150] If you believe there is a defect or regression which is preventing MQ from performing in line with its reports, collect the same information you would for a hang or high CPU usage problem. If you have both a working system and a slow system, collect data from both for comparison. In addition, please ensure your system is up-to-date on operating system patches and firmware: * MQ MustGather for Hangs and High CPU Usage on Linux, UNIX, Windows and IBM i [http://www.ibm.com/support/docview.wss?uid=swg21293105] * MQ MustGather for Hangs and High CPU Usage on HP NonStop Server [http://www.ibm.com/support/docview.wss""},{""char_end"":747,""char_start"":0,""chunk_id"":""6ed4da350acd53a51beca70491a5af21843b6395c61cd14f845cc4875689d1f0"",""document_id"":""techqa-doc:corpus/swg1IT14409.txt"",""filename"":""swg1IT14409.txt"",""rank"":8,""text"":""Title: IBM IT14409: HIGH LOAD SEEN DUE TO MQ SHARING CONVERSATIONS - United States Text: FIXES ARE AVAILABLE Fix packs for DataPower Service Gateway version 7.0 [http://www-01.ibm.com/support/docview.wss?uid=swg24037486] Fix packs for DataPower B2B Appliance version 7.0 [http://www-01.ibm.com/support/docview.wss?uid=swg24037487] Fix packs for DataPower Integration Appliance version 7.0 [http://www-01.ibm.com/support/docview.wss?uid=swg24037488] SUBSCRIBE You can track all active APARs for this component. APAR STATUS * CLOSED AS PROGRAM ERROR. ERROR DESCRIPTION * Enabling sharing conversations in MQ may result in high CPU, device unresponsiveness and potentially an unplanned device restart. LOCAL FIX PROBLEM SUMMARY * Affected is use of M""},{""char_end"":788,""char_start"":0,""chunk_id"":""fa5bd537d14daafd7adc80e9c117c9f0eccf5eaac516aaad5a4d8b60a0923938"",""document_id"":""techqa-doc:corpus/swg1IT14350.txt"",""filename"":""swg1IT14350.txt"",""rank"":9,""text"":""Title: IBM IT14350: LARGE NUMBER OF INITITAL CONNECTIONS ON DATAPOWER MQ-QM OBJECT CAUSES MQRC 2195 - United States Text: FIXES ARE AVAILABLE Fix packs for DataPower Gateway version 7.2 [http://www-01.ibm.com/support/docview.wss?uid=swg24039783] Fix packs for DataPower Gateway version 7.5 [http://www-01.ibm.com/support/docview.wss?uid=swg24041543] SUBSCRIBE You can track all active APARs for this component. APAR STATUS * CLOSED AS PROGRAM ERROR. ERROR DESCRIPTION * With a large initial-connection value to DataPower mq-qm object, MQ reason code 2195 would be seen in the system log when mq-qm object is transitioning to the up state. Users might end up in the state of high CPU usage when mq-qm keeps shutting down the connection pool for failed connections and establishing new ones""},{""char_end"":727,""char_start"":0,""chunk_id"":""965241b7d804edbf7a5d9e25c3e3fda7bf8075bad5862e9bf1d214297acee028"",""document_id"":""techqa-doc:corpus/swg21974379.txt"",""filename"":""swg21974379.txt"",""rank"":10,""text"":""Title: IBM High CPU Noticed After Patching to IBM Sterling B2b Integrator 5.2.6.0 - United States Text: 5260; High CPU TECHNOTE (TROUBLESHOOTING) PROBLEM(ABSTRACT) After patching IBM Sterling B2b Integrator (ISBI) to version 5260, high CPU was noticed on the application server in which ISBI is installed on. SYMPTOM Sustained CPU spike, of the noapp process. In this case the CPU was spiking 30-40% higher than noted in 525. On Linux platforms this is captured with the \""top\"" command. Using \""top -H\"" (show threads) the offending thread within the noapp JVM was found to be a perimeter dispatcher thread 3XMTHREADINFO \""Dispatcher\"" J9VMThread:0x00000000C1E87B00, j9thread_t:0x000000018384C580, java/lang/Thread:0x000000004814BED""}]",phase03-sufficiency-annotation-v1,f2fe3f7f29b834d78fd7c79bf4d4a94faee43c658d89c48e386854123066802b,human_annotator_1,sufficient,Rank-1 chunk contains the reference answer: change Retry Attempts on the MQ Queue Manager object from 0.,2026-08-25T02:57:00+05:30
phase03-annotation-blinded-v1,3272b0f10b22d84a57fe58b64348b206178b4915151672d24821b9ce292ad8b7,106,TRAIN_Q203,validation,dense,3,"Limitations of sylog-TCP log target using DataPower Gateways

I am trying to configure a log target using type syslog-TCP. It seems that the payload is getting truncated when I try to record custom logs to it using log-action. How can I workaround it. ",answerable_with_reference,Configure a server daemon to listen and capture the DataPower devices events.,"[{""char_end"":1791,""char_start"":738,""chunk_id"":""213264a31e37cb043bf448aec6dc13c4791f5ea101add580a67b3ceeb0655a18"",""document_id"":""techqa-doc:corpus/swg21269136.txt"",""filename"":""swg21269136.txt"",""rank"":1,""text"":""hold larger than average log files or long term logging needs in production environment. It should be noted that if used while debugging at load or in a capacity issue, log events may be dropped. There is a prioritization of events within the device and client traffic always comes first. Log events dropped can be confirmed or counted from the Status>Log Targets menu in the WebGUI. RESOLVING THE PROBLEM Configure a server daemon to listen and capture the DataPower devices events. First, this example shows how to create the log target sending events to a syslog destination. The other examples listed below will have their own strong points to be considered depending on the problem scenario. Syslog: * The syslog protocol operates over UDP which has no guarantee on packet delivery - a fast fire and forget method. To create the new log target, go into the default domain: Objects > Log Targets Configure the log target with settings as follows from the WebGUI: 1. Name the log target 2. Select Target Type of syslog 3. Fill in the Local Identifier""},{""char_end"":817,""char_start"":0,""chunk_id"":""2caeb2a87a8d085d63573eb12630d6f10191700bb67d01a2acc60b120f2b026a"",""document_id"":""techqa-doc:corpus/swg21454483.txt"",""filename"":""swg21454483.txt"",""rank"":2,""text"":""Title: IBM WebSphere DataPower SOA Appliance: How to send log messages to syslog or syslog-ng server using a Log Action - United States Text: TECHNOTE (TROUBLESHOOTING) PROBLEM(ABSTRACT) When configuring a Log Action, the WebGUI drop-down for the Destination field contains three options which are not supported: syslog://, syslog-tcp://, and syslog-tcpssl://. SYMPTOM When using a Log Action to send a log message to a syslog-ng server, an unparseable log message occurs on the syslog-ng server. RESOLVING THE PROBLEM User can't directly use syslog, syslog-tcp and syslog-tcpssl in Destination of Log Action. Although they show in WebGUI but they are not supported for Log Action. APAR IC71967 has been created to address this issue in future releases of the firmware. You can find more detail in following APAR link""},{""char_end"":1308,""char_start"":532,""chunk_id"":""5ed5452be3e5617b43eb5b0d61ec14f89790e2cb5defcc33aefbbd410f0a15d7"",""document_id"":""techqa-doc:corpus/swg1IT19589.txt"",""filename"":""swg1IT19589.txt"",""rank"":3,""text"":"".1 [http://www-01.ibm.com/support/docview.wss?uid=swg24042194] Fix packs for DataPower Gateway version 7.5.2 [http://www-01.ibm.com/support/docview.wss?uid=swg24042699] SUBSCRIBE You can track all active APARs for this component. APAR STATUS * CLOSED AS PROGRAM ERROR. ERROR DESCRIPTION * When the destination server for a syslog-tcp log target is unavailable, the CPU on the DataPower Gateway might rise dramatically due to excessive syslog-tcp connection attempts. LOCAL FIX PROBLEM SUMMARY * Many syslog-tcp targets going to a remote syslog server which is down might rise DataPower CPU usage. PROBLEM CONCLUSION * Add tuning parameters to sylog-tcp logging targets to allow customers to reduce the syslog retries to the syslog server Fix is available in 7.1.0.16, 7.2.0.14""}]",phase03-sufficiency-annotation-v1,f2fe3f7f29b834d78fd7c79bf4d4a94faee43c658d89c48e386854123066802b,human_annotator_1,sufficient,Rank-1 chunk contains the reference resolution verbatim (configure a server daemon to capture events) and rank-2 explains why syslog-tcp log-action destinations are unsupported.,2026-08-25T02:58:00+05:30
phase03-annotation-blinded-v1,237b7f4f9b6c99675eff6f7f614339fb6a7b31b6124a010d16b13b7e529af4a5,107,TRAIN_Q535,train,bm25,1,"SYSIBMADM.DBCFG IS AN UNDEFINED NAME error message on z/OS ODM Event Server

On Z/OS, Events runtime may trace the following exception into system logs when DB2 is used as the runtime repository: com.ibm.websphere.ce.cm.StaleConnectionException: SYSIBMADM.DBCFG IS AN UNDEFINED NAME. SQLCODE=-204, SQLSTATE=42704, DRIVER=3.65.102 ",answerable_with_reference,This error message can be safely ignored.,"[{""char_end"":669,""char_start"":0,""chunk_id"":""d190b0bdaccb5f979166b8e0fc6fa7820ec52bc62ac792c523dc495ebb0c50e4"",""document_id"":""techqa-doc:corpus/swg21690184.txt"",""filename"":""swg21690184.txt"",""rank"":1,""text"":""Title: IBM Ignorable SYSIBMADM.DBCFG IS AN UNDEFINED NAME error message - United States Text: TECHNOTE (TROUBLESHOOTING) PROBLEM(ABSTRACT) On Z/OS, Events runtime may trace the following exception into system logs when DB2 is used as the runtime repository: com.ibm.websphere.ce.cm.StaleConnectionException: SYSIBMADM.DBCFG IS AN UNDEFINED NAME. SQLCODE=-204, SQLSTATE=42704, DRIVER=3.65.102 SYMPTOM com.ibm.websphere.ce.cm.StaleConnectionException: SYSIBMADM.DBCFG IS AN UNDEFINED NAME. SQLCODE=-204, SQLSTATE=42704, DRIVER=3.65.102 is logged. CAUSE DB2 SYSIBMADM.DBCFG table view does not exist on Z/OS. RESOLVING THE PROBLEM This error message can be safely ignored.""}]",phase03-sufficiency-annotation-v1,f2fe3f7f29b834d78fd7c79bf4d4a94faee43c658d89c48e386854123066802b,human_annotator_1,sufficient,"Single chunk is the exact technote whose title and content state the error is ignorable, matching the reference.",2026-08-25T02:59:00+05:30
phase03-annotation-blinded-v1,2f8f077c404980b0eaa933a021081413ab7a8485faf0f938b313c1389f66cf81,108,TRAIN_Q554,train,bm25,3,"DB2 Non Reclaimable Storage .

We have tablespaces defined under DB2 9.5 that apparently are not able
to reclaim storage back to the OS. 
Is there a conversion available without reloading the tables?",answerable_with_reference,Tablespaces migrated from DB2 V9.1/V9.5 to V9.7 won't get upgraded directly to use the reclaimable storage feature.,"[{""char_end"":854,""char_start"":0,""chunk_id"":""819698fb44c9a4f694c2a136b8c620e1f5fd55251ea2b5714f61e1e3532a094a"",""document_id"":""techqa-doc:corpus/swg21993613.txt"",""filename"":""swg21993613.txt"",""rank"":1,""text"":""Title: IBM STEPS TO RECLAIM ALL AVAILABLE SPACE FROM A RECLAIMABLE STORAGE DMS AUTOMATIC STORAGE TABLESPACE - United States Text: alter; tablespace; reclaim; reduce; max; reorg; reclaimable; storage; DMS TECHNOTE (FAQ) QUESTION How to reclaim all available space from a reclaimable storage DMS automatic storage tablespace? ANSWER 1) First make sure you are dealing with reclaimable storage. Execute the following to list out which tablespaces have reclaimable storage enabled: db2 \""SELECT varchar(tbsp_name, 30) as tbsp_name, tbsp_type, RECLAIMABLE_SPACE_ENABLED FROM TABLE(MON_GET_TABLESPACE('',-2))\"" 2) For all tablespaces with reclaimable storage enabled, run the following to reclaim as much space as you can for the table and tablespace(s) in question: db2 -v \""CONNECT TO <database_name>\"" db2 -v \""REORG TABLE <table name> LONGLOBDATA\"" db2 -v \""ALTER""},{""char_end"":921,""char_start"":0,""chunk_id"":""ec04ad4be9547fab0d163d069e0147a3d893846773db4966fefdb2568dfb3574"",""document_id"":""techqa-doc:corpus/swg21438047.txt"",""filename"":""swg21438047.txt"",""rank"":2,""text"":""Title: IBM SQL1763N error with Reason Code 11 while running \""Alter Tablespace\"" command to reclaim unused storage space against DMS or automatic storage tablespaces. - United States Text: SQL1763N; Alter Tablespace; reclaimable storage; DMS; Automatic storage table spaces; MON_GET_TABLESPACE; RECLAIMABLE_SPACE_ENABLED; SMS; DB2 Version 9.7; lower high water mark TECHNOTE (TROUBLESHOOTING) PROBLEM(ABSTRACT) Receiving SQL1763N error with Reason Code 11 while running \""Alter Tablespace\"" command to reclaim unused storage space against DMS or automatic storage tablespaces. SYMPTOM Following reasons apply: * If the DMS or automatic storage tablespaces are not created in DB2 Version 9.7 or later, as the \""Reclaimable Storage\"" is not available in tablespaces created in earlier versions(V9.1/V9.5) of the DB2 product. * Trying to alter a SMS tablespace as this feature is not supported on SMS tablespaces. Example testcase""},{""char_end"":3535,""char_start"":2638,""chunk_id"":""66838c6d7911cd18980656b77acd077ca7ab58aaa17680c2ccc707af34482ef6"",""document_id"":""techqa-doc:corpus/swg21407883.txt"",""filename"":""swg21407883.txt"",""rank"":3,""text"":""7'\"" DB20000I The SQL command completed successfully. Once you have defined an AUTOMATIC STORAGE path and the database has been enabled to use AUTOMATIC STORAGE, you can alter an existing (DMS) tablespace to use AUTOMATIC STORAGE. $ db2 \""alter tablespace tbsdms MANAGED BY AUTOMATIC STORAGE\"" DB20000I The SQL command completed successfully. You can then verify the change with a new db2pd -tablespaces output: $ db2pd -db test -tablespaces (Output Truncated) Tablespace Autoresize Statistics: Address Id AS AR InitSize IncSize IIP MaxSize LastResize 0xA70A94F0 3 Yes Yes 786432 -1 No None None The indictor shows that tablespace 3 is now using automatic storage for the DB2 V9.7 database. ***NOTE: While the tablespaces are now able to use AUTOMATIC storage, this does not enable them for RECLAIMABLE storage. If you wish to use RECLAIMABLE storage, the tablespaces will need to be recreated in V9.""}]",phase03-sufficiency-annotation-v1,f2fe3f7f29b834d78fd7c79bf4d4a94faee43c658d89c48e386854123066802b,human_annotator_1,sufficient,"Rank-2 technote states reclaimable storage is not available in tablespaces created before 9.7 (V9.1/V9.5), matching the reference.",2026-08-25T03:00:00+05:30
phase03-annotation-blinded-v1,1f5055f9533e2cf244b2c50ddaf225a013a722a5ec34355ab57af3e3b2f8ef44,109,DEV_Q155,validation,dense,1,"What exactly is ""wpcollector"" in WebSphere Portal Server?

I've been told to get wpcollector output? What exactly is this?",answerable_with_reference,Wpcollector is a command line tool that automates the collection of portal logs and configuration files.,"[{""char_end"":1004,""char_start"":0,""chunk_id"":""f1d7974e9a3c640703473ca0f5116fbabc309a6677529aa84b0a143b07fadf8d"",""document_id"":""techqa-doc:corpus/swg21445430.txt"",""filename"":""swg21445430.txt"",""rank"":1,""text"":""Title: IBM Automated data collection capability provided by wpcollector tool - United States Text: wpcollector isalite isa lite data collection collector diagnostics TECHNOTE (FAQ) QUESTION What are the benefits of the wpcollector tool? How do I use this tool? ANSWER Wpcollector is a command line tool that automates the collection of portal logs and configuration files. Using automated log collection early in the Case life cycle can greatly reduce the number of doc requests that are made by Support. Wpcollector is delivered with WebSphere Portal beginning with the 7.0 release. If tracing is required for the problem scenario, you must manually enable traceStrings and recreate the problem PRIOR to running wpcollector. To run wpcollector, please follow the steps, below: * If IBM Support has requested tracing, enable it as instructed by the L2 Support Engineer and then recreate the problem. If no tracing is requested, proceed to the step, below: * If using Microsoft Windows, Unix/Linux, or IBM""}]",phase03-sufficiency-annotation-v1,f2fe3f7f29b834d78fd7c79bf4d4a94faee43c658d89c48e386854123066802b,human_annotator_1,sufficient,Single chunk contains the reference definition of wpcollector verbatim.,2026-08-25T03:01:00+05:30
phase03-annotation-blinded-v1,555a4fd96f8a7abfba3bc0d5b99273d1b9c3a09776493f564c88ffe48e5176ac,110,TRAIN_Q323,validation,bm25,10,"How to adjust font and padding of rows in the Web GUI Event Viewer of Netcool

You would like to change the font and padding of event rows.
",benchmark_impossible_no_reference,,"[{""char_end"":903,""char_start"":0,""chunk_id"":""01f4b96f4049a57e6bf260d466e8207ff75241262efc84d3d54b00388fd3dc69"",""document_id"":""techqa-doc:corpus/swg21273378.txt"",""filename"":""swg21273378.txt"",""rank"":1,""text"":""Title: IBM How to modify font and color properties of unread/read documents in Notes 8.x - United States Text: modify; color of Unread documents; color; unread documents; unread; Notes 8; font; color; APAR LO29431; APAR LO31498; 8 releases; 8; mail files; mailfiles; mail template; template; unread documents; black; red; rgb; Rows Unread; View properties; Folder properties; default is red; default; change font and color; change font; change color; You want to change the color of read and unread documents in your mail file design; How to change the color of read and unread TECHNOTE (TROUBLESHOOTING) PROBLEM In Lotus Notes 8 releases, you notice that the mail files using the Notes 8 mail template display unread documents in black. Custom databases and mail files using the Notes 6 or 7 mail template display unread documents as specified in the \""Rows Unread\"" setting of the View/Folder properties""},{""char_end"":911,""char_start"":0,""chunk_id"":""e93601ddee593fd7a24cd32bca3bbf7b9293501853b5639e2bcff2b990f9d193"",""document_id"":""techqa-doc:corpus/swg21430098.txt"",""filename"":""swg21430098.txt"",""rank"":2,""text"":""Title: IBM How to change the default font in Report Studio, Analysis Studio and Query Studio - United States Text: TECHNOTE (FAQ) QUESTION This document describes how to change the default font in the working area for Report Studio, Analysis Studio and Query Studio ANSWER The default font for objects and classes in Report Studio is set in the file GlobalReportStyles.css under c8/webcontent/reportstyles For every object or class adjust the wanted font to change its default font value. In example to change the default font for the body cells in list columns adjust following changes: - open GlobalReportStyles.css under c10/webcontent/reportstyles - goto the section for lists called /*List Styles*/ - there you will find following section: .lc /* list column body cell */ { vertical-align: top; border: 1px solid #CCCCCC; padding: 3px 5px; } - edit and change the entry \"".lc /* list column body cell */\"" as""},{""char_end"":924,""char_start"":0,""chunk_id"":""ae4b577c6d11922d2548bf32df6a9947d04e6faaf77a51d5327d523801bb5621"",""document_id"":""techqa-doc:corpus/swg21962268.txt"",""filename"":""swg21962268.txt"",""rank"":3,""text"":""Title: IBM Labels of repeated nested rows in TM1 - United States Text: FIX README ABSTRACT Labels of repeated nested rows in IBM Cognos TM1 are left blank. In Microsoft Excel the text font for the repeated label is made to match the background color, and therefor cannot be seen. In TM1 Web, the repeated cells are merged. CONTENT To see the hidden text in Excel you can change the color of the font by using a conditional format on the outer rows to override the default setting. This formatting on merged headers was previously not allowed in TM1 Web. In TM1 10.2.2 FP1 and later releases, this method to override hidden text will work both in Excel and in TM1 Web websheets: 1. Select: Conditional formatting > New rule. 2. Select: Use a formula to to determine which cells to format. 3. In the field Format values where this formula is true type =1=1 4. Click Format and select how you want the hidden text to be viewed.""},{""char_end"":1032,""char_start"":0,""chunk_id"":""735e0b7d9bb6080d2a96073857c5edcf3bd418e60d424e2ad93c72ea574b9671"",""document_id"":""techqa-doc:corpus/swg1PM44158.txt"",""filename"":""swg1PM44158.txt"",""rank"":4,""text"":""Title: IBM PM44158: PAGE ATTRIBUTES: PROBLEMS WITH ALIGNMENT, FONT AND FONT SIZE OF MULTIPLE HEADER / FOOTER ROWS - United States Text: SUBSCRIBE You can track all active APARs for this component. APAR STATUS * CLOSED AS PROGRAM ERROR. ERROR DESCRIPTION * You are working with IBM SPSS Statistics 19.0.0.1 and created output. In the output viewer you click on Page attributes and try to enter multiple rows in header and footer with different fonts, font size and different alignment of the single rows (e.g. one row left justified, the other centered and so on). However, for the header it seems that you cannot justify the lines on page attributes dialog. It seems they all stick on the left. When you click on OK and go to print preview however, you will notice that the header rows are justified in the way you defined whereas you will notice that there are no multiple rows displayed for the footer. Also the font settings and size are not reflected on the footer but on header. This was reported to IBM SPSS Development and is""},{""char_end"":1025,""char_start"":0,""chunk_id"":""6460ce030245cbcebfa9d06d836c39b252581ebe2fa04f9282a36b9780eea4c5"",""document_id"":""techqa-doc:corpus/swg21303328.txt"",""filename"":""swg21303328.txt"",""rank"":5,""text"":""Title: IBM Forms Viewer and Designer font size explanation - United States Text: font size; size of font; wrong font; font display; viewer; designer; dpi TECHNOTE (FAQ) QUESTION A standard Times New Roman font is a different size in IBM Forms Viewer and Designer. Why does this size difference occur? ANSWER In order for the Viewer to display the font the same as the Designer, the monitor DPI (dots per inch) needs to be set to 120 DPI for the font sizes specified in the table below. To explain why the DPI needs to be set to 120, we explain how programmers code the pixel heights. When setting the pixel height, the programmer knows that one point is equal to 1/72 of an inch. So the programmer would use a formula to figure out how many pixels high to draw a font. For example: Pixel height = Point size * DPI of machine / 72 Unfortunately, this value would display a different pixel height on different machines if they do not have the same DPI. The Viewer font calculations were standardized using 120 DPI. As a result,""},{""char_end"":979,""char_start"":0,""chunk_id"":""d815442f97262b09fcdc69a240024059bcc623606fffd49cfedd6db0b1689409"",""document_id"":""techqa-doc:corpus/swg21427952.txt"",""filename"":""swg21427952.txt"",""rank"":6,""text"":""Title: IBM How to enlarge the text font size in IBM Rational DOORS Web Access - United States Text: zoom; font; size; increase; decrease; customize; adjust; Doors web access; DWA TECHNOTE (FAQ) QUESTION How do you enlarge the font size in IBM Rational DOORS Web Access? CAUSE Rational DOORS Web Access does not provide the ability to customize the font size of text in objects. This is left to be handled from the browser ANSWER To enlarge the size of the text in Rational DOORS Web Access browser you can use the following methods: in Internet Explorer 7 and 8, Firefox v2.x and v3.x web browsers, select one of the following methods to zoom in or out of the application * Press the Ctrl button and the + or - button to increase or decrease the zoom * Press the Ctrl button and then scroll the mouse wheel to increase or decrease the zoom * Select Zoom in or Zoom out in Internet Explorer or Firefox View > Zoom menu In Internet Explorer 6, there are two solutions: * Download a""},{""char_end"":1731,""char_start"":714,""chunk_id"":""73ccbdcc4ef5652694af1bfd03a20ab16ac671983b6007f5228dc6b81b82291e"",""document_id"":""techqa-doc:corpus/swg21997422.txt"",""filename"":""swg21997422.txt"",""rank"":7,""text"":"", it is not included. If you are backing up one database and restoring to another, then the event monitors would be included in the backup image, and thus would exist in the restored database. Otherwise, it is possible to reconstruct the CREATE EVENT MONITOR statement using the information contained in the SYSCAT.EVENTMONITOR, SYSCAT.EVENTS and SYSCAT.EVENTTABLES tables. Rows in the first table describe event monitors with columns representing the various options that can be specified as part of creation. Rows in syscat.events describe the events captured for an event monitor (type of event, options) and rows in syscat.eventtables describe the target tables for the event monitor (applicable to write to table event monitors). It would be a manual process, but will ultimately work. See the links below for information on the SYSCAT tables mentioned above, and the CREATE EVENT MONITOR statement. RELATED INFORMATION CREATE EVENT MONITOR statement [http://www.ibm.com/support/knowledgecenter/en/SSEPGG_11.1.0/""},{""char_end"":878,""char_start"":0,""chunk_id"":""ef1e9f3176239b7012893d01b9142ea3b6aa4803411460b13f17f8cf57c9eac1"",""document_id"":""techqa-doc:corpus/swg21589853.txt"",""filename"":""swg21589853.txt"",""rank"":8,""text"":""Title: IBM Changing the font color for acknowledged events - United States Text: ael; omnibus; tip; color; acknowledged TECHNOTE (FAQ) QUESTION How can I change the font color for an event after it has been acknowledged? ANSWER To set the color of the font for an event that has been acknowledged for all new users: 1. Do one of the following actions: a) To change the font color for all new users, edit the file: webgui_home_dir/etc/system/userdefaults.props b) To change the font color for an existing user, edit the file: webgui_home_dir/etc/configstore/ncwUserPreferences/username.nova Replace username with the user ID of the user. 2. Locate the property ael_user_properties_acknowledge_font_color and change its value to the name of the required color. 3. Save the file. 4. If you have changed the userdefaults.props file, restart the server. If you changed the font color""},{""char_end"":954,""char_start"":0,""chunk_id"":""934df243a4c30ca6849899eef4ede6630f8d90050e99b9e535b4d683dbcccc7e"",""document_id"":""techqa-doc:corpus/swg21477004.txt"",""filename"":""swg21477004.txt"",""rank"":9,""text"":""Title: IBM Script for changing color and font of pivot table in SPSS - United States Text: TECHNOTE (TROUBLESHOOTING) PROBLEM(ABSTRACT) I am using SPSS for Windows and want to change the font color of the data cells, row labels, column labels, footnotes, and title for my pivot table. I would also like to change the font type for the aforementioned values. How can I this using scripting? RESOLVING THE PROBLEM The following script is an example that changes the font color of the for data cells, row labels, column labels, footnotes, and title of a Chi-Square Tests table to magenta. It also changes the font type of the table to Lucida Sans Unicode. To use the script, click on File->New->Script, and then click Cancel. Next, highlight everything below and click Edit->Copy. In the Script window, delete whatever text is visible and click Edit->Paste. Next, click on File->Save As and type a name for the script such as ChangeColorFontTable.sbs. Click""},{""char_end"":897,""char_start"":0,""chunk_id"":""37a2d08cc887cb6253825c5747d4a27d222cf844ad197e75455c7b09c4f9b3e9"",""document_id"":""techqa-doc:corpus/swg21332711.txt"",""filename"":""swg21332711.txt"",""rank"":10,""text"":""Title: IBM pound sign (#) in them instead of numbers - United States Text: TECHNOTE (TROUBLESHOOTING) PROBLEM(ABSTRACT) When viewing an Impromptu report in PDF format, some columns (eg. a totals column) have the pound sign in them instead of numbers. For example: ####### instead of 1983684 RESOLVING THE PROBLEM 1. Open the Impromptu report. 2. Right click over your data in the column and click on Properties. 3. Go to the Size tab. Change the size of the column to be \""dynamic\"" for the height, and \""scan the rows...\"" for the width. If the problem persists: -If only some of the fields in the column have the pound sign, increase the number of rows to scan (default 20) in the \""scan the rows...\"" option -If the entire column is filled with pound symbols, try changing the font to a more 'standard' type. (Eg. if the current font is Courier New, try Times New Roman - Courier New is a fixed width""}]",phase03-sufficiency-annotation-v1,f2fe3f7f29b834d78fd7c79bf4d4a94faee43c658d89c48e386854123066802b,human_annotator_1,insufficient,"Chunks cover fonts in unrelated products; only rank-8 touches Web GUI (acknowledged-event font colour via userdefaults.props), and row font/padding adjustment is not addressed.",2026-08-25T03:02:00+05:30
phase03-annotation-blinded-v1,25e4437dcbddca68aaf7432f0bbe43d311b9b63056d2eee2a2e60d29f4b2f933,111,TRAIN_Q501,train,bm25,10,"Is there a way to force the Tivoli Integrated Portal (TIP) fix pack installer to use a different temp location?

Is there a way to force the Tivoli Integrated Portal (TIP) fix pack installer to use a different temp location? ",answerable_with_reference,There is no option available to override /tmp.,"[{""char_end"":786,""char_start"":0,""chunk_id"":""66a302b9056c1bde060a12b4e1f2042f45a9c35269513cef195993491057d07d"",""document_id"":""techqa-doc:corpus/swg21655808.txt"",""filename"":""swg21655808.txt"",""rank"":1,""text"":""Title: IBM Specifying an alternative to \""/tmp\"" for Tivoli Integrated Portal installs - United States Text: TIPL2; TIPL2INST; tmp; temp directory; folder; Tivoli Integrated Portal; installation; fix pack TECHNOTE (FAQ) QUESTION Is there a way to configure the TIP installer to use an alternate directory if the installation user ID has insufficient access rights to \""/tmp\""? ANSWER TIP L3 has examined the TIP installer and found that /tmp is hard coded in both the TIP and Websphere installers. There is no option available to override /tmp. To pursue a change to the TIP installer to accommodate an alternate tmp location, please submit an enhancement request via the RFE site here: http://www.ibm.com/developerworks/rfe/?BRAND_ID=90 [http://www.ibm.com/developerworks/rfe/?BRAND_ID=90]""},{""char_end"":2260,""char_start"":1505,""chunk_id"":""cdba0ba490a2eb31d5adb9f7bac531dd1a42b3f1faecb7434c24f444b162f996"",""document_id"":""techqa-doc:corpus/swg21981376.txt"",""filename"":""swg21981376.txt"",""rank"":2,""text"":""e requires temporary space for some of its operations during installation. If there is insufficient space in the system temp, it attempts to extract the installer into the user's home directory. Ensure that the system temp has sufficient space for the installation. Tip: You can force InstallAnywhere to use a different location for temp space by specifying the <var>IATEMPDIR</var> variable as shown in the following example: export IATEMPDIR=$HOME • In some UNIX environments, the installer reports that there is not enough disk space to install IBM Control Center even if there is sufficient disk space. To bypass this situation: 1. Type the following commands: export IATEMPDIR=$HOME export CHECK_DISK_SPACE=OFF 2. Run the IBM Control Center installer""},{""char_end"":852,""char_start"":0,""chunk_id"":""33589dcad2243b729a40f5cf149f6091920d5ebee3fc6eae8a5b0a03147adef5"",""document_id"":""techqa-doc:corpus/swg21649597.txt"",""filename"":""swg21649597.txt"",""rank"":3,""text"":""Title: IBM Applying WAS SDK upgrades to Tivoli Integrated Portal version 2.2.x - United States Text: TIPL2; TIPL2CONFIG; WAS; websphere SDK; service release; FP; fix pack; Tivoli Integrated Portal TECHNOTE (FAQ) QUESTION Is applying WAS SDK service release updates to Tivoli Integrated Portal supported? ANSWER Yes. Tivoli Integrated Portal versions 2.2 and higher supports independent installation of WAS SDK service release updates. In other words, the SDK service release does not have to be applied by way of a TIP fix pack. Follow the installation instructions provided with the Websphere SDK service release to apply the update. IMPORTANT: Please note that applying Websphere fix packs independently is NOT supported. Additional TIP code is required for WAS FP compatibility. Therefore, WAS fix packs can only be applied by way of a TIP fix pack.""},{""char_end"":964,""char_start"":0,""chunk_id"":""b658a93610325400907b6e9587685dd3d13a5b6221efc3ffaf0bf88103b32f96"",""document_id"":""techqa-doc:corpus/swg21574457.txt"",""filename"":""swg21574457.txt"",""rank"":4,""text"":""Title: IBM Applying Websphere Interim Fixes to TIP on Windows - United States Text: TIPL2; TIPL2INST; Tivoli Integrated Portal; Websphere Update Installer; UPDI; WUI; pak; Websphere; iFix; iFixes; Interim; Fix TECHNOTE (FAQ) QUESTION What is the procedure to apply Websphere Application Server iFixes to a Tivoli Integrated Portal installation on a Windows platform? ANSWER Warning: The following procedure applies only to Websphere Application Server \""iFixes\"". Do not apply Websphere Application Server \""fix packs\"" directly to a TIP installation. WAS fix packs must be bundled in a Tivoli Integrated Portal fix pack to ensure all TIP and administrative console functionality is still intact and to keep TIP in a supported configuration. To apply a Websphere Application Server (WAS) iFix, do the following: To apply the fix: 1. Copy the iFix (.pak) file directly to the WAS Update Installer maintenance directory: <TIP HOME>\\WebSphereUpdateInstallerV7\\maintenance""},{""char_end"":941,""char_start"":0,""chunk_id"":""ba37f5550e225f0483453d3bea2aa5bf26bc205fed58389d30451809562a8531"",""document_id"":""techqa-doc:corpus/swg21883069.txt"",""filename"":""swg21883069.txt"",""rank"":5,""text"":""Title: IBM Applying Websphere Interim Fixes to TIP on Unix - United States Text: TIPL2; TIPL2INST; Tivoli Integrated Portal; Websphere Update Installer; UPDI; WUI; pak; Websphere; iFix; iFixes; Interim; Fix TECHNOTE (FAQ) QUESTION What is the procedure to apply Websphere Application Server iFixes to a Tivoli Integrated Portal installation on a Unix platform? ANSWER Warning: The following procedure applies only to Websphere Application Server \""iFixes\"". Do not apply Websphere Application Server \""fix packs\"" directly to a TIP installation. WAS fix packs must be bundled in a Tivoli Integrated Portal fix pack to ensure all TIP and administrative console functionality is still intact and to keep TIP in a supported configuration. To apply a Websphere Application Server (WAS) iFix, do the following: 1. Copy the .pak files to the <TIP HOME>/WebSphereUpdateInstallerV7/maintenance directory 2. Update the <TIP HOME>/WebSphereUpdateInstaller""},{""char_end"":1072,""char_start"":638,""chunk_id"":""65e32a30eed439b5b3cc8a1d7719cca3657f7d90c9f44b54b68748e27f151f6c"",""document_id"":""techqa-doc:corpus/swg21611918.txt"",""filename"":""swg21611918.txt"",""rank"":6,""text"":""DIAGNOSING THE PROBLEM Check the listIU output if TIP 2.2 is already installed. It would list an entry like this: IU RootIU UUID: 2ADC4A33F09F4E85AD27963E850290C3 Name: TIPCore Version: 2.2.0.0 RESOLVING THE PROBLEM If TIP 2.2 is already installed, there is no need for the TIP Feature Pack, as this feature pack allows you to upgrade your environment from Tivoli Integrated Portal Version 2.1.0.x to Tivoli Integrated Portal 2.2.0.1.""},{""char_end"":788,""char_start"":0,""chunk_id"":""19015ace35fb2b2b26d47b67ba5714884599a84142cae91b290a18f1683b316c"",""document_id"":""techqa-doc:corpus/swg21611918.txt"",""filename"":""swg21611918.txt"",""rank"":7,""text"":""Title: IBM Error CTGWA0069E when installing the TIP Feature Pack 2.2.0.1 - United States Text: TIPL2; TIPL2INST; CTGWA0069E; Not valid TIP 2.1 Install Location ; TIPInstall_Inventory.xml ; IAGLOBAL_INVALID_TIP_HOME_INPUT TECHNOTE (TROUBLESHOOTING) PROBLEM(ABSTRACT) The following error is occurring when attempting to apply the Tivoli Integrated Portal Feature Pack: \""\""CTGWA0069E Not a valid TIP 2.1 Install Location.\"" SYMPTOM Installation fails with above error message. CAUSE A possible cause is that TIP 2.2 is already present, and hence there is no need for the Feature Pack. ENVIRONMENT Tivoli Integrated Portal 2.2.0.1 feature pack DIAGNOSING THE PROBLEM Check the listIU output if TIP 2.2 is already installed. It would list an entry like this: IU RootIU UUID: 2ADC4A33F09F4E85AD27""},{""char_end"":862,""char_start"":0,""chunk_id"":""8c70d8f010ef4e95dab2ce0f1e05069fe180713b662315fc0964a269d1d554fe"",""document_id"":""techqa-doc:corpus/swg21592378.txt"",""filename"":""swg21592378.txt"",""rank"":8,""text"":""Title: IBM Tivoli product fix pack installation failure during a TIP WASFP install step - United States Text: TIPL2INST; TIPL2; Tivoli Integrated Portal; fix pack install; installation; failure; step_00004_WASFP SDK TECHNOTE (TROUBLESHOOTING) PROBLEM(ABSTRACT) Product fix pack fails while installing a fix pack for the Tivoli Integrated Portal. CAUSE The product installation program requires TIP to be stopped prior to starting the installer, but TIP is left running. A Websphere fix pack installation script detects the TIP instances is running and aborts the installation. DIAGNOSING THE PROBLEM Check the installation log located in the installation user's home directory. The log will contain the messages: 2012-04-23 14:29:39.452-04:00 : FINE : PlanStepEventOccurred(Failed target 'step_00004_WASFP') (from com.ibm.ac.coi.ext.ia.COIWrapperPluginImpl.event""},{""char_end"":735,""char_start"":0,""chunk_id"":""2a33fb441d150ba2491c2941eba865f039a978068618018bf2af3fe3492fe88f"",""document_id"":""techqa-doc:corpus/swg21618701.txt"",""filename"":""swg21618701.txt"",""rank"":9,""text"":""Title: IBM Migrating from a TIP 2.1 32-bit install to a TIP 2.2 64-bit install - United States Text: TIPL2; TIPL2CONF; TIPL2INST; tivoli integrated portal; migration; 32-bit; 64-bit TECHNOTE (FAQ) QUESTION What is the procedure to migrate a Tivoli Integrated Portal 2.1 installation from 32-bit to a TIP 2.2 64-bit installation? ANSWER There is no way to change an existing TIP 32-bit install to 64-bit. However, user defined documents from a 32-bit installation can be exported and then imported into a 64-bit install. For example you could do the following: 1. Export user defined objects from the TIP 2.1 system. http://pic.dhe.ibm.com/infocenter/tivihelp/v15r1/topic/com.ibm.tip.doc_2.1/ctip_export_import.html [http://pic.dhe.ibm.""},{""char_end"":13714,""char_start"":13005,""chunk_id"":""f6bb65d013b8e7a3c77d4ae17db6aba0e4a68dd6b6a416d350c5d38a5790d826"",""document_id"":""techqa-doc:corpus/swg24039742.txt"",""filename"":""swg24039742.txt"",""rank"":10,""text"":""updating to TIP FP 2.2.0.15 v2, if support is required for FF ESR 31 and IE11. If the TBSM data server and dashboard server are installed on different machines, the TIP Fix Pack needs to be installed only on the dashboard server. In case of a TIP HA environment, the HA nodes need to be disjoined first before upgrading to TIP FP. See Fix Central for availability: http://www.ibm.com/support/fixcentral/swg/selectFixes?parent=ibm~Tivoli&product=ibm/Tivoli/Tivoli+Integrated+Portal&release=2.2.0.15&platform=All&function=all [http://www.ibm.com/support/fixcentral/swg/selectFixes?parent=ibm~Tivoli&product=ibm/Tivoli/Tivoli+Integrated+Portal&release=2.2.0.15&platform=All&function=all] Post installation of TIP""}]",phase03-sufficiency-annotation-v1,f2fe3f7f29b834d78fd7c79bf4d4a94faee43c658d89c48e386854123066802b,human_annotator_1,sufficient,Rank-1 chunk contains the reference verbatim: /tmp is hard coded in the TIP and WebSphere installers with no override.,2026-08-25T03:03:00+05:30
phase03-annotation-blinded-v1,298a4c5e6a38740a2a6fa6ca17afe8760da21f7053b759415b50931ee6dab90e,112,TRAIN_Q049,validation,hybrid,10,"Help with Security Bulletin: A security vulnerability has been identified in WebSphere Application Server shipped with WSRR (CVE-2017-1731)

I need to understand details regarding Security Bulletin: Vulnerability identified in IBM WebSphere Application Server shipped with IBM WebSphere Service Registry and Repository (CVE-2017-1741). We are running WAS traditional V8.5.  What is the recommended fix?",answerable_with_reference,"· Upgrade to a minimal fix pack levels as required by interim fix and then apply Interim Fix PI89498 [http://www-01.ibm.com/support/docview.wss?uid=swg24044512] 
--OR-- 
· Apply Fix Pack 8.0.0.15 or later.","[{""char_end"":1112,""char_start"":0,""chunk_id"":""d90bb582f855463c4c7bc88915316dc6f1a5b5a0681c48c9d9dfa747bd291fcf"",""document_id"":""techqa-doc:corpus/swg22014520.txt"",""filename"":""swg22014520.txt"",""rank"":1,""text"":""Title: IBM Security Bulletin: Vulnerability identified in IBM WebSphere Application Server shipped with IBM WebSphere Service Registry and Repository (CVE-2017-1741) - United States Text: SECURITY BULLETIN SUMMARY IBM WebSphere Application Server is shipped as a component of IBM WebSphere Service Registry and Repository. Information about a security vulnerability affecting IBM WebSphere Application Server has been published in a security bulletin. VULNERABILITY DETAILS Please consult the security bulletin: Security Bulletin: Information disclosure in WebSphere Application Server Admin Console (CVE-2017-1741) [http://www.ibm.com/support/docview.wss?uid=swg22012342] for vulnerability details and information about fixes. AFFECTED PRODUCTS AND VERSIONS Principal Product and Version(s) Affected Supporting Product and Version WebSphere Service Registry and Repository V8.5 WebSphere Application Server V8.5.5 WebSphere Service Registry and Repository V8.0 WebSphere Application Server V8.0 GET NOTIFIED ABOUT FUTURE SECURITY BULLETINS Subscribe to My Notifications [ http://www-01.ibm.com/software/support/""},{""char_end"":1166,""char_start"":0,""chunk_id"":""e70c03747357f3f2105ed2d8c0d3e9849a83c21c257f8da90218be766800327b"",""document_id"":""techqa-doc:corpus/swg22013204.txt"",""filename"":""swg22013204.txt"",""rank"":2,""text"":""Title: IBM Security Bulletin: A security vulnerability has been identified in WebSphere Application Server shipped with WebSphere Service Registry and Repository (CVE-2017-1731) - United States Text: SECURITY BULLETIN SUMMARY WebSphere Application Server is shipped as a component of WebSphere Service Registry and Repository. Information about a security vulnerability affecting WebSphere Application Server has been published in a security bulletin. VULNERABILITY DETAILS Please consult the security bulletin Potential Privilege Escalation in WebSphere Application Server Admin Console (CVE-2017-1731) [http://www-01.ibm.com/support/docview.wss?uid=swg22012345] for vulnerability details and information about fixes. AFFECTED PRODUCTS AND VERSIONS Principal Product and Version(s) Affected Supporting Product and Version WebSphere Service Registry and Repository V8.5 WebSphere Application Server Network Deployment V8.5.5 WebSphere Service Registry and Repository V8.0 WebSphere Application Server Network Deployment V8.0 WebSphere Service Registry and Repository V7.5 WebSphere Application Server Network Deployment V7.0 WebSphere Service Registry and Repository""},{""char_end"":1121,""char_start"":0,""chunk_id"":""2f2905e68fd4fb3a14afd8228b6879717a16782f81cb0675a6e82f65c53ae5ec"",""document_id"":""techqa-doc:corpus/swg21990928.txt"",""filename"":""swg21990928.txt"",""rank"":3,""text"":""Title: IBM Security Bulletin: Vulnerability identified in IBM WebSphere Application Server shipped with IBM WebSphere Service Registry and Repository (CVE-2016-5986) - United States Text: SECURITY BULLETIN SUMMARY IBM WebSphere Application Server is shipped as a component of IBM WebSphere Service Registry and Repository. Information about a security vulnerability affecting IBM WebSphere Application Server has been published in a security bulletin. VULNERABILITY DETAILS Please consult the security bulletin: Security Bulletin: Potential Information Disclosure vulnerability in WebSphere Application Server (CVE-2016-5986) [http://www.ibm.com/support/docview.wss?uid=swg21990056] for vulnerability details and information about fixes. AFFECTED PRODUCTS AND VERSIONS Principal Product and Version(s) Affected Supporting Product and Version WebSphere Service Registry and Repository V8.5 WebSphere Application Server V8.5.5 WebSphere Service Registry and Repository V8.0 WebSphere Application Server V8.0 WebSphere Service Registry and Repository V7.5 WebSphere Application Server V7.0 REMEDIATION/FIXES None WORKAROUNDS""},{""char_end"":1097,""char_start"":0,""chunk_id"":""0b8d2566d0407d538063a533a49eb9ba30e3e52de4f07c95ebd1607708f30698"",""document_id"":""techqa-doc:corpus/swg21992907.txt"",""filename"":""swg21992907.txt"",""rank"":4,""text"":""Title: IBM Security Bulletin: Vulnerability identified in IBM WebSphere Application Server shipped with IBM WebSphere Service Registry and Repository (CVE-2016-5983) - United States Text: SECURITY BULLETIN SUMMARY IBM WebSphere Application Server is shipped as a component of IBM WebSphere Service Registry and Repository. Information about a security vulnerability affecting IBM WebSphere Application Server has been published in a security bulletin. VULNERABILITY DETAILS Please consult the security bulletin: Security Bulletin: Code execution vulnerability in WebSphere Application Server (CVE-2016-5983). [http://www.ibm.com/support/docview.wss?uid=swg21990060] for vulnerability details and information about fixes. AFFECTED PRODUCTS AND VERSIONS Principal Product and Version(s) Affected Supporting Product and Version WebSphere Service Registry and Repository V8.5 WebSphere Application Server V8.5.5 WebSphere Service Registry and Repository V8.0 WebSphere Application Server V8.0 WebSphere Service Registry and Repository V7.5 WebSphere Application Server V7.0 REMEDIATION/FIXES None WORK""},{""char_end"":1067,""char_start"":0,""chunk_id"":""59cf61a6a807d8db4e9dcb121603f8b5d41f0cf9967bd0fd48072a571ec84173"",""document_id"":""techqa-doc:corpus/swg21965152.txt"",""filename"":""swg21965152.txt"",""rank"":5,""text"":""Title: IBM Security Bulletin: A security vulnerability has been identified in WebSphere Application Server shipped with WebSphere Service Registry and Repository (CVE-2015-1946, CVE-2015-1927 ) - United States Text: SECURITY BULLETIN SUMMARY WebSphere Application Server is shipped as a component of WebSphere Service Registry and Repository. Information about a security vulnerability affecting WebSphere Application Server has been published in a security bulletin. VULNERABILITY DETAILS Please consult the security bulletin Security Bulletin: Multiple Security Vulnerabilities fixed in IBM WebSphere Application Server 8.5.5.6 [http://www.ibm.com/support/docview.wss?uid=swg21959083] for vulnerability details and information about fixes. AFFECTED PRODUCTS AND VERSIONS Principal Product and Version(s) Affected Supporting Product and Version WebSphere Service Registry and Repository V8.5 (affected by CVE-2015-1946 and CVE-2015-1927) WebSphere Application Server Network Deployment V8.5.5 WebSphere Service Registry and Repository V8.0 (affected by CVE-2015-1927""},{""char_end"":1148,""char_start"":0,""chunk_id"":""f5eb117e57d53ff9e9c173cfa63a166c3f5d85e4323e275b7247483308481223"",""document_id"":""techqa-doc:corpus/swg22013233.txt"",""filename"":""swg22013233.txt"",""rank"":6,""text"":""Title: IBM Security Bulletin: A security vulnerability has been identified in WebSphere Application Server shipped with WebSphere Service Registry and Repository (CVE-2017-1681) - United States Text: SECURITY BULLETIN SUMMARY WebSphere Application Server is shipped as a component of WebSphere Service Registry and Repository. Information about a security vulnerability affecting WebSphere Application Server has been published in a security bulletin. VULNERABILITY DETAILS Please consult the security bulletin Information disclosure in WebSphere Application Server (CVE-2017-1681) [http://www-01.ibm.com/support/docview.wss?uid=swg22010419] for vulnerability details and information about fixes. AFFECTED PRODUCTS AND VERSIONS Principal Product and Version(s) Affected Supporting Product and Version WebSphere Service Registry and Repository V8.5 WebSphere Application Server Network Deployment V8.5.5 WebSphere Service Registry and Repository V8.0 WebSphere Application Server Network Deployment V8.0 WebSphere Service Registry and Repository V7.5 WebSphere Application Server Network Deployment V7.0 WebSphere Service Registry and Repository V7.""},{""char_end"":1128,""char_start"":0,""chunk_id"":""dcc47df77f7fcd46a83f6eca964bb6bebef380b29a9ae750cc0e7852cf59ddaa"",""document_id"":""techqa-doc:corpus/swg22003259.txt"",""filename"":""swg22003259.txt"",""rank"":7,""text"":""Title: IBM Security Bulletin: Vulnerability identified in IBM WebSphere Application Server shipped with IBM WebSphere Service Registry and Repository (CVE-2017-1137) - United States Text: SECURITY BULLETIN SUMMARY IBM WebSphere Application Server is shipped as a component of IBM WebSphere Service Registry and Repository. Information about a security vulnerability affecting IBM WebSphere Application Server has been published in a security bulletin. VULNERABILITY DETAILS Please consult the security bulletin: Security Bulletin: Potential security vulnerability in WebSphere Application Server Administrative Console (CVE-2017-1137) [http://www-01.ibm.com/support/docview.wss?uid=swg21998469] for vulnerability details and information about fixes. AFFECTED PRODUCTS AND VERSIONS Principal Product and Version(s) Affected Supporting Product and Version WebSphere Service Registry and Repository V8.5 WebSphere Application Server V8.5.5 WebSphere Service Registry and Repository V8.0 WebSphere Application Server V8.0 REMEDIATION/FIXES None WORKAROUNDS AND MITIGATIONS None GET NOTIFIED ABOUT FUTURE SECURITY BULLETINS Subscribe""},{""char_end"":1098,""char_start"":0,""chunk_id"":""89a6b1fdeb6197996aaa47a573222128296039cda3542d453c739915cb066377"",""document_id"":""techqa-doc:corpus/swg22016191.txt"",""filename"":""swg22016191.txt"",""rank"":8,""text"":""Title: IBM Security Bulletin: Vulnerability identified in IBM WebSphere Application Server shipped with IBM WebSphere Service Registry and Repository (CVE-2017-1743) - United States Text: SECURITY BULLETIN SUMMARY IBM WebSphere Application Server is shipped as a component of IBM WebSphere Service Registry and Repository. Information about a security vulnerability affecting IBM WebSphere Application Server has been published in a security bulletin. VULNERABILITY DETAILS Please consult the security bulletin: Security Bulletin: Information Disclosure in WebSphere Application Server (CVE-2017-1743) [http://www.ibm.com/support/docview.wss?uid=swg22013601] AFFECTED PRODUCTS AND VERSIONS Principal Product and Version(s) Affected Supporting Product and Version WebSphere Service Registry and Repository V8.5 WebSphere Application Server V8.5.5 WebSphere Service Registry and Repository V8.0 WebSphere Application Server V8.0 GET NOTIFIED ABOUT FUTURE SECURITY BULLETINS Subscribe to My Notifications [ http://www-01.ibm.com/software/support/einfo.html] to be notified of important product support""},{""char_end"":1101,""char_start"":0,""chunk_id"":""8b7ddc4b6cc46fb076250004fd325b6afc548470b17e69597301acc7ad272c1b"",""document_id"":""techqa-doc:corpus/swg21996059.txt"",""filename"":""swg21996059.txt"",""rank"":9,""text"":""Title: IBM Security Bulletin: Vulnerability identified in IBM WebSphere Application Server shipped with IBM WebSphere Service Registry and Repository (CVE-2016-8934) - United States Text: SECURITY BULLETIN SUMMARY IBM WebSphere Application Server is shipped as a component of IBM WebSphere Service Registry and Repository. Information about a security vulnerability affecting IBM WebSphere Application Server has been published in a security bulletin. VULNERABILITY DETAILS Please consult the security bulletin: Security Bulletin: Potential cross-site scripting in the Admin Console for WebSphere Application Server (CVE-2016-8934) [http://www.ibm.com/support/docview.wss?uid=swg21992315]. for vulnerability details and information about fixes. AFFECTED PRODUCTS AND VERSIONS Principal Product and Version(s) Affected Supporting Product and Version WebSphere Service Registry and Repository V8.5 WebSphere Application Server V8.5.5 WebSphere Service Registry and Repository V8.0 WebSphere Application Server V8.0 WebSphere Service Registry and Repository V7.5 WebSphere Application Server V7.0 REMEDIA""},{""char_end"":1122,""char_start"":0,""chunk_id"":""a7b86ac31a3d45b0f017d3611519c76ddc1ae737a24a7b146d5bfcf15d57f466"",""document_id"":""techqa-doc:corpus/swg21996780.txt"",""filename"":""swg21996780.txt"",""rank"":10,""text"":""Title: IBM Security Bulletin: Vulnerability identified in IBM WebSphere Application Server shipped with IBM WebSphere Service Registry and Repository (CVE-2016-9736) - United States Text: SECURITY BULLETIN SUMMARY IBM WebSphere Application Server is shipped as a component of IBM WebSphere Service Registry and Repository. Information about a security vulnerability affecting IBM WebSphere Application Server has been published in a security bulletin. VULNERABILITY DETAILS Please consult the security bulletin: Security Bulletin: Potential Information Disclosure in WebSphere Application Server (CVE-2016-9736) [http://www.ibm.com/support/docview.wss?uid=swg21991469] for vulnerability details and information about fixes. AFFECTED PRODUCTS AND VERSIONS Principal Product and Version(s) Affected Supporting Product and Version WebSphere Service Registry and Repository V8.5 WebSphere Application Server V8.5.5 WebSphere Service Registry and Repository V8.0 WebSphere Application Server V8.0 REMEDIATION/FIXES None WORKAROUNDS AND MITIGATIONS None GET NOTIFIED ABOUT FUTURE SECURITY BULLETINS Subscribe to My Notifications""}]",phase03-sufficiency-annotation-v1,f2fe3f7f29b834d78fd7c79bf4d4a94faee43c658d89c48e386854123066802b,human_annotator_1,insufficient,All chunks are shipped-component pointer bulletins linking to the details; the recommended fix in the reference (interim fix PI89498 or fix pack upgrade) is not in the retrieved text and the question asks for the fix.,2026-08-25T03:04:00+05:30
phase03-annotation-blinded-v1,468553b7b3e3f1a79c1bcb7edacaf883dd04081ba231f6997e9215ad65dfb582,113,TRAIN_Q076,train,hybrid,5,"Help with Security Bulletin: Vulnerabilities in OpenSSL affect WebSphere MQ 5.3 and MQ 8 for HPE NonStop Server (CVE-2017-3735)

I need to understand details regarding Security Bulletin: Vulnerabilities in OpenSSL affect WebSphere MQ 5.3 and MQ 8 for HPE NonStop Server (CVE-2017-3735). Where can I find this information?",answerable_with_reference,"CVEID: CVE-2017-3735 [http://cve.mitre.org/cgi-bin/cvename.cgi?name=CVE-2017-3735]
DESCRIPTION: OpenSSL could allow a remote attacker to obtain sensitive information, caused by an error while parsing an IPAddressFamily extension in an X.509 certificate. An attacker could exploit this vulnerability to trigger an out-of-bounds read, resulting in an incorrect text display of the certificate.
CVSS Base Score: 4.3
CVSS Temporal Score: See https://exchange.xforce.ibmcloud.com/vulnerabilities/131047 [https://exchange.xforce.ibmcloud.com/vulnerabilities/131047] for the current score
CVSS Environmental Score*: Undefined
CVSS Vector: (CVSS:3.0/AV:N/AC:L/PR:N/UI:R/S:U/C:L/I:N/A:N)","[{""char_end"":828,""char_start"":0,""chunk_id"":""51f96507397cd05f67dcb093b72170e81e97e788f4c9283da65213ccc41d580a"",""document_id"":""techqa-doc:corpus/swg21902519.txt"",""filename"":""swg21902519.txt"",""rank"":1,""text"":""Title: IBM Security Bulletin: Vulnerabilities in OpenSSL affect IBM WebSphere MQ Advanced Message Security for IBM i, IBM WebSphere MQ Client for HP-NSS - United States Text: SECURITY BULLETIN SUMMARY OpenSSL vulnerabilities were disclosed on March 19, 2015 by the OpenSSL Project. OpenSSL is used by IBM WebSphere MQ Advanced Message Security for the IBM i platform, IBM WebSphere MQ HP-NSS and IBM WebSphere MQ Paho MQTT clients. IBM WebSphere MQ Advanced Message Security for the IBM i platform and IBM WebSphere MQ HP-NSS client have addressed the applicable CVEs. VULNERABILITY DETAILS CVEID: CVE-2015-0209 [http://cve.mitre.org/cgi-bin/cvename.cgi?name=CVE-2015-0209] DESCRIPTION: OpenSSL could allow a remote attacker to execute arbitrary code on the system, caused by a use-after-free error in the d2i_ECPrivateKey or EV""},{""char_end"":861,""char_start"":0,""chunk_id"":""3b4aa71dfb6153d08bf14d34979bc2f967afa12ad61a84767bc92a7228ae8c16"",""document_id"":""techqa-doc:corpus/swg22014367.txt"",""filename"":""swg22014367.txt"",""rank"":2,""text"":""Title: IBM Security Bulletin: Vulnerabilities in OpenSSL affect WebSphere MQ 5.3 and MQ 8 for HPE NonStop Server (CVE-2017-3735) - United States Text: SECURITY BULLETIN SUMMARY IBM WebSphere MQ 5.3 and IBM MQ 8 for HPE NonStop have addressed a vulnerability in which OpenSSL could allow a remote attacker to obtain sensitive information, caused by an error while parsing an IPAddressFamily extension in an X.509 certificate VULNERABILITY DETAILS CVEID: CVE-2017-3735 [http://cve.mitre.org/cgi-bin/cvename.cgi?name=CVE-2017-3735] DESCRIPTION: OpenSSL could allow a remote attacker to obtain sensitive information, caused by an error while parsing an IPAddressFamily extension in an X.509 certificate. An attacker could exploit this vulnerability to trigger an out-of-bounds read, resulting in an incorrect text display of the certificate. CVSS Base Score: 4.3 CV""},{""char_end"":880,""char_start"":0,""chunk_id"":""3bae1b3ec038b334d8b117ad1c7cb42ee0806ee2172b024fd5dc21dbba5aa3f7"",""document_id"":""techqa-doc:corpus/swg21986593.txt"",""filename"":""swg21986593.txt"",""rank"":3,""text"":""Title: IBM Security Bulletin: Vulnerabilities in OpenSSL affect WebSphere MQ 5.3 for HP NonStop Server (CVE-2015-3194) - United States Text: SECURITY BULLETIN SUMMARY OpenSSL vulnerabilities were disclosed on December 3, 2015 by the OpenSSL Project. OpenSSL is used by WebSphere MQ V5.3 for HP NonStop Server. This bulletin has addressed the applicable CVE. VULNERABILITY DETAILS CVEID: CVE-2015-3194 [http://cve.mitre.org/cgi-bin/cvename.cgi?name=CVE-2015-3194] DESCRIPTION: OpenSSL is vulnerable to a denial of service, caused by a NULL pointer dereference when verifying certificates via a malformed routine. An attacker could exploit this vulnerability using signature verification routines with an absent PSS parameter to cause any certificate verification operation to crash. CVSS Base Score: 5.3 CVSS Temporal Score: See https://exchange.xforce.ibmcloud.com/vulnerabilities""},{""char_end"":767,""char_start"":0,""chunk_id"":""96500392d20c75a804d8df8cb74712e9051f44343f2b26e5337cc98f54fb5b33"",""document_id"":""techqa-doc:corpus/swg21699052.txt"",""filename"":""swg21699052.txt"",""rank"":4,""text"":""Title: IBM Security Bulletin: Vulnerabilities in OpenSSL affect IBM WebSphere MQ (HP-NSS and OVMS platforms) and Eclipse Paho MQTT C Client libraries (Windows and Linux platforms) (CVE-2014-3570, CVE-2014-3572, CVE-2015-0204, CVE-2015-0205) - United States Text: SECURITY BULLETIN SUMMARY OpenSSL vulnerabilities were disclosed on January 8, 2015 by the OpenSSL Project. This includes “FREAK: Factoring Attack on RSA-EXPORT keys\"" TLS/SSL client and server vulnerability. OpenSSL is used by IBM WebSphere MQ on HP-NSS and HP OpenVMS platforms. VULNERABILITY DETAILS CVEID: CVE-2014-3570 [http://cve.mitre.org/cgi-bin/cvename.cgi?name=CVE-2014-3570] DESCRIPTION: An unspecified error in OpenSSL related to the production of incorrect results on some platforms by Bignum""},{""char_end"":2290,""char_start"":1844,""chunk_id"":""c5348144d8be9c43dd598dd2d3f675c8a66ed428b1e65864fa5303ed1a5af7bc"",""document_id"":""techqa-doc:corpus/swg21988864.txt"",""filename"":""swg21988864.txt"",""rank"":5,""text"":""。翻訳元の文書は、以下のリンクよりご参照ください。 Security Bulletin: Vulnerabilities in OpenSSL affect WebSphere MQ 5.3 for HP NonStop Server (CVE-2015-3194) [http://www.ibm.com/support/docview.wss?uid=swg21986593] 公開済みのフィックスパックについては、以下のサイトよりご利用いただけます。 Recommended Fixes for WebSphere MQ [http://www.ibm.com/support/docview.wss?uid=swg27006037] フィックス・パックの公開予定については、以下のサイトよりご確認いただけます。 WebSphere MQ planned maintenance release dates [http://www.ibm.com/support/docview.wss""}]",phase03-sufficiency-annotation-v1,f2fe3f7f29b834d78fd7c79bf4d4a94faee43c658d89c48e386854123066802b,human_annotator_1,sufficient,Rank-2 is the exact bulletin (swg22014367) with the CVE-2017-3735 description from the reference.,2026-08-25T03:05:00+05:30
phase03-annotation-blinded-v1,9961a69477502a83859c291e4bb313d200addef18d02090a65ca49d7e7240ac3,114,TRAIN_Q219,train,hybrid,5,"The configuration task database-transfer failed with DB2 SQL Error: SQLCODE=-1585, SQLSTATE=54048

While attempting to run the database-transfer task the following error is logged to the ConfigTrace.log:
action-process-constraints: Fri Oct 10 13:20:34 CDT 2014 Target started: action-process-constraints [java] Executing java with empty input string [java] [10/10/14 13:20:35.877 CDT] Attempting to create a new Instance of com.ibm.db2.jcc.DB2Driver [java] [10/10/14 13:20:36.016 CDT] Instance of com.ibm.db2.jcc.DB2Driver created successfully [java] [10/10/14 13:20:36.016 CDT] Attempting to make connection using: jdbc:db2://:60500/:returnAlias=0; :: d2svc :: PASSWORD_REMOVED [java] [10/10/14 13:20:36.954 CDT] Connection successfully made [java] [10/10/14 13:20:37.073 CDT] ERROR: Error occurred gathering data from the source database [java] com.ibm.db2.jcc.am.SqlException: DB2 SQL Error: SQLCODE=-1585, SQLSTATE=54048, SQLERRMC=null, DRIVER=4.18.60 [java] at com.ibm.db2.jcc.am.kd.a(kd.java:752)",answerable_with_reference,"The DB2 instance must have all 4 sizes of Temp tablespace created: 4k, 8k, 16k, and 32k. 

In addition, these must be set as System Temp tablespaces, and not as User Temp tablespaces.","[{""char_end"":731,""char_start"":0,""chunk_id"":""529768051b8932bf85d967b5b0d3e6d581b9363016f8628860718ae27b63eed0"",""document_id"":""techqa-doc:corpus/swg21686939.txt"",""filename"":""swg21686939.txt"",""rank"":1,""text"":""Title: IBM The configuration task database-transfer failed with DB2 SQL Error: SQLCODE=-1585, SQLSTATE=54048 - United States Text: database-transfer; DB2; SQLCODE=-1585; SQLSTATE=54048 TECHNOTE (TROUBLESHOOTING) PROBLEM While attempting to run the database-transfer task the customer gets the following error: action-process-constraints: Fri Oct 10 13:20:34 CDT 2014 Target started: action-process-constraints [java] Executing java with empty input string [java] [10/10/14 13:20:35.877 CDT] Attempting to create a new Instance of com.ibm.db2.jcc.DB2Driver [java] [10/10/14 13:20:36.016 CDT] Instance of com.ibm.db2.jcc.DB2Driver created successfully [java] [10/10/14 13:20:36.016 CDT] Attempting to make connection using: jdbc:db2:""},{""char_end"":1158,""char_start"":603,""chunk_id"":""9829e2827401cc796ca03fb76f34a370f7d45b43b42a815a9b010b0990b9922a"",""document_id"":""techqa-doc:corpus/swg21686939.txt"",""filename"":""swg21686939.txt"",""rank"":2,""text"":""com.ibm.db2.jcc.DB2Driver created successfully [java] [10/10/14 13:20:36.016 CDT] Attempting to make connection using: jdbc:db2://<hostname>:60500/<database_name>:returnAlias=0; :: d2svc :: PASSWORD_REMOVED [java] [10/10/14 13:20:36.954 CDT] Connection successfully made [java] [10/10/14 13:20:37.073 CDT] ERROR: Error occurred gathering data from the source database [java] com.ibm.db2.jcc.am.SqlException: DB2 SQL Error: SQLCODE=-1585, SQLSTATE=54048, SQLERRMC=null, DRIVER=4.18.60 [java] at com.ibm.db2.jcc.am.kd.a(kd.java:752) SYMPTOM The ConfigTrace.""},{""char_end"":1662,""char_start"":1065,""chunk_id"":""c5ab6d70f15d388a3de7aaa5c61c41774f8fb5e1cc153d64adc74d9bbdd48582"",""document_id"":""techqa-doc:corpus/swg21686939.txt"",""filename"":""swg21686939.txt"",""rank"":3,""text"":""=null, DRIVER=4.18.60 [java] at com.ibm.db2.jcc.am.kd.a(kd.java:752) SYMPTOM The ConfigTrace.log shows the following error: action-process-constraints: Fri Oct 10 13:20:34 CDT 2014 Target started: action-process-constraints [java] Executing java with empty input string [java] [10/10/14 13:20:35.877 CDT] Attempting to create a new Instance of com.ibm.db2.jcc.DB2Driver [java] [10/10/14 13:20:36.016 CDT] Instance of com.ibm.db2.jcc.DB2Driver created successfully [java] [10/10/14 13:20:36.016 CDT] Attempting to make connection using: jdbc:db2://<hostname>:60500/<database_name>:returnAlias=0; ::""},{""char_end"":2190,""char_start"":1543,""chunk_id"":""e6923103188b8b1317cb534f553e41be301139c546355091b1ddafc9650059a4"",""document_id"":""techqa-doc:corpus/swg21686939.txt"",""filename"":""swg21686939.txt"",""rank"":4,""text"":""14 13:20:36.016 CDT] Attempting to make connection using: jdbc:db2://<hostname>:60500/<database_name>:returnAlias=0; :: d2svc :: PASSWORD_REMOVED [java] [10/10/14 13:20:36.954 CDT] Connection successfully made [java] [10/10/14 13:20:37.073 CDT] ERROR: Error occurred gathering data from the source database [java] com.ibm.db2.jcc.am.SqlException: DB2 SQL Error: SQLCODE=-1585, SQLSTATE=54048, SQLERRMC=null, DRIVER=4.18.60 [java] at com.ibm.db2.jcc.am.kd.a(kd.java:752) CAUSE This condition typically means that the Portal code has been able to successfully connect to the DB2 database but once it begins to attempt to move the data from the Derby""},{""char_end"":2649,""char_start"":1992,""chunk_id"":""dd8eb4d9b3c0602c7e42693126c75abc96ebf03972cd0c73cdb52c0c6630d2ef"",""document_id"":""techqa-doc:corpus/swg21686939.txt"",""filename"":""swg21686939.txt"",""rank"":5,""text"":""am.kd.a(kd.java:752) CAUSE This condition typically means that the Portal code has been able to successfully connect to the DB2 database but once it begins to attempt to move the data from the Derby database to DB2 it encounters a DB2 error. As you can see the DB2 error begin thrown is... DB2 SQL Error: SQLCODE=-1585, SQLSTATE=54048, SQLERRMC=null, DRIVER=4.18.60 Research of this DB2 error indicates a problem with the DB2 database system temporary tablespaces.... http://www-01.ibm.com/support/docview.wss?uid=swg21529563 [http://www-01.ibm.com/support/docview.wss?uid=swg21529563] and http://www-01.ibm.com/support/knowledgecenter/SSEPGG_9.7.0/com.ibm.""}]",phase03-sufficiency-annotation-v1,f2fe3f7f29b834d78fd7c79bf4d4a94faee43c658d89c48e386854123066802b,human_annotator_1,insufficient,Chunks are the exact technote but the retrieved spans end at the cause (system temporary tablespace problem plus a link); the reference fix (all four page sizes as System Temp tablespaces) is absent.,2026-08-25T03:06:00+05:30
phase03-annotation-blinded-v1,a49e05f3f3ba86630219409164e4a45f5e54de75fbb04328820076afda70d819,115,TRAIN_Q416,train,hybrid,10,"Why are the component parameters missing for the Enable Hold and Virtual Interview Multiple Response functionality?

Why are the component parameters missing for the Enable Hold and Virtual Interview Multiple Response functionality? ",answerable_with_reference,The documentation references a MULTIPLE_RESPONSES_FOR_HOLD_VI_ALLOWED and a MULTIPLE_RESPONSES_INTERVIEW_AUTO_COMPLETE parameter that is supposed to be under the VIRTUAL_INTERVIEW_CONFIGURATION component.These component parameters are not automatically added as part of the database upgrade scripts.,"[{""char_end"":1113,""char_start"":0,""chunk_id"":""6d9447949f010dea3ea60ba51943eb5a91fd466d5595f5ec5efa2219be2fe72a"",""document_id"":""techqa-doc:corpus/swg21984301.txt"",""filename"":""swg21984301.txt"",""rank"":1,""text"":""Title: IBM Component parameters missing for Enable Hold and Virtual Interview Multiple Response functionality - United States Text: TECHNOTE (FAQ) QUESTION Why are the component parameters missing for the Enable Hold and Virtual Interview Multiple Response functionality? CAUSE The documentation references a MULTIPLE_RESPONSES_FOR_HOLD_VI_ALLOWED and a MULTIPLE_RESPONSES_INTERVIEW_AUTO_COMPLETE parameter that is supposed to be under the VIRTUAL_INTERVIEW_CONFIGURATION component.These component parameters are not automatically added as part of the database upgrade scripts. ANSWER To enable the Enable Hold and Virtual Interview Multiple Response functionality you can manually create the component parameters. To do this go to the Admin > Components screen. 1. Search for the VIRTUAL_INTERVIEW_CONFIGURATION component. 2. Click on \""Edit\"". 3. Click on \""Add Parameter\"". 4. Set the new parameter with the name \""MULTIPLE_RESPONSES_FOR_HOLD_VI_ALLOWED\"" and a value of \""True\"" or \""False\"" depending on your use of the functionality. 5. Click on \""Add Parameter\"" again. 6. Set the new parameter with the name \""MULTIPLE""},{""char_end"":599,""char_start"":0,""chunk_id"":""8bc2909d2ba55f8ce8a34ef68f1db95674f22c4a5f68c4cd05de5435eb484c9a"",""document_id"":""techqa-doc:corpus/swg21991296.txt"",""filename"":""swg21991296.txt"",""rank"":2,""text"":""Title: IBM Response to Hold Notice with Virtual Interview is coming up as Replied, No Confirmation - United States Text: Hold Interview quesionnaire TECHNOTE (FAQ) QUESTION Why do we see response to Hold Notice with Virtual Interview as Replied, No Confirmation? CAUSE The interview questionnaire was changed recently and Interviews created recently all have the issue ANSWER 1. Login to Atlas 2. Click Admin > Interview Questionnaire 3. Click on the recently created questionnaire 4. Click Edit 5. Verify if there is more than one Confirmation question 6. Make changes as required 7. Save and Close""},{""char_end"":1102,""char_start"":0,""chunk_id"":""a1e14ec566db9416048055a07c5329ee50ed582be12aefbc6e102ced427f38f8"",""document_id"":""techqa-doc:corpus/swg21580870.txt"",""filename"":""swg21580870.txt"",""rank"":3,""text"":""Title: IBM How do you combine a Hold with an Interview? - United States Text: TECHNOTE (FAQ) QUESTION How do you combine a Hold with an Interview? ANSWER In order to setup a Hold with Interview Notice you will go through the same process as creating a normal Hold Notice. The only change is that you need to add the $interviewurl into the Notice content. One restriction of creating a Hold with Interview Notice is that you are required to check the \""Confirmation Required\"" option. Once you save the Hold Notice you'll see an \""Add Virtual Interview\"" button now displayed next to the \""Recipients\"" button. When you click on \""Add Virtual Interview\"" you'll be taken to the standard screen where you create an Interview. You can create the Interview questions from scratch or use a pre-existing Interview Template from the Questionnaire tab. The only restriction here is that the choices for Interview Templates include only Templates which have one question set to the type \""Confirmation - Select One\"". This is because Confirmation is required for the Hold with Interview Notice. Configuring the Recipients""},{""char_end"":1198,""char_start"":0,""chunk_id"":""30f907a5ea0a50e91b8327d3ddc27cb392f3f3ce9e5c3b45bb1485b61f46ab20"",""document_id"":""techqa-doc:corpus/swg1HE11904.txt"",""filename"":""swg1HE11904.txt"",""rank"":4,""text"":""Title: IBM HE11904: DUPLICATE INTERVIEW RESPONSES CREATED WHEN CUSTODIAN CLICKS ON LINK FROM NOTICE MULTIPLE TIMES AND RESPONDS - United States Text: SUBSCRIBE You can track all active APARs for this component. APAR STATUS * CLOSED AS PROGRAM ERROR. ERROR DESCRIPTION * Duplicate interview responses will be created if a custodian clicks on the link from the interview notice multiple times and accidentally responds to each of the questionnaires that are opened. When the link is clicked it will open up a separate browser window/tab for the interview questionnaire. The application will accept the responses from each questionnaire. LOCAL FIX * No workaround PROBLEM SUMMARY * Multiple interview responses are recorded from the same person for the same interview. When users click their email hold interview URL multiple times, they can submit multiple interview responses for the same interview. The administrative user might see multiple entries in the CONFIRMATION_LOGGING table from the same person for the same interview. PROBLEM CONCLUSION * IBM Atlas Suite now records only the first response from a person for each interview. You get an error submitting more than once. The fix is now ava""},{""char_end"":1081,""char_start"":0,""chunk_id"":""4312a0eeaf9a68c2cc09485e720ffd8629d8f678531ba8c94ef45bbb8eb3d8a0"",""document_id"":""techqa-doc:corpus/swg21978319.txt"",""filename"":""swg21978319.txt"",""rank"":5,""text"":""Title: IBM Receiving custodian Confirmation for a hold notice in Atlas via Virtual Interview - United States Text: TECHNOTE (FAQ) QUESTION How to use Virtual Interview Plan along with Hold Notice as a alternative method to In-email Notice Questionairre?. CAUSE If you add variable $Q:FullyComply option in the Confirmation Instruction of the Hold Notice, then it creates the question \""Have you understood and fully complied with this request?\"" with Yes or No Radio Buttons and Submit Response Button in the Hold notice email itself. However if you use Microsoft Outlook without Javascript support or Lotus Notes without Javascript Support, then the radio button and Submit Response will not work. If you want to skip $Q:FullyComply , then you have to add $emailConfirmation along with $NoticeResponseURL. for the Confirmation Instruction. If you donot want to use $emailConfirmation either , then you have to use a Virtual Interview Plan. ANSWER As an Alternative to In-Email Hold Notice response, you can create a Virtual Interview Plan with one Confirmation Type Question and add""},{""char_end"":896,""char_start"":0,""chunk_id"":""c89130a51b1130469a86d5c98d241e39c1a45f35f0d92b7f4be034f3f94a3b8e"",""document_id"":""techqa-doc:corpus/swg21973414.txt"",""filename"":""swg21973414.txt"",""rank"":6,""text"":""Title: IBM Unable to select an interview questionnaire when creating a new interview. - United States Text: TECHNOTE (TROUBLESHOOTING) PROBLEM(ABSTRACT) When trying to create a new interview, an existing interview questionnaire that is active does not show up in the Resource Chooser list. SYMPTOM An active interview questionnaire does not show up in the Resource Chooser to be selected. CAUSE A question in the interview questionnaire is of type \""Confirmation\"" question. RESOLVING THE PROBLEM A confirmation question is only valid for a hold created with a virtual interview. If you are trying to create a standalone interview, make sure that the interview questionnaire does not have any confirmation question(s). If they do, you can edit the question to make it a choice question instead. After making the change and saving the questionnaire, you will be able to see it in the interview plan.""},{""char_end"":1763,""char_start"":846,""chunk_id"":""02a8450ac9ae324fb0b9ab91896b6acb7ddce89ea96dae7c9b773a596b2038fe"",""document_id"":""techqa-doc:corpus/swg21580870.txt"",""filename"":""swg21580870.txt"",""rank"":7,""text"":""restriction here is that the choices for Interview Templates include only Templates which have one question set to the type \""Confirmation - Select One\"". This is because Confirmation is required for the Hold with Interview Notice. Configuring the Recipients and publishing the Hold with Interview Notices is the same as with a regular Hold Notice. The main difference will be with the end Custodian experience. Instead of responding yes or no to the Confirmation question directly in the Hold Notice email, the Custodians will click on a link from the Notice to view the Interview. They will then fill out all the Interview questions including the Confirmation question and submit their responses. Another difference is that the paralegals and attorney will be able to look at the Interview Results to see how people responded to questions and also to see the Confirmation responses to the Hold. HISTORICAL NUMBER 1348""},{""char_end"":2123,""char_start"":1174,""chunk_id"":""db23ed469ac9ffb21e81a2692202aec120d5ea56e5e4f0a54dda0b67fd4dc1af"",""document_id"":""techqa-doc:corpus/swg1HE12363.txt"",""filename"":""swg1HE12363.txt"",""rank"":8,""text"":""submits the response. In Progress -- When there is at least one response, but not everyone has replied to the last issuance. The last issuance is the original notice, if the repeated interviews were not turned on, or the last repeated interview as determined by the End By date. Completed -- When either all of the targets have complete status for the last issuance or the plan was manually completed at which point all of the targets statuses are set to complete as well. LOCAL FIX * NO PROBLEM SUMMARY * Documentation for Interview Plan States is not accurate and needs to be updated PROBLEM CONCLUSION * Documentation has been updated in http://www.ibm.com/support/docview.wss?uid=swg27044359 [http://www.ibm.com/support/docview.wss?uid=swg27044359] Section: Interviews > Interview states > Interview plan states. TEMPORARY FIX COMMENTS APAR INFORMATION * APAR NUMBER HE12363 * REPORTED COMPONENT NAME ATLAS EDISCOVER * REPORTED COMPONENT ID 5725""},{""char_end"":634,""char_start"":0,""chunk_id"":""a4d5f0cd4a0ed3ce469b14c9a171b3ea60848329afad47fc34cccb7baef090c2"",""document_id"":""techqa-doc:corpus/swg21973679.txt"",""filename"":""swg21973679.txt"",""rank"":9,""text"":""Title: IBM Unable to select an active interview questionnaire in a new interview - United States Text: TECHNOTE (FAQ) QUESTION When creating a new interview plan in Atlas and attempting to select an active interview questionnaire, the questionnaire does not show up. CAUSE There is one (or more) question that was defined in the interview questionnaire as a \""Confirmation\"" question. Such a questionnaire can only be used in a \""hold + interview\"" notice, not in a \""standalone\"" interview. ANSWER Remove the \""Confirmation\"" question or re-define it as a \""choice\"" question in order to be able to see the questionnaire in the interview plan.""},{""char_end"":1756,""char_start"":915,""chunk_id"":""413d9f9e3c0cad6db5d833b665d9eb94f41fc8304e48cc613d0f2efb275cf6d0"",""document_id"":""techqa-doc:corpus/swg1HE12012.txt"",""filename"":""swg1HE12012.txt"",""rank"":10,""text"":""Retention+Policy+and+Schedule+Management&fixids=6.0.1-ATLAS-FP0007-README&source=SAR] Download IBM Atlas Suite V6.0.1 Fix Pack 7 [http://www-01.ibm.com/support/docview.wss?uid=swg24039392] SUBSCRIBE You can track all active APARs for this component. APAR STATUS * CLOSED AS PROGRAM ERROR. ERROR DESCRIPTION * When creating or editing a hold rules template, if you check the \""Include Virtual Interview\"" box and attempt to add questionnaires, you will only be able to add them from the first page that is displayed. When you click on \""Next\"" or on \""2\"", \""3\"" etc for other pages, the page comes back to the Initial Notice page and does not allow any questionnaires from ensuing pages to be chosen. LOCAL FIX * De-select the \""Confirmation Required\"" check-box and select it agian. This will take you to the page you selected prior with the question""}]",phase03-sufficiency-annotation-v1,f2fe3f7f29b834d78fd7c79bf4d4a94faee43c658d89c48e386854123066802b,human_annotator_1,sufficient,Rank-1 chunk contains the reference cause verbatim: the parameters are not added automatically by the database upgrade scripts.,2026-08-25T03:07:00+05:30
phase03-annotation-blinded-v1,705eabe184856ae05b2ac9ebc8853e2f60c4ff883351a03cefc12900d16700ee,116,TRAIN_Q553,train,hybrid,1,"Help with Security Bulletin: Multiple vulnerabilities in IBM Java SDK affect IBM Image Construction and Composition Tool (CVE-2014-3566 and CVE-2014-6457)

I need to understand details regarding ""Security Bulletin: Multiple vulnerabilities in IBM Java SDK affect IBM Image Construction and Composition Tool (CVE-2014-3566 and CVE-2014-6457) ."" Where can I find this information? ",answerable_with_reference,"CVEID: CVE-2014-6457 [http://cve.mitre.org/cgi-bin/cvename.cgi?name=CVE-2014-6457]

DESCRIPTION: An unspecified vulnerability related to the JSSE component has partial confidentiality impact, partial integrity impact, and no availability impact.

CVSS Base Score: 4
CVSS Temporal Score: See https://exchange.xforce.ibmcloud.com/vulnerabilities/97148 [https://exchange.xforce.ibmcloud.com/vulnerabilities/97148] for the current score
CVSS Environmental Score*: Undefined
CVSS Vector: (AV:N/AC:H/Au:N/C:P/I:P/A:N) 

CVE-ID: CVE-2014-3566 [http://cve.mitre.org/cgi-bin/cvename.cgi?name=CVE-2014-3566]

DESCRIPTION: Product could allow a remote attacker to obtain sensitive information, caused by a design error when using the SSLv3 protocol. A remote user with the ability to conduct a man-in-the-middle attack could exploit this vulnerability via a POODLE (Padding Oracle On Downgraded Legacy Encryption) attack to decrypt SSL sessions and access the plaintext of encrypted connections. 

CVSS Base Score: 4.3
CVSS Temporal Score: See https://exchange.xforce.ibmcloud.com/vulnerabilities/97013 [https://exchange.xforce.ibmcloud.com/vulnerabilities/97013] for the current score
CVSS Environmental Score*: Undefined
CVSS Vector: (AV:N/AC:M/Au:N/C:P/I:N/A:N)","[{""char_end"":867,""char_start"":0,""chunk_id"":""e8b36040e919fa141daf3ea2d961c9890556dba1d37fb95eaa1b86ffd3f08cb1"",""document_id"":""techqa-doc:corpus/swg21903249.txt"",""filename"":""swg21903249.txt"",""rank"":1,""text"":""Title: IBM Security Bulletin: Multiple vulnerabilities in IBM Java SDK affect IBM Image Construction and Composition Tool (CVE-2014-3566 and CVE-2014-6457) - United States Text: SECURITY BULLETIN SUMMARY There are multiple vulnerabilities in IBM® SDK JavaTM Technology Edition, Version 6 that is used by IBM PureApplication System. This also includes a fix for the Padding Oracle On Downgraded Legacy Encryption (POODLE) SSLv3 vulnerability (CVE-2014-3566). These were disclosed as part of the IBM Java SDK updates in October 2014. VULNERABILITY DETAILS CVEID: CVE-2014-6457 [http://cve.mitre.org/cgi-bin/cvename.cgi?name=CVE-2014-6457] DESCRIPTION: An unspecified vulnerability related to the JSSE component has partial confidentiality impact, partial integrity impact, and no availability impact. CVSS Base Score: 4 CVSS Temporal Score: See https://exchange.xforce.""}]",phase03-sufficiency-annotation-v1,f2fe3f7f29b834d78fd7c79bf4d4a94faee43c658d89c48e386854123066802b,human_annotator_1,sufficient,Single chunk is the exact bulletin and includes the CVE-2014-6457 description from the reference.,2026-08-25T03:08:00+05:30
phase03-annotation-blinded-v1,b3e9f64654405dcd0d04681ad45872548a943b7aeed8372641adb814678bc64f,117,TRAIN_Q418,train,dense,5,"Request for Sample working RUN() Function for ITX



Hi Guys,

 

Anyone can share your simple RUN() function to trigger another map for ITX?

Appreciate if some example can be shared!

 

Thanks in advance!!

Cheers!",benchmark_impossible_no_reference,,"[{""char_end"":971,""char_start"":607,""chunk_id"":""6fb2fbbf3afa397abfd815ce9cebcfe8e71f4373221a83026ac71cf4d525daec"",""document_id"":""techqa-doc:corpus/swg22004721.txt"",""filename"":""swg22004721.txt"",""rank"":1,""text"":""OVERRIDE IN1=file://C:/temp/myinput.txt syntax converts the input to a STREAM object at the time that ITX invokes the map. The GETANDSET function only works with file input so you cannot take advantage of the functionality that the ITX GETANDSET function offers when using the -OVERRIDE IN1=file://C:/temp/myinput.txt syntax. PRODUCT ALIAS/SYNONYM SPE ITXA ITX WTX""},{""char_end"":3335,""char_start"":2629,""chunk_id"":""460537696db8ab2c4664f814bccd550261314b17b945a4be4be084f1339e8c31"",""document_id"":""techqa-doc:corpus/swg22016864.txt"",""filename"":""swg22016864.txt"",""rank"":2,""text"":"": * java com.ibm.spe.sample.SPESample api=transform option=MapName:My_ITX_Map option=in1:\""/home/mydata/input/Input_1.txt\"" option=in2:\""/home/otherdata/input/Input_2.txt\"" output=\""/home/output/data/goes_here\"" option=out1:\""Output_from_card_1.dat\"" option=out2:\""Output_from_card_2.txt\"" Note: * The ITX map must be compiled for the associated runtime platform * The ITX Maps extension must be renamed to have be mmc * The ITX map must be deployed/imported to the ITXA repository * All output files will be saved to the directory defined by the value following the output= entry. * If you have more (or fewer) input / output cards, add / delete the option=inX or option=outY value pairs * If you envelopes invoke a""},{""char_end"":1418,""char_start"":1039,""chunk_id"":""438e93a4437bf8ecf5feaab3116bab76f549682139a4082e652916022d0279c8"",""document_id"":""techqa-doc:corpus/swg1PI78956.txt"",""filename"":""swg1PI78956.txt"",""rank"":3,""text"":""* * (ITX) V9.0.0 * **************************************************************** * PROBLEM DESCRIPTION: ABEND USING ITX 9.0.0.1 ON Z/OS BATCH * * WHERE TO TOP LEVEL MAP CALLS A SUB * * MAP WITH A RUN() FUNCTION AND SUB MAP * * USING SINK * **************************************************************** * RECOMMENDATION: Apply this maintenance * ****************************""},{""char_end"":1418,""char_start"":1039,""chunk_id"":""fe91138de2ec135c42698f72c596ca17930487e173f7bb03c478a9aab85fda25"",""document_id"":""techqa-doc:corpus/swg1PI78953.txt"",""filename"":""swg1PI78953.txt"",""rank"":4,""text"":""* * (ITX) V9.0.0 * **************************************************************** * PROBLEM DESCRIPTION: ABEND USING ITX 9.0.0.1 ON Z/OS BATCH * * WHERE TO TOP LEVEL MAP CALLS A SUB * * MAP WITH A RUN() FUNCTION AND SUB MAP * * USING SINK * **************************************************************** * RECOMMENDATION: Apply this maintenance * ****************************""},{""char_end"":1956,""char_start"":1332,""chunk_id"":""8d1d8553520470127d19491fcc8122a858c19edd83bd19306754fdb3956689c5"",""document_id"":""techqa-doc:corpus/swg1PI78873.txt"",""filename"":""swg1PI78873.txt"",""rank"":5,""text"":""************** * RECOMMENDATION: Apply this maintenance * **************************************************************** ABEND USING ITX 9.0.0.1 ON Z/OS BATCH WHERE TO TOP LEVEL MAP CALLS A SUB MAP WITH A RUN() FUNCTION AND SUB MAP USING SINK PROBLEM CONCLUSION TEMPORARY FIX COMMENTS APAR INFORMATION * APAR NUMBER PI78873 * REPORTED COMPONENT NAME TX Z/OS * REPORTED COMPONENT ID 5655R9900 * REPORTED RELEASE 900 * STATUS CLOSED PER * PE NoPE * HIPER NoHIPER * SPECIAL ATTENTION NoSpecatt / Xsystem * SUBMITTED DATE 2017-03-27 * CLOSED DATE 2017-03-29 * LAST MODIFIED DATE 2017-04-04 * APAR IS SYSROUTED FROM ONE OR MORE""}]",phase03-sufficiency-annotation-v1,f2fe3f7f29b834d78fd7c79bf4d4a94faee43c658d89c48e386854123066802b,human_annotator_1,insufficient,"Chunks cover OVERRIDE syntax, an SPESample command line, and RUN()-related abend APARs; no sample RUN() usage for triggering another map.",2026-08-25T03:09:00+05:30
phase03-annotation-blinded-v1,b9df73233adeca6d1e82386af25b4999f1874e548e8ebcc1c28ab9addf3a9533,118,DEV_Q067,train,dense,10,"BPM AppTarget startup hangs during startup



During startup of the apptarget, JVM hangs with the following messages

[9/8/14 14:11:01:709 CDT] 0000001f wle W com.lombardisoftware.server.core.GroupCore getAllGroups() CWLND0004W - The system has been waiting for the group replication lock to be released for the last 10 minutes. [9/8/14 14:11:32:810 CDT] 00000022 ThreadMonitor W WSVR0605W: Thread ""server.startup : 0"" (0000001f) has been active for 654582 milliseconds and may be hung. There is/are 1 thread(s) in total in the server that may be hung. at java.lang.Thread.sleep(Native Method) at java.lang.Thread.sleep(Thread.java:896) at com.lombardisoftware.server.core.GroupCore.getAllGroups(GroupCore.java:545) at com.lombardisoftware.server.ejb.security.SecurityCore.listAllGroups(SecurityCore.java:566) at sun.reflect.NativeMethodAccessorImpl.invoke0(Native Method) at sun.reflect.NativeMethodAccessorImpl.invoke(NativeMethodAccessorImpl.java:60) at sun.reflect.DelegatingMethodAccessorImpl.invoke(DelegatingMethodAccessorImpl.java:37) at java.lang.reflect.Method.invoke(Method.java:611) ... [9/8/14 14:21:02:662 CDT] 0000001f wle W com.lombardisoftware.server.core.GroupCore getAllGroups() CWLND0004W - The system has been waiting for the group replication lock to be released for the last 20 minutes. [9/8/14 14:31:03:193 CDT] 0000001f wle W com.lombardisoftware.server.core.GroupCore getAllGroups() CWLND0004W -The system has been waiting for the group replication lock to be released for the last 30 minutes. [9/8/14 14:41:03:749 CDT] 0000001f wle W com.lombardisoftware.server.core.GroupCore getAllGroups() CWLND0004W -The system has been waiting for the group replication lock to be released for the last 40 minutes.",answerable_with_reference,"You will edit the wimconfig.xml file directly. However, before you edit the file, make a backup copy of it. Edit the wimconfig.xml file and search forconnectTimeout. Change this value from connectTimeout=""20"" to connectTimeout=""0"" and save the file. 
   
   
   A complete restart of the WebSphere Application Server / IBM Business Process Manager environment is required to make this change take effect.","[{""char_end"":753,""char_start"":0,""chunk_id"":""1685a42444b03ab4e8a1b9b8693f2bbafa4a91912857339b9f4aed970c520284"",""document_id"":""techqa-doc:corpus/swg21682300.txt"",""filename"":""swg21682300.txt"",""rank"":1,""text"":""Title: IBM A hung thread occurs when starting the IBM Business Process Manager (BPM) server - United States Text: startup; start; hang; hung; getAllGroups; transaction timeout; timeout; WSVR0605Wl; 99999; LSW_USR TECHNOTE (TROUBLESHOOTING) PROBLEM(ABSTRACT) When you start IBM Business Process Manager server, you see a hung thread and a transaction timeout in log file. SYMPTOM You may see the following messages in SystemOut.log file: [8/20/14 10:23:15:213 EDT] 00000003 ThreadMonitor W WSVR0605W: Thread \""server.startup : 0\"" (00000017) has been active for 692993 milliseconds and may be hung. There is/are 1 thread(s) in total in the server that may be hung. at java.lang.Thread.sleep(Native Method) at java.lang.Thread.sleep(Thread.java:853) at com.""},{""char_end"":1226,""char_start"":604,""chunk_id"":""c7d20d78879f5e3cd79059ad6f1f1d10a416608a5337311e9e05e274dec2bd6a"",""document_id"":""techqa-doc:corpus/swg21682300.txt"",""filename"":""swg21682300.txt"",""rank"":2,""text"":""/are 1 thread(s) in total in the server that may be hung. at java.lang.Thread.sleep(Native Method) at java.lang.Thread.sleep(Thread.java:853) at com.lombardisoftware.server.core.GroupCore.getAllGroups(GroupCore.java:518) at com.lombardisoftware.server.ejb.security.SecurityCore.listAllGroups(SecurityCore.java:564) at sun.reflect.NativeMethodAccessorImpl.invoke0(Native Method) at sun.reflect.NativeMethodAccessorImpl.invoke(NativeMethodAccessorImpl.java:60) at sun.reflect.DelegatingMethodAccessorImpl.invoke(DelegatingMethodAccessorImpl.java:37) at java.lang.reflect.Method.invoke(Method.java:611) at org.springframework""},{""char_end"":756,""char_start"":0,""chunk_id"":""34ff2d86c1b779101da0cdaf6c3955726b067f231ddfc196e3b5183ba80aa51d"",""document_id"":""techqa-doc:corpus/swg1IT07544.txt"",""filename"":""swg1IT07544.txt"",""rank"":3,""text"":""Title: IBM IT07544: HUNG THREADS ON SERVER STARTUP SEEN AFTER APPLYING THE PRELOAD PROPERTY ON MEDIATION FLOWS - United States Text: DIRECT LINK TO FIX bpm.8570.cf2017.06.delta.repository [http://www.ibm.com/support/fixcentral/quickorder?product=ibm%2FWebSphere%2FIBM+Business+Process+Manager+Standard&fixids=bpm.8570.cf2017.06.delta.repository&source=SAR] APAR STATUS * CLOSED AS PROGRAM ERROR. ERROR DESCRIPTION * The server becomes unresponsive after start up and the SystemOut.log reports multiple threads are hung with a similar stack to the following: WSVR0605W: Thread \""server.startup : 2\"" (0000007f) has been active for 642780 milliseconds and may be hung. There is/are 1 thread(s) in total in the server that may be hung. at java.net.URLEncoder.en""},{""char_end"":3799,""char_start"":3221,""chunk_id"":""6d2e3efae62f0f73efc9fcacc0e60f7f0fd266d18f5f1a5a84333e874449491f"",""document_id"":""techqa-doc:corpus/swg1JR53227.txt"",""filename"":""swg1JR53227.txt"",""rank"":4,""text"":""03:982 CDT] 0000006c ThreadMonitor W WSVR0605W: Thread \""server.startup : 2\"" (00000084) has been active for 715123 milliseconds and may be hung. There is/are 1 thread(s) in total in the server that may be hung. at java.lang.Object.wait(Native Method) at java.lang.Object.wait(Object.java:167) at java.lang.UNIXProcess.waitFor(UNIXProcess.java:214) at jet.util.SystemTools.C(QOIV:142) at jet.util.SystemTools.close(QOIV:124) at jet.util.SystemTools.<clinit>(QOIV:37) at java.lang.J9VMInternals.initializeImpl(Native Method) at java.lang.J9VMInternals.initialize(J9VMInternals.java""},{""char_end"":979,""char_start"":0,""chunk_id"":""ffecb79b6e3b3b1c12d11c0b20226aa6e798e1ac24be40741d374ef996018244"",""document_id"":""techqa-doc:corpus/swg21660162.txt"",""filename"":""swg21660162.txt"",""rank"":5,""text"":""Title: IBM Long startup time for the IBM Business Monitor server with IBM Business Process Manager (BPM) - United States Text: Performance; Server Start time; Digital Guardian; monitor; slow TECHNOTE (TROUBLESHOOTING) PROBLEM(ABSTRACT) If the IBM Business Monitor server is taking a long time to start, in the order of hours, there might be security software running on the system that causes a conflict with the file scanning operation in IBM Business Process Manager and IBM Business Monitor. SYMPTOM In a combined profile with IBM Business Process Manager and IBM Business Monitor, if the system is running a security software, such as Digital Guardian, there might be an adverse impact on the server start time due to the following error: Startup thread hang with WSVR0605W as below: WSVR0605W: Thread \""server.startup : 1\"" (00000051) has been active for 730750 milliseconds and may be hung. There is/are 1 thread(s) in total in the server that may be hung. at java.io.WinNTFi""},{""char_end"":712,""char_start"":0,""chunk_id"":""aaa34d5b9e2efbfbac937df83f2a492818512ff7723cd658c9d1656fa249fad4"",""document_id"":""techqa-doc:corpus/swg1JR53918.txt"",""filename"":""swg1JR53918.txt"",""rank"":6,""text"":""Title: IBM JR53918: THREADS HANG IN GROUPCORE.PROCESSDELETEUSERGROUPS WHILE THE SERVER STARTS - United States Text: DIRECT LINKS TO FIXES 7.5.1.2-WS-BPM-IFJR53918 [http://www.ibm.com/support/fixcentral/quickorder?product=ibm%2FWebSphere%2FIBM+Business+Process+Manager+Standard&fixids=7.5.1.2-WS-BPM-IFJR53918&source=SAR] Version 8.5 Refresh Pack 7 for the IBM Business Process Manager products [http://www-01.ibm.com/support/docview.wss?uid=swg24041575] SUBSCRIBE You can track all active APARs for this component. APAR STATUS * CLOSED AS PROGRAM ERROR. ERROR DESCRIPTION * You might experience threads hanging while the server starts as the server tries to synchronize a large number of user group definitions (""},{""char_end"":4756,""char_start"":4165,""chunk_id"":""262f141866506d47d28e958d4b2e7eff9ae3bac26a1929f239a81a522acce5cf"",""document_id"":""techqa-doc:corpus/swg1PI47492.txt"",""filename"":""swg1PI47492.txt"",""rank"":7,""text"":"".membershipCha nged(ServerAgent.java:625) at com.ibm.ws.objectgrid.server.leader.PeerManager.membershipChange d(PeerManager.java:135) at com.ibm.ws.hamanager.impl.HAGroupImpl.doMembershipChanged(HAGrou pImpl.java:817) at com.ibm.ws.hamanager.impl.HAGroupImpl$HAGroupUserCallback.doCall back(HAGroupImpl.java:1385) at com.ibm.ws.hamanager.impl.Worker.run(Worker.java:64) at com.ibm.ws.util.ThreadPool$Worker.run(ThreadPool.java:1865) A javacore reveals this hung thread in combination with the logged WSVR0605W thread: Thread 0x43321ec0 at java.lang.Thread.sleep(JI)V (Native Method) at java.""},{""char_end"":2223,""char_start"":1394,""chunk_id"":""4034a45306e2b89e63cf4e9f32156d1af8cdc8c46568cfdda708b11b5dfc29f4"",""document_id"":""techqa-doc:corpus/swg21660162.txt"",""filename"":""swg21660162.txt"",""rank"":8,""text"":""CAUSE The Digital Guardian software has a conflict with the file scanning operation in IBM Business Process Manager and IBM Business Monitor. ENVIRONMENT This issue is only observed in Microsoft Windows 7 running the Digital Guardian software. DIAGNOSING THE PROBLEM To diagnose the issue, see if the server takes an abnormal amount of time to start. You can also check if the following error message exists: Startup thread hang with WSVR0605W as below: WSVR0605W: Thread \""server.startup : 1\"" (00000051) has been active for 730750 milliseconds and may be hung. There is/are 1 thread(s) in total in the server that may be hung. at java.io.WinNTFileSystem.getBooleanAttributes(Native Method) at java.io.File.isDirectory(File.java:765) at org.eclipse.jst.j2ee.commonarchivecore.internal.strategy .DirectoryLoadStrategyImpl.addNextFr""},{""char_end"":1663,""char_start"":1098,""chunk_id"":""f2a24bb93f0625849b1b9fb8f893ae0c8d32fd5f0cc237cbdf70ff3de86cba3f"",""document_id"":""techqa-doc:corpus/swg1PM16223.txt"",""filename"":""swg1PM16223.txt"",""rank"":9,""text"":""eased(WPActionPhase.java:3453) at com.ibm.wps.engine.phases.WPActionPhase .processPortlets(WPActionPhase.java:2762) at com.ibm.wps.engine.phases.WPActionPhase .execute(WPActionPhase.java:668) at com.ibm.wps.state.phases.AbstractActionPhase .next(AbstractActionPhase.java:130) at com.ibm.wps.engine.Servlet.callPortal(Servlet.java:855) at com.ibm.wps.engine.Servlet.doGet(Servlet.java:617) at com.ibm.wps.engine.Servlet.doPost(Servlet.java:888) ... Some minutes later the Application Server will report hang threads: [6/9/10 9:22:41:135 CDT] 00000025 ThreadMonitor W""},{""char_end"":1622,""char_start"":963,""chunk_id"":""0edc8338c525f62d1e454672ade34bfb5a66545e36dbdd0a1fe1aa565f2f6f29"",""document_id"":""techqa-doc:corpus/swg1IV30877.txt"",""filename"":""swg1IV30877.txt"",""rank"":10,""text"":""'s about 30 minutes. Of the 20 minutes it takes to see the message \""open for...\"", following exception is seen [8/19/12 13:00:37:825 EDT] 00000019 resourcemgmt E com.ibm.tivoli.prism.serviceorder.resourcemgmt.MaximoHelper getVRPools CTJZI1554W Skipping resource pool NACSWDLVMCLDBS because it is not enabled. [8/19/12 13:11:41:244 EDT] 0000000d ThreadMonitor W WSVR0605W: Thread \""server.startup : 0\"" (00000019) has been active for 710847 milliseconds and may be hung. There is/are 1 thread(s) in total in the server that may be hung. at java.net.SocketInputStream.socketRead0(Native Method) at java.net.SocketInputStream.read(SocketInputStream.java:155) at com""}]",phase03-sufficiency-annotation-v1,f2fe3f7f29b834d78fd7c79bf4d4a94faee43c658d89c48e386854123066802b,human_annotator_1,insufficient,Rank-1 is the exact getAllGroups hang technote but retrieved spans cover only symptoms; the reference fix (wimconfig.xml connectTimeout 20 to 0) appears in no chunk.,2026-08-25T03:10:00+05:30
phase03-annotation-blinded-v1,2d6aa183cbcd635d66c12c7a757b1138d8d27c1b7b8a7fd69f3112e905f383c9,119,TRAIN_Q466,train,bm25,10,"What happens if I lost my seed and salt value?

In ISDS, what happens if I lost my seed and salt value?



This dW Answers question is about an IBM document with the Title:
Open Mic Webcast: Configuring SDS 8.0.1 Virtual Appliance with a remote DB2 database - Tuesday, 17 Jan 2017 [presentation slides are attached; includes link to replay]",answerable_with_reference,There is NO way to recover the seed value used during the instance creation if it has been lost. The only workaround is to create a new instance with a new encryption seed value and then use the db2ldif and ldif2db utilities to export and import data respectively. These utilities can be supplied with the new encryption seed and the salt value of the new instance. Thus the data would be preserved(alongwith the passwords) on this new instance.,"[{""char_end"":909,""char_start"":0,""chunk_id"":""937f7e455eea270402a41c36e00299f43a99d0d3a3a673501a0bb5409a188224"",""document_id"":""techqa-doc:corpus/swg27048824.txt"",""filename"":""swg27048824.txt"",""rank"":1,""text"":""Title: IBM Open Mic Webcast: Configuring SDS 8.0.1 Virtual Appliance with a remote DB2 database - Tuesday, 17 Jan 2017 [presentation slides are attached; includes link to replay] - United States Text: peoplesec-open-mic; setup; set-up; ISS_OPEN_MIC WEBCAST ABSTRACT Ram Reddy of the IBM Security Directory Support team discussed configuring the SDS 8.0.1 Virtual Appliance with a remote DB2 database. After the presentation, attendees were given an opportunity to ask the panel of experts questions. CONTENT On January 17th, the Directory Support team hosted an ISDS Open Mic webcast and discussed configuring SDS 8.0.1 Virtual Appliance with a remote DB2 database. Throughout the event, attendees were encouraged to comment or ask questions in the Q&A Panel within the WebEx Event Center. * Topic: Configuring SDS 8.0.1 Virtual Appliance with a remote DB2 database * Date: Tuesday, 17 January 2017 * Time: 11""},{""char_end"":961,""char_start"":0,""chunk_id"":""e420431178b1600e34aae9848ff1971dc2289659b7fb31ade33b6edb755e6187"",""document_id"":""techqa-doc:corpus/swg27049257.txt"",""filename"":""swg27049257.txt"",""rank"":2,""text"":""Title: IBM Open Mic Webcast: Performance tuning in SDS 8.0.1 VA with a remote DB2 DB - Tuesday, 18 Apr 2017 [presentation slides are attached; includes link to replay] - United States Text: peoplesec-open-mic; setup; set-up; STEwebcastDocument; ISS_OPEN_MIC WEBCAST ABSTRACT Ram Reddy of the IBM Security Directory Support team discussed performance tuning in SDS 8.0.1 Virtual Appliance with a remote DB2 database. After the presentation, attendees were given an opportunity to ask the panel of experts questions. CONTENT On April 18th, the Directory Support team hosted an ISDS Open Mic webcast to discuss performance tuning in SDS 8.0.1 Virtual Appliance with a remote DB2 database. Throughout the event, attendees were encouraged to comment or ask questions in the Q&A Panel within the WebEx Event Center. Join us for this interactive, educational, lively session. * Topic: Performance tuning in SDS 8.0.1 Virtual Appliance with a remote DB2 database * Date""},{""char_end"":1010,""char_start"":0,""chunk_id"":""ae966034e30ebd57c81500c155b0443e000a239a32d57a5be506581ebf7c203c"",""document_id"":""techqa-doc:corpus/swg27049255.txt"",""filename"":""swg27049255.txt"",""rank"":3,""text"":""Title: IBM Open Mic Webcast: Securing communication between SDS 8.0.1 VA and its remote DB2 DB - Wednesday, 15 Feb 2017 [presentation slides are attached; includes link to replay] - United States Text: peoplesec-open-mic; setup; set-up; STEwebcastDocument; ISS_OPEN_MIC WEBCAST ABSTRACT Members of the IBM Security Directory Support team as they discussed securing communication between SDS 8.0.1 Virtual Appliance and its remote DB2 database. After the presentation, attendees were given an opportunity to ask the panel of experts questions. CONTENT On February 15th, the Directory Support team will hosted an ISDS Open Mic webcast and discussed securing communication between SDS 8.0.1 Virtual Appliance and its remote DB2 database. Throughout the event, attendees were encouraged to comment or ask questions in the Q&A Panel within the WebEx Event Center. We hope you had a chance to join this interactive, educational, lively session. * Topic: Securing communication between SDS 8.0.1 Virtual Appliance and""},{""char_end"":937,""char_start"":0,""chunk_id"":""ade48b27af2eb0a0c6f0b41ed0b548713bf642ce629e9d9c6423458a9e74087f"",""document_id"":""techqa-doc:corpus/swg27049256.txt"",""filename"":""swg27049256.txt"",""rank"":4,""text"":""Title: IBM Open Mic Webcast: Upgrade from SDS 6.4 to SDS 8.01 VA to use existing remote DB2 DB - Tuesday, 28 Mar 2017 [presentation slides are attached; includes link to replay] - United States Text: peoplesec-open-mic; setup; set-up; STEwebcastDocument; ISS_OPEN_MIC WEBCAST ABSTRACT Ram Reddy, of the IBM Security Directory Support team, discuss upgrading from SDS 6.4 to SDS 8.0.1 VA to use existing remote DB2 database. After the presentation, attendees were given an opportunity to ask the panel of experts questions. CONTENT On March 28th, the Directory Support team hosted an ISDS Open Mic webcast to discuss upgrading from SDS 6.4 to SDS 8.01 VA to use existing remote DB2 database. Throughout the event, attendees were encouraged to comment or ask questions in the Q&A Panel within the WebEx Event Center. We hoped you had the opportunity to join us for this interactive, educational, lively session. * Topic: Upgrade from SDS 6""},{""char_end"":788,""char_start"":0,""chunk_id"":""29d58b3d54fe227dfdfe9837290e28a9f3e98367ad7baf74f64fab0095f2d65b"",""document_id"":""techqa-doc:corpus/swg21634592.txt"",""filename"":""swg21634592.txt"",""rank"":5,""text"":""Title: IBM LDAP salt and seed of the ISDM installation - United States Text: LDAP; salt; seed; ISDM TECHNOTE (FAQ) QUESTION How to know which are the LDAP salt and the seed of ISDM installation? ANSWER You can find the needed information as follows: - LDAP seed is the password that was set during the IDS configuration in the idsxinst tool (and it is already preconfigured in ISDM 7.2.2). It could be required for export data to an LDIF file (the idsdb2ldif command) or regeneration of the key stash file (the idsgendirksf command). There is no way to recover the encryption seed if it is lost. - LDAP salt can be taken from the output of the idsldapsearch command. In my example the command syntax looks like: # /opt/IBM/ldap/V6.2/bin/idsldapsearch -D cn=root -w password -b \""cn=crypto,""},{""char_end"":1005,""char_start"":0,""chunk_id"":""e187393d536128f4457485af01e4eea8208da8f5e9ce8be66cf0b4ac36e2a340"",""document_id"":""techqa-doc:corpus/swg21244655.txt"",""filename"":""swg21244655.txt"",""rank"":6,""text"":""Title: IBM Seed value used during the instance creation is lost : Recovery procedure - United States Text: seed lost; idsgendirksf; Encryption Seed Value; key stash file TECHNOTE (TROUBLESHOOTING) THIS DOCUMENT APPLIES ONLY TO THE FOLLOWING LANGUAGE VERSION(S): English PROBLEM(ABSTRACT) Generating key stash file if the seed value which was used at the time of instance creation has been lost then there is no way to recover this seed value. RESOLVING THE PROBLEM There is NO way to recover the seed value used during the instance creation if it has been lost. The only workaround is to create a new instance with a new encryption seed value and then use the db2ldif and ldif2db utilities to export and import data respectively. These utilities can be supplied with the new encryption seed and the salt value of the new instance. Thus the data would be preserved(alongwith the passwords) on this new instance. Here are the steps to follow: 1. Set up a new instance says \""newinst\"". $> idsicrt -I newinst -""},{""char_end"":1485,""char_start"":745,""chunk_id"":""511cf51d4302146e73aa14e683eb718ab2954eb0bde0e874fa4b62cf86665e0e"",""document_id"":""techqa-doc:corpus/swg27048824.txt"",""filename"":""swg27048824.txt"",""rank"":7,""text"":""the Q&A Panel within the WebEx Event Center. * Topic: Configuring SDS 8.0.1 Virtual Appliance with a remote DB2 database * Date: Tuesday, 17 January 2017 * Time: 11:00 AM EST (15:00 UTC/GMT, UTC-4 hours) for 60 minutes How to ask questions in advance We have set aside the following post in the ISDS customer forum within dWAnswers for you to ask questions about this Open Mic topic. We aim to address as many questions as possible during the Open Mic webcast. https://developer.ibm.com/answers/questions/334259/ibm-announcement-configuring-sds-801-virtual-appli/ [https://developer.ibm.com/answers/questions/334259/ibm-announcement-configuring-sds-801-virtual-appli/] Presentation OpenMic-ISDS801_RemoteDB2Config-presentation-17Jan2017-v1.""},{""char_end"":1051,""char_start"":0,""chunk_id"":""4d8a4209fa7b88e3c0069742a7aaa810b35324ec277170bee9e11e576ebdb774"",""document_id"":""techqa-doc:corpus/swg27045218.txt"",""filename"":""swg27045218.txt"",""rank"":8,""text"":""Title: IBM Open Mic Webcast: Avoiding pitfalls in XGS/SiteProtector Updates and Licensing - Tuesday, 24 March 2015 [includes link to replay; presentation slides are attached] - United States Text: infrasec-open-mic; ISS_OPEN_MIC; STEwebcastDocument WEBCAST ABSTRACT Clients took the opportunity to listen to an experienced Support technical leader teach about the smartest ways to update and license IBM Security SiteProtector System software and XGS appliances. (Note that the attached presentation now includes the Q&A from the event.) CONTENT IBM wants your product deployment to go smoothly. In this Open Mic, callers learned some tips for making that happen. Our goal in Open Mics is to provide insight on how IBM Security products work and to teach on-going sessions that help users and administrators understand, maintain, troubleshoot, and resolve issues with their XGS appliance. This Open Mic session will be the sixth webcast provided by IBM Infrastructure Security Technical Support. * Topic: Avoiding pitfalls in XGS/SiteProtector Updates""},{""char_end"":1547,""char_start"":765,""chunk_id"":""c1c8d9ba363d787d7ccaed938e656f69437f2ad73c482095595bfb196e05e0eb"",""document_id"":""techqa-doc:corpus/swg27049257.txt"",""filename"":""swg27049257.txt"",""rank"":9,""text"":""the Q&A Panel within the WebEx Event Center. Join us for this interactive, educational, lively session. * Topic: Performance tuning in SDS 8.0.1 Virtual Appliance with a remote DB2 database * Date: Tuesday, 18 April 2017 * Time: 11:00 AM EDT (15:00 UTC/GMT, UTC-4 hours) for 60 minutes How to ask questions in advance We have set aside the following post in the ISDS customer forum within dWAnswers for you to ask questions about this Open Mic topic. We aim to address as many questions as possible during the Open Mic webcast. https://developer.ibm.com/answers/questions/366306/ibm-announcement-performance-tuning-in-sds-801-va/ [https://developer.ibm.com/answers/questions/366306/ibm-announcement-performance-tuning-in-sds-801-va/] Presentation OpenMic-ISDS801_RemoteDB2_PerfTune_""},{""char_end"":1000,""char_start"":0,""chunk_id"":""ca10813a4d17b4f071b8fd554f94a3f1c6c12a29caccb3d92f0cfeb167e0bcfc"",""document_id"":""techqa-doc:corpus/swg27048985.txt"",""filename"":""swg27048985.txt"",""rank"":10,""text"":""Title: IBM ILMT Open Mic: Correcting 2 common misconceptions - 10 November 2016 (Includes link to replay; slides are attached) - United States Text: ISS_OPEN_MIC; Endpoint-open-mic; ilmt-open-mic; STEwebcastDocument WEBCAST ABSTRACT The IBM License Metric Tool Support team addressed two of the most common misunderstandings about ILMT, typically represented by the following questions: Why is ILMT telling me I have Product A installed when I don't? Why is ILMT assigning too many cores and PVU to my VMs? From this presentation customers can gain a better understanding of what ILMT does, how the data is being presented, and what the customer's role is in using ILMT. CONTENT Les Popow, ILMT specialist in Level 2 Support, spoke about Automated Bundling and how the products presented by ILMT are not to be taken at face value. He also described customer responsibilities, and explained the reading of the ILMT Sub-capacity report. After the presentation, Les answered questions from the audience.""}]",phase03-sufficiency-annotation-v1,f2fe3f7f29b834d78fd7c79bf4d4a94faee43c658d89c48e386854123066802b,human_annotator_1,sufficient,Rank-6 chunk contains the reference answer verbatim: the seed is unrecoverable; create a new instance and use db2ldif/ldif2db.,2026-08-25T03:11:00+05:30
phase03-annotation-blinded-v1,072c3a5eb8de2f625fd2e01796ed247be034fbef0757fbe894c655db71b9d2c1,120,TRAIN_Q187,validation,bm25,3,"How to resolve coach service timeout or expired issue?

Customer has followed http://www-01.ibm.com/support/docview.wss?uid=swg21633251 and http://www-01.ibm.com/support/docview.wss?uid=swg21601357 to set up long time session but customer still got error message: ""The service you are trying to run has expired."" only when the user keep a coach session idle that over 30 minutes.  How to resolve this issue? ",answerable_with_reference,"Check Override in the Override Session Management section, then select to set the time-out and the time-out value. This sets the application session to overwrite those values set at the parent, which in this case is the Server level.","[{""char_end"":1025,""char_start"":0,""chunk_id"":""4cb67eeb5c91fdca898854b927cddca0d6b51c1b408e0f320dae2bd14a80e824"",""document_id"":""techqa-doc:corpus/swg21633251.txt"",""filename"":""swg21633251.txt"",""rank"":1,""text"":""Title: IBM The Portal or Coach session expiration for IBM Business Process Manager (BPM) is shorter than desired - United States Text: session; timeout; bpm; coach; teamworks; portal TECHNOTE (TROUBLESHOOTING) PROBLEM(ABSTRACT) You want a long session time, possibly several hours, for Portal or a Coach. However, session expiration exception messages are seen after you set up the Portal or Coach session. SYMPTOM You might see an exception message in the Potal that is similar to the following text: The service you are trying to run has expired. Id is px. CAUSE Portal and Coach sessions can be set up individually. RESOLVING THE PROBLEM As a work around, you can set up a long session by using an LTPA session, which is at a different level scope, than the HTTP session. Complete the following steps in the Administrative Console to set up long time session. This configuration is for a one hour (60 minute) session. 1. Select Applications > Application Types > WebSphere enterprise applications > IBM_BPM_Portal_[node]_[""},{""char_end"":971,""char_start"":0,""chunk_id"":""28b4f0cf65499767668eac73c113bfadfecd5925f0f8baf3e208fff86d127925"",""document_id"":""techqa-doc:corpus/swg1JR44831.txt"",""filename"":""swg1JR44831.txt"",""rank"":2,""text"":""Title: IBM JR44831: BOUNDARY EVENT IN COACH VIEW FIRED \""THE SERVICE YOU ARE TRYING TO RUN HAS EXPIRED. ID IS P1\"" - United States Text: SUBSCRIBE You can track all active APARs for this component. APAR STATUS * CLOSED AS PROGRAM ERROR. ERROR DESCRIPTION * We are experiencing errors when running a BPM process in Internet Explorer 8 (things appear fine in Firefox). At intermittant points when the user clicks a button or enters information that fires a boundary event in a Coach View (i.e. the process flow is meant to be returning to the server) a message is displayed \""The Service you are trying to run has expired. Id is P1\"". Sometimes the P1 is replaced with P2. LOCAL FIX * n/a PROBLEM SUMMARY * \""Service has expried\"" error shows when transiting from a coach that contains Table to another coach USER AFFECTED: Coach that contains Stock control Table and Coach that has back-forward capability (e.g. has \""Next\"" and \""Back\"" button) PROBLEM DETAILED DESCRIPTION: The do""},{""char_end"":1829,""char_start"":784,""chunk_id"":""627ee3e9be19f87790c43af7f5a43ab2d6bce89d0b2f2ba3c65bd78653132470"",""document_id"":""techqa-doc:corpus/swg21444816.txt"",""filename"":""swg21444816.txt"",""rank"":3,""text"":""the Administration Console of the IBM Cognos Now! Workbench, a Session Timeout Configuration setting is available that is not described in the documentation. Session Timeout Configuration allows you to set the timeout period for IBM Cognos Now! as well as specify a specific timeout for a group of users. When the session timeout occurs, IBM Cognos Now! displays a pop-up screen that informs the user that the session has expired and allows the user to re-enter the user name and password. Note: Session timeout does not apply to a user logged in as Anonymous. The following are the settings for the session timeout: Default Session Timeout : Specifies how long IBM Cognos Now! can be idle before users must log in again. Setting the default session timeout to 0 indicates that user sessions do not time out. The default is 60 minutes. Alternate Session Timeout : Specifies how long IBM Cognos Now! can be idle before a specified list of users must log in again. The value that you specify for the alternate session timeout overrides the default""}]",phase03-sufficiency-annotation-v1,f2fe3f7f29b834d78fd7c79bf4d4a94faee43c658d89c48e386854123066802b,human_annotator_1,insufficient,Rank-1 offers the LTPA long-session workaround from a document the user already followed; the reference fix (Override Session Management at the application level) is not in the retrieved text.,2026-08-25T03:12:00+05:30
phase03-annotation-blinded-v1,16a5a89745fd6da92506041f30ce9f8149f9140bdc507cfaff817e30aaefd75b,121,DEV_Q305,train,dense,1,"Cognos Analytics - Images not displayed in PDF/Excel, working in HTML

I've just completed an upgrade to Cognos Analytics 11.0.3. When running existing reports in HTML, the images are displayed but when I try to run them in PDF/Excel they are not. ",answerable_with_reference,"Open up IIS 7.5 
 2. Click on the root folder of your Cognos installation (E.g. C1021GA) in the navigation pane on the left side 
 3. When the root folder is selected, double-click 'Authentication' 
 4. Ensure that anonymous access is enabled 
 5. Repeat steps 3 and 4 for the image folder and it's parent folder. 
 6. If the user is concerned about security, they may want to restrict the child-folders (E.g. cgi-bin) and change the authentication settings accordingly 
 7. Run the report in export as Excel 2007 and PDF","[{""char_end"":659,""char_start"":0,""chunk_id"":""d0c1d4a70cf6f9c042603051a217d1f6e5876c11af3b2e53e0f5c992de892eaa"",""document_id"":""techqa-doc:corpus/swg22010233.txt"",""filename"":""swg22010233.txt"",""rank"":1,""text"":""Title: IBM Image fails to load when running query studio reports in PDF/Excel - United States Text: TECHNOTE (TROUBLESHOOTING) PROBLEM(ABSTRACT) When running a report in IBM Cognos Analytics Query Studio, the image fails to load when the report is generated in PDF/Excel format. SYMPTOM Right clicking on the image and displaying the element shows the image cannot be found. CAUSE During the upgrade from Cognos BI 10.x.x to Cognos Analytics 11.0.x, the location of images changed for legacy studios RESOLVING THE PROBLEM Copying the <COGNOS_INSTALL>/webcontent/explore folder to <COGNOS_INSTALL>/webcontent/bi will allow the images to be displayed correctly.""}]",phase03-sufficiency-annotation-v1,f2fe3f7f29b834d78fd7c79bf4d4a94faee43c658d89c48e386854123066802b,human_annotator_1,insufficient,Guide-aligned flip: bundle supports a different documented fix (copy webcontent/explore to webcontent/bi) but cannot support the benchmark answer (IIS anonymous authentication). Flag for adjudication: alternative-correct-answer case.,2026-08-25T03:13:00+05:30
phase03-annotation-blinded-v1,81ce5355e7ba610271d05effce1a8fd13d60d77cbe646a510dfab803dfc8d5ab,122,TRAIN_Q012,validation,bm25,1,"Are there any instructions for ulimit settings for WebSphere running on Linux?

Are there any instructions for ulimit settings for WebSphere running on Linux? ",answerable_with_reference,WebSphere Application Server Support recommends setting the ulimit -u or nproc to a value of 131072 when running on Linux to safely account for all the forked threads within processes that could be created.,"[{""char_end"":2551,""char_start"":1466,""chunk_id"":""3829e15cdbaea9af2ed3fae8835019eb514288fa15b199f9b32394a9778fbcaa"",""document_id"":""techqa-doc:corpus/swg21648497.txt"",""filename"":""swg21648497.txt"",""rank"":1,""text"":""and the difference between the soft and hard limit. This article is concerned particularly with the \""-u\"" ulimit or \""nproc\"" limit on Linux, the ulimit - r on AIX which affects the number of threads allowed for a single user process running WebSphere Application Server. The AIX issue is less commonly seen as it limits then number of threads for a process but is seen in application servers with very large thread pools, This is becoming more common in 64bit addressing JVMs running complex applications. WebSphere Application support recommends setting the ulimit -r ulimited on AIX. The nproc limit usually only counts processes on a server towards determining this number. Linux systems running WebSphere Application Server are a particular case. The nproc limit on Linux counts the number of threads within all processes that can exist for a given user. To determine the ulimit settings of a WebSphere Application Server process running on Linux refer to \""How to determine the ulimit settings of a running WebSphere Application Server process on Linux [http://www-01.ibm.com/support""}]",phase03-sufficiency-annotation-v1,f2fe3f7f29b834d78fd7c79bf4d4a94faee43c658d89c48e386854123066802b,human_annotator_1,insufficient,"Single chunk discusses the Linux nproc limit and the AIX ulimit -r recommendation, but the reference value (set nproc to 131072) is not in the retrieved span.",2026-08-25T03:14:00+05:30
phase03-annotation-blinded-v1,bce6940f24e269ee623725bf1e2ca8b7843ba7bc578f1be79787a2b6ba9bb65e,123,TRAIN_Q120,validation,bm25,1,"I am receiving AC power supply failures on my DataPower 9235 appliance. How can I resolve this?



I am observing the following errors on my DataPower 9235 device:

[failure] Power supply '1' has no AC input power, or is not present. [failure] Power supply '2' has no AC input power, or is not present.

How can this be resolved? ",answerable_with_reference,"In most cases, a reboot of the appliance will reset the sensors and no additional errors are logged.","[{""char_end"":1055,""char_start"":0,""chunk_id"":""813e52928993998e91377b435be8d8dcb036d57e233a7769d43c6104622948bc"",""document_id"":""techqa-doc:corpus/swg21512291.txt"",""filename"":""swg21512291.txt"",""rank"":1,""text"":""Title: IBM WebSphere DataPower M/T 9235 appliance might incorrectly report failure of both power supplies - United States Text: TECHNOTE (FAQ) QUESTION The IBM WebSphere DataPower M/T 9235 appliance might incorrectly report the failure of both power supplies. This message is not reported on all appliances and can occur rarely in the field. ANSWER The following message would be present in the DataPower logs: System power supply #2 has failed. or logging event code: 0x80400022 System power supply #2 The problem can be confirmed by issuing the following commands on the appliance CLI: co test hardware exit The following output from the test hardware command confirms this problem: [failure] Power supply '1' has no AC input power, or is not present. [failure] Power supply '2' has no AC input power, or is not present. Other results in the test hardware command might also show incorrect values. This problem does not affect the operation of the appliance other than the continuous reporting power supply failure message. To confirm the power supplies""}]",phase03-sufficiency-annotation-v1,f2fe3f7f29b834d78fd7c79bf4d4a94faee43c658d89c48e386854123066802b,human_annotator_1,insufficient,Single chunk confirms the false power-supply reporting but the retrieved span ends before the reference fix (reboot to reset the sensors).,2026-08-25T03:15:00+05:30
phase03-annotation-blinded-v1,598c0293085540c84b5e54be5aa4c213bb7191cc2bd47ad174cb58f135e3bce2,124,TRAIN_Q184,validation,dense,10,"I am trying to install Portal 8.5 on Windows and getting error, CRIMA1217E in the IIM logs

While trying to install Portal 8.5 using IIM it fails and the following is in the IIM logs...

     549 ERROR CRIMA1217E 01:01:00.16 A problem occurred during the
     execution of the
     C:\IBM\WebSphere\PortalServer\installer\wp.config\wizard\repository\repo
     sitory_actions.xml file.
           ERROR: Error executing the work flow.  Step 'Basic
     Config' FAILED!.  Check the logs for additional error messages.
     [C:\IBM\WebSphere\PortalServer\installer\wp.config\wizard\repository\rep
     ository_actions.xml:622]
         A package has an issue that cannot be resolved by
     Installation Manager.
         Identify the package that has the issue by looking at
     the installation history. In Installation Manager, click File >
     Installation History. In console mode, enter S: View Installation
     History. Contact IBM customer support.
     
     550 ERROR  01:01:00.16 Creating WebSphere Portal Profile.  This
     will take several minutes.
",answerable_with_reference,Stop all WebSphere processes on the machine and attempt to install the second Portal instance again,"[{""char_end"":749,""char_start"":0,""chunk_id"":""68b2ea7a457dc514ac6b2a5ac471cf00b172b595207252d622d641f8738f79c0"",""document_id"":""techqa-doc:corpus/swg21620581.txt"",""filename"":""swg21620581.txt"",""rank"":1,""text"":""Title: IBM Portal 8 installation fails with CRIMA1076E and adminPassword empty - United States Text: CRIMA1076E; manageprofiles.sh; manageprofiles.bat; cw_profile; com.ibm.websphere.cw.profile.create TECHNOTE (TROUBLESHOOTING) PROBLEM When installing WebSphere Portal v8, the installation fails when creating the cw_profile (Config Wizard). SYMPTOM In the IBM Installation Manager log, the failure will occur here: =========================== ERROR CRIMA1076E 12:45.50 Error executing the /opt/IBM/WebSphere/AppServer/bin/manageprofiles.sh command: status=1. For more information, see the agent log file: /var/ibm/logs/native/20121211_0900b.log The installation operation failed due to an error executing the exec command. An issue has occurred with""},{""char_end"":778,""char_start"":0,""chunk_id"":""1e6b7eacca5bb9c302bdd04bd652aab2c9a498908087d9da762872034cd5f76f"",""document_id"":""techqa-doc:corpus/swg21620606.txt"",""filename"":""swg21620606.txt"",""rank"":2,""text"":""Title: IBM Portal 8 installation fails with error CRIMA1076E and missing setupCmdLine - United States Text: CRIMA1076E; setupCmdLine.sh; setupCmdLine.bat; installProfileTemplates.sh; installProfileTemplates.bat TECHNOTE (TROUBLESHOOTING) PROBLEM When installing WebSphere Portal v8 silently, the installation fails when executing the installProfileTemplates script. SYMPTOM In the IBM Installation Manager logs, you see the following error: ========================== ERROR CRIMA1076E 04:27.03 Error executing the /opt/IBM/WebSphere/PortalServer/profileTemplates/installPortalTemplates.sh command: status=99. For more information, see the agent log file: /var/ibm/InstallationManager/logs/native/20121211_0935a.log The installation operation failed due to an error executing the""},{""char_end"":1830,""char_start"":911,""chunk_id"":""3aea8f0c107020ce7a5449addc6382844e61ab6a32c29a330ea6fadfa15f33d7"",""document_id"":""techqa-doc:corpus/swg21635341.txt"",""filename"":""swg21635341.txt"",""rank"":3,""text"":""WebSphere Portal Server version 8.0.0.0 be previously installed. You must first install the base release and then update it with the Cumulative Fix. You cannot install them at the same time. 50 ERROR 00:03.15 The required version 8.0.0.5 or later of WebSphere Application Server has not been detected on this system. Select the WebSphere Application Server Package to install WebSphere Application Server and WebSphere Portal. 51 INFO 00:03.21 Stopping Installation Manager. 52 INFO 00:03.28 No log properties file found in: /home/wasadmin/var/ibm/InstallationManager/logs CAUSE The issue is caused by Portal files that are not correctly removed from the AppServer folder structure when Portal is uninstalled. ENVIRONMENT Portal 8.0.0.x and WAS 8.0.0.x RESOLVING THE PROBLEM Navigate to the AppServer folder and remove the following files (they are regenerated with a reinstall of Portal): lib/ext/commons-codec-1.3.jar""},{""char_end"":1119,""char_start"":0,""chunk_id"":""a73f652e4c6681dc614da7a5ed9fc7cc22808d93abd24ebcfe3cb2a4f2f1e827"",""document_id"":""techqa-doc:corpus/swg21635341.txt"",""filename"":""swg21635341.txt"",""rank"":4,""text"":""Title: IBM Portal 8 installation unable to detect the WebSphere Application Server - United States Text: portal reinstall fails; install into existing WAS fails TECHNOTE (TROUBLESHOOTING) PROBLEM The IBM Installation Manager is unable to detect that a WebSphere Application Server exists when attempting to install Portal. SYMPTOM This issue seems to manifest when an existing Portal has been uninstalled and WebSphere Application Server is not uninstalled. When Portal install is attempted again, but this time to install into the existing WebSphere Application Server then Installation Manager will throw an excecption that notes that it is unable to detect WebSphere Application Server on the system We have also seen an issue where the install fails indicating the version of WAS detected is insufficient and we see an exception like this in IIM logs: 49 INFO 00:03.14 This Cumulative Fix requires that IBM WebSphere Portal Server version 8.0.0.0 be previously installed. You must first install the base release and then update it with the Cumulative Fix. You cannot install them at the same time. 50 ERROR 00:03.15""},{""char_end"":2498,""char_start"":1668,""chunk_id"":""b08f4042dcb1431e9750edb3e9a17abc8df34ffc09a1a2db2b51235dc91b2f6f"",""document_id"":""techqa-doc:corpus/swg21701478.txt"",""filename"":""swg21701478.txt"",""rank"":5,""text"":""> <key>A problem occurred during the execution of the {0} file. ERROR: Error executing the work flow. Step 'Basic Config' FAILED!. Check the logs for additional error messages. [/opt/wps85/scm/PortalServer/installer/wp.config/wizard/repository/repos itory_actions.xml:622] A package has an issue that cannot be resolved by Installation Manager. Identify the package that has the issue by looking at the installation history. In Installation Manager, click File &gt; Installation History. In console mode, enter S: View Installation History. Contact IBM customer support.</key> <arg>/opt/wps85/scm/PortalServer/installer/wp.config/wizard/repository/r epository_actions.xml</arg> </message> </entry> </log> CAUSE In this case, the problem was caused by the fact that the first Portal install was still running when the second Portal""},{""char_end"":3632,""char_start"":3092,""chunk_id"":""8ec41ef1d85fd51665c7f15ee4b30eb01659a8346dc33729c811f10fab118ae2"",""document_id"":""techqa-doc:corpus/swg21632217.txt"",""filename"":""swg21632217.txt"",""rank"":6,""text"":""PortalServer/installer/wp.update/config/includes/cumulative_fix.xml:53: The following error occurred while executing this line: /opt/IBM/WebSphere/ConfigEngine/config/includes/apply_PTF.xml:49: /opt/IBM/WebSphere/ConfigEngine/config/includes/apply_PTF.xml:49: Java returned: 105 Total time: 1 minute 50 seconds ======================================== In Installation Manager native logs, you may see the following error if an incorrect Dmgr profile name is passed in: ======================================== check-if-ok-to-start-dmgr: iim""},{""char_end"":758,""char_start"":0,""chunk_id"":""ee505a9076a9c1b976b504ef992473cad5fc124d526a106d0d0232b6481e423c"",""document_id"":""techqa-doc:corpus/swg21613065.txt"",""filename"":""swg21613065.txt"",""rank"":7,""text"":""Title: IBM Portal 8 silent install fails with CRIMA1076E on Windows if path uses standard \"" \\ \"" delimiter - United States Text: Portal 8 silent install fail Windows / \\ CRIMA1076E manageprofiles TECHNOTE (TROUBLESHOOTING) PROBLEM After manually editing a Portal 8 response file, the installation may fail on Windows if the path in certain properties are set using the standard \"" \\ \"" delimiter. SYMPTOM Installation Manager logs and the console output will report an error similar to this: ======================================== 196 ERROR CRIMA1076E 28:33.29 Error executing \""C:\\IBM\\WebSphere\\AppServer\\bin\\manageprofiles.bat\"" operation (status=1). See agent output log for more information: C:\\ProgramData\\IBM\\Installation Manager\\logs\\native\\20120925_1317""},{""char_end"":1485,""char_start"":736,""chunk_id"":""55a1c0c31a9a2ff773cc0f34836daac15373822a95e0c606b4642b7af7e74033"",""document_id"":""techqa-doc:corpus/swg1PM98876.txt"",""filename"":""swg1PM98876.txt"",""rank"":8,""text"":""* During the CF installation Portal starts the node manager and the Portal server on the node. When the node manager starts the server on its own then this clashes with the server start by the install process. This results in the install to fail. . PROBLEM CONCLUSION * A code fix for this issue is integrated into the WebSphere Portal & WCM Combined Cumulative Fix 09 (PM98649 [http://www-01.ibm.com/support/docview.wss?uid=swg1PM98649]) for Portal 8.0.0.1 available from Fix Central: http://www-933.ibm.com/support/fixcentral/swg/selectFixes?parent =ibm/WebSphere&product=ibm/WebSphere/WebSphere+Portal&release=Al [http://www-933.ibm.com/support/fixcentral/swg/selectFixes?parent=ibm/WebSphere&product=ibm/WebSphere/WebSphere+Portal&release=Al] l&""},{""char_end"":771,""char_start"":0,""chunk_id"":""5fb2f9e4fb9983c21fe44a7b70eabb18ad095eacd401fb7140f5518dc450f4c0"",""document_id"":""techqa-doc:corpus/swg21644066.txt"",""filename"":""swg21644066.txt"",""rank"":9,""text"":""Title: IBM Portal v8 fix installation fails with CRIMA1077E error for ConfigEngine - United States Text: CRIMA1077E; ConfigEngine; ConfigEngine.sh; not found; silent; response file; user.wp.profile.update.required; com.ibm.websphere.PORTAL.SERVER.v80 TECHNOTE (TROUBLESHOOTING) PROBLEM When silently installing a Portal v8 fix on a system that was originally installed as a \""binary\"" Portal, the installation fails with CRIMA1077E error for ConfigEngine SYMPTOM The following error is seen in the console output, and in the IIM logs: ERROR CRIMA1077E 00:10.54 File \""/ConfigEngine.sh\"" not found. CAUSE The response file has an incorrect property in it: <data key='user.wp.profile.update.required,com.ibm.websphere.PORTAL.SERVER.v80' value='true'/> For a binary installation""},{""char_end"":740,""char_start"":0,""chunk_id"":""9ccb6ff50c5df547df998e7ef385f1c8457cc5d0d87fa066fd4b4aeae3917000"",""document_id"":""techqa-doc:corpus/swg21605712.txt"",""filename"":""swg21605712.txt"",""rank"":10,""text"":""Title: IBM Portal 8 Express install fails during execution of script, restorewpx.bat - United States Text: Portal Express 8 media download TECHNOTE (TROUBLESHOOTING) PROBLEM Portal 8 Express install fails during execution of script, restorewpx.bat SYMPTOM The following error is noticed. 26986 INFO 34:09.82 Error occurred in phase: post-install configure SU: com.ibm.websphere.portal.dbrestore 8.0.0.0 IU: db2restore_win null->999.999.999.-1708174695 Message: Error executing \""C:\\IBM\\WebSphere\\PortalServer\\installer\\wp.iim\\restorewpx.bat\"" operation (status=4). See agent output log for more information: C:\\ProgramData\\IBM\\Installation Manager\\logs\\native\\20120619_1343.log 26987 INFO 34:09.82 Elapsed time 12:01.13 for: Performing \""post-""}]",phase03-sufficiency-annotation-v1,f2fe3f7f29b834d78fd7c79bf4d4a94faee43c658d89c48e386854123066802b,human_annotator_1,insufficient,Chunks cover other CRIMA1076E/1077E install failures and generic IIM guidance for the CRIMA1217E error; the reference fix (stop all WebSphere processes and reinstall) is absent.,2026-08-25T03:16:00+05:30
phase03-annotation-blinded-v1,2ee352f80e22db95e90060bf04567038af342693f13b25050ccae6a517fcb51b,125,TRAIN_Q390,validation,hybrid,1,"Netcool/Impact (all versions): DataType incorrect on Secondary



The DataType is not being correctly replicated across the ImpactServer Cluster. The .type file of the Secondary ImpactServer configuration is truncated with the error message:

Error 500: Mark invalid",answerable_with_reference,"""a new property is added to increase the file size limit:



 * 


Add the property to $NCHOME/impact/etc/<SERVERNAME>_server.props file 
where size limit can be 8192, 16384, 32768, etc.. "" 

The property would have to be added to all ImpactServers in the Cluster and would require a restart to enable - ensuring that the ImpactServer started as Primary had the correct, uncorrupted .type file to be replicated across the Cluster. Also ensure that there are no trailing white-space characters on the property as these invalidate properties in lower versions of Impact.","[{""char_end"":884,""char_start"":0,""chunk_id"":""0a209bacd0adcd66071dc7ec0313ac3b617bd3ccfe66577f0f54ed59fa7b1291"",""document_id"":""techqa-doc:corpus/swg21598417.txt"",""filename"":""swg21598417.txt"",""rank"":1,""text"":""Title: IBM DataType incorrect on Secondary - United States Text: netcool; impact; netcool/impact; nci; data; type; datatype; .type; replication; cluster; sync; error; 500; mark; invalid TECHNOTE (TROUBLESHOOTING) PROBLEM(ABSTRACT) The DataType is not being correctly replicated across the ImpactServer Cluster SYMPTOM The .type file of the Secondary ImpactServer configuration is truncated with the error message: * * CAUSE APAR \""IZ81446: IMPACT 511 CLUSTER UNABLE TO REPLICATE DATATYPES WITH USERPARMETERS VALUES IN EXCESS OF 16,000 CHARACTERS.\"" [link below] RESOLVING THE PROBLEM Additional comments associated with APAR IZ81446 release notes: \""a new property is added to increase the file size limit: * Add the property to $NCHOME/impact/etc/<SERVERNAME>_server.props file where size limit can be 8192, 16384, 32768, etc.. \"" The property would have to be added to all ImpactServers""}]",phase03-sufficiency-annotation-v1,f2fe3f7f29b834d78fd7c79bf4d4a94faee43c658d89c48e386854123066802b,human_annotator_1,sufficient,Single chunk contains the reference fix verbatim: add the size-limit property to <SERVERNAME>_server.props (8192/16384/32768) on all ImpactServers.,2026-08-25T03:17:00+05:30
phase03-annotation-blinded-v1,144e7665c50512a9423d04951919fb0e29515c35b3968bb6119f123f58b74ee8,126,TRAIN_Q299,validation,bm25,5,"Installing fixpacks with Installation Manager - when did it change from using updateInstaller,  starting in which version of WebSphere

I was using updateInstaller to install fixpacks, and there was a separate fixpack for WebSphere and separate for the JDK, independent of each other. Now I understand that with Installation Manager there is a single package containing both the WebSphere App server fixpack as well as the JDK. When did this occur, starting with which version of WebSphere ? ",answerable_with_reference,"Starting with V8.0 and applicable to all subsequent releases and fixpacks, there is one install package that contains updates for both WebSphere Application Server and Java SDK. Applying fixpacks of WebSphere Application Server also upgrades the SDK that is packaged and bundled within the fixpack. Additionally, separate Java SDK fixpacks are also available that contain just the SDK updates which can be applied to upgrade the SDK.","[{""char_end"":1837,""char_start"":841,""chunk_id"":""4fd5d33eb0c468308c53e2593b03fe997072ecce33ce8dc83c8311dd2f9bd615"",""document_id"":""techqa-doc:corpus/swg21427178.txt"",""filename"":""swg21427178.txt"",""rank"":1,""text"":""file. An install of this fixpack upgrades both Webphere and JDK. 2. For WebSphere Application Server V7 and below the fixes are maintained separately. The maintenance of WebSphere Application Server consists of two separate updates: 1. WebSphere Application Server 2. JDK * * * * * * * * * How do I keep up-to-date with the JDK? For WebSphere Application Server V8 and higher both JDK and WebSphere Application Server updates are part of a single bundle. Thus latest fixpack of WebSphere Application Server will also update your JDK to the latest. See link below for latest available fixpack. For WebSphere Application Server version V7 and below you should down load the latest JDK fix pack and install it using IBM WebSphere's UpdateInstaller - just like an install of WebSphere Application Server fix pack update. The link to the latest available JDK is under \""Java SDK fix pack download page\"" in the latest WebSphere fixpacks. The following link provides latest WebSphere fixpacks: http://www""},{""char_end"":1073,""char_start"":0,""chunk_id"":""bd2e000aa6f3068ff09907d995d461fec1153e528cb7788f2dcde1414a244a2f"",""document_id"":""techqa-doc:corpus/swg21427178.txt"",""filename"":""swg21427178.txt"",""rank"":2,""text"":""Title: IBM JDK fixes for WebSphere Application Server - United States Text: wsas was TECHNOTE (FAQ) QUESTION What is the process to obtain JDK fixes for WebSphere Application Server? CAUSE WebSphere Application Server uses an JDK(Java Development Toolkit) as its base component. The quickest resolution to many problems is achieved by upgrading and maintaining the JDK component with the latest fixes. ANSWER A JDK(Java Development Toolkit) is a base component of WebSphere Application Server that is installed automatically when WebSphere Application Server is first installed. WebSphere Application Server depends on the JDK and as such they are inseparable. It is important to note the following: 1. For WebSphere Application Server V8 and above, the fixpacks contain both WebSphere and JDK fixes combined as part of a single install zip file. An install of this fixpack upgrades both Webphere and JDK. 2. For WebSphere Application Server V7 and below the fixes are maintained separately. The maintenance of WebSphere Application Server consists of two separate updates:""},{""char_end"":1213,""char_start"":641,""chunk_id"":""2d980b9af2f9f353b129bfde1da6308ce09600330c2d8da6fd27563d3a3b8cc5"",""document_id"":""techqa-doc:corpus/swg1PK20640.txt"",""filename"":""swg1PK20640.txt"",""rank"":3,""text"":""and it once again fails the prereq check. If instead of hitting back I quit and restart the UPDI and install the WAS 6.027 FP first and then relaunch and install the WPS 6.011 FP everything works fine. LOCAL FIX PROBLEM SUMMARY * **************************************************************** * USERS AFFECTED: Othe IBM products who are using the * * UpdateInstaller version 6.0.2.x to install * * fixpacks for their products, and the fixpack * * requires a specific level of WebSphere * * Application Server to be installed. * ******************************************""},{""char_end"":2197,""char_start"":1178,""chunk_id"":""28d15512b8656403c0c506a4bc602aa8080f34c23c0f502530c99c8077532253"",""document_id"":""techqa-doc:corpus/swg21403873.txt"",""filename"":""swg21403873.txt"",""rank"":4,""text"":""when used with the JDK of Rational Application Developer. DIAGNOSING THE PROBLEM In the V7.0.0.9 and V7.5.3 Rational Application Developer fixpack releases a new preference (Window> Preferences > Java EE > WebSphere Application Server > Always run RMIC in a separate process) was introduced. This preference will cause the RMIC process to always use the JDK of the targeted WebSphere Application Server. RESOLVING THE PROBLEM There are multiple solutions to resolving this problem: 1. For Rational Application Developer V7.0.0.9 and 7.5.3 or newer, the preference Always run RMIC in a separate process may resolve the issue. 2. For Rational Application Developer version 6.0.x, contact IBM support for a test fix. 3. If there is a dependent JAR file that contains the JavaTM source files which are newer than the corresponding .class files, the \""Could not load class\"" errors may still occur even with the preference Always run RMIC in a separate process. In that case, update the WebSphere Application Server JDK to the""},{""char_end"":5336,""char_start"":4329,""chunk_id"":""d71e0e3b21615cea7b1cc9a06e50a7ab5d3d0f1e35333c67226df3d1d988b155"",""document_id"":""techqa-doc:corpus/swg27024037.txt"",""filename"":""swg27024037.txt"",""rank"":5,""text"":""of WAS V6.1 and V7.0. Is there any migration script we can run or migration path we can follow if we decide to move to WAS V8? 53:38 Using Installation Manager can we record a custom WebSphere response file from the command line without using the graphical interface? 57:35 Can the Installation Manager be used on profiles as well? 59:38 We currently have WAS V7.0 with several Fixpacks on it. Our process of installation is very automated with scripts. We also customize our profiles with Jypthon and other scripts. Will my old scripts continue to work after migrating to WAS V8? 62:26 Is there a way we can add an existing JVM to a new cluster group? 64:30 Is it possible to migrate a profile from one cluster group to another cluster group? 66:19 When installing WebSphere plug-ins I've noticed that the default location is now different than the default location in the previous version, which was in the web server directory. Is there any reason why the default location has changed, and is there a way""}]",phase03-sufficiency-annotation-v1,f2fe3f7f29b834d78fd7c79bf4d4a94faee43c658d89c48e386854123066802b,human_annotator_1,sufficient,swg21427178 chunks state the reference answer: from WAS V8 the fixpack bundles WebSphere and JDK updates; V7 and below use separate JDK fixpacks via UpdateInstaller.,2026-08-25T03:18:00+05:30
phase03-annotation-blinded-v1,69eeb80d454e38ee651e30a60193a0f6d3d80ebe00169a76ff3e9b71086dd978,127,TRAIN_Q258,validation,bm25,5,"Hide a page in dotedit step

 I am working on datacap 8.1 version. I have 2 pages in a batch. Page 1 with status as 1, Page 2 with status as 20. Both are of same page type. In verification step (dotedit) I want to hide the page which is with status 20. I have given status 20 in ignored page status in web administrator for verify. But still when I navigate through pages in dotedit batch view the respective panel is loading. I am able to submit the batch even if I have one page in a batch with 20 as status.

Is there any way to hide the page (we have multiple same type of pages in a batch) from dotedit based on the page status?",answerable_with_reference,"The DeleteChildType from the Validations library can be used by running it from the parent of the object to be deleted and specifying the specific child. 

For example, to remove blank pages from a batch: 

 1. Create a special page type attached at the batch level called something like DeleteMe. 
 2. Use an action like BlankPagesIDBySize to identify the blank page:  * BlankPagesIDBySize (1000,DeleteMe)
    
    
 3. Create a rule with the action DeleteChildType(DeleteMe) and attach it at the batch level to have it remove all pages with page type DeleteMe.


If building a custom action, the DeleteChild API method is invoked from the parent object.","[{""char_end"":1482,""char_start"":645,""chunk_id"":""cc701b2531bd2f73098534c18ca1e789af8bc7126558ee61513fbc4aab83eab8"",""document_id"":""techqa-doc:corpus/swg1IO22832.txt"",""filename"":""swg1IO22832.txt"",""rank"":1,""text"":""2-Datacap-WIN-FP002&source=SAR] APAR STATUS * CLOSED AS PROGRAM ERROR. ERROR DESCRIPTION * 1. Desktop / FixUp task - Right-Click and select \""DELETE document\"" in batch view and notice it does not delete document/image - Incongruous feature In DotEdit, (or Verify mode in Desktop) you mark the page for deletion and the page's status is changed to reflect that. The right click menu does not belong in the batchview when in scan/fixup panels are up in Desktop.. 2. Datacap Desktop does not show page sequence.- Unavailable feature In 8.1 you can specify PageType or Sequence for DotScan, but not in DotEdit. 3. Not able to use CTRL to highlight multiple documents and pages in DC Desktop 9.0.- Unavailable feature In Dotscan you can use CTRL button to select multiple documents and pages LOCAL FIX PROBLEM SUMMARY * ***********************""},{""char_end"":941,""char_start"":0,""chunk_id"":""ac3db65268b2560e1199e4656a406aab24dd98e24112ab57fccfc8f388742e5a"",""document_id"":""techqa-doc:corpus/swg21659926.txt"",""filename"":""swg21659926.txt"",""rank"":2,""text"":""Title: IBM Custom DotEdit verification panels behave differently after applying IBM Datacap Taskmaster Capture 8.1.0 fixpack 2 - United States Text: fp2; doteditpanels; fix pack; upgrade TECHNOTE (TROUBLESHOOTING) PROBLEM(ABSTRACT) After applying fixpack 2 (fp2) for Datacap 8.1.0, controls on custom DotEdit panels are not reset like they were in previous versions and code in the form_load event is not executing. CAUSE Prior to fixpack 2, whenever navigating to a new page in Verify, the verification form was unloaded and then reloaded completely. This caused some memory problems and DotEdit crashes in cases where many page types existed. As a result of the fix for APAR IO19832, when navigating between pages if the page type is the same or both pages use the same DotEdit panel, the form will not be unloaded. Instead, only the text property of the controls will be updated with data from the new page. So, if any other properties of""},{""char_end"":1520,""char_start"":592,""chunk_id"":""666e9e95f6f919d51ebfbb4c68d2d8b2f440292a5c04bd31fe7ecbf9b0b9ee10"",""document_id"":""techqa-doc:corpus/swg1IY44760.txt"",""filename"":""swg1IY44760.txt"",""rank"":3,""text"":""to be a way to trace the pkmslogout form. . Also, customer is having the same issue for pkmspasswd: . The portal page is going to be our intranet page and we do not want the end users seeing any of the \""ugly\"" WebSeal screens. We have a couple ways of resolving this. . One is that we simply \""pretty\"" up the html pages provided with WebSeal. But this still requires us to use those html pages, meaning they will look distinct from the rest of the portal even if we try to make them look similar. . Two is that we use the WebSeal commands within the portal architecture. (I am about to get technical) I have a login portlet that simply displays login.jsp as its view. In this page, I get a parameter from the request object called \""status\"". This parameter tells me what part of the process I am dealing with. For example, when the portlet loads on the unauthenticated portal page, the \""status\"" is null and therefore the page loads""},{""char_end"":3181,""char_start"":2218,""chunk_id"":""a4975401b7ed63f138e491c0a7d18beea5db67dc94fb04c33a432a51851bb91c"",""document_id"":""techqa-doc:corpus/swg27050692.txt"",""filename"":""swg27050692.txt"",""rank"":4,""text"":""page up in the batch structure Ctrl + . Move the page down in the batch structure Ctrl + 1 Submit Ctrl + 2 Hold Ctrl + 5 Go to the previous page in the batch structure Ctrl + 6 Go to the next page in the batch structure Ctrl + 7 Go to the previous error page in the batch structure Ctrl + 8 Go to the next error page in the batch structure Ctrl + 9 Show and switch the super variable in the image viewer title Ctrl + F1 Expand or collapse the node to show or hide the child node in a batch structure Ctrl + F2 Copy a page into the current document Ctrl + F3 Split the document in the batch structure Ctrl + F8 Join all documents with the first document Ctrl + F9 Check the integrity of the batch structure Ctrl + I Mark the page for rescan Ctrl + Q Mark the page or document status to Deleted or Problem Ctrl + V Mark the page or document for review Ctrl + Y Join the current document to the previous document Table 5: Keyboard shortcuts for the Datacap Navigator""},{""char_end"":874,""char_start"":0,""chunk_id"":""5e51a573882fca86a73a851ed61720026b436f48391c7a3d1ee31221e6ec443f"",""document_id"":""techqa-doc:corpus/swg21684970.txt"",""filename"":""swg21684970.txt"",""rank"":5,""text"":""Title: IBM How to use the DotEdit Review, Rescan, and Delete buttons in IBM Datacap Taskmaster Capture - United States Text: DotEdit; DotScan; dotscanfixup; review; rescan; delete; dotedit TECHNOTE (FAQ) QUESTION In DotEdit, how do I use the Review, Rescan, and Delete buttons in IBM Datacap Taskmaster Capture? CAUSE DotEdit does not manage page Review, Rescan, or Delete. It sets the status to 79, 70, and 74 respectively. Additional configuration is needed in an application to add functionality for these buttons. ANSWER For Review and Rescan, configure the job to route the batch to a Fixup task where an operator can perform the desired functions. After adding the task in Taskmaster Web Administrator, configure it as follows: 1. In the settings, copy the dotscanfixup.exe.set.xml from the \\Datacap\\ProgramSet folder to the dco folder of the application. Rename it as""}]",phase03-sufficiency-annotation-v1,f2fe3f7f29b834d78fd7c79bf4d4a94faee43c658d89c48e386854123066802b,human_annotator_1,insufficient,"Chunks cover DotEdit panel behaviour, shortcuts, and delete-button status codes; the reference DeleteChildType approach for hiding/removing pages is absent.",2026-08-25T03:19:00+05:30
phase03-annotation-blinded-v1,7406d79cf0e3232c9d5f4e68164d269667998f28c40b3bf82c4f45b38eb1b2d7,128,TRAIN_Q101,train,dense,1,"Installed an STAP on a DB Server but it does not show up on my Appliance in S-TAP Control etc



Installed an STAP on a DB Server but it does not show up on my Appliance in S-TAP Control etc

I get the following messages in the logs:-

/tmp/guard_stap.stderr.txt on the DB Server :- ""Server wasn't heard from for nn sec during this attempt nnn sec total), closing and re-opening""

and from the Guardium Appliance - via fileserver in the /log/opt-ibm-guardium-log/snif/snif.log ""Unauthorized client connecting from ,rejecting""",answerable_with_reference,Uncheck the Approval box and the S-TAPs should start connecting .,"[{""char_end"":777,""char_start"":0,""chunk_id"":""f68b173727cfed9c7d69747917bdc16866ba3faee6834d1459d8d0d711ae4c4d"",""document_id"":""techqa-doc:corpus/swg22009818.txt"",""filename"":""swg22009818.txt"",""rank"":1,""text"":""Title: IBM Guardium STAP does not connect properly and does not show in the S-TAP Control - I see some specific errors in some log files. - United States Text: TECHNOTE (FAQ) QUESTION What can cause an STAP to fail to connect properly - I get the following messages in the logs:- /tmp/guard_stap.stderr.txt on the DB Server :- \""Server <ip_addr> wasn't heard from for nn sec during this attempt (nnn sec total), closing and re-opening\"" and from the Guardium Appliance - via fileserver in the /log/opt-ibm-guardium-log/snif/snif.log \""Unauthorized client connecting from <ip_addr> ,rejecting\"" CAUSE One reason for these errors could be that the S-TAP Approval Needed is checked in the S-TAP Certification screen on the Appliance like this :- [/support/docview.wss?uid=swg22009818&""}]",phase03-sufficiency-annotation-v1,f2fe3f7f29b834d78fd7c79bf4d4a94faee43c658d89c48e386854123066802b,human_annotator_1,sufficient,"Single chunk identifies the cause as the S-TAP Approval Needed checkbox on the certification screen, from which the reference fix (uncheck it) follows directly.",2026-08-25T03:20:00+05:30
phase03-annotation-blinded-v1,650992cfed4694e19c3c1d8c5a0b24ce655ef3a9ac362cf539b9112e0b935e92,129,DEV_Q202,validation,bm25,3,"Why is installation manager cores when try to install netcool using GUI mode in AIX 7.1?

IBM Installation Manager Cores when running in GUI mode on AIX 7.1 ",answerable_with_reference,"To use the GUI, the gtk+ RPM and dependencies must be available on AIX. 


Install this set of RPMs on AIX:","[{""char_end"":873,""char_start"":0,""chunk_id"":""b2df741aeeb0c2492ebd2760998b740aa772e5b9fc6b4be22512df7f16a991af"",""document_id"":""techqa-doc:corpus/swg21499198.txt"",""filename"":""swg21499198.txt"",""rank"":1,""text"":""Title: IBM Installation procedure for Tivoli Directory Server V6.2 - AIX 7.1 / AIX 6.1 on Power 7 processor based system. - United States Text: TDS 6.2; V6.2; Tivoli Directory Server; AIX 7.1; AIX; 7.1; install; installshield; GUI install; install crash; install core; install error; java core; install java core; install java crash; install java dump TECHNOTE (FAQ) QUESTION How to install Tivoli Directory Server V6.2 and its components on AIX 7.1 / AIX 6.1 (Power 7 processor based system) CAUSE Installation of Tivoli Directory Server V6.2 on AIX 7.1 / AIX 6.1 (Power 7 processor based system) using the InstallShield GUI is not supported. The java used by the InstallShield GUI is an older version and is not supported on AIX 7.1 / AIX 6.1 (Power 7 processor based system). If the InstallShield GUI install is attempted it will end abruptly and generate java core file""},{""char_end"":937,""char_start"":0,""chunk_id"":""347e84e868e73482e94cefbab1ca342f33189fb3b10f4ac8055d83804b26927f"",""document_id"":""techqa-doc:corpus/swg21438776.txt"",""filename"":""swg21438776.txt"",""rank"":2,""text"":""Title: IBM Issues starting or running IBM Installation Manager - United States Text: RN1.5.2; RN1.5.1; RN1.5; RN1.4.4; RN1.4.3; RN1.4.2; RN1.4.1; RN1.4; RN1.3.4; RN1.3.3; RN1.3.2 TECHNOTE (FAQ) QUESTION What are some of the known issues that occur when running IBM Installation Manager on different operating systems? ANSWER The following table lists issue that are related to operating system configurations. These issues can cause Installation Manager to crash in GUI mode or to not start. For some issues, however, there is no information provided when Installation Manager fails to run. OS Issue Causes and resolution AIX Installation Manager does not start correctly, and the software stops working when the splash screen displays on AIX. There is an incompatibility of the Eclipse SWT library code and the executed graphical environment on AIX systems. For details, see Startup and More info Issues with Installation Manager GUI on""},{""char_end"":7412,""char_start"":6683,""chunk_id"":""9543249a8fe68a443b3d1997a55acb94e2af8c3f7429c47272d5354eec483041"",""document_id"":""techqa-doc:corpus/swg21631478.txt"",""filename"":""swg21631478.txt"",""rank"":3,""text"":""GUI is the wizard mode of operation. You can use Installation Manager without the gtk libraries. For information on console mode, command-line mode, or silent mode; see the Installation Manager Information Center [http://pic.dhe.ibm.com/infocenter/install/v1r6/topic/com.ibm.cic.agent.ui.doc/topics/c_modes.html]. Silent mode uses a response file and command-line mode is supported by all packages. For console mode, check your product documentation to verify that the product supports console mode. RESOLVING THE PROBLEM To use the GUI, the gtk+ RPM and dependencies must be available on AIX. Install this set of RPMs on AIX: atk-1.12.3-2.aix5.2.ppc.rpm cairo-1.8.8-1.aix5.2.ppc.rpm expat-2.0.1-1.aix5.2.ppc.rpm fontconfig-2.4.2""}]",phase03-sufficiency-annotation-v1,f2fe3f7f29b834d78fd7c79bf4d4a94faee43c658d89c48e386854123066802b,human_annotator_1,sufficient,"Rank-3 chunk contains the reference answer: install the gtk+ RPM set for GUI mode, or use console/silent modes without gtk.",2026-08-25T03:21:00+05:30
phase03-annotation-blinded-v1,94faff3b0017e76033df37fa255b995af0431d461f92b01d040198e4922557e6,130,TRAIN_Q425,validation,hybrid,5,"Upgrading the feature level to 8 for a VOB and ACLs

 We have upgraded to Clearcase version 8.0.1.3  ( on Windows 2008 Server) 
How to upgrade the feature level of a single VOB from 5 to 8 ?",answerable_with_reference,"Execute the following two commands: 

 1. cleartool chflevel -replica <new feature level> replica:<replica name>@\<vob tag>
    
    
 2. cleartool chflevel -family <new feature level> vob:\<vob tag>","[{""char_end"":1485,""char_start"":694,""chunk_id"":""7f78fb44eafbcf83fa5bfd01e6a373f38c5878d99833da401783a66a0541a319"",""document_id"":""techqa-doc:corpus/swg21679439.txt"",""filename"":""swg21679439.txt"",""rank"":1,""text"":"". Some update access, however, can cause VOB corruption. Minimum client feature level offers a way for the ClearCase administrator to enforce that there is no access by back-version clients. For example, when planning a Feature Level 7 upgrade, the administrator could set \""Minimum client feature level\"" to 7, and see whether users complain. \""Minimum client feature level\"" could be set back to 6, and the users given a deadline to upgrade. As the deadline passes and upgrade date approaches, \""Minimum client feature level\"" could again be raised, ensuring that no back-version clients access the upgraded VOB. Note: The actual Feature Level of a VOB can never be lowered. RELATED INFORMATION #Changes to commands in ClearCase Version 8 [http://www.ibm.com/support/docview.wss?uid=swg21566668]""},{""char_end"":835,""char_start"":0,""chunk_id"":""14dc9bce1da76f60fcbb5359f84d1fcdf7c4e150a276796a0a83aa5f15feb713"",""document_id"":""techqa-doc:corpus/swg21567310.txt"",""filename"":""swg21567310.txt"",""rank"":2,""text"":""Title: IBM Prerequisites for enabling ClearCase 8.0 features - United States Text: CC:feature level; schema; vob schema; feature level 7; vob schema 80; chflevel; reformatvob; RATLC01124650; PK29946; FL7schema 80 TECHNOTE (FAQ) QUESTION What are the prerequisites needed to activate the new features in IBM Rational ClearCase 8.0 feature level 7? CAUSE You need to know how to properly configure your existing ClearCase environment to take advantage of the new features in ClearCase version 8.0 feature level 7 ANSWER To raise VOBs to feature level 7, it must first be upgraded to schema 80. Prerequisites for enabling 8.0 features are as follows: Synchronous Request for Mastership (SRFM) * ClearCase clients must be running 7.1.2.2 or later. * VOB requires feature level 6 * VOB server requires 7.1.2.2 or later Preserving microsecon""},{""char_end"":937,""char_start"":0,""chunk_id"":""4fa394aa613adc1d98d81b44af789c1a444a1754281c4fa40c974cd27ef85ab6"",""document_id"":""techqa-doc:corpus/swg21679439.txt"",""filename"":""swg21679439.txt"",""rank"":3,""text"":""Title: IBM VOB \""Minimum client feature level\"" - United States Text: Clearcase; Minimum Client Feature level TECHNOTE (FAQ) QUESTION What is the purpose and effect of \""Minimum client feature level\"", as set by cleartool protectvob –min_client_flevel ANSWER TechNote 1119269 [http://www-01.ibm.com/support/docview.wss?uid=swg21119269] states that, \""VOB feature levels should be raised only after all client hosts have been upgraded to the corresponding ClearCase version.\"" However, raising the VOB feature level will not cause ClearCase server processes to refuse to respond to back-version clients. Most access to ClearCase VOBs by back-version clients, including all \""read\"" access, is \""harmless\"". Some update access, however, can cause VOB corruption. Minimum client feature level offers a way for the ClearCase administrator to enforce that there is no access by back-version clients. For example, when planning a Feature Level 7 upgrade""},{""char_end"":1017,""char_start"":0,""chunk_id"":""27639e5d0cb16fe6c531e951635f4f5b70e873acd033c7a5fd9aa7a6941acb85"",""document_id"":""techqa-doc:corpus/swg27023578.txt"",""filename"":""swg27023578.txt"",""rank"":4,""text"":""Title: IBM ClearCase 8.0 VOB Schema 80 and Feature Level 7 migration strategies - United States Text: CC; whitepaper; white paper; vob schema 80 feature level 7; clearcase 8.0; features; reformatvob WHITE PAPER ABSTRACT This white paper provides you with information about IBM Rational ClearCase 8.0 migration strategies for VOB Schema 80 and Feature Level 7. CONTENT ClearCase version 8.0 introduced both a VOB Schema and Feature Level update to allow for new functionality within the release. To be able to benefit from these changes, existing ClearCase 7.x and prior VOBs will require both a database reformat and then an update to the new Feature Level. While a ClearCase version 8.0 VOB server can support both Schema 54 and Schema 80 VOBs simultaneously, careful planning must be done to minimize downtime and ensure a successful migration from Schema 54 to 80 as well as the Feature Level update. This document will provide you with the steps needed to perform a successful migration of your VOBs. ClearCase_8.""},{""char_end"":906,""char_start"":0,""chunk_id"":""7e6f8b9a8e9582176630492c24346f5e2cae9b763389fbb53b3a282ea87f88e2"",""document_id"":""techqa-doc:corpus/swg21150579.txt"",""filename"":""swg21150579.txt"",""rank"":5,""text"":""Title: IBM Raise the feature level of a single VOB without increasing the feature level for other VOBs on the server - United States Text: feature level; chflevel; unreplicated; non-replicated; base; clearcase; 1150579; feature levels; replicated VOB TECHNOTE (FAQ) QUESTION How can you increase the feature level of a single non-replicated IBM Rational ClearCase VOB without increasing the feature level for the other VOBs on the server? ANSWER Execute the following two commands: 1. cleartool chflevel -replica <new feature level> replica:<replica name>@\\<vob tag> 2. cleartool chflevel -family <new feature level> vob:\\<vob tag> Notes: * These commands are used for replicated VOB as well; however, there are special considerations that need to be taken when changing the feature level of a VOB that is replicated. Review the MultiSite Administrator's Guide under the topic of Feature levels [http://pub""}]",phase03-sufficiency-annotation-v1,f2fe3f7f29b834d78fd7c79bf4d4a94faee43c658d89c48e386854123066802b,human_annotator_1,sufficient,Rank-5 chunk contains the reference answer verbatim: the two cleartool chflevel commands.,2026-08-25T03:22:00+05:30
phase03-annotation-blinded-v1,9003e0445a93eb4c3310fb005da9e026dc38bd5b12d4f0338cf3829e920be3a1,131,TRAIN_Q404,train,bm25,3,"Why do I get ""error: The admin task reported the following: null"" if uploading a DataPower scrypt3 firmware image file WAS 8.x DataPower Appliance Manager?

How can I manage a set of DataPower appliances that shall run v7 firmware images by using WebSphere Application Server 8.x DataPower Appliance Manager?I get ""error: The admin task reported the following: null"" if uploading a DataPower scrypt3, while scrypt2 works fine.",benchmark_impossible_no_reference,,"[{""char_end"":1090,""char_start"":0,""chunk_id"":""aa40072b1898ad8b863f9d0572456bfa5d78602edaccd8a7f443960b08e4d57a"",""document_id"":""techqa-doc:corpus/swg21501194.txt"",""filename"":""swg21501194.txt"",""rank"":1,""text"":""Title: IBM Upgrading an IBM WebSphere DataPower Integration Appliance XI52 appliance to add the Application Optimization feature - United States Text: TECHNOTE (FAQ) QUESTION How do I add the Application Optimization feature to an IBM WebSphere DataPower Integration Appliance XI52 appliance? The following document provides assistance on upgrading a DataPower Integration Appliance XI52 appliance to add the Option for Application Optimization feature. ANSWER To add the Application Optimization feature: * The appliance must be a DataPower Integration Appliance XI52 appliance running firmware 4.0.0.0 or later. You purchased the feature and received a letter that contains the Controlled Access Key to download the firmware image. Part 1: Accessing the Web site that contains the firmware image. Using your IBM account and Controlled Access Key, access the Web site to download the firmware image that contains the Application Optimization feature. 1. Identify the serial number for your appliance * From the WebGUI, click Status -> System -> Version Information. * From the command line""},{""char_end"":1079,""char_start"":0,""chunk_id"":""9dc213713ab4d1fa4e8efb3b3290c0d629cc4c4d858dbb47ed3f670ae6da1b3e"",""document_id"":""techqa-doc:corpus/swg21599770.txt"",""filename"":""swg21599770.txt"",""rank"":2,""text"":""Title: IBM Upgrading an IBM WebSphere DataPower Service Gateway XG45 appliance to add the Application Optimization feature - United States Text: TECHNOTE (FAQ) QUESTION How do I add the Application Optimization feature to an IBM WebSphere DataPower Service Gateway XG45 appliance? The following document provides assistance on upgrading a DataPower Service Gateway XG45 appliance to add the Option for Application Optimization feature. ANSWER To add the Application Optimization feature: * The appliance must be a DataPower Service Gateway XG45 appliance running firmware 5.0.0.0 or later. * You purchased the feature and received a letter that contains the Controlled Access Key to download the firmware image. Part 1: Accessing the Web site that contains the firmware image. Using your IBM account and Controlled Access Key, access the Web site to download the firmware image that contains the Application Optimization feature. 1. Identify the serial number for your appliance * From the WebGUI, click Status -> System -> Version Information. * From the command line, issue the""},{""char_end"":942,""char_start"":0,""chunk_id"":""3080e1d5f3960099c3c2a5ca9e2899485c9ac0a048984626106cad85ac3df6ce"",""document_id"":""techqa-doc:corpus/swg21623144.txt"",""filename"":""swg21623144.txt"",""rank"":3,""text"":""Title: IBM Reboot of the WebSphere DataPower SOA Appliance virtual edition needed after disabling a feature - United States Text: datapower virtual edition reboot xg45 xi52 TECHNOTE (FAQ) QUESTION The virtual edition of the DataPower Appliance does not automatically reboot after booting a firmware image. Why is this? CAUSE The 'Boot Image' section can be used to boot firmware images, as well as the activation, enable, and disable tools for added features. By design, the DataPower appliance does not automatically reboot so that several tool scrypt files can be booted to the appliance before having to reboot the appliance. ANSWER The virtual DataPower appliance must be manually rebooted in order for changes in the firmware or features to be final. The appliance can be rebooted from the WebGUI by navigating to Administration > Main > System Control. The appliance can also be rebooted from the CLI using the command \""shutdown reboot\""""}]",phase03-sufficiency-annotation-v1,f2fe3f7f29b834d78fd7c79bf4d4a94faee43c658d89c48e386854123066802b,human_annotator_1,insufficient,Chunks cover adding the Application Optimization feature to appliances; nothing about the DataPower Appliance Manager scrypt3 upload error.,2026-08-25T03:23:00+05:30
phase03-annotation-blinded-v1,e4434ef18670f325dc7f5d96f008017d345da45d983973f6434b17e2aa8ce79e,132,TRAIN_Q538,train,bm25,1,"Is ITCAM Data Collector for WebSphere 7.2.0.0.14 available?

Is ITCAM Data Collector for WebSphere 7.2.0.0.14 available? ",answerable_with_reference,"7.2.0.0.14 [http://www.ibm.com/support/fixcentral/swg/quickorder?product=ibm/Tivoli/Tivoli+Composite+Application+Manager+for+Applications&release=All&platform=All&function=fixId&fixids=7.2.0.0-TIV-ITCAM_DC-IF0014&includeSupersedes=0&source=fc] March 9, 2017","[{""char_end"":1803,""char_start"":748,""chunk_id"":""2add3166d4ef59b5f8cf59fe630f0d9a597d0752eff45fa4b5fad25ed20ce300"",""document_id"":""techqa-doc:corpus/swg21975705.txt"",""filename"":""swg21975705.txt"",""rank"":1,""text"":""to exploit ARM. Use if you have custom ARM instrumentation or an older version of WebSphere Application Server that is not supported by ITCAM Data Collector for WebSphere. The ITCAM Data Collector for WebSphere is the same data collector that is packaged with ITCAM for WebSphere Applications V7.2, product code YN. The data collector gathers data for applications like ITCAM for SOA, ITCAM for WAS, and ITCAM for Transactions. The data collector ships with ITCAM for Transactions so that you do not need a separate license for ITCAM for WebSphere Applications. The data collector is packaged with ITCAM for WAS 6.x. The product name changed in V7.x to ITCAM for WAS Advanced Diagnostics, and later changed to ITCAM for WebSphere Applications. See the topic \""Tracking WebSphere Application Server\"" in the V7.4 and V7.4.0.1 Installation Guides for prerequisites, supported request types, and installation instructions. The Transaction Tracking installation media includes the ITCAM Data Collector for WebSphere. The installer for the data collector resides""}]",phase03-sufficiency-annotation-v1,f2fe3f7f29b834d78fd7c79bf4d4a94faee43c658d89c48e386854123066802b,human_annotator_1,insufficient,Single chunk describes the data collector generally; the availability and date of interim fix 7.2.0.0.14 in the reference is absent.,2026-08-25T03:24:00+05:30
phase03-annotation-blinded-v1,62efd3740222ebb64d5defd30c2a06dc33460cbfe4953a10683895257d88574f,133,TRAIN_Q398,validation,bm25,5,"Cannot create syndication pair between Virtual Portals with a different user repository than Base Portal


Steps:

I have two different user repositories one to manage my base portal and Virtual Portals. (p.e: For Base Portal I use ITDS, and for VPs I use AD) with differents admin users each.

Then I created two VPs using the AD repository, and my VPs admin user on the credential vault.

Tried to create a syndication relationship , that is failing with the error:

""Could not communicate with the target URL. Please check that the Syndicator URL details are entered correctly, and that the credential slot user exists on the target server.""",answerable_with_reference,"The Admin user has to be made visible on both base and virtual Portals if you wish to syndicate between the two.

When syndicating to Virtual Portals, the Administrator User who is listed as the Domain Admin retrieved with:
com.presence.connect.wmmcomms.UserManagementServiceImpl.getPortalAdministrator() should have access to the Virtual Portal.","[{""char_end"":892,""char_start"":0,""chunk_id"":""6dedba1cc3bb009f863dfdd14f88dc10fd1b19eac0843fe8c32d2970114b1a18"",""document_id"":""techqa-doc:corpus/swg21570363.txt"",""filename"":""swg21570363.txt"",""rank"":1,""text"":""Title: IBM Unable to setup syndication when SPNEGO is enabled - United States Text: Syndication; SPNEGO; credential vault; credential slot TECHNOTE (TROUBLESHOOTING) PROBLEM Unable to setup syndication when SPNEGO is enabled. You have SPNEGO enabled. You are trying to setup the syndication between 2 servers, but you get the following error and cannot setup syndication: \""Could not use the selected credential vault to authenticate against the target URL. Ensure the server details are entered correctly, and the credential slot user exists in the target server\"". CAUSE This happens because the host gets intercepted when SPNEGO is enabled. Following can be seen in the logs collected after enabling SPNEGO debug:- [19/09/11 18:26:41:430 CEST] 00000045 ServerCredent < com.ibm.ws.security.spnego.ServerCredentialsFactory hasServerCredentialsFor RETURN true [19/09/11 18:26:41:430 CEST] 00000""},{""char_end"":2393,""char_start"":1592,""chunk_id"":""17c4f62997127c93f6bf3d4ca51baf3c68e7fac540f67e0fe66a6cb4e2d114d7"",""document_id"":""techqa-doc:corpus/swg21681464.txt"",""filename"":""swg21681464.txt"",""rank"":2,""text"":""pl: com.ibm.portal.WpsException: EJPSG0002E: Requested Member does not exist.uid=wpsadmin,cn=users,DC=XYZ,DC=TEST [...] at com.presence.connect.wmmcomms.UserManagementServiceImpl.getPortalAdministrator(UserManagementServiceImpl.java:1678) [...] CAUSE The Admin user exists on Base Portal but not the Realm which is configured to Virtual Portal. The Administrator User who is listed as the Domain Admin retrieved with: com.presence.connect.wmmcomms.UserManagementServiceImpl.getPortalAdministrator() does not have access to the Virtual Portal. RESOLVING THE PROBLEM The Admin user has to be made visible on both base and virtual Portals if you wish to syndicate between the two. When syndicating to Virtual Portals, the Administrator User who is listed as the Domain Admin retrieved with: com.presence.""},{""char_end"":1702,""char_start"":536,""chunk_id"":""8cd8d2a32c943d18b692d5e67319b5e655ff6dd73a7b37026e78933009985960"",""document_id"":""techqa-doc:corpus/swg1PM22786.txt"",""filename"":""swg1PM22786.txt"",""rank"":3,""text"":""READS: Preparing the user populations for your virtual portals If you plan to use realms for your virtual portals, you need to configure Virtual Member Manager and the realms before creating your virtual portals. Each realm must specify the repository nodes (base entries) that belong to the user population represented by this realm. In addition to the realms that you create to define the user populations of the individual virtual portals, you must create a super realm. This super realm spans all other realms and contains all the users of those other realms; it is also known as the default realm. By default WebSphere Portal is configured with Federated Repositories as User Registry provider. By default only the super realm, or default realm, is configured. After you have configured your portal instance against your user backend repositories you can use tasks provided by the portal to configure the realms that the Virtual Member Manager provides. For the task that describes how to add a realm and modify the base entries or nodes inside that realm refer to the topics about adding realm support. TEXT SHOULD READ: Preparing the user populations for your""},{""char_end"":2613,""char_start"":1442,""chunk_id"":""939bef8aed7e5ca3ba615595ca8ff5038762cb7e067f95bb133f9afd4528fa7e"",""document_id"":""techqa-doc:corpus/swg1PM22786.txt"",""filename"":""swg1PM22786.txt"",""rank"":4,""text"":""the realms that the Virtual Member Manager provides. For the task that describes how to add a realm and modify the base entries or nodes inside that realm refer to the topics about adding realm support. TEXT SHOULD READ: Preparing the user populations for your virtual portals If you plan to use realms for your virtual portals, you need to configure Virtual Member Manager and the realms before creating your virtual portals. Each realm must specify the repository nodes (base entries) that belong to the user population represented by this realm. In addition to the realms that you create to define the user populations of the individual virtual portals, you must create a super realm. This super realm spans all other realms and contains all the users of those other realms; it is also known as the default realm. By default WebSphere Portal is configured with Federated Repositories as User Registry provider. By default only the super realm, or default realm, is configured. After you have configured your portal instance against your user backend repositories you can use tasks provided by the portal to configure the realms that the Virtual Member Manager provides""},{""char_end"":798,""char_start"":0,""chunk_id"":""2148d31bd56f5edd34ad08db06e3148d041977ae932e1a074db839d6b5e96e8a"",""document_id"":""techqa-doc:corpus/swg21681464.txt"",""filename"":""swg21681464.txt"",""rank"":5,""text"":""Title: IBM Syndicating to VP with exclusive realms does not work. - United States Text: syndication; realm; vp; admin user; getPortalAdministrator TECHNOTE (TROUBLESHOOTING) PROBLEM Syndication from base Portal to Virtual Portal with different realms does not work:- 1) Create 2 different realms with different base entries and map one realm ( with base entry e.g DC=org1,DC=test) to base Portal. 2) Create a Virtual portal and map it to another realm ( with base entry e.g DC=org2,DC=test). 3) Attempt to carry out syndication from Base Portal to Virtual Portal. 4) The syndication fails with below exception: [datetime] 0000007f PackageGenera I createIceProjectItemRemoves():: p_items length = 0 [datetime] 0000008b ResponseBL I Performing response for sender: 1abc2a07-e70a-4804-8e09-b7b897eef53""}]",phase03-sufficiency-annotation-v1,f2fe3f7f29b834d78fd7c79bf4d4a94faee43c658d89c48e386854123066802b,human_annotator_1,sufficient,Rank-2 chunk (swg21681464) contains the reference cause: the domain admin from getPortalAdministrator lacks access to the Virtual Portal realm.,2026-08-25T03:25:00+05:30
phase03-annotation-blinded-v1,9696a9fb44826d7ece73b25f3abb2529e44789920e9d2a67f42430a4630400e7,134,TRAIN_Q228,train,dense,3,"DB2 Non Reclaimable Storage .

We have tablespaces defined under DB2 9.5 that apparently are not able
to reclaim storage back to the OS, but does that mean DB2 cannot reuse
this space as well?",answerable_with_reference,"To use the reclaimable storage feature, make sure to create the DMS or automatic storage tablespaces in DB2 Version 9.7 or later.","[{""char_end"":3625,""char_start"":2619,""chunk_id"":""5200b53b25905c7cfd0a886e9d75552315855d596393d79848bbc6844ed09757"",""document_id"":""techqa-doc:corpus/swg21442682.txt"",""filename"":""swg21442682.txt"",""rank"":1,""text"":""table space, not at the file system level. However, you may notice that the \""Used Pages\"" and/or \""High Water Mark\"" for the table space has not lowered. This can be expected if DB2 is unable to free up an entire extent.. If you are running DB2 9.7, the Reclaimable storage feature was added to help you consolidate in-use extents below the high water mark and return unused extents in your table space to the system for reuse. All nontemporary automatic storage and DMS table spaces created in DB2 Version 9.7 and later provide the capability for consolidating extents below the high water mark. For table spaces created in an earlier version, you must first replace the table space with a new one created using DB2 V9.7. Using the ALTER TABLESPACE command with the REDUCE option will help with this. Here is what it does: For non-automatic storage table spaces, specifies that existing containers are to be reduced in size. The size specified is the size by which the existing container is decreased. If the""},{""char_end"":2416,""char_start"":1945,""chunk_id"":""4ef4cf51a41fa1059bc8110ffe82550f28b5ba419c1e3fc8754e7c0a0ae960bc"",""document_id"":""techqa-doc:corpus/swg21438047.txt"",""filename"":""swg21438047.txt"",""rank"":2,""text"":"", make sure to create the DMS or automatic storage tablespaces in DB2 Version 9.7 or later. Example testcase on SYSCATSPACE DMS tablespace which has reclaimable storage enabled. * * * * * Note: Tablespaces migrated from DB2 V9.1/V9.5 to V9.7 won't get upgraded directly to use the reclaimable storage feature. RELATED INFORMATION Reclaimable storage [http://publib.boulder.ibm.com/infocenter/db2luw/v9r7/index.jsp?topic=/com.ibm.db2.luw.admin.dbobj.doc/doc/c0055392.html]""},{""char_end"":3546,""char_start"":3328,""chunk_id"":""9bbba1270798c52681b8101cd1220e8c097d20146b92081fec3fd844700f46f4"",""document_id"":""techqa-doc:corpus/swg21407883.txt"",""filename"":""swg21407883.txt"",""rank"":3,""text"":""*NOTE: While the tablespaces are now able to use AUTOMATIC storage, this does not enable them for RECLAIMABLE storage. If you wish to use RECLAIMABLE storage, the tablespaces will need to be recreated in V9.7 or later.""}]",phase03-sufficiency-annotation-v1,f2fe3f7f29b834d78fd7c79bf4d4a94faee43c658d89c48e386854123066802b,human_annotator_1,sufficient,Rank-2 contains the reference answer verbatim (create tablespaces in 9.7+; migrated V9.1/V9.5 tablespaces are not upgraded) and rank-3 confirms recreation is needed.,2026-08-25T03:26:00+05:30
phase03-annotation-blinded-v1,a21da48fbb9be686eff7fb079ebcbd1e958af9b21409fbf3fc98182f3a340372,135,TRAIN_Q461,validation,dense,1,"How can I configure TIP to clear the ARGUS cache without having to do a system restart?

Argus stores it's role authorizations in memory cache, and is not cleaned out unless the TIP is restarted. The ""cacheTime"" variable in the configFile.xml configuration file controls this, which is set to -1 by default. If the number of TIP roles is high, it can cause Java OOM errors. ",answerable_with_reference,"To resolve this issue you need to configure 'cacheTime' to non -1 value. Initially we suggest setting the value to 1200000, which is 20 minutes. After the change you will have to restart the TIP server, normally server1.","[{""char_end"":3047,""char_start"":2286,""chunk_id"":""d0abd9992744a0a7fa6ad105e6e6cb63c847417fe9c30744099dd88e1a022aef"",""document_id"":""techqa-doc:corpus/swg21657452.txt"",""filename"":""swg21657452.txt"",""rank"":1,""text"":""line in the output of the Java memory analyzer below: [/support/docview.wss?uid=swg21657452&aid=1] [/support/docview.wss?uid=swg21657452&aid=1] You can also check the cacheTime variable in the <TIP_HOME>/profiles/TIPProfile/config/cells/TIPCell/commonauthz/config.xml file to confirm if it's set to \""-1\"", which means the Argus cache will not get cleaned up unless the TIP server is restarted. RESOLVING THE PROBLEM The cacheTime value in config.xml is in milliseconds. TIP is shipped with the initial value of -1, which means the Argus cache will not be cleared out unless TIP restart. To resolve this issue you need to configure 'cacheTime' to non -1 value. Initially we suggest setting the value to 1200000, which is 20 minutes. After the change you will have""}]",phase03-sufficiency-annotation-v1,f2fe3f7f29b834d78fd7c79bf4d4a94faee43c658d89c48e386854123066802b,human_annotator_1,sufficient,"Single chunk covers cacheTime in config.xml, the -1 default meaning, and the resolution to change it, matching the reference.",2026-08-25T03:27:00+05:30
phase03-annotation-blinded-v1,b70f3e326599c016095daae8f89ff2920edd544271d6beb6dababff00434da1e,136,TRAIN_Q492,validation,dense,5,"Help with Security Bulletin: Malformed client flows abend MQTT channel (CVE-2015-4943, CVE-2015-4941, CVE-2015-4942)

I need to understand details regarding Security Bulletin: Malformed client flows abend MQTT channel (CVE-2015-4943, CVE-2015-4941, CVE-2015-4942). Where can I find this information? ",answerable_with_reference,"CVEID: CVE-2015-4943 [http://cve.mitre.org/cgi-bin/cvename.cgi?name=CVE-2015-4943]
DESCRIPTION: IBM WebSphere MQ could allow a remote attacker to crash the MQXR service using a sequence of connect and disconnects which will have to be restarted.
CVSS Base Score: 5
CVSS Temporal Score: See https://exchange.xforce.ibmcloud.com/vulnerabilities/104516 [https://exchange.xforce.ibmcloud.com/vulnerabilities/104516] for the current score
CVSS Environmental Score*: Undefined
CVSS Vector: (AV:N/AC:L/Au:N/C:N/I:N/A:P)
CVEID: CVE-2015-4941 [http://cve.mitre.org/cgi-bin/cvename.cgi?name=CVE-2015-4941]
DESCRIPTION: IBM WebSphere MQ could allow a remote attacker to crash the MQXR service due to incorrect handling of abbreviated TLS handshake.
CVSS Base Score: 5
CVSS Temporal Score: See https://exchange.xforce.ibmcloud.com/vulnerabilities/104514 [https://exchange.xforce.ibmcloud.com/vulnerabilities/104514] for the current score
CVSS Environmental Score*: Undefined
CVSS Vector: (AV:N/AC:L/Au:N/C:N/I:N/A:P) 

CVEID: CVE-2015-4942 [http://cve.mitre.org/cgi-bin/cvename.cgi?name=CVE-2015-4942]
DESCRIPTION: IBM WebSphere MQ could allow a remote attacker to crash the MQXR service using a sequence of connect and disconnects which will have to be restarted.
CVSS Base Score: 5
CVSS Temporal Score: See https://exchange.xforce.ibmcloud.com/vulnerabilities/104515 [https://exchange.xforce.ibmcloud.com/vulnerabilities/104515] for the current score
CVSS Environmental Score*: Undefined
CVSS Vector: (AV:N/AC:L/Au:N/C:N/I:N/A:P)","[{""char_end"":3356,""char_start"":2913,""chunk_id"":""56a995d0f339d0170248afc7fb6f8ca67edc49dd26d563b2fee56293d08dfe24"",""document_id"":""techqa-doc:corpus/swg21977182.txt"",""filename"":""swg21977182.txt"",""rank"":1,""text"":""よりご参照ください。 Security Bulletin: Malformed client flows abend MQTT channel (CVE-2015-4943, CVE-2015-4941, CVE-2015-4942) [http://www.ibm.com/support/docview.wss?uid=swg21972012] 公開済みのフィックスパックについては、以下のサイトよりご利用いただけます。 Recommended fixes for WebSphere MQ [http://www-01.ibm.com/support/docview.wss?rs=171&uid=swg27006037] フィックス・パックの公開予定については、以下のサイトよりご確認いただけます。 WebSphere MQ planned maintenance release dates [http://www-01.ibm.com/support/docview.wss""},{""char_end"":3030,""char_start"":2503,""chunk_id"":""0f86e8326f15dec3e151ab384bef0c411eeda0830da86af2b6a315e0e863bd01"",""document_id"":""techqa-doc:corpus/swg21977182.txt"",""filename"":""swg21977182.txt"",""rank"":2,""text"":""?uid=swg21965293]を導入してください。 GET NOTIFIED ABOUT FUTURE SECURITY BULLETINS Subscribe to My Notifications [ http://www-01.ibm.com/software/support/einfo.html] to be notified of important product support alerts like this. REFERENCES Complete CVSS v2 Guide [http://www.first.org/cvss/v2/guide] On-line Calculator v2 [http://nvd.nist.gov/CVSS-v2-Calculator] 参照情報: [IBMサイト] この文書は、米国 IBM 社の資料を翻訳した参考文書です。翻訳元の文書は、以下のリンクよりご参照ください。 Security Bulletin: Malformed client flows abend MQTT channel (CVE-2015-4943, CVE-2015-4941, CVE-2015-4942)""},{""char_end"":485,""char_start"":0,""chunk_id"":""ed921f3d3d478f11da2ca6de0f0ab3b318dceced5b16eafecdd9a8feae92ba00"",""document_id"":""techqa-doc:corpus/swg21999833.txt"",""filename"":""swg21999833.txt"",""rank"":3,""text"":""Title: IBM Security Bulletin: IBM WebSphere MQ Channelのデータ変換が拒否されてしまう (CVE-2016-3013) - United States Text: SECURITY BULLETIN SUMMARY メッセージチャネルエージェント(MCA)がキューから大きなメッセージを取得してデータ変換をすると、バッファオーバーフローが起きてチャネルが異常終了する可能性があります。 最新の情報については下記の文書(英語)をご参照ください。 Security Bulletin: IBM WebSphere MQ Channel data conversion denial of service (CVE-2016-3013) http://www.ibm.com/support/docview.wss?uid=swg21998661 [http://www.ibm.com/support/docview.wss?uid=swg21998661] VULNERABILITY DETAILS CVEID: CV""},{""char_end"":736,""char_start"":0,""chunk_id"":""0a8e267bf573c260c37f2c4b0b812f4399954603176f643e0a77355715821440"",""document_id"":""techqa-doc:corpus/swg21972012.txt"",""filename"":""swg21972012.txt"",""rank"":4,""text"":""Title: IBM Security Bulletin: Malformed client flows abend MQTT channel (CVE-2015-4943, CVE-2015-4941, CVE-2015-4942) - United States Text: SECURITY BULLETIN SUMMARY A number of malformed MQTT client flows could be issued by a malicious user to cause the MQXR service to abend and require manual restart. VULNERABILITY DETAILS CVEID: CVE-2015-4943 [http://cve.mitre.org/cgi-bin/cvename.cgi?name=CVE-2015-4943] DESCRIPTION: IBM WebSphere MQ could allow a remote attacker to crash the MQXR service using a sequence of connect and disconnects which will have to be restarted. CVSS Base Score: 5 CVSS Temporal Score: See https://exchange.xforce.ibmcloud.com/vulnerabilities/104516 [https://exchange.xforce.ibmcloud.com/vulnerabilities/10451""},{""char_end"":1085,""char_start"":0,""chunk_id"":""7b34deb545d97c42c0b43ec91f6c3e7dc25ab22177b88d9c2b69fb6fb05694ea"",""document_id"":""techqa-doc:corpus/swg21688544.txt"",""filename"":""swg21688544.txt"",""rank"":5,""text"":""Title: IBM Security Bulletin: A security vulnerability has been identified in IBM WebSphere MQ and IBM WebSphere Application Server shipped with IBM Financial Transaction Manager (CVE-2014-3566) - United States Text: SECURITY BULLETIN SUMMARY IBM WebSphere MQ is shipped as a component of IBM Financial Transaction Manager. Information about a security vulnerability affecting IBM WebSphere MQ has been published in a security bulletin. IBM WebSphere Application Server is shipped as a component of IBM Financial Transaction Manager. Information about a security vulnerability affecting IBM WebSphere Application Server has been published in a security bulletin. VULNERABILITY DETAILS IBM WebSphere MQ: Please consult the security bulletin Vulnerability in SSLv3 affects IBM WebSphere MQ, IBM WebSphere MQ Internet Pass-Thru and IBM Mobile Messaging and M2M Client Pack (CVE-2014-3566) [http://www-01.ibm.com/support/docview.wss?uid=swg21687433] for vulnerability details and information about fixes. IBM WebSphere Application Server: Please consult the security bulletin Vulnerability""}]",phase03-sufficiency-annotation-v1,f2fe3f7f29b834d78fd7c79bf4d4a94faee43c658d89c48e386854123066802b,human_annotator_1,sufficient,Rank-4 is the exact bulletin (swg21972012) with the CVE-2015-4943 description from the reference.,2026-08-25T03:28:00+05:30
phase03-annotation-blinded-v1,b52f26aef4547da7ea5f2588eb796690c7969b4751f1123492531b469c08e082,137,DEV_Q295,validation,dense,10,"Why are we seeing high CPU and hung threads in WebSphere Application Server?

During the job execution in WebSphere Compute Grid we are seeing high CPU along with many hung threads reporting
WSVR0605W from BatchFileLoggerInfo.getDirectoryList method.
In Sysprint many threads are hung with this stack:
BossLog: { 0426} <time stamp> SYSTEM=CPU4 CELL=FGDCELL NODE=FGDNODE4 CLUSTER=WFGDS1 SERVER=WFGDS14 PID=0X060835 TID=0 X2ED98E0000000162 t=8897F0 c=UNK ./bbgrjtr.cpp+733 tag= ... BBOO0221W: WSVR0605W: Thread ""WebSphere WLM Dispatch Thread t=008a6b70"" (0000006a) has been active for 683953 milliseconds and may be hung.
....",benchmark_impossible_no_reference,,"[{""char_end"":4089,""char_start"":3393,""chunk_id"":""932824faf73fdf429ca9b645303cd7481d2559bfaaee9584ad0c4d81d20da24c"",""document_id"":""techqa-doc:corpus/swg1IT06660.txt"",""filename"":""swg1IT06660.txt"",""rank"":1,""text"":""Application Server hung thread detection processing. For example: BBOO0221W: WSVR0605W: Thread \""WebSphere WLM Dispatch Thread t=00ac0528\"" (00000011) has been active for 706600 milliseconds and may be hung. There is/are 1 thread(s) in total in the server that may be hung. LOCAL FIX PROBLEM SUMMARY * **************************************************************** USERS AFFECTED: This issue affects users of: - The WebSphere Application Server for z/OS V7 WebSphere MQ messaging provider. - The WebSphere Application Server for z/OS V8 WebSphere MQ messaging provider. - The WebSphere Application Server for z/OS V8.5 WebSphere MQ messaging provider. who are using an activation specification to""},{""char_end"":1094,""char_start"":0,""chunk_id"":""1c62735ee399f3dfef17e4f7361caaa9a8e53c58e587af9fd1a27f209c6ec771"",""document_id"":""techqa-doc:corpus/swg21672204.txt"",""filename"":""swg21672204.txt"",""rank"":2,""text"":""Title: IBM Identifying idle threads in thread dumps taken against WebSphere Application Server - United States Text: javacore; javacores; threaddump; native_stdout.log; idle; wait; hanging TECHNOTE (TROUBLESHOOTING) PROBLEM(ABSTRACT) When reviewing thread dumps taken against the WebSphere Application Server, there are several thread states that appear to be hanging, but are actually in an idle state. This document will explain what threads would usually be misidentified as a problem thread when actually it's idle. DIAGNOSING THE PROBLEM During high CPU, threads are likely performing operations rapidly, and as a result thread dumps taken that are correlated with the CPU utilization data will map the highest CPU usage thread to a thread that is actually in a wait/idle state. The thread dump is only capturing a single instance of all the running threads and rapidly executing operations may have completed their workload just before the javacore was taken, and new workload likely was being handled by a different thread. Sometimes a hung thread is misinterpreted in the same manner as""},{""char_end"":1657,""char_start"":772,""chunk_id"":""b3f412f4eafe167e061ac8b840e59593587df362158bc5a9a463109a38647fad"",""document_id"":""techqa-doc:corpus/swg21448581.txt"",""filename"":""swg21448581.txt"",""rank"":3,""text"":"".log file: WSVR0605W: Thread <threadname>has been active for <time>and may be hung. There are <totalthreads>in total in the server that may be hung. By setting a WebSphere custom property, the hung thread detector will automatically generate a javacore, or print a thread dump in the native_stdout.log for Solaris and HP-UX, when a WSVR0605W message is written out to the SystemOut.log file. Javacores/thread dumps are needed for determining what code is running in the potentially hung thread, if the reported hung thread is blocked by other threads, and/or if bottlenecks exist in the JVM. NOTE: Depending on the application, it might be normal for certain threads to be running for long periods of time and these could be falsely reported as hung threads. ENVIRONMENT The com.ibm.websphere.threadmonitor.dump.java property was enabled in WebSphere Application Server V6.0.2.29, 6.1.""},{""char_end"":1608,""char_start"":794,""chunk_id"":""a583482d44668bca58bdb02478cdb7ef40bbd97882205f673662419679ac4ec8"",""document_id"":""techqa-doc:corpus/swg21607485.txt"",""filename"":""swg21607485.txt"",""rank"":4,""text"":"", older versions of the product may still be vulnerable to this. To check whether you have the fix, open the $TOP/etc/default/log.xml.default file and search for the following entry: <category name=\""com.ibm.ccd.common.context.AustinContext\"" additivity=\""false\""> <priority value=\""info\""/> <appender-ref ref=\""CONTEXT\""/> </category> If you do not have the above entry, but you have periodic high CPU consumption and want to confirm that the CPU usage spike is related to the issue mentioned in this tech note, please review the SystemOut.log of your WebSphere Application Server or the javacores. You are affected if you see entries similar to the following: 00000023 ThreadMonitor W WSVR0605W: Thread \""jsp_315: /ccd_workflow/collaboration_console.jsp\"" (00000016) has been active for 607692 milliseconds and may be hung""},{""char_end"":2004,""char_start"":1377,""chunk_id"":""2f6384f8daf3af6eb374a024d25f908e63d18b05f2b81a6ee186da7e985164ce"",""document_id"":""techqa-doc:corpus/swg1PM07427.txt"",""filename"":""swg1PM07427.txt"",""rank"":5,""text"":""54.080 01 t=8C7B58 c=UNK key=P8 (13007002) ThreadId: 000000ce FunctionName: com.ibm.ws.runtime.component.ThreadMonitorImpl SourceId: com.ibm.ws.runtime.component.ThreadMonitorImpl Category: WARNING ExtendedMessage: BBOO0221W: WSVR0605W: Thread \""WebSphere:ORB.thread.pool t=008c24f8\"" (000000bb) has been active for 630958 millise conds and may be hung. There is/are 1 thread(s) in total in the server that may be hung. at com.ibm.workplace.wcm.app.ui.portlet.widget.browser.model.node.Q ueryRepositoryNode.getId(QueryRepositoryNode.java:95) A computable ID is being calculated, and is causing a deadlock in certain situations on""},{""char_end"":2551,""char_start"":1886,""chunk_id"":""5d26984c0eafeb18f754ef28d11789eeba1f171a71e7fdb40b4c3901a88803dd"",""document_id"":""techqa-doc:corpus/swg1JR27250.txt"",""filename"":""swg1JR27250.txt"",""rank"":6,""text"":""***** * RECOMMENDATION: * **************************************************************** Starting WebSphere Process Server may not complete successfully some times. The process may consume 100% of the CPU and appears to be \""hung\"". Customer may see message similar to below: [05/06/07 05:13:37:944 BST] 0000000eThreadMonitor WWSVR0605W: Thread \""server.startup : 3\"" (00000025) has been active for 617888 milliseconds and may be hung. There is/are 1 thread(s) in total in the server that may be hung. This error happens due to contention for object locks PROBLEM CONCLUSION * Apply this interim fix to resolve the deadlock problem. Also updating to WebSphere Process""},{""char_end"":1518,""char_start"":934,""chunk_id"":""62e626aa5ac4883f4b067af338d56228c052b2626d97edca51d90764af4e5c77"",""document_id"":""techqa-doc:corpus/swg1JR41989.txt"",""filename"":""swg1JR41989.txt"",""rank"":7,""text"":""***************************************** * RECOMMENDATION: * **************************************************************** The Proces Center console finds the current status of each snapshot deployed in order to show available actions. These status queries were made to deployment manager and hence the CPU usage spiked up. The server logs may show warning about hung threads. ThreadMonitor W WSVR0605W: Thread \""ORB.thread.pool : 22\"" (00000686) has been active for 661185 milliseconds and may be hung. There is/are 3 thread(s) in total in the server that may be hung. at java.lang""},{""char_end"":923,""char_start"":0,""chunk_id"":""e842d2578aef1b9a0c670adf7ac67834d54b72d8b704ec4fb0fdef0da4b037a8"",""document_id"":""techqa-doc:corpus/swg21448581.txt"",""filename"":""swg21448581.txt"",""rank"":8,""text"":""Title: IBM Configuring the WebSphere Application Server hung thread detector to automatically produce a javacore or thread dump on a WSVR0605W message - United States Text: WSVR0605W; hung thread javacore TECHNOTE (TROUBLESHOOTING) PROBLEM(ABSTRACT) The SystemOut.log contains a WSVR0605W message, also called a hung thread message. A javacore, or thread dump on Solaris and HP-UX, is needed in order to determine how to resolve the potentially hung threads. CAUSE WebSphere Application Server attempts to report potentially hung threads using the hung thread detector. Depending on how the hung thread detector policy is configured, a thread running for a certain interval (default 10 minutes) might be reported as hung and a WSVR0605W message is printed in the SystemOut.log file: WSVR0605W: Thread <threadname>has been active for <time>and may be hung. There are <totalthreads>in total in the server that may be hung. By""},{""char_end"":2968,""char_start"":2389,""chunk_id"":""32d7577ba2c2ea4b6bd30fa3af20c7048353db666df79d38e5422929ec083cc0"",""document_id"":""techqa-doc:corpus/swg1PM07427.txt"",""filename"":""swg1PM07427.txt"",""rank"":9,""text"":""p misma tch: 11/16/09 9:30 PM, 11/16/09 9:31 PM com.ibm.icm.da.portable.data.ProcessAction.processUpdateActions Trace: 2009/11/16 16:31:54.080 01 t=8C7B58 c=UNK key=P8 (13007002) ThreadId: 000000ce FunctionName: com.ibm.ws.runtime.component.ThreadMonitorImpl SourceId: com.ibm.ws.runtime.component.ThreadMonitorImpl Category: WARNING ExtendedMessage: BBOO0221W: WSVR0605W: Thread \""WebSphere:ORB.thread.pool t=008c24f8\"" (000000bb) has been active for 630958 millise conds and may be hung. There is/are 1 thread(s) in total in the server that may be hung. at com.ibm.workplace.wcm.""},{""char_end"":590,""char_start"":0,""chunk_id"":""6079dc6aa89d188d45e6e91937e10372f793d0747aaf449bfa3fd8f081e79cc3"",""document_id"":""techqa-doc:corpus/swg1PM35743.txt"",""filename"":""swg1PM35743.txt"",""rank"":10,""text"":""Title: IBM PM35743: MULTIPLE THREADS ARE RUNNING IN HASHMAP, WHICH CALLED SECURITYCONFIGIMPL.GETPROPERTYBOOL METHOD CAUSING HIGH CPU - United States Text: FIXES ARE AVAILABLE 7.0.0.19: WebSphere Application Server V7.0 Fix Pack 19 [http://www-01.ibm.com/support/docview.wss?uid=swg24030660] 8.0.0.1: WebSphere Application Server V8.0 Fix Pack 1 [http://www-01.ibm.com/support/docview.wss?uid=swg24030916] 7.0.0.21: WebSphere Application Server V7.0 Fix Pack 21 [http://www-01.ibm.com/support/docview.wss?uid=swg24031366] 8.0.0.2: WebSphere Application Server V8.0 Fix Pack 2 [http://www-01.""}]",phase03-sufficiency-annotation-v1,f2fe3f7f29b834d78fd7c79bf4d4a94faee43c658d89c48e386854123066802b,human_annotator_1,insufficient,Chunks are generic WSVR0605W/hung-thread guidance and unrelated APARs; nothing addresses the Compute Grid BatchFileLoggerInfo.getDirectoryList hang described.,2026-08-25T03:29:00+05:30
phase03-annotation-blinded-v1,c99d4e8f85de39adbe9136d86928963afdd894c7245a4b2bd98a7850869b7d23,138,TRAIN_Q235,train,bm25,3,"Cannot start Maximo/SCCD with error BMXAA4087E - The MAXMESSAGE value for group login and key username could not be retrieved.

Cannot start Maximo/SCCD with error BMXAA4087E - The MAXMESSAGE value for group login and key username could not be retrieved.",answerable_with_reference,"For IBM DB2, the value is COALESCE, and you cannot change the default value. 

For Oracle, the value is NVL, and you cannot change the default value.
For SQL Server, the value must be set to ISNULL.

Make sure MXServer is stopped. Connect to database back end and update mxe.db.format.nullvalue by running following query :- 

update maximo.maxpropvalue set propvalue='COALESCE' where propname='mxe.db.format.nullvalue'; 

Start MXServer again.","[{""char_end"":601,""char_start"":0,""chunk_id"":""8e4adb83eac1e00baa832e71d009d284167880703e2f61a370c045479762fd81"",""document_id"":""techqa-doc:corpus/swg21959714.txt"",""filename"":""swg21959714.txt"",""rank"":1,""text"":""Title: IBM Maximo fails to start with error BMXAA4087E - United States Text: TPAESCCD; Maximo; start; BMXAA4087E TECHNOTE (TROUBLESHOOTING) PROBLEM(ABSTRACT) BMXAA4087E - The MAXMESSAGE value for group login and key username could not be retrieved. SYMPTOM [ERROR] BMXAA6497E - A message for group login and key username could not be found. com.ibm.db2.jcc.c.SqlException: No authorized routine named \""ISNULL\"" of type \""FUNCTION\"" having compatible arguments was found. at com.ibm.db2.jcc.c.fg.e(fg.java:1596) at com.ibm.db2.jcc.c.fg.a(fg.java:1206) at com.ibm.db2.jcc.b.gb.g(gb.java:140) at com.ibm.db2""},{""char_end"":893,""char_start"":0,""chunk_id"":""41230a65684d6eb0d654232a1b44b9c971f77e836e061a5db67a175ea3e0e41e"",""document_id"":""techqa-doc:corpus/swg21694123.txt"",""filename"":""swg21694123.txt"",""rank"":2,""text"":""Title: IBM LOGIN TO MAXIMO 7.6.0.0 IN ADDITIONAL LANGUAGE CAUSES CORE DUMP WITH SQL SERVER DATABASE - United States Text: TPAEDATABASE; TPAEUI; maximo; asset; management; multi; language; multilanguage; additional; second; login; 500; core; dump; coredump; login; log FLASH (ALERT) ABSTRACT Maximo 7.6 with SQL Server database core dumps when a user logs in as an additional language user. Logging in with base language does not cause an issue. CONTENT Maximo 7.6 with SQL Server database core dumps when a user logs in as an additional language user. Logging in with base language does not cause an issue. User receives Error 500 - Internal server error BMXAA4087E The maxmessage value for group login and key welcome could not be retrieved. Log shows BMXAA6713E The MBO fetch operation failed in the mboset with the SQL error code 0. The record could not be retrieved from the database. com.""},{""char_end"":953,""char_start"":0,""chunk_id"":""ccc064343926c8746a57a0d04bb22c998396910b6aab30bc21876a5ee19188b8"",""document_id"":""techqa-doc:corpus/swg1IV68372.txt"",""filename"":""swg1IV68372.txt"",""rank"":3,""text"":""Title: IBM IV68372: LOGIN TO MAXIMO IN ADDITIONAL LANGUAGE CAUSES CORE DUMP WITH SQL SERVER DATABASE - United States Text: SUBSCRIBE TO THIS APAR By subscribing, you receive periodic emails alerting you to the status of the APAR, along with a link to the fix after it becomes available. You can track this item individually or track all items by product. Notify me when this APAR changes. Notify me when an APAR for this component changes. APAR STATUS * CLOSED AS PROGRAM ERROR. ERROR DESCRIPTION * Problem : Maximo 7.6 with SQL server database core dumps when a user logs in as an additional language. Logging in with base language does not cause an issue. User receives Error 500 - Internal server error BMXAA4087E The maxmessage value for group login and key welcome could not be retrieved. BMXAA6713E The MBO fetch operation failed in the mboset with the SQL error code 0. The record could not be retrieved from the database. com.microsoft.sqlserver""}]",phase03-sufficiency-annotation-v1,f2fe3f7f29b834d78fd7c79bf4d4a94faee43c658d89c48e386854123066802b,human_annotator_1,insufficient,"Rank-1 is the exact technote and shows the DB2 ISNULL SqlException cause, but the retrieved span ends before the reference fix (set mxe.db.format.nullvalue to COALESCE).",2026-08-25T03:30:00+05:30
phase03-annotation-blinded-v1,d8b43ac41b2cde08d5200bc3fe11fff3beae5d1e766b2302d53fafb18872ee6e,139,TRAIN_Q087,validation,hybrid,3,"Installation manager (IIM) fails to start on AIX, generates core file from GPF even though all GTK libs are installed.

Trying to install DASH 3.1.3 on AIX but IIM won't start and instead creates a dump file with a GPF noted. We found a technical note with a list of the required libs for IIM on AIX and we have all of the latest versions of those libs. Why is the installer failing to start? ",answerable_with_reference,"To use the GUI, the gtk+ RPM and dependencies must be available on AIX. 


Install this set of RPMs on AIX:","[{""char_end"":800,""char_start"":0,""chunk_id"":""e7a006daed7605beb522c1b629a814ac6415033c27d9bc653f4fe64ca45582f9"",""document_id"":""techqa-doc:corpus/swg21675509.txt"",""filename"":""swg21675509.txt"",""rank"":1,""text"":""Title: IBM Business Process Manager (BPM) installation fails to start on AIX 6.1 with POWER 8 - United States Text: TECHNOTE (TROUBLESHOOTING) PROBLEM(ABSTRACT) IBM Business Process Manager installation on AIX 6.1 with POWER 8 might fail to start if certain GUI libraries are not present. SYMPTOM IBM Business Process Manager Installation fails to start on AIX 6.1 with POWER 8, with the following error: JVMDUMP006I Processing dump event \""gpf\"", detail \""\"" - please wait. JVMDUMP032I JVM requested System dump using '/opt/hanminw/IM/core.20140424.011426.5308606.0001.dmp' in response to an event Note: \""Enable full CORE dump\"" in smit is set to FALSE and as a result there will be limited threading information in core file. JVMDUMP010I System dump written to /opt/hanminw/IM/core.20140424.011426.53086""},{""char_end"":6910,""char_start"":6053,""chunk_id"":""0f795c57f16d047219273f69d0a7425aac512d55de21d5182cd2e817ceaa709f"",""document_id"":""techqa-doc:corpus/swg21631478.txt"",""filename"":""swg21631478.txt"",""rank"":2,""text"":""5945.7798784.0003.trc' in response to an event JVMDUMP010I Snap dump written to /opt/IBM/InstallationManager/eclipse/Snap.YYYY0318.095945.7798784.0003.trc JVMDUMP013I Processed dump event \""gpf\"", detail \""\"". Segmentation fault (core dumped) CAUSE Installation Manager is an Eclipse Rich Client Program application based on the open source project found at http://www.eclipse.org [http://www.eclipse.org]. Eclipse changed the window system requirement from motif to gtk on UNIX operating systems. For AIX, this Eclipse window system change requires the gtk libraries to be installed to support the GUI. For Installation Manager, the GUI is the wizard mode of operation. You can use Installation Manager without the gtk libraries. For information on console mode, command-line mode, or silent mode; see the Installation Manager Information Center [http://pic.dh""},{""char_end"":1970,""char_start"":1093,""chunk_id"":""3fd21ec7c4e175991f365075a80cc0adb01638af3f446c7273635591d9952024"",""document_id"":""techqa-doc:corpus/swg21675509.txt"",""filename"":""swg21675509.txt"",""rank"":3,""text"":""20140424.011426.5308606.0003.trc' in response to an event JVMDUMP010I Snap dump written to /opt/hanminw/IM/Snap.20140424.011426.5308606.0003.trc JVMDUMP013I Processed dump event \""gpf\"", detail \""\"". Segmentation fault(coredump) CAUSE IBM Installation Manager requires GTK libraries to support the graphical user interface. If the environment does not have required library, or the library version is higher or lower than the requirement, Installation Manager fails when it is starting. RESOLVING THE PROBLEM Install the required GTK libraries according to the Required gtk libraries for Installation Manager on AIX [http://www.ibm.com/support/docview.wss?uid=swg21631478] document. Cross reference information Segment Product Component Platform Version Edition Business Integration IBM Business Process Manager Standard Installation / Configuration AIX 8.5.6, 8.5.5 PRODUCT ALIAS/""}]",phase03-sufficiency-annotation-v1,f2fe3f7f29b834d78fd7c79bf4d4a94faee43c658d89c48e386854123066802b,human_annotator_1,sufficient,Rank-2 explains the cause (Eclipse switched from motif to gtk on AIX) and rank-3 gives the resolution direction (install the required GTK libraries); the specific RPM list in the reference is truncated.,2026-08-25T03:31:00+05:30
phase03-annotation-blinded-v1,96e88a123f59a4a8c49b9aaf663efa7cab47a48a836f2b8be8867b19f49c44ca,140,TRAIN_Q047,validation,dense,1,"Help with Security Bulletin: Malicious File Download vulnerability in IBM Business Process Manager (BPM) and WebSphere Lombardi Edition (WLE) - CVE-2016-9693

Where can I find information for Security bulletin: Malicious File Download vulnerability in IBM Business Process Manager (BPM) and WebSphere Lombardi Edition (WLE) - CVE-2016-9693? ",answerable_with_reference,"CVEID:CVE-2016-9693 [http://cve.mitre.org/cgi-bin/cvename.cgi?name=CVE-2016-9693]
DESCRIPTION:IBM Business Process Manager has a file download capability that is vulnerable to a set of attacks. Ultimately, an attacker can cause an unauthenticated victim to download a malicious payload. An existing file type restriction can be bypassed so that the payload might be considered executable and cause damage on the victim's machine.
CVSS Base Score: 7.1
CVSS Temporal Score: Seehttps://exchange.xforce.ibmcloud.com/vulnerabilities/119517 [https://exchange.xforce.ibmcloud.com/vulnerabilities/119517]for the current score
CVSS Environmental Score*: Undefined
CVSS Vector: (CVSS:3.0/AV:N/AC:L/PR:N/UI:R/S:C/C:L/I:L/A:L)","[{""char_end"":934,""char_start"":0,""chunk_id"":""e261b7d057b9a318219ad05194de2539ad3cc00319593ef5aff42fceac4b58fa"",""document_id"":""techqa-doc:corpus/swg21998655.txt"",""filename"":""swg21998655.txt"",""rank"":1,""text"":""Title: IBM Security Bulletin: Malicious File Download vulnerability in IBM Business Process Manager (BPM) and WebSphere Lombardi Edition (WLE) - CVE-2016-9693 - United States Text: SECURITY BULLETIN SUMMARY A comma separated file (CSV) download feature exists in IBM BPM and WLE and is available for anonymous users. An attacker can craft a URL that can trigger a download of attacker-supplied content under an attacker-supplied file name onto the victim's machine. VULNERABILITY DETAILS CVEID:CVE-2016-9693 [http://cve.mitre.org/cgi-bin/cvename.cgi?name=CVE-2016-9693] DESCRIPTION:IBM Business Process Manager has a file download capability that is vulnerable to a set of attacks. Ultimately, an attacker can cause an unauthenticated victim to download a malicious payload. An existing file type restriction can be bypassed so that the payload might be considered executable and cause damage on the victim's machine. CVSS Base Score:""}]",phase03-sufficiency-annotation-v1,f2fe3f7f29b834d78fd7c79bf4d4a94faee43c658d89c48e386854123066802b,human_annotator_1,sufficient,Single chunk is the exact bulletin with the CVE-2016-9693 description from the reference.,2026-08-25T03:32:00+05:30
phase03-annotation-blinded-v1,fc960eabce0f0e3cb29f53897c8888ea36453430474f7d37470cd5daff701d2e,141,TRAIN_Q576,validation,hybrid,5,"JD Edwards Adapter supported in BPM 8.5.6?



Hi experts, I have a question about the support for the JD Edwards Adapter in BPM 8.5.6, because the Infocenter for BPM 8.5.6 doesn't have a detailed explanation for this adapter unlike infocenter for BPM 8.5.5, I just wondering which is the most current version of JD Edwards supported in this Adapter ?",answerable_with_reference,"Supported JD Edwards versions  * EnterpriseOne Tools 8.97, 8.98 ( JD Edwards Adapter Inbound, Outbound operations) 
 * EnterpriseOne Tools 9.1 ( JD Edwards Adapter from Version 7.5.0.2 onwards) 
 * EnterpriseOne Tools 9.1.4 ( JD Edwards Adapter from Version 7.5.0.5_IF06 onwards)","[{""char_end"":1847,""char_start"":926,""chunk_id"":""f316b8127b01ceb47df3c564f1028648f1388c1e701af8c3e4e840b7585f9498"",""document_id"":""techqa-doc:corpus/swg27021012.txt"",""filename"":""swg27021012.txt"",""rank"":1,""text"":"".97, 8.98 ( JD Edwards Adapter Inbound, Outbound operations) * EnterpriseOne Tools 9.1 ( JD Edwards Adapter from Version 7.5.0.2 onwards) * EnterpriseOne Tools 9.1.4 ( JD Edwards Adapter from Version 7.5.0.5_IF06 onwards) Note : For v9.1.4,the JDE user login password and security password should be same. Otherwise, there may be a chance of hitting the login issues while using the real time events and XML list query Note: The adapter is compatible with any version of JD Edwards EnterpriseOne that works with the supported versions of EnterpriseOne Tools. EnterpriseOne Tools 8.9 SP1, 8.9 SP2, 8.93, 8.94, 8.95, 8.96 are supported only for application design, development, and testing; there is no support for production use. Those versions are deprecated because Oracle does not support them. Supported databases All databases supported by the products listed in the Software requirements section. HARDWARE / SOFTWARE""},{""char_end"":1089,""char_start"":0,""chunk_id"":""282ab8ab82b8ec337b38229c613a4ef2f3f42cfaacd251f263bfe57ff6b20f4d"",""document_id"":""techqa-doc:corpus/swg27021012.txt"",""filename"":""swg27021012.txt"",""rank"":2,""text"":""Title: IBM WebSphere Adapter for JD Edwards, Version 7.5 system requirements - United States Text: DSRDoc; DetailedSystemRequirementsDocument PRODUCT DOCUMENTATION ABSTRACT This techdoc lists the system requirements for IBM WebSphere Adapter for JD Edwards, version 7.5. CONTENT The information provided here describes the minimum product levels you need installed before opening a problem report with the WebSphere Adapters support team. Because other products frequently ship fixes, updates, and new releases, it is not possible to test every configuration. In general, you can install and run updates to supported products if those updates are compatible with later versions. This statement does not apply to enterprise information system (EIS) product versions and their dependencies. Specific cases where this statement is not applicable are indicated where relevant. Supported JD Edwards versions * EnterpriseOne Tools 8.97, 8.98 ( JD Edwards Adapter Inbound, Outbound operations) * EnterpriseOne Tools 9.1 ( JD Edwards Adapter from Version 7.5.0.2 onwards) * EnterpriseOne Tools 9.1""},{""char_end"":1105,""char_start"":0,""chunk_id"":""2c656da4925f16a0baa7c12bd42ab77398a872aa765c39e27c98dac972c2d4c4"",""document_id"":""techqa-doc:corpus/swg27016754.txt"",""filename"":""swg27016754.txt"",""rank"":3,""text"":""Title: IBM WebSphere Adapter for JD Edwards EnterpriseOne, V7.0: software requirements - United States Text: PRODUCT DOCUMENTATION ABSTRACT This techdoc lists the software requirements for IBM WebSphere Adapter for JD Edwards EnterpriseOne, version 7.0. CONTENT The information provided here describes the minimum product levels you need installed before opening a problem report with the WebSphere Adapters support team. Because other products frequently ship fixes, updates, and new releases, it is not possible to test every configuration. In general, you can install and run updates to supported products if those updates are compatible with later versions. This statement does not apply to enterprise information system (EIS) product versions and their dependencies. Specific cases where this statement is not applicable are indicated where relevant. Supported JD Edwards versions [/support/docview.wss?uid=swg27016754&amp;aid=1] * EnterpriseOne Tools 8.97,8.98 Note: The adapter is compatible with any version of JD Edwards EnterpriseOne that works with the supported versions of EnterpriseOne Tools""},{""char_end"":1010,""char_start"":0,""chunk_id"":""42ecf1e2116eee7149ac3a0f9560dac41930ddf4e0e9301f9f660d2a062e6779"",""document_id"":""techqa-doc:corpus/swg24013710.txt"",""filename"":""swg24013710.txt"",""rank"":4,""text"":""Title: IBM Adapter for JD Edwards OneWorld, V2.0.4 Fix Pack - United States Text: DOWNLOADABLE FILES ABSTRACT The Adapter for JD Edwards OneWorld, version 2.0.3 has been updated DOWNLOAD DESCRIPTION * 83725/JR23529 The adapter did not correctly handle errors encountered during event processing. If the adapter encountered an error while processing an event, it generated an exception and returned an empty business object to the broker. In addition, the status of the event remained set to 3. Now, when an error is encountered during event processing, the adapter sets the status of the event to -1 and does not send a business object to the broker. * 83894 The adapter should work for the version of PeopleSoft EnterpriseOne/JD Edwards OneWorld 8.95 The adapter must be tested to make sure the all functionality is intact Now, Adapter enables this support. * 84824 Some sample programs did not compile. The sample programs written in C that demonstrate JDE events for V8.9 did not compile successfully on the""},{""char_end"":901,""char_start"":0,""chunk_id"":""73f00151724048e948af06ca05d7c725c70edae60a829dc34e233a48619d367f"",""document_id"":""techqa-doc:corpus/swg27024836.txt"",""filename"":""swg27024836.txt"",""rank"":5,""text"":""Title: IBM Detailed System Requirements: IBM InfoSphere Optim Data Growth and Application Retirement solutions for JD Edwards 9.1 - United States Text: DETAILED SYSTEM REQUIREMENTS ABSTRACT This techdoc summarizes the hardware, platforms, and software supported by the IBM® InfoSphere® OptimTM Data Growth and Application Retirement solutions for JD Edwards v9.1. CONTENT SUPPORTED VERSIONS OF JD EDWARDS ENTERPRISEONE The solutions for JD Edwards support the following JD Edwards EnterpriseOne versions: * JD Edwards EnterpriseOne Xe and ERP 8.0 * JD Edwards EnterpriseOne 8.10, 8.11, 8.12, 9.0, and 9.1 Version 9.1 of the Optim solutions for JD Edwards are tested and distributed with the IBM InfoSphere Optim Solution v9.1. Detailed hardware and software requirements for the Optim Solution are at: http://www.ibm.com/support/docview.wss?uid=swg27036209 [http://www.ibm.com/support/docview.wss?uid=""}]",phase03-sufficiency-annotation-v1,f2fe3f7f29b834d78fd7c79bf4d4a94faee43c658d89c48e386854123066802b,human_annotator_1,sufficient,Rank-1 chunk contains the reference answer verbatim: supported EnterpriseOne Tools versions per adapter level.,2026-08-25T03:33:00+05:30
phase03-annotation-blinded-v1,c196ed4808ea799d6269441c73c3a0ee3b9eea8dd9bfe45fd3af1fbb0457d6ba,142,TRAIN_Q435,validation,dense,5,"Why does WebSphere Portal take over 30 minutes to start up and show hung thread message on thread server.startup?

Why does WebSphere Portal take over 30 minutes to start up and show hung thread message on thread server.startup?
Example message from SystemOut.log:
[3/3/15 5:58:47:293 EST] 00000019 ThreadMonitor W WSVR0605W: Thread ""server.startup : 1"" (00000015) has been active for 692705 milliseconds and may be hung. There is/are 1 thread(s) in total in the server that may be hung. at java.io.UnixFileSystem.getBooleanAttributes0(Native Method) at 
....
org.eclipse.jst.j2ee.commonarchivecore.internal.strategy.DirectoryArchiveLoadStrategyImpl.addDirectory(DirectoryArchiveLoadStrategyImpl.java:31) ..... ",benchmark_impossible_no_reference,,"[{""char_end"":3814,""char_start"":3248,""chunk_id"":""851aca6e34abf0e1603c03c495e6c86966c1dd0713b8c1906919d0ea95c01f7d"",""document_id"":""techqa-doc:corpus/swg1PM63322.txt"",""filename"":""swg1PM63322.txt"",""rank"":1,""text"":""**************************************************************** A Thread hang, caused by an infinite loop, can be seen in the WebSphere Application Server logs. Here is an example of a similar message: 3/14/12 11:34:12:953 EDT] 00000024 ThreadMonitor W WSVR0605W: Thread \""WebContainer : 0\"" (00000022) has been active for 749937 milliseconds and may be hung. There is/are 1 thread(s) in total in the server that may be hung. at java.lang.String.substring(String.java:1105) at org.apache.myfaces.lifecycle.DefaultRestoreViewSupport.handlePre fixMapping(DefaultRestore""},{""char_end"":4845,""char_start"":4213,""chunk_id"":""8c03fe7e5f70009566c2dc5afe33d57bcc835820778e053bb8a2bdeb970872ff"",""document_id"":""techqa-doc:corpus/swg1JR54216.txt"",""filename"":""swg1JR54216.txt"",""rank"":2,""text"":""little time. LOCAL FIX * Updating the Oracle jdbc driver that is used by WebSphere fixed the issue. PROBLEM SUMMARY * **************************************************************** PROBLEM DESCRIPTION: The InfoSphere Information Server 11.3 services tier takes an excessive time to initialize. If you look in the application server's SystemOut.log file, you can find an entry similar to: [8/24/15 8:52:58:506 EDT] 00000049 ThreadMonitor W WSVR0605W: Thread \""server.startup : 2\"" (00000068) has been active for 706327 milliseconds and may be hung. There is/are 2 thread(s) in total in the server that may be hung. at java.net.Socket""},{""char_end"":2440,""char_start"":1470,""chunk_id"":""4bffd64fabba0cb4cbd29fa18bb1c2e2c6cb9c64397988379b79213afe52431a"",""document_id"":""techqa-doc:corpus/swg21448581.txt"",""filename"":""swg21448581.txt"",""rank"":3,""text"":""of time and these could be falsely reported as hung threads. ENVIRONMENT The com.ibm.websphere.threadmonitor.dump.java property was enabled in WebSphere Application Server V6.0.2.29, 6.1.0.19, 7.0, 8.0, 8.5 and later. RESOLVING THE PROBLEM Set the com.ibm.websphere.threadmonitor.dump.java property to true: Application Servers: 1. From the administrative console, click Servers > Application Servers > server_name. 2. Under Server Infrastructure, click Administration > Custom Properties. 3. Click New and add the following property: Name: com.ibm.websphere.threadmonitor.dump.java Value: true 4. Click Apply. 5. Click OK and save the configuration changes. 6. Restart the Application Server for the changes to take effect. Node Agent: 1. From the administrative console, click System Administration > Node Agents > nodeagent. 2. Under Additional Properties, click Administration Services 3. Under Additional Properties, click Custom Properties 4. Click New and add the""},{""char_end"":3342,""char_start"":2605,""chunk_id"":""64b519109ff97980542ccb8beac6f4cd0c55a316ffb0295b568b564e8255483f"",""document_id"":""techqa-doc:corpus/swg1JR53227.txt"",""filename"":""swg1JR53227.txt"",""rank"":4,""text"":""********************************************************** PROBLEM DESCRIPTION: The installation will hang waiting for WebSphere to report it has finished initialization. On hardware with some of the new processor types that have higher numbers of cores per CPU or threads per CPU, the reporting service hangs when it tries to collect the system information. The failure will cause the installation to hang waiting for WebSphere to report it has finished initialization. If you wait for about 10 minutes, you will see a message in the <WebSphere profile>/logs/server1/SystemOut.log like the following: [4/28/15 8:10:03:982 CDT] 0000006c ThreadMonitor W WSVR0605W: Thread \""server.startup : 2\"" (00000084) has been active for 715123 millise""},{""char_end"":2831,""char_start"":2235,""chunk_id"":""3c1beed26d557c688a52c154e39cda582754ba7fb8bed3ceacd668635b951e85"",""document_id"":""techqa-doc:corpus/swg1PM60919.txt"",""filename"":""swg1PM60919.txt"",""rank"":5,""text"":""29 ThreadMonitor W WSVR0605W: Thread \""SoapConnectorThreadPool : 527\"" (00009da4) has been active for 706299 milliseconds and may be hung. There is/are 1 thread(s) in total in the server that may be hung. at java.io.UnixFileSystem.getBooleanAttributes0(Native Method) at java.io.UnixFileSystem.getBooleanAttributes(UnixFileSystem.java: 258) at java.io.File.isDirectory(File.java:753) at com.ibm.ws.management.repository.FileRepository.eliminateEmptyFo lders(Fi leRepository.java:1846) at com.ibm.ws.management.repository.FileRepository.eliminateEmptyFo lders(Fi leRepository.java:1847) at com.ibm.w""}]",phase03-sufficiency-annotation-v1,f2fe3f7f29b834d78fd7c79bf4d4a94faee43c658d89c48e386854123066802b,human_annotator_1,insufficient,"Chunks give generic hung-startup-thread causes for other products (JSF loop, Oracle JDBC driver, high-core install hang); no chunk explains slow WebSphere Portal startup specifically.",2026-08-25T03:34:00+05:30
phase03-annotation-blinded-v1,7139bbd1956f639fccdc8e1cdf3d97cbc93b068df3f805b8c1f77750bd6ff7d0,143,TRAIN_Q414,validation,hybrid,10,"Is MQ V7.0 is going out of support?

Is Websphere MQ V7.0 is going out of support?",answerable_with_reference,"IBM has withdrawn support for WebSphere MQ V7.0.1 and V7.0.0, WebSphere MQ for z/OS V7.0.1 and V7.0.0,","[{""char_end"":1861,""char_start"":1046,""chunk_id"":""a8079c650a27521a1552017d4da08875e397133d74a6361f90035f55a8bd9c16"",""document_id"":""techqa-doc:corpus/swg21674407.txt"",""filename"":""swg21674407.txt"",""rank"":1,""text"":""to help me upgrade to a later version? * How do I purchase a support extension for my current version? * When a WebSphere MQ server product goes out of support, does the client and file transfer agent also go out of support? * Are these products still supported when they are bundled with another IBM product? * Is the WebSphere MQ V7.0 Resource Adapter supported in WebSphere Application Server? * Is documentation still available for these products? * How do I obtain installation images for these products if I still need them? * Is there an IBM MQ V9.0 or MQ V8.0 trial version available for download? [/support/docview.wss?uid=swg21674407&amp;aid=1] WHAT ARE THE END OF SUPPORT DATES FOR WEBSPHERE MQ V7.0.1 AND V7.0.0, WEBSPHERE MQ FILE TRANSFER EDITION V7.0.1 AND V7.0.0, AND WEBSPHERE MQ TELEMETRY V7.0.1? *""},{""char_end"":13037,""char_start"":12230,""chunk_id"":""4e2da33b629564c31219a02c51fa3860943c5c07a89aa69fbc3650b4c2a3fb4f"",""document_id"":""techqa-doc:corpus/swg21674407.txt"",""filename"":""swg21674407.txt"",""rank"":2,""text"":""] ARE THESE PRODUCTS STILL SUPPORTED WHEN THEY ARE BUNDLED WITH ANOTHER IBM PRODUCT? * Yes, support is available for all bundled components until the IBM product that includes them is withdrawn from support. However, they are only supported when used by the bundling IBM product. Unrelated usage is not supported. * * Find the end of support date for your IBM software product [http://www.ibm.com/software/support/lifecycle/index_a_z.html] * * Back to top IS THE WEBSPHERE MQ V7.0 RESOURCE ADAPTER SUPPORTED IN WEBSPHERE APPLICATION SERVER? * Yes, the WebSphere MQ V7.0 Resource Adapter [http://www.ibm.com/support/docview.wss?uid=swg21248089#7dotx_0] shipped with WebSphere Application Server V8.0 and V7.0 is supported through 30 April 2018 [https://www.ibm.com/common/ssi/cgi-bin/ssialias?subtype=ca&info""},{""char_end"":1269,""char_start"":506,""chunk_id"":""7d56a07ebd3d2c929a58289479824f6e481202c22ad6f1cbf914759908d3b359"",""document_id"":""techqa-doc:corpus/swg21674407.txt"",""filename"":""swg21674407.txt"",""rank"":3,""text"":""0.1 and V7.0.0 • MQ Telemetry V7.0.1 selected tab TAB NAVIGATION * What were the end of support dates for WebSphere MQ V7.0.1 and V7.0.0, WebSphere MQ File Transfer Edition V7.0.1 and V7.0.0, and WebSphere MQ Telemetry V7.0.1? * Do these announcements affect WebSphere MQ File Transfer Edition V7.0.4, V7.0.3 and V7.0.2, WebSphere MQ Advanced Message Security V7.0.1, or WebSphere MQ Hypervisor Edition V7.0.1? * What replacement products are available? * How do I check which version I am currently running? * Is any information available to help me upgrade to a later version? * How do I purchase a support extension for my current version? * When a WebSphere MQ server product goes out of support, does the client and file transfer agent also go out of support""},{""char_end"":13709,""char_start"":12898,""chunk_id"":""0679707fd5e559c9feaa7221012616e74b965974f13388af3b1ace0134aae65c"",""document_id"":""techqa-doc:corpus/swg21674407.txt"",""filename"":""swg21674407.txt"",""rank"":4,""text"":""Sphere Application Server V8.0 and V7.0 is supported through 30 April 2018 [https://www.ibm.com/common/ssi/cgi-bin/ssialias?subtype=ca&infotype=an&appname=iSource&supplier=897&letternum=ENUS916-143], when both of those versions of WebSphere Application Server end support, or longer if you purchase a WebSphere Application Server support extension. * Similarly, the WebSphere MQ V7.1 Resource Adapter [http://www.ibm.com/support/docview.wss?uid=swg21248089#7dotx_0_0] shipped with WebSphere Application Server V8.5.x is supported as long as that version of WebSphere Application Server remains in support, or longer if you purchase a WebSphere Application Server support extension. * However, if you manually install your own copy of the WebSphere MQ V7.x Resource Adapter in WebSphere Application Server or any""},{""char_end"":991,""char_start"":0,""chunk_id"":""2c3f450deb78e41723b8518f48c2ccb182b582c67026db77bcc85d2919ab94f7"",""document_id"":""techqa-doc:corpus/swg21426198.txt"",""filename"":""swg21426198.txt"",""rank"":5,""text"":""Title: IBM WebSphere MQ Series v7.0 and WebSphere Partner Gateway v6.2 compatibility - United States Text: MQ WMQ v7.0 v7 v700 700 7 7.0 version TECHNOTE (FAQ) QUESTION Is WebSphere MQ Series v7.0 supported on WebSphere Partner Gateway v6.2? ANSWER While IBM has not officially tested nor supports WPG 6.2 with the use of WMQ version 7.0, we do understand the need and reasons for such. IBM WPG support is planning this testing, however we do not have an estimated time when it will be complete or when the official statement will be released. Since other products frequently ship fixes, updates, and new releases, testing every configuration is not possible by the IBM WPG support team. While IBM support understands that client may have a need to upgrade, you may install and run with updates to supported product minimum levels, but only if those updates are forward compatible (meaning that they are above the minimum requirements defined by WPG). Users should note that they are running""},{""char_end"":5473,""char_start"":4584,""chunk_id"":""1cdb5bb8ece420f48afebd90035452d7fda85840b2281ff0fed99ceab0db8af1"",""document_id"":""techqa-doc:corpus/swg27006795.txt"",""filename"":""swg27006795.txt"",""rank"":6,""text"":""ibm.com/support/docview.wss?rs=171&uid=swg21233258]. 7. For details of the Support Statement for JCA (on WebSphere MQ V6.0.2.1 or later only) please see here. [http://www.ibm.com/support/docview.wss?rs=171&uid=swg27009524] 8. Defect support is available for virtualisation environments where they relate to releases of this platform already supported by WebSphere MQ. Unless stated elsewhere in the system requirements, WebSphere MQ has not been specifically tested in virtualisation environments. WebSphere MQ Support is therefore unable to assist in issues related to configuration and setup, or issues that are directly related to the virtualisation environment itself. 9. The use of the WebSphere MQ classes for JMS in EJBs and MDBs is fully supported. The WebSphere MQ base classes for Java are supported with restrictions - for more details see, Using WebSphere MQ Java Interfaces in""},{""char_end"":762,""char_start"":0,""chunk_id"":""30a675122847d380fa047508f5fde6e6dc0c06f77b632594634203ea0f27bbdf"",""document_id"":""techqa-doc:corpus/ssg1S1009977.txt"",""filename"":""ssg1S1009977.txt"",""rank"":7,""text"":""Title: IBM Storwize V7000 Unified V1.5 is going out of support in September 2017. - United States Text: FLASH (ALERT) ABSTRACT IBM Storwize V7000 Unified V1.5 is going out of support in September 2017. CONTENT Recommendation IBM Storwize V7000 Unified V1.5 end of support announcements were made last year. Please refer to announcement letter links provided below for various regions. You are encouraged to plan the upgrade of Storwize V7000 Unified systems to V1.6.x well before the earlier version goes out of support. IBM United States Withdrawal Announcement https://www-01.ibm.com/common/ssi/cgi-bin/ssialias?subtype=ca&infotype=an&appname=iSource&supplier=897&letternum=ENUS916-149 [https://www-01.ibm.com/common/ssi/cgi-bin/ssialias?subtype=ca&infotype=an""},{""char_end"":1594,""char_start"":1064,""chunk_id"":""902be6e50d71e1d4fbe24fff962e703d482d766da0ffebbabf9ad1252c7fb4af"",""document_id"":""techqa-doc:corpus/swg22015103.txt"",""filename"":""swg22015103.txt"",""rank"":8,""text"":""7 or MQ v8.0.0.8. The supported environments for WebSphere MQ v8.0 can be found here [http://www.ibm.com/support/docview.wss?uid=swg27041395]. Useful links for WebSphere MQ v8.0.0.9 * Readme [http://www.ibm.com/support/docview.wss?rs=171&uid=swg27045004] * Problems fixed in MQ v8.0.0.9 [http://www-01.ibm.com/support/docview.wss?rs=171&uid=swg27043086] * Latest available WebSphere MQ v8 Clients SupportPac (MQC8) [http://www.ibm.com/support/docview.wss?uid=swg24037500] * What is Fix Central? [http://www.ibm.com/systems/support""},{""char_end"":2407,""char_start"":1698,""chunk_id"":""2bd9353fd3c164a1192bb0b1435273052e701535e1c5209709bfa11d98f932b3"",""document_id"":""techqa-doc:corpus/swg27048240.txt"",""filename"":""swg27048240.txt"",""rank"":9,""text"":""stated. This release notes file contains information that was not available in time for our publications. In addition to this file, README, you can find more information on the WebSphere MQ Web site: http://www.ibm.com/software/integration/wmq/ [http://www.ibm.com/software/integration/wmq/] For current information on known problems and available fixes, SupportPacs(TM), product documentation and online versions of this and other readme files see the Support page of the WebSphere MQ Web site at: http://www.ibm.com/software/integration/wmq/support [http://www.ibm.com/software/integration/wmq/support] ABOUT THIS RELEASE ================== Nomenclature ------------ The terms \""WMQ V5.3.1\"" and \""WMQ V5.3.1.0""},{""char_end"":993,""char_start"":457,""chunk_id"":""4b694fcbf4ab5d0bc3f19f5a29a5630d7b1c5ec6413bb39360f00ccdca26473b"",""document_id"":""techqa-doc:corpus/swg1PI72138.txt"",""filename"":""swg1PI72138.txt"",""rank"":10,""text"":""ss?uid=swg24044479] SUBSCRIBE You can track all active APARs for this component. APAR STATUS * CLOSED AS PROGRAM ERROR. ERROR DESCRIPTION * Java must be upgraded from version 6 which is going out of support to java 8. LOCAL FIX PROBLEM SUMMARY * **************************************************************** * USERS AFFECTED: IBM WebSphere Application Server Edge Load * * Balancer users * **************************************************************** * PROBLEM DESCRIPTION: The Load Balancer uses Java6 and * * Java6 is going out""}]",phase03-sufficiency-annotation-v1,f2fe3f7f29b834d78fd7c79bf4d4a94faee43c658d89c48e386854123066802b,human_annotator_1,sufficient,"The swg21674407 EOS FAQ chunks phrase the dates as what the end-of-support dates WERE, establishing that MQ V7.0.x support has been withdrawn per the reference; exact dates are outside the spans.",2026-08-25T03:35:00+05:30
phase03-annotation-blinded-v1,3da5a77b0c08931fa1799391b8b09aa0fee377fdd3f914bd4ae48917c40a82cc,144,DEV_Q171,train,dense,10,"Error: ""MBEANSTARTER LOADEXTENSIONS FAILED TO LOAD EXTENSION"" occurs at portal startup

We are using Portal Server 8.5 and when starting the Portal server we see following error:

0000005e MBeanStarter E com.ibm.wps.scripting.server.MBeanStarter loadExtensions failed to load extension: key: ServerExt.applications / value: com.ibm.wps.scripting.server.ApplicationServerExtensions

How can we resolve this error?",answerable_with_reference,"A code fix for this issue is integrated into the WebSphere
   Portal & WCM Combined Cumulative Fix 05 (PI31198 [http://www-01.ibm.com/support/docview.wss?uid=swg1PI31198]) for Portal
   8.5.0.0 available from Fix Central:","[{""char_end"":755,""char_start"":0,""chunk_id"":""2e93bdc2b0ba0556d7b39e331cec30433000115171549c3e2a4ad8f065bc561f"",""document_id"":""techqa-doc:corpus/swg1PI38040.txt"",""filename"":""swg1PI38040.txt"",""rank"":1,""text"":""Title: IBM PI38040: MBEANSTARTER LOADEXTENSIONS FAILED TO LOAD EXTENSION - United States Text: A FIX IS AVAILABLE Fixes integrated in WebSphere Portal 8.5.0.0 Combined Cumulative Fixes [http://www-01.ibm.com/support/docview.wss?uid=swg24037786] SUBSCRIBE You can track all active APARs for this component. APAR STATUS * CLOSED AS PROGRAM ERROR. ERROR DESCRIPTION * During Portal Start-Up following error is shown: -------------------- 0000005e MBeanStarter E com.ibm.wps. scripting.server.MBeanStarter loadExtensions failed to load extension: key: ServerExt.applications / value: com.ibm.wps.scripting.server.ApplicationServerExtensions LOCAL FIX * 1) Open the WAS admin console. 2) Navigate to Resources > Resource environment providers > WP ScriptingSer""},{""char_end"":755,""char_start"":0,""chunk_id"":""8d1695305bcc6d46e4cf2a8a8c13e0986a14fd42aec7d4cdab8222ca8140ebd2"",""document_id"":""techqa-doc:corpus/swg1PI34677.txt"",""filename"":""swg1PI34677.txt"",""rank"":2,""text"":""Title: IBM PI34677: MBEANSTARTER LOADEXTENSIONS FAILED TO LOAD EXTENSION - United States Text: A FIX IS AVAILABLE Fixes integrated in WebSphere Portal 8.5.0.0 Combined Cumulative Fixes [http://www-01.ibm.com/support/docview.wss?uid=swg24037786] SUBSCRIBE You can track all active APARs for this component. APAR STATUS * CLOSED AS PROGRAM ERROR. ERROR DESCRIPTION * During Portal Start-Up following error is shown: -------------------- 0000005e MBeanStarter E com.ibm.wps. scripting.server.MBeanStarter loadExtensions failed to load extension: key: ServerExt.applications / value: com.ibm.wps.scripting.server. ApplicationServerExtensions LOCAL FIX * 1) open the WAS admin console 2) navigate to Resources > Resource environment providers > WP ScriptingSer""},{""char_end"":2364,""char_start"":1656,""chunk_id"":""29371c783ea99318da181dd0dc0b5337262ed798a6fc950a57e495f84a724c34"",""document_id"":""techqa-doc:corpus/swg21452196.txt"",""filename"":""swg21452196.txt"",""rank"":3,""text"":""Servlet E com.ibm.wps.engine.Servlet init EJPFD0016E: Initialization of service failed. ... [10/26/10 21:41:18:958 EDT] 00000021 ServletWrappe E Deregister the mbean because of uncaught init() exception thrown by servlet portal: javax.servlet.UnavailableException: Initialization of one or more services failed. ... [10/26/10 21:41:18:964 EDT] 00000021 WebExtensionP W Servlet portal is currently unavailable: Initialization of one or more services failed. Security.xml showed: <properties xmi:id=\""Property_43\"" name=\""com.ibm.security.useFIPS\"" value=\""true\"" required=\""false\""/> RESOLVING THE PROBLEM To resolve the issue: 1) Login to the WebSphere Integrated Solutions Console on Dmgr. 2) Navigate to Security >""},{""char_end"":880,""char_start"":0,""chunk_id"":""6bd7924a9d700949110a6eae01483c5c65c234e78ef0f922989a579978dd2202"",""document_id"":""techqa-doc:corpus/swg21392024.txt"",""filename"":""swg21392024.txt"",""rank"":4,""text"":""Title: IBM Portal server startup gives \""ExtensionPoint not found\"" errors during fixpack install - United States Text: 6.1.0.1; fix pack fails TECHNOTE (TROUBLESHOOTING) PROBLEM(ABSTRACT) During a fixpack installation, the Portal server returns error 404 (initialization of one or mores services failed) after startup. In the SystemOut.log of the Portal server, you can see error messages stating that extension points were not found. SYMPTOM The Portal server starts successfully, but does not return proper responses after startup. In the SystemOut.log of the Portal server you can find exceptions like the following: [24.06.09 16:16:38:213 CEST] 00000045 ExtensionsLoo E com.ibm.wps.services.extreg.ExtensionsLookupContext lookup (Name) NamingException catched:ExtensionPoint not found: com.ibm.wps.ai.base.api.service.ServiceLocator. Please turn on the traces for 'com.ibm.wps.""},{""char_end"":1318,""char_start"":558,""chunk_id"":""73200b48602904dbfee07e0539ccadf8072aea9dcf408d728624afb550dda2aa"",""document_id"":""techqa-doc:corpus/swg1PI34677.txt"",""filename"":""swg1PI34677.txt"",""rank"":5,""text"":""applications / value: com.ibm.wps.scripting.server. ApplicationServerExtensions LOCAL FIX * 1) open the WAS admin console 2) navigate to Resources > Resource environment providers > WP ScriptingService > Custom properties 3) you should see an entry with the name \""ServerExt.applications\"" and value \""com.ibm.wps.scripting.server.ApplicationServerExtensions\"" 4) delete this entry, save and restart the server. PROBLEM SUMMARY * A code fix for this issue is integrated into the WebSphere Portal & WCM Combined Cumulative Fix 05 (PI31198 [http://www-01.ibm.com/support/docview.wss?uid=swg1PI31198]) for Portal 8.5.0.0 available from Fix Central: http://www-933.ibm.com/support/fixcentral/swg/selectFixes?parent =ibm/WebSphere&product=ibm/WebSphere/WebSphere+Portal""},{""char_end"":1578,""char_start"":948,""chunk_id"":""93f08c764457b82ed2b6ecc5b0c26063c50639793c64e186063d29a84f9de0f0"",""document_id"":""techqa-doc:corpus/swg21700839.txt"",""filename"":""swg21700839.txt"",""rank"":6,""text"":""640011508417.txt com.ibm.ws.webcontainer.servlet.ServletInstance.init 259 [3/27/15 11:47:17:401 EDT] 00000000 extension W com.ibm.wsspi.webcontainer.extension.WebExtensionProcessor createServletWrapper Servlet portal is currently unavailable: Initialization of one or more services failed. [3/27/15 11:47:21:255 EDT] 00000000 TransactionHe E com.ibm.wps.datastore.util.TransactionHelper <clinit> EJPDB0134E: Unable to initialize TransactionHelper utility class. java.lang.ClassCastException: com.ibm.ws.tx.jta.UserTransactionImpl incompatible with javax.transaction.UserTransaction at com.ibm.wps.datastore.util.TransactionHelper$""},{""char_end"":669,""char_start"":0,""chunk_id"":""a182936f89a59565f703e52c8e7de15a3649eaaa2561f51c58cb5309e69a37e3"",""document_id"":""techqa-doc:corpus/swg21459952.txt"",""filename"":""swg21459952.txt"",""rank"":7,""text"":""Title: IBM WebSphere Portal startup fails with EJCBC0002E: The service [<serviceName>] could not be located. - United States Text: EJCBC0002E; EJPFD0016E; extensionregistry; CORFriendlySelectionServiceHome TECHNOTE (TROUBLESHOOTING) PROBLEM When starting the WebSphere_Portal server, startup throws an exception: EJCBC0002E: The service could not be located. SYMPTOM In the SystemOut.log, the following exception can be seen at the time the wps.ear application is started: =========================== [1/13/11 11:00:56:875 EST] 00000015 Servlet E com.ibm.wps.engine.Servlet init EJPFD0016E: Initialization of service failed. com.ibm.portal.resolver.exceptions.Localized""},{""char_end"":1320,""char_start"":732,""chunk_id"":""c41eddc2b84b61359507a6d3968b1795a1b61d355ebafc813536641bdc9df8cb"",""document_id"":""techqa-doc:corpus/swg21392024.txt"",""filename"":""swg21392024.txt"",""rank"":8,""text"":""(Name) NamingException catched:ExtensionPoint not found: com.ibm.wps.ai.base.api.service.ServiceLocator. Please turn on the traces for 'com.ibm.wps.services.extreg.*=all' to see the full stacktrace. [24.06.09 16:16:38:217 CEST] 00000045 Servlet E com.ibm.wps.engine.Servlet init EJPFD0016E: Initialization of service failed. java.lang.ExceptionInInitializerError at java.lang.J9VMInternals.initialize(J9VMInternals.java:216) at com.ibm.wps.ai.service.AIInitServiceImpl.registerCommunityHandler(AIInitServiceImpl.java:138) at com.ibm.wps.ai.service.AIInitServiceImpl.init(AIInitServiceImpl""},{""char_end"":639,""char_start"":0,""chunk_id"":""8eb1b1608918174b6d2d161ff1acdf563c5cef1217e0a72465f277a2a8de49c3"",""document_id"":""techqa-doc:corpus/swg21965758.txt"",""filename"":""swg21965758.txt"",""rank"":9,""text"":""Title: IBM The SystemOut.log begins throwing errors, EJPFD0016E and EJPSB0067E during Portal startup - United States Text: TECHNOTE (TROUBLESHOOTING) PROBLEM The SystemOut.log shows the following during Portal startup... 8/27/15 13:07:56:645 EDT] 0000000d Servlet E com.ibm.wps.engine.Servlet init EJPFD0016E: Initialization of service failed. com.ibm.wps.ac.AuthorizationModelException: EJPSB0067E: The System ResourceType APPLICATION_ROLE was not found in the datastore. at com.ibm.wps.ac.impl.PACEnvironment.retrieveResourceTypes(PACEnvironment. java:308) at com.ibm.wps.ac.impl.PACEnvironment.init(PACEnvironment.java:133) at com.ibm.w""},{""char_end"":2556,""char_start"":1931,""chunk_id"":""464dac0f13bc11591d036e42bb4ba46a2feda10d3d96a4e7aa53b835b6f3c010"",""document_id"":""techqa-doc:corpus/swg21605548.txt"",""filename"":""swg21605548.txt"",""rank"":10,""text"":""profiles/wp_profile/PortalServer/deployed/SyndicatedFeedPortlet.war failed.</message> [xmlaccess] <message id=\""EJPPE0001E\"">com.ibm.wps.pe.mgr.exceptions.InstanceException: EJPPE0001E: Instantiation of AppServerAdminManager failed.</message> [xmlaccess] <message id=\""EJPPH0007E\"">com.ibm.wps.pe.mgr.exceptions.InstanceException: EJPPH0007E: Instantiation of the administration module for Portal context failed.</message> [xmlaccess] <message id=\""EJPPH0010E\"">com.ibm.wps.pe.mgr.exceptions.InitException: EJPPH0010E: Failed to retrieve and initialize runtime variables from Application Server.</message> [xmlaccess] <message>com.""}]",phase03-sufficiency-annotation-v1,f2fe3f7f29b834d78fd7c79bf4d4a94faee43c658d89c48e386854123066802b,human_annotator_1,sufficient,"Rank-5 chunk (PI34677) contains the problem summary stating the code fix is integrated into Combined Cumulative Fix 05 (PI31198), matching the reference.",2026-08-25T03:36:00+05:30
phase03-annotation-blinded-v1,92ee4e4cb804b5181cbc4d1da2d1cfeb2a8ba3ac209a5b72619955b12a61e6c7,145,TRAIN_Q311,train,bm25,5,"S878 abends during CICS startup after applying PTF for OA45950

After applying the PTF for z/OS APAR OA45950, why am I suddenly receiving many S878 abends when I bring up my CICS regions? No CICS system or application software changes were made. 
The PTF numbers for APAR OA45950 for the various MVS releases are:
Release C10 : UA75818 available 15/02/25 (F502 ) 
Release D10 : UA75819 available 15/02/25 (F502 ) 
Release 210 : UA75838 available 15/02/25 (F502 ) ",benchmark_impossible_no_reference,,"[{""char_end"":520,""char_start"":0,""chunk_id"":""b61000f6c741003cf5fa84b1f36426bb217dfcfd9bc997d9bece74faf69820f6"",""document_id"":""techqa-doc:corpus/swg1OA40226.txt"",""filename"":""swg1OA40226.txt"",""rank"":1,""text"":""Title: IBM OA40226: OMEGAMON CICS ABENDS878, S878 - United States Text: z/os A FIX IS AVAILABLE Obtain the fix for this APAR. SUBSCRIBE You can track all active APARs for this component. APAR STATUS * CLOSED AS PROGRAM ERROR. ERROR DESCRIPTION * OMEGAMON CICS Abends878, s878 KOCCI address space. LOCAL FIX * Apply ptf when available. PROBLEM SUMMARY * **************************************************************** * USERS AFFECTED: All OMEGAMON XE for CICS on z/OS users. * ******************************************""},{""char_end"":834,""char_start"":0,""chunk_id"":""b6fb15c1ba8ff0eb804b86462bf9950162cdee934a57451d001790320052924a"",""document_id"":""techqa-doc:corpus/swg1PM52570.txt"",""filename"":""swg1PM52570.txt"",""rank"":2,""text"":""Title: IBM PM52570: CICS DOES NOT AUTOMATICALLY RECONNECT TO THE MQ QUEUE MANAGER AFTER THE MQ QM IS STOPPED AND RESTARTED W 12/01/24 PTF PEREMOVE - United States Text: z/os A FIX IS AVAILABLE Obtain the fix for this APAR. SUBSCRIBE You can track all active APARs for this component. APAR STATUS * CLOSED AS PROGRAM ERROR. ERROR DESCRIPTION * After applying PTF UK68064 , CICS no longer reconnects to the MQ queue manager when the queue manager is stopped and restarted while CICS remains up. . Here is an example of the messages issued by CICS when the queue manager is stopped: . DFHMQ0341 I STOP requested by alert monitor CKAM. DFHMQ0107 I A request to end CKTI has been received. CKTI ended. DFHMQ0334 I Adapter shutdown successful. DFHMQ0342 I CONNECT received from alert monitor. DFHMQ0324 I All queue managers in queue sharing""},{""char_end"":649,""char_start"":0,""chunk_id"":""f83a7a7ca9b644ac4026f284d9a25768b790c6968b2d0853951e7684a011e349"",""document_id"":""techqa-doc:corpus/swg1OA37019.txt"",""filename"":""swg1OA37019.txt"",""rank"":3,""text"":""Title: IBM OA37019: ABEND S0C4 OCCURS IN MODULE DFHALP UK63439 AT OFFSET 566C. - United States Text: z/os A FIX IS AVAILABLE Obtain the fix for this APAR. SUBSCRIBE You can track all active APARs for this component. APAR STATUS * CLOSED AS PROGRAM ERROR. ERROR DESCRIPTION * An ABEND S0C4 can occur when OMEGAMON XE for CICS v420 when monitoring the CICS T.S. v4.1 and v4.2. This will occur after applying PTF UK63439 for CICS. This PTF introduces a new field in the DFHTFALA DSECT that requires the OMEGAMON XE for CICS code to be re-assembled to match the new CICS DSECT. LOCAL FIX PROBLEM SUMMARY * ***********************************************""},{""char_end"":4851,""char_start"":4318,""chunk_id"":""e60a27ce504033aa8e1dd86fd7fc9f5cd650c8618efddfec0ea8668d4271ea03"",""document_id"":""techqa-doc:corpus/swg1PI31760.txt"",""filename"":""swg1PI31760.txt"",""rank"":4,""text"":""XE DFHPGXM FIX INFORMATION * FIXED COMPONENT NAME CICS TS Z/OS V5 * FIXED COMPONENT ID 5655Y0400 APPLICABLE COMPONENT LEVELS * R800 PSY UI24932 [HTTPS://WWW14.SOFTWARE.IBM.COM/WEBAPP/SET2/ORDERMEDIA/SHOPCART?PTFS=UI24932] UP15/02/14 P F502 1⁄2 * R900 PSY UI24933 [HTTPS://WWW14.SOFTWARE.IBM.COM/WEBAPP/SET2/ORDERMEDIA/SHOPCART?PTFS=UI24933] UP15/02/14 P F502 1⁄2 FIX IS AVAILABLE * SELECT THE PTF APPROPRIATE FOR YOUR COMPONENT LEVEL. YOU WILL BE REQUIRED TO SIGN IN. DISTRIBUTION ON PHYSICAL MEDIA IS NOT AVAILABLE IN ALL COUNTRIES.""},{""char_end"":1877,""char_start"":1438,""chunk_id"":""d259ecfabb292dbc5fe87d0b4865c81d2a25c464f3c93d6ed315c538f3e5eb7a"",""document_id"":""techqa-doc:corpus/swg1PI55138.txt"",""filename"":""swg1PI55138.txt"",""rank"":5,""text"":""* * All CICSPlex SM V5R3M0 Users * **************************************************************** * PROBLEM DESCRIPTION: * * When your CTS 5.3 MAS is running on a CICS 690 or CICS 680 * * region, then the MVS Console reports AKEA abends in the * * XPCTA exit point for module CJF9XLGR or module CJE9XLGR * * during CICS shutdown. * **************************************************************** * RECOMMENDATION: * * After applying the""}]",phase03-sufficiency-annotation-v1,f2fe3f7f29b834d78fd7c79bf4d4a94faee43c658d89c48e386854123066802b,human_annotator_1,insufficient,Chunks are adjacent CICS/OMEGAMON abend APARs; rank-4 shows PTF availability that may relate but no chunk explains the S878-after-OA45950 relationship or a fix.,2026-08-25T03:37:00+05:30
phase03-annotation-blinded-v1,3ffe6abac788bba15a3cae2f95d883c346329feb0a97e27a53afe3e6af052f1a,146,TRAIN_Q020,train,hybrid,3,"HATS Plugin Download



Hi

I have RDZ 9.0 and want to install the HATS plugin.

I've downloaded from this link:

http://www.ibm.com/developerworks/downloads/ws/whats/

HATS 9.0.0.0 but it won't install because RDZ itself is not enough and it sais I need one of the following:

IBM Rational Application Developer for WebSphere Software

IBM Rational Software Architect for WebSphere Software

IBM Rational Developer for i for SOA Construction

IBM Rational Business Developer

IBM Integration Developer

which I don't have.

Where can I download the HATS version that is compatible with RDZ 9.0 and doesn't need anything else?",answerable_with_reference,"For installation instructions, see Installing HATS [http://pic.dhe.ibm.com/infocenter/hatshelp/v90/topic/com.ibm.hats.doc/doc/gsinstal.htm] in the Rational Host Access Transformation Services (HATS) V9.0 Information Center.","[{""char_end"":864,""char_start"":0,""chunk_id"":""7de67528dd377384436a8dd290ba86b9503f2a16a090c7c2f1a68a12850abc3b"",""document_id"":""techqa-doc:corpus/swg21682626.txt"",""filename"":""swg21682626.txt"",""rank"":1,""text"":""Title: IBM Installing HATS 9.0 fails when RAD 9.1 is installed on host - United States Text: installation; HATS 9.0; RAD 9.1; HATS 9 TECHNOTE (TROUBLESHOOTING) PROBLEM(ABSTRACT) Attempts to install IBM Rational Host Access Transformation Services (HATS) 9.0 on a system with Rational Application Developer for WebSphere Software (RAD) 9.1 fails. CAUSE HATS 9.0 is not supported with RAD 9.1. RESOLVING THE PROBLEM You will need to install latest HATS fixpack at the same time as the initial HATS install of v9.0.0. To install both the fixpack and the product you will need to add both repositories to Installation Manager by following the steps below. 1. Start Installation Manager 2. Click on File->Preferences 3. Click the Add Repository.... button 4. Add two repositories, one for HATS 9.0.0, and one for 9.0.0.1 or the HATS latest fixpack [/support/docview.wss""},{""char_end"":1093,""char_start"":0,""chunk_id"":""86004cba5e0312f550561d3454f9a3992129abfc93689d639fcad60412a79fd4"",""document_id"":""techqa-doc:corpus/swg21962054.txt"",""filename"":""swg21962054.txt"",""rank"":2,""text"":""Title: IBM Rational Application Developer V9 Passport Advantage e-assembly part numbers for Host Access Transformation Services V9.0 - United States Text: TECHNOTE (FAQ) QUESTION What e-assembly part numbers should be downloaded from Passport Advantage to install Host Access Transformation Services V9, Rational Application Developer for Websphere V9, Websphere Application Server V8.5. CAUSE Entitled clients can download Rational Application Developer for Websphere for HATS from Passport Advantage. However, when you review media pack search results, it may be difficult to recognize which e-assemblies represent the core product Rational Development Environments for HATS and which additional e-assemblies are required or optional. ANSWER HATS v9.0 is a plugin to Rational Application Developer for WebSphere and multiple products need to be downloaded/installed in order install HATS: IBM Rational HATS V9.0 Trial for Multi platform Multilingual eAssembly (CRNR5ML) IBM Rational HATS V9.0 for 5250 on Multi platform Multilingual eAssembly (CRNR6ML) IBM Rational HATS V9.0 for 5250 on IBM""},{""char_end"":2798,""char_start"":1848,""chunk_id"":""5c843c3e202a76aaa5244e872d3a4d57ab82cd9771ca97cf322a1e7fc19ec504"",""document_id"":""techqa-doc:corpus/swg27019102.txt"",""filename"":""swg27019102.txt"",""rank"":3,""text"":""7.5). * Rational Developer for Power Systems Software V8.0 and future mod levels and their fix packs, including the RPG and COBOL Development Tools for i feature. * For the Portal support for IBM WebFacing Tool for IBM i feature, also required are: * IBM WebFacing Tool for IBM i feature. * WebSphere Portal Server version 6.1; version 6.1 on WebSphere Application Server, version 7.0; or version 7.0 development tool feature, as appropriate. Not available with Rational Business Developer. 2. 3. HATS supports Dojo versions 1.4.1 and 1.5.0 included in the required development tools listed in the System requirements section. 4. 5. Rational Application Developer V8.0.3, or later, is required for HATS Dojo support on WebSphere Application Server V8. 6. 7. HATS Dojo widget support requires one of the following web browsers: * Apple Safari * Google Chrome * Microsoft Internet Explorer (V8 or later) * Mozilla Firefox 8. 9. HATS support for RESTful""}]",phase03-sufficiency-annotation-v1,f2fe3f7f29b834d78fd7c79bf4d4a94faee43c658d89c48e386854123066802b,human_annotator_1,insufficient,Chunks cover HATS 9.0/RAD 9.1 incompatibility and RAD-for-HATS part numbers; neither the reference install-instructions pointer nor a resolution for installing HATS with RDz alone is present.,2026-08-25T03:38:00+05:30
phase03-annotation-blinded-v1,c215ce82d10534616586a60cc4e71ad573fe2020b9b5e9973fd67d137e3b32d4,147,TRAIN_Q548,train,hybrid,10,"Why does the user receive Notice Sender Execution Failed Alert after upgrading to Atlas 6.0.3.3?

Why does the user receive Notice Sender Execution Failed Alert after upgrading to Atlas 6.0.3.3? ",answerable_with_reference,"The error message is ""java.sql.SQLException: ORA-00604: error occurred at recursive SQL level 1 ORA-01628: max # extents (32765) reached for rollback"" and is caused by MATTERPERFORMER_TEXT","[{""char_end"":691,""char_start"":0,""chunk_id"":""2ed472a7b780c8572daeac33a8e83f0c717a7ab45576fad704da6b13f7008800"",""document_id"":""techqa-doc:corpus/swg21982857.txt"",""filename"":""swg21982857.txt"",""rank"":1,""text"":""Title: IBM User receiving Notice Sender Execution Failed Alert after upgrading to Atlas 6.0.3.3 - United States Text: TECHNOTE (FAQ) QUESTION Why does the user receive Notice Sender Execution Failed Alert after upgrading to Atlas 6.0.3.3? CAUSE The error message is \""java.sql.SQLException: ORA-00604: error occurred at recursive SQL level 1 ORA-01628: max # extents (32765) reached for rollback\"" and is caused by MATTERPERFORMER_TEXT ANSWER 1. Backup Atlas Database 2. Using sqlplus login to Atlas Database using PSSAPL user 3. Run the Following commands in SQL prompt 4. EXEC ddl_util.drop_index('MATTERPERFORMER_TEXT'); 5. EXEC ddl_util.drop_ctx_pref('MatterPerformer_Pref10G'); 6. commit;""},{""char_end"":552,""char_start"":0,""chunk_id"":""eee6debb5518b8b41e59a71af62a02ffbeeb86d1ead5296eb61bd3be48c6a7f8"",""document_id"":""techqa-doc:corpus/swg21982790.txt"",""filename"":""swg21982790.txt"",""rank"":2,""text"":""Title: IBM User receiving Reminder Notice Sender Execution Failed Alert after upgrading to Atlas 6.0.3.3 - United States Text: TECHNOTE (FAQ) QUESTION Why does the user receive Reminder Notice Sender Execution Failed Alert after upgrading to Atlas 6.0.3.3? CAUSE The error message is \""The timer task failed due to error : java.sql.SQLException: ORA-01652: unable to extend temp segment by 128 in tablespace TEMP1\"" ANSWER This is caused due to insufficient space in the temp tablespace. The DBA needs to allocate sufficient space for the temp tablespace""},{""char_end"":873,""char_start"":0,""chunk_id"":""0e1e506b57a95d27d0cf3a50acf61e06bf5020e9fcf88833e8e80f95eada6b87"",""document_id"":""techqa-doc:corpus/swg21979665.txt"",""filename"":""swg21979665.txt"",""rank"":3,""text"":""Title: IBM Send Reminder Notice timer task execution failed - United States Text: atlas TECHNOTE (TROUBLESHOOTING) PROBLEM(ABSTRACT) Why does Send Reminder Notice timer task execution fails after Atlas upgrade ? CAUSE Leaving the second Atlas application server instance running will cause this issue. ENVIRONMENT Atlas, Timer Task DIAGNOSING THE PROBLEM * Attorney receives the following failure alert about the timer task. Timer Task Failed due to the error:com.secretseal.policyatlas.service.exception.ServiceUnchecked Exception:com.secretseal.policyatlas.dao.DataAccessException:java.sql.SQLException:ORA-00918:column ambiguously defined. * Timer task log for the Send Reminder Notice task will have multiple execution entries. RESOLVING THE PROBLEM Stop the second Atlas application server instance which is connecting to the upgraded database will resolve this issue.""},{""char_end"":609,""char_start"":0,""chunk_id"":""754b3de083defb3f5b58abb6dfc3b38b923b5cd035f4fd84c654e6b28ac18273"",""document_id"":""techqa-doc:corpus/swg21991926.txt"",""filename"":""swg21991926.txt"",""rank"":4,""text"":""Title: IBM Issue with number of recipients link in notice sent page - United States Text: atlas TECHNOTE (FAQ) QUESTION After upgrade to Atlas 6.0.3.3 with WebSphere version 7.0.0.39 , when I click on number of recipients link in notice sent page of the hold notice , why the following error displayed ? \""The Page cannot be found\"" CAUSE Due to changes in expression language (EL) functions causing this issue. ANSWER * Upgrade WebSphere version from 7.0.0.39 to WebSphere version 8.5.5 on Atlas server. * Contact IBM support representative to get the APAR HE12569 fix which is part of Atlas 6.0.3.3_IF1_LA002.""},{""char_end"":742,""char_start"":0,""chunk_id"":""917365a3495b2f5bd0716ecd4106c993ca21e0c9af6464d80793e98d51397f62"",""document_id"":""techqa-doc:corpus/swg21990693.txt"",""filename"":""swg21990693.txt"",""rank"":5,""text"":""Title: IBM Atlas Hold Notice does not change to Sent status after publish - United States Text: TECHNOTE (FAQ) QUESTION Why does Atlas Hold Notice not change to Sent status after publish? CAUSE Hold Notice remained in the Published status and could be caused by timer task not running ANSWER 1. Review Atlas logs and identify the error message if any 2. Verify if Atlas database was restarted without restarting the Application server 3. Verify if Java Heap Size set for the Atlas application server is sufficient. You can refer to this technote (http://www-01.ibm.com/support/docview.wss?uid=swg21990551) [http://www-01.ibm.com/support/docview.wss?uid=swg21990551] 4. A restart of the Atlas application server will normally resolve the issue""},{""char_end"":675,""char_start"":0,""chunk_id"":""c3b798ac665e014e3467876645806ce27433a85354813db4026a0598ae4a6cf3"",""document_id"":""techqa-doc:corpus/swg21986318.txt"",""filename"":""swg21986318.txt"",""rank"":6,""text"":""Title: IBM Why does the transmission error is not recorded in Atlas for invalid email address ? - United States Text: atlas TECHNOTE (FAQ) QUESTION Why does the transmission error is not recorded in Atlas for invalid email address ? CAUSE You notice a matter exception is generated with the bounced back email for the corresponding notice even though Atlas did not flag transmission error. ANSWER When a SMTP server is setup to accept all the emails , both valid and invalid and does not flag an error at transmission time , there is no mechanism in Atlas to record as an error under Notices Sent tab in the Hold Notice if it is not flagged as error during transmission time.""},{""char_end"":593,""char_start"":0,""chunk_id"":""dc80fc11986fcd7ed2c51208b1f132226fa368d151c6396e1d88bfad4372cf76"",""document_id"":""techqa-doc:corpus/swg21982354.txt"",""filename"":""swg21982354.txt"",""rank"":7,""text"":""Title: IBM Server Error Message when running BIRT Reports after upgrading to Atlas 6.0.3.3 - United States Text: TECHNOTE (FAQ) QUESTION Why do we get server error message when running BIRT reports after upgrading to Atlas 6.0.3.3? CAUSE This happens when the BIRT Reports is running in Standalone mode and happens due to a new configuration - report.standalone.userid ANSWER 1. Navigate to Atlas Properties Folder 2. Edit AtlasReportConfig.properties 3. Uncomment the property #report.standalone.userid=1 4. Save the change 5. Restart both Atlas and Atlas Reports application server instances""},{""char_end"":1934,""char_start"":894,""chunk_id"":""8b1a7274fe28870da9885ec4de25f56839b289747c7b3f004036061bd9baae78"",""document_id"":""techqa-doc:corpus/swg21585104.txt"",""filename"":""swg21585104.txt"",""rank"":8,""text"":""the application, but you will not be able test any of the notice functionality. Once the change is made to the SMTPSERVER setting, you will need to restart the Atlas server. * A second approach is to change all the email addresses and alert settings. It is important to understand that email addresses for users are stored on both the PERSON table (notices) and USERPREFERENCES table (alerts). This approach will allow emails to still be sent from the test instance when needed, but prevent any of the original emails or alerts from being sent to production users. You will need to run the SQL statements in the attached scripts (updates_from_PROD_to_TEST_v3.zip and update_email_alerts.sql.zip). Restart the Atlas server after making the changes. The script will perform the following: * Replace the email addresses with a bogus email address extension. * Disable all the current notice reminders. * Disable all the alert email preferences. * Replace the alert email addresses with a bogus email address extension. * The attachment updates""},{""char_end"":1490,""char_start"":763,""chunk_id"":""959ef993c2a3ed64f603d4b5cce49631ae3a5fc6102866f620a3fd9350e3951c"",""document_id"":""techqa-doc:corpus/swg21985709.txt"",""filename"":""swg21985709.txt"",""rank"":9,""text"":"", and look at the \""Change Alert Rule\"" setting at the top of the page. Then, go to Admin > Change Alert Rules, find the alert rules being used, click \""Edit\"", and look for the \""Person Change Alert\"" section However, by doing this, you will also receive alerts for any truly new users to Atlas, not just reactivated one. Atlas doesn't have a way of differentiating between reactivated users and truly new users. To Atlas, they're the same thing: it's someone whose status column is \""Active\"" and it wasn't set to that before. You will have to decide which is more important: receiving person change alerts when a user is reactivated, or not receiving person change alerts when someone is newly entered into Atlas for the first time.""},{""char_end"":554,""char_start"":0,""chunk_id"":""9afcfbe3a07c4c9491a0a0bfe48d918f4f9bd12e582223e688342b58a362d652"",""document_id"":""techqa-doc:corpus/swg21668492.txt"",""filename"":""swg21668492.txt"",""rank"":10,""text"":""Title: IBM Approver not receiving emails when a hold notice is sent for approval - United States Text: Approver Hold Notices Preferences Alerts Pending Approval Atlas TECHNOTE (FAQ) QUESTION Why does the approver not receive any email notifications when a hold Notice is sent for approval in Atlas?, CAUSE Under Preferences for the approver, \""Send copy of My Alerts to my email address\"" option is set to No ANSWER 1. Edit the Preferences for the approver 2. Select the check box for \""Send copy of My Alerts to my email address\"" option. 3. Save and Close.""}]",phase03-sufficiency-annotation-v1,f2fe3f7f29b834d78fd7c79bf4d4a94faee43c658d89c48e386854123066802b,human_annotator_1,sufficient,Rank-1 is the exact technote with the reference cause verbatim (ORA-01628 max extents from MATTERPERFORMER_TEXT) and the fix steps beginning.,2026-08-25T03:39:00+05:30
phase03-annotation-blinded-v1,242dadd12a3599df327df97521181101b6fac7780b1e1dcfe9f9295d76d93a41,148,TRAIN_Q093,train,bm25,3,"Help with Security Bulletin: WMB & IIB are affected by Open Source Tomcat vulnerability (CVE-2016-3092)

I need to understand details regarding Security Bulletin: WebSphere Message Broker and IBM Integration Bus are affected by Open Source Tomcat vulnerability (CVE-2016-3092). Where can I find this information? ",answerable_with_reference,"CVEID: CVE-2016-3092 [http://cve.mitre.org/cgi-bin/cvename.cgi?name=CVE-2016-3092]
DESCRIPTION: Apache Tomcat is vulnerable to a denial of service, caused by an error in the Apache Commons FileUpload component. By sending file upload requests, an attacker could exploit this vulnerability to cause the server to become unresponsive.
CVSS Base Score: 5.3
CVSS Temporal Score: See https://exchange.xforce.ibmcloud.com/vulnerabilities/114336 [https://exchange.xforce.ibmcloud.com/vulnerabilities/114336] for the current score
CVSS Environmental Score*: Undefined
CVSS Vector: (CVSS:3.0/AV:N/AC:L/PR:N/UI:N/S:U/C:N/I:N/A:L)","[{""char_end"":844,""char_start"":0,""chunk_id"":""fee8e5a40c11e9ca1eb40738c97cb3cb2e569f0a451ee45959cc6f6a18f6b518"",""document_id"":""techqa-doc:corpus/swg21993043.txt"",""filename"":""swg21993043.txt"",""rank"":1,""text"":""Title: IBM Security Bulletin: WebSphere Message Broker and IBM Integration Bus are affected by Open Source Tomcat vulnerability (CVE-2016-3092) - United States Text: WMB IIB SECURITY BULLETIN SUMMARY WebSphere Message Broker and IBM Integration Bus are affected by Open Source Apache Tomcat vulnerability. VULNERABILITY DETAILS CVEID: CVE-2016-3092 [http://cve.mitre.org/cgi-bin/cvename.cgi?name=CVE-2016-3092] DESCRIPTION: Apache Tomcat is vulnerable to a denial of service, caused by an error in the Apache Commons FileUpload component. By sending file upload requests, an attacker could exploit this vulnerability to cause the server to become unresponsive. CVSS Base Score: 5.3 CVSS Temporal Score: See https://exchange.xforce.ibmcloud.com/vulnerabilities/114336 [https://exchange.xforce.ibmcloud.com/vulnerabilities/114336] for the current""},{""char_end"":908,""char_start"":0,""chunk_id"":""476d15591ac913e7268415808f674db03b2da1daab3173827ad48ad0302d01b2"",""document_id"":""techqa-doc:corpus/swg21685137.txt"",""filename"":""swg21685137.txt"",""rank"":2,""text"":""Title: IBM Security Bulletin: Websphere Message Broker and IBM Integration Bus are affected by Open Source Tomcat - United States Text: WMB IIB SECURITY BULLETIN SUMMARY Websphere Message Broker and IBM Integration Bus are affected by Open Source Tomcat reported in May 2014 X-Force Report . VULNERABILITY DETAILS Websphere Message Broker and IBM Integration Bus are affected by CVE-2014-0075 and CVE-2014-0099. CVE-ID: CVE-2014-0075 Description: Apache Tomcat is vulnerable to a denial of service, caused by the improper handling of a malformed chunk size as part of a chunked request. A remote attacker could exploit this vulnerability to cause a denial of service. CVSS Base Score: 5 CVSS Temporal Score: See https://exchange.xforce.ibmcloud.com/vulnerabilities/93365 [https://exchange.xforce.ibmcloud.com/vulnerabilities/93365] for more information CVSS Environmental Score*: Undefined CVSS Vector: (AV:N""},{""char_end"":912,""char_start"":0,""chunk_id"":""4db18971e9a314cfeb9cf1d609ffa487ca32536e52f45a009f31fa7bdfe5361f"",""document_id"":""techqa-doc:corpus/swg21697709.txt"",""filename"":""swg21697709.txt"",""rank"":3,""text"":""Title: IBM Security Bulletin: WebSphere Message Broker and IBM Integration Bus are affected by Open Source Tomcat vulnerability (CVE-2014-0227) - United States Text: WMB IIB SECURITY BULLETIN SUMMARY WebSphere Message Broker and IBM Integration Bus are affected by Open Source Apache Tomcat vulnerability. VULNERABILITY DETAILS CVEID: CVE-2014-0227 [http://cve.mitre.org/cgi-bin/cvename.cgi?name=CVE-2014-0227] DESCRIPTION: Apache Tomcat is vulnerable to HTTP request smuggling. A remote attacker could send a specially-crafted request in a malformed chunked header to the Web server to cause multiple processing conflicts on the servers. An attacker could exploit this vulnerability to poison the web cache, bypass web application firewall protection, and conduct XSS attacks. CVSS Base Score: 4.3 CVSS Temporal Score: See https://exchange.xforce.ibmcloud.com/vulnerabilities/100751 [https://exchange.xforce.ibm""}]",phase03-sufficiency-annotation-v1,f2fe3f7f29b834d78fd7c79bf4d4a94faee43c658d89c48e386854123066802b,human_annotator_1,sufficient,Rank-1 is the exact bulletin (swg21993043) with the CVE-2016-3092 description from the reference.,2026-08-25T03:40:00+05:30
phase03-annotation-blinded-v1,e90b0819ca3ef156b86477d3bb6d6a9c6434dfdefbda58d95b911373ac86d923,149,TRAIN_Q524,train,dense,1,"I have an issues with V701 SCSQAUTH/SCSQANLE and MQ V8, my batch jobs receiving an ABEND (ABN=102-00000000).

I have an issues with V701 SCSQAUTH/SCSQANLE and MQ V8, my batch jobs receiving an ABEND (ABN=102-00000000). ",answerable_with_reference,Correct the STEPLIB for the batch job to point to the V7.1.0 libraries.,"[{""char_end"":758,""char_start"":0,""chunk_id"":""6cdb96a999e40dabccc41f4b416cf8641ccd6df60dc402a831bfad82973e5546"",""document_id"":""techqa-doc:corpus/swg21647026.txt"",""filename"":""swg21647026.txt"",""rank"":1,""text"":""Title: IBM Batch job fails with ABEND 102 REASON 00000000 DUMP TITLE=CSQ1,ABN=102-00000000 ... Mismatch code levels - United States Text: TECHNOTE (TROUBLESHOOTING) PROBLEM(ABSTRACT) Your WebSphere MQ (WMQ) batch job abends with an abend 102 - 00000000 ABEND102 ABENDS102 S102 CAUSE One reason for Abend 102-00000000 - Mismatch in code levels between WMQ MSTR (Queue Manager) and the batch job The S102 is occurring as the batch job is running with V701 libraries (for example, SCSQAUTH dataset which contains CSQBSRV, CSQBCON etc) against a V710 queue manager. In order to run against a V710 queue manager the V710 libraries need to be used by the batch job. In order to connect to a V710 queue manager the application needs to run with a V710 SCSQAUTH. The""}]",phase03-sufficiency-annotation-v1,f2fe3f7f29b834d78fd7c79bf4d4a94faee43c658d89c48e386854123066802b,human_annotator_1,sufficient,"Single chunk is the exact technote: abend 102-00000000 from V701 SCSQAUTH libraries against a V710 queue manager, from which the reference STEPLIB correction follows.",2026-08-25T03:41:00+05:30
phase03-annotation-blinded-v1,c078eadd741806e2cdb54087d7a1c51b8887a0ffc51580c9f4c03aba448fec35,150,TRAIN_Q495,train,hybrid,10,"Is there a way to separate the application logging from WebSphere Application Server logging?



Currently the WebSphere error logs as well as the application error logs are printed in same file. The same case with system out logs. Our goal is to separate the application system error and out logs from WebSphere system logs.

If we are use log4j in the application for separating the logs what is the best way to do this?",answerable_with_reference,"In WAS V8.5, we added the application name to log and trace records stored using HPEL (High Performance Extensible Logging). Since HPEL lets you format and filter your log content after it has been persisted to the HPEL log/trace repository, this lets you decide if you want to see your application content on its own (helpful for uncluttered debug of an application), or together with the application server log/trace content (helpful to see impact of server on applications, and vice versa).","[{""char_end"":3140,""char_start"":2203,""chunk_id"":""e71d2282d458f0d23c31485827ab8fae5650d732a1b80694135d558522b6c924"",""document_id"":""techqa-doc:corpus/swg21995397.txt"",""filename"":""swg21995397.txt"",""rank"":1,""text"":""to intercept Log4J calls and forward them to the logging implementation of your choice. In order to integrate well with WAS logs/trace, we would recommend you bind your SLF4J/Logback API to map your log/trace content to JUL -- this will give you the ability to see your logs/trace in the WAS log/trace files, and enable you to have easy admin console control over all of your loggers. 3. How can I get WAS logs to go to syslog or the Windows EventLog? There are a number of places that users have asked to be able to direct logs to in the past. Most notably, a number of customers have asked for the ability to send logs to syslog. WebSphere Application Server sends all of its logs to java.util.logging (JUL), and customers can customize what happens to the log/trace events by way of using JUL Handlers. Once content is sent to JUL, it can be handled in a variety of flexible ways: 1) By default, we store the content in our log files,""},{""char_end"":1074,""char_start"":0,""chunk_id"":""5627d580f74602e606b0d30a7274153e5d5f08006ede4862bf12aed45df5d8ce"",""document_id"":""techqa-doc:corpus/swg21600456.txt"",""filename"":""swg21600456.txt"",""rank"":2,""text"":""Title: IBM Logging application changes do not take place - United States Text: logging properties; appenders; debug; logs TECHNOTE (TROUBLESHOOTING) PROBLEM(ABSTRACT) Logging settings applied via the logging application do reflect in system out logs and appender logs are not created. SYMPTOM After applying logging settings, no appender logs are created and no information is being written to the WebSphere system out logs as expected with the appender console CAUSE This is caused by a logging.properties existing in the maximo\\applications\\maximo\\properties folder which is overriding any database changes RESOLVING THE PROBLEM If you use the logging.properties file instead of the logging application in Maximo you will need to enable all your loggers manually in the logging.properties file. This will require the maximo.ear file to be rebuilt and redeployed each time you make a logging change If you want the changes to be made on the fly via Maximo, you will need to remove the logging.properties from the maximo\\applications\\maximo\\properties folder and rebuild and""},{""char_end"":1797,""char_start"":747,""chunk_id"":""be02c0e9e649af3271917dd0c5d608a0f583744274a2f11254550b98b718c43c"",""document_id"":""techqa-doc:corpus/swg21689115.txt"",""filename"":""swg21689115.txt"",""rank"":3,""text"":""profile_name>/logs. C:/IBM/WebSphere/AppServer/logs Each server within the logs folder has a sub folder and the FFDC logs are stored in the logs\\ffdc folder for the profile. So a copy of this folder, preferably in compressed format, is the easiest, most reliable way of gathering WebSphere logs since the JVM logs might be in multiple files. However, configuration options per server within WebSphere are available to adjust the JVM log location, size, and management strategy. Your gathering of WebSphere logs needs to take into account any customisation. Depending on the nature of the issue, the logs for each profile including the deployment manager might be necessary. To Configure JVM Verbose Garbage Collection Due to its low overhead and value in identifying performance issues with the JVM, it is recommended that Verbose GC is always enabled and monitored in production environments. In the WebSphere administrative console for each relevant server designated by <server_name>: 1. Go to Servers > Server Types > WebSphere application server""},{""char_end"":3825,""char_start"":2942,""chunk_id"":""ed3343257e3641d742a1f98417f6996852a1a33fb654d1cfdb432f27dedf138d"",""document_id"":""techqa-doc:corpus/swg21995397.txt"",""filename"":""swg21995397.txt"",""rank"":4,""text"":""what happens to the log/trace events by way of using JUL Handlers. Once content is sent to JUL, it can be handled in a variety of flexible ways: 1) By default, we store the content in our log files, such as SystemOut.log, trace.log, or the newer log and trace repositories of the High Performance Extensible Logging framework we added in WebSphere Application Server V8.0. We also send the log content over JMX notifications, which allows for remote access. 2) If customers want to send content to places like SMTP, syslog, event log, or a few other places, they can use SLF4J to route WAS logs to Log4J, and use the corresponding Log4J Appenders. In this configuration, WAS logging routes to java.util.logging, SLF4J's Handler routes the request to Log4J, and Log4J can be configured to write log records to a syslog Appender. 3) If users want to do something even more custom, they""},{""char_end"":1709,""char_start"":811,""chunk_id"":""0c98db12386717edd9258da61618762cfa6c9e7646042784eb0cc0043e33a409"",""document_id"":""techqa-doc:corpus/swg21995397.txt"",""filename"":""swg21995397.txt"",""rank"":5,""text"":""see The Support Authority: Using Jakarta Commons Logging (JCL) with WebSphere Application Server [https://www.ibm.com/developerworks/websphere/techjournal/0901_supauth/0901_supauth.html] 2. What are IBM recommendations regarding SLF4J and Logback? In general, we recommend that customers use JUL when possible/practical (as mentioned in The Support Authority: A developer's guide to WebSphere Application Server logging [http://www.ibm.com/developerworks/websphere/techjournal/0802_supauth/0802_supauth.html]). JUL provides a good, ubiquitous logging infrastructure, which is suitable for most applications, and integrates with WebSphere Application Server log and trace. Using JUL directly also avoids extra log/trace API \""hops\"" that are introduced by using other log/trace frameworks that map to JUL. The WAS logs are generated using JUL Handlers connected to the root JUL Logger. In case you don""},{""char_end"":2444,""char_start"":1498,""chunk_id"":""9f05ca08b83b1ee7963ebdfb7b8ad9e13a6f492ebea8486a5a21bd4b44c9083c"",""document_id"":""techqa-doc:corpus/swg21685463.txt"",""filename"":""swg21685463.txt"",""rank"":6,""text"":""name>\\logs\\<servername>” for each one of your application servers (JVMs). The IBM WebSphere SystemOut,log file will contain the most relevant information for system’s health from Application Server perspective. It is rolled out in daily basis, so you will see the previous history logs with this name formatting: SystemOut_YY.MM.DD_HH.MM.SS.log The IBM WebSphere SystemErr.log will contain relevant messages printed out by Application, typically regular operation warn and error messages, the most of them will not show up on SystemOut.log file. The IBM WebSphere native_stderr.log may contain the JVM Garbage Collection run information history, useful when tracking system’s performance and Out-of-Memory issues. This will only be recorded on this log if \""Verbose garbage collection\"" field is check marked on WebSphere Admin Console -> Application Servers -> <Your Server> -> Process definition -> Java Virtual Machine. [/support/docview.wss?uid""},{""char_end"":2407,""char_start"":1540,""chunk_id"":""187ce130369042e2a6dfab548db7a6c3dbc5a481cf9e5b451b635a45f55126bd"",""document_id"":""techqa-doc:corpus/swg21961172.txt"",""filename"":""swg21961172.txt"",""rank"":7,""text"":""the WebSphere Application Server Administrator console. ApplicationServer->YourServer ->Process definition->Java Virtual Machine->Java verbose GC (enabled) In this case, the native_stderr.log contains the GC logs. This can be found in the same directory as other JVM logs (e.g. SystemOut.log) For a standalone java application (e.g. BatchProcessor client for MDM) the GC logs can be generated by adding “–verbose:gc” option for JVM command line. The GC logs by default are written to stderr stream. These can be diverted to a specific log file by supplying JVM options. For example “-Xverbosegclog:/SOME_PATH/batch_gc.log” would save the logs to the specified path. captured at a point during execution. For example, the information can be about the operating system, the application environment, threads, stacks, locks, and memory. By default, a Javadump occurs when""},{""char_end"":1008,""char_start"":0,""chunk_id"":""0f91d95745a175f43e052c8006f9586e8881e9f350d124f888608a6a787df711"",""document_id"":""techqa-doc:corpus/swg27040423.txt"",""filename"":""swg27040423.txt"",""rank"":8,""text"":""Title: IBM Instructions for Generating Trace Logs for both FileNet P8 Content Platform Engine and IBM Connections Waltz - United States Text: WHITE PAPER ABSTRACT You can configure log4j to generate trace logs for both FileNet P8 Content Platform Engine and IBM Connections Waltz at the same time. CONTENT Starting with FileNet P8 version 5.2, IBM Connections Waltz comes bundled with FileNet P8 Content Platform Engine (CPE). If standard logging procedures are followed, the logs for both CPE and Waltz cannot be generated at the same time. This white paper shows how to generate CPE and Waltz logs concurrently. It comes with an attached log4j.xml file, which you can use as a starting point. Screen shots are based on IBM® WebSphere® Application Server 7.0. Configuration Steps 1) Download the attached log4j.xml file and save it in the c:\\temp folder. The file contains log4j settings for both CPE and Waltz. 2) On the WebSphere server that hosts the FileNet P8 Content Platform Engine, add the following""},{""char_end"":875,""char_start"":0,""chunk_id"":""7016f32731803159e6af929b7a640123145c330a14d57bd66941d2582d225194"",""document_id"":""techqa-doc:corpus/swg21974670.txt"",""filename"":""swg21974670.txt"",""rank"":9,""text"":""Title: IBM Generating logs for ICN client and ICN server - United States Text: ICN Client Server Browser debugging TECHNOTE (FAQ) QUESTION How do you generate logs for IBM Content Navigator (ICN) client and ICN server? ANSWER To gather logs from both ICN client and server, do the following: 1. IBM Content Navigator server logging: Go to Settings tab in the administration tool, in the Logging sub-tab, set the level of logging information to write to the server log file. Logging is written to the IBM WebSphere® Application Server SystemOut.log file. 2. IBM Content Navigator client logging: On the client PC enable Java Script logging by accessing ICN with the following URL: http://<server:port>/navigator/?debug=true&useConsole=false&logLevel=4 Ex: http://cm1:9080/navigator/?debug=true&useConsole=false&logLevel=4 or specify the desktop that is not the default desktop""},{""char_end"":2525,""char_start"":1526,""chunk_id"":""51ff05f923ac5ea56be99986db664b85fb935cbe9fcb23470dd8dbd7b174b5be"",""document_id"":""techqa-doc:corpus/swg21999399.txt"",""filename"":""swg21999399.txt"",""rank"":10,""text"":""slogs may not capture everything you are expecting. The syslog will get its information from the system.log. It does not look like it will capture things from the http.log like if there is a BP queue threshold. It does not look like the syslog is a catch all log if that is what is expected. 2. With turning logging on there is a possibility of a performance hit because with logs in debug it is writing more information out. We cannot guarantee that additional overhead will not occur. From the SSP side: 1. If we choose to write to the syslogs does the information get written to both the syslogs and our current application logs? **** Yes it does, we still write out information our logs depending on your logging level settings. 2. Any idea of additional overhead, performance hit or degradation when the syslogs are being written to as well as the regular application logs? **** Not sure if there is a lot of overhead, but we are writing data out so that does take away from available resources""}]",phase03-sufficiency-annotation-v1,f2fe3f7f29b834d78fd7c79bf4d4a94faee43c658d89c48e386854123066802b,human_annotator_1,insufficient,"Guide-aligned flip: bundle covers JUL handlers, HPEL existence, and log4j/SLF4J integration but omits the material core of the benchmark answer (application-name filtering in WAS 8.5 HPEL).",2026-08-25T03:42:00+05:30
