schema_version,sample_id,blind_order,question_id,split,retrieval_strategy,k,question,benchmark_status,benchmark_answer,retrieved_context_json,annotation_guideline_version,annotation_guideline_sha256,annotator_id,manual_label,rationale,annotation_timestamp
phase03-final-confirmation-blinded-v1,c78abe661ace214ea5b5495b4a4374265b769f7ad7d9087ddd4bb4f3ca79b4b7,1,TRAIN_Q545,train,dense,10,"Netcool/Impact 6.1.0: SelfMonitoring events are being incorrectly cleared by OMNIbus GenericClear Automation

Netcool/Impact 6.1.0: SelfMonitoring events are being incorrectly cleared by OMNIbus GenericClear Automation

When there are multiple SelfMonitoring events reporting stopped Impact Services and one of those Impact Services is restarted the resolution event is used by the OMNIbus GenericClear (and DeleteClears) Automations to delete ALL the events. ",answerable_with_reference,"The easy solution at this time is to upgrade to Fix Pack 1 or higher. One could go to the extremes of creating a PolicyActivator, polling at a higher rate than the GenericClear Automation, to run a Policy to pick-up these events, pull out the Service name from the Summary field and append it to the Agent field of the events so that the GenericClear Automation can uniquely identify and correlate Problem and Resolution events.","[{""char_end"":954,""char_start"":0,""chunk_id"":""27cbb8b91d2fdee2126c25cd3effccf6f0d0a9844601c1b224a502d0b1de5dec"",""document_id"":""techqa-doc:corpus/swg21579319.txt"",""filename"":""swg21579319.txt"",""rank"":1,""text"":""Title: IBM SelfMonitoring events incorrectly cleared - United States Text: netcool; impact; netcool/impact; nci; 610; self; monitoring; selfmonitoring; service; event; events; problem; resolution; clear; clears; generic; genericclear; delete; deleteclears; automation; object; server; objectserver; objserv; nco; omnibus TECHNOTE (TROUBLESHOOTING) PROBLEM(ABSTRACT) All SelfMonitoring Service problem (Service stopped) events are cleared by GenericClear if any single resolution (Service started) event is created SYMPTOM A Service is stopped and a SelfMonitoring (problem) event is sent to the ObjectServer. Another Service is stopped and that too creates a SelfMonitoring (problem) event in the ObjectServer. The second Service is then restarted and SelfMonitoring sends a resolution (Service started) events to the ObjectServer and this results in BOTH Service stopped events being set to Severity 0. CAUSE SelfMonitoring Service events do not include""},{""char_end"":2307,""char_start"":1575,""chunk_id"":""ddca24a15c8b5d57b0d5707e981803e812837194df7487ed9e2013c9aa2fd07f"",""document_id"":""techqa-doc:corpus/swg21579319.txt"",""filename"":""swg21579319.txt"",""rank"":2,""text"":""ivator, polling at a higher rate than the GenericClear Automation, to run a Policy to pick-up these events, pull out the Service name from the Summary field and append it to the Agent field of the events so that the GenericClear Automation can uniquely identify and correlate Problem and Resolution events. This problem is recorded by APAR IV13297 \""ALERTKEY VALUE FOR SELFMONITORING (SERVICE) EVENTS DOES NOT INCLUDE SERVICE DETAILS, SO GENERICCLEAR CLEARS ALL SUCH EVENTS.\"" [link below] and is fixed in IBM Tivoli Netcool/Impact V6.1.0 Fix Pack 1 (6.1.0-TIV-NCI-FP0001) [link below] and above. RELATED INFORMATION APAR IV13297 [http://www-01.ibm.com/support/docview.wss?uid=swg1IV13297] 6.1.0-TIV-NCI-FP0001 [http://www-01.ibm.com/""},{""char_end"":1459,""char_start"":786,""chunk_id"":""7e95edf2457d90ba874cca09ad38f64c7dd69165c322e2b91d0b42a870072f0a"",""document_id"":""techqa-doc:corpus/swg1IZ06288.txt"",""filename"":""swg1IZ06288.txt"",""rank"":3,""text"":""************************************** Steps to replicate: 1) Configure Impact Server 2) Configure SelfMonitoring Service 3) Run SelfMonitoring Service Observe the Excpetion in netcoo.log file java.lang.NullPointerException at com.micromuse.reponse.common.SQLHandler.processBeforeInsert(SQL Handler.java: 739) PROBLEM CONCLUSION * Fixed in Impact 4.0.1 Interim Fix 1 4.0.1-TIV-NCI-IF0001 TEMPORARY FIX COMMENTS APAR INFORMATION * APAR NUMBER IZ06288 * REPORTED COMPONENT NAME NETCOOL/IMPACT * REPORTED COMPONENT ID 5724O59IS * REPORTED RELEASE 400 * STATUS CLOSED PER * PE NoPE * HIPER NoHIPER * SPECIAL ATTENTION NoSpecatt * SUBMITTED DATE 2007-10-10 * CLOSED DATE 2007-10""},{""char_end"":893,""char_start"":0,""chunk_id"":""4f5f98bfe82bbd2b8b874c20b56c4a5ea46e24340a3625edd35305fec818cef6"",""document_id"":""techqa-doc:corpus/swg21970833.txt"",""filename"":""swg21970833.txt"",""rank"":4,""text"":""Title: IBM Some OMNIbus events are not being processed by Netcool Impact. - United States Text: EventReader; Netcool; Impact; Deviant TECHNOTE (TROUBLESHOOTING) THIS DOCUMENT APPLIES ONLY TO THE FOLLOWING LANGUAGE VERSION(S): English PROBLEM(ABSTRACT) Events are being missed because of the StateChange on the ObjectServer doesn't consider the milliseconds and Netcool Impact does. RESOLVING THE PROBLEM To resolve this issue is the following: 1. Increase the polling time of the EventReader on Netcool Impact by 12000 or 15000 and to use Impact flags. 2. If option number 1 doesn't solve the issue, then you can add a new deviant field to the EventReader. The deviant fields by default the EventReader uses are: Serial,ServerName,ServerSerial,StateChange,LastOccurrence,InternalLast. To add a another deviant field to the EventReader you add to the $IMPACT_HOME/etc/<your-instance-name>_event""},{""char_end"":555,""char_start"":0,""chunk_id"":""2a526eeb4cd8fdc3da0f15bb68d0b79b0c398462d206cacad7007e3e141ce208"",""document_id"":""techqa-doc:corpus/swg1IZ06288.txt"",""filename"":""swg1IZ06288.txt"",""rank"":5,""text"":""Title: IBM IZ06288: KNOWN ISSUE INTRODUCED WITH NETCOOL/IMPACT 4.0.1 THAT \""BREAKS\"" SELF MONITORING - United States Text: SUBSCRIBE You can track all active APARs for this component. APAR STATUS * CLOSED AS PROGRAM ERROR. ERROR DESCRIPTION * Self Monitoring synthetic events are not generated LOCAL FIX * Fixed by Test Fix 0002 PROBLEM SUMMARY * **************************************************************** * USERS AFFECTED: All Netcool/Impact Users who are using * * SelfMonitoring Service * ***********************************************************""},{""char_end"":5793,""char_start"":4831,""chunk_id"":""c384e6fe667ed4ce7f913ed8156fe7086bfd4b664e747b668d9920258e341030"",""document_id"":""techqa-doc:corpus/swg1IV13297.txt"",""filename"":""swg1IV13297.txt"",""rank"":6,""text"":""ObjectServer GenericClear Automation (problem/resolution) action cannot distinguish between individual Service events and all Problem events are cleared by any single Resolution event. LOCAL FIX * N/A PROBLEM SUMMARY * SelfMonitoring Service Monitoring events are being incorrectly handled by the ObjectServer GenericClear Automation. Starting one Service will resolve ALL stopped Service events. PROBLEM CONCLUSION * Updated AlertKey to include Service name |Fix Pack|6.1.0-TIV-NCI-FP0001 TEMPORARY FIX COMMENTS APAR INFORMATION * APAR NUMBER IV13297 * REPORTED COMPONENT NAME NETCOOL/IMPACT * REPORTED COMPONENT ID 5724O59IS * REPORTED RELEASE 610 * STATUS CLOSED PER * PE NoPE * HIPER NoHIPER * SPECIAL ATTENTION NoSpecatt / Xsystem * SUBMITTED DATE 2012-01-17 * CLOSED DATE 2012-02-10 * LAST MODIFIED DATE 2012-02-10 * APAR IS SYSROUTED FROM ONE OR MORE OF THE FOLLOWING: * APAR IS SYSROUTED TO ONE OR MORE OF THE FOLLOWING: FIX INFORMATION * FIXED COMPONENT""},{""char_end"":1786,""char_start"":711,""chunk_id"":""383ced546df50b9aad5a340baafcaf36f73418a170c592b66c9ffc25ec0c20ce"",""document_id"":""techqa-doc:corpus/swg21579319.txt"",""filename"":""swg21579319.txt"",""rank"":7,""text"":""The second Service is then restarted and SelfMonitoring sends a resolution (Service started) events to the ObjectServer and this results in BOTH Service stopped events being set to Severity 0. CAUSE SelfMonitoring Service events do not include any details of the Service in question in the fields used by the GenericClear Automation in the ObjectServer to uniquely identify and correlate Problem and Resolution events - so any single SelfMonitoring Service Resolution event will correlate with ALL SelfMonitoring Service Problem events and set the Severity to 0 for the DeleteClears Automation to mop up. DIAGNOSING THE PROBLEM SelfMonitoring Service events for known stopped Services are vanishing when they shouldn't. RESOLVING THE PROBLEM The easy solution at this time is to upgrade to Fix Pack 1 or higher. One could go to the extremes of creating a PolicyActivator, polling at a higher rate than the GenericClear Automation, to run a Policy to pick-up these events, pull out the Service name from the Summary field and append it to the Agent field of the events so that""},{""char_end"":933,""char_start"":0,""chunk_id"":""18528a13fa4c1db42872084303ccccb187f712944098fea8b7c4ea32df4fd4de"",""document_id"":""techqa-doc:corpus/swg21459392.txt"",""filename"":""swg21459392.txt"",""rank"":8,""text"":""Title: IBM EventReader filters out Class 10500 event by default - United States Text: netcool; impact; netcool/impact; nci; class; event; reader; eventreader; self; monitoring; selfmonitoring; filter; restriction; sql; control; define TECHNOTE (FAQ) QUESTION The factory settings of Impact means it does not collect events with a Class field value of 10500. Why and how to stop this? ANSWER The general assumption is that you do not want to attempt enriching the default Impact generated events from SelfMonitoring. But one can disable this part of the Filter by ticking the \""Get status events\"" radio button: * * [/support/docview.wss?uid=swg21459392&amp;aid=1] This will enable you to capture these events and respond to them through an appropriate Policy. As such one should only employ this option if one is using SelfMonitoring and one wishes to capture the SelfMonitoring generated events for some form of additional processing.""},{""char_end"":2149,""char_start"":1390,""chunk_id"":""301339f243aabfc575c098358b57bb2e67bcf8eed7ede1373a95c6809fe813d8"",""document_id"":""techqa-doc:corpus/swg1IV87550.txt"",""filename"":""swg1IV87550.txt"",""rank"":9,""text"":""FP0011) [http://www-01.ibm.com/support/docview.wss?uid=swg24043858] IBM Tivoli Netcool/Impact V7.1.0 Fix Pack 12 (7.1.0-TIV-NCI-FP0012) [http://www-01.ibm.com/support/docview.wss?uid=swg24044312] SUBSCRIBE You can track all active APARs for this component. APAR STATUS * CLOSED AS PROGRAM ERROR. ERROR DESCRIPTION * product: netcool/Impact Release: 7.1.0. problem: - SelfMonitoring Service Status Not Creating events service is stopped and started, no self monitoring event is sent to the objectserver. - verified selfmonitoriing is configured and working for other types of monitoring. - impact and object server also working together normally for other events, just selfmonitoring service status events missing. - there are no error message for this problem""},{""char_end"":791,""char_start"":0,""chunk_id"":""c5df6d1d4658a0615af8399ea6e3651c5e38b02e649ee5f0515265b827e1cd15"",""document_id"":""techqa-doc:corpus/swg21685816.txt"",""filename"":""swg21685816.txt"",""rank"":10,""text"":""Title: IBM Tivoli Netcool/Impact: services processed by the event processor - United States Text: event processor TECHNOTE (TROUBLESHOOTING) PROBLEM(ABSTRACT) The current Netcool/Impact v5.1.1 documentation has the following statement: The event processor is the service responsible for managing events coming into Tivoli Netcool/Impact through the event reader, event listener, and e-mail reader services. SYMPTOM The event processor does not read events from e-mail reader. RESOLVING THE PROBLEM The following statement is the corrected version. The event processor is the service responsible for managing events coming into Tivoli Netcool/Impact through the following services: * OMNIbusEventReader * DatabaseEventReader * JMSMessageListener * OMNIbusEventListener * DatabaseEventListener""}]",phase03-sufficiency-annotation-v1,f2fe3f7f29b834d78fd7c79bf4d4a94faee43c658d89c48e386854123066802b,,,,
phase03-final-confirmation-blinded-v1,51cfbbe00046286dfa3c705a42477eb29cabda16d10f600b3865f32b6bbf47a5,2,TRAIN_Q406,train,dense,5,"Security Bulletin: Multiple vulnerabilities in IBM Java Runtime affect API Connect

I need to understand details regarding Security Bulletin: Multiple vulnerabilities in IBM Java Runtime affect API Connect ( CVE-2016-5548). Where can I find this information? ",answerable_with_reference,"CVEID: CVE-2016-5548 [http://cve.mitre.org/cgi-bin/cvename.cgi?name=CVE-2016-5548]
DESCRIPTION: An unspecified vulnerability related to the Libraries component could allow a remote attacker to obtain sensitive information resulting in a high confidentiality impact using unknown attack vectors.
CVSS Base Score: 6.5
CVSS Temporal Score: See https://exchange.xforce.ibmcloud.com/vulnerabilities/120864 [https://exchange.xforce.ibmcloud.com/vulnerabilities/120864] for the current score
CVSS Environmental Score*: Undefined
CVSS Vector: (CVSS:3.0/AV:N/AC:L/PR:N/UI:R/S:U/C:H/I:N/A:N)","[{""char_end"":1679,""char_start"":1013,""chunk_id"":""8f6b87ae4817fc2a4295bfd139609b42e7251199678d2a2a58a9b908fab245e6"",""document_id"":""techqa-doc:corpus/swg21882549.txt"",""filename"":""swg21882549.txt"",""rank"":1,""text"":""security bulletins. VULNERABILITY DETAILS Consult the security bulletins for IBM Tivoli System Automation for Multiplatforms for vulnerability details and information about fixes. * Security Bulletin: Multiple vulnerabilities in IBM Java SDK affect IBM Tivoli System Automation for Multiplatforms (CVE-2016-0466, CVE-2015-7575) [http://www-01.ibm.com/support/docview.wss?uid=swg21977127] * Security Bulletin: Multiple vulnerabilities in IBM Java SDK affect IBM Tivoli System Automation for Multiplatforms (CVE-2015-4872, CVE-2015-4911, CVE-2015-4893, CVE-2015-4803, CVE-2015-4734, CVE-2015-5006) [http://www.ibm.com/support/docview.wss?uid=swg21971479&myns=swgtiv&my""},{""char_end"":856,""char_start"":0,""chunk_id"":""337ca2300070698c6d710bd6ad409eec268d0a116ab3a703354a60043b80b20a"",""document_id"":""techqa-doc:corpus/swg22008382.txt"",""filename"":""swg22008382.txt"",""rank"":2,""text"":""Title: IBM Security Bulletin: Multiple vulnerabilities in IBM Java Runtime affect API Connect - United States Text: SECURITY BULLETIN SUMMARY There are multiple vulnerabilities in IBM® Runtime Environment JavaTM used by IBM API Connect. These issues were disclosed as part of the IBM Java SDK updates in July 2017. VULNERABILITY DETAILS CVEID: CVE-2017-10115 [http://cve.mitre.org/cgi-bin/cvename.cgi?name=CVE-2017-10115] DESCRIPTION: An unspecified vulnerability in Oracle Java SE related to the Java SE, Java SE Embedded, JRockit JCE component could allow an unauthenticated attacker to obtain sensitive information resulting in a high confidentiality impact using unknown attack vectors. CVSS Base Score: 7.5 CVSS Temporal Score: See https://exchange.xforce.ibmcloud.com/vulnerabilities/128876 [https://exchange.xforce.ibmcloud.com/vulnerabilities/12887""},{""char_end"":872,""char_start"":0,""chunk_id"":""3bcba239d49b09d6b0dbc5b2edfa14770746d91079322ba4b303d363f14e7b20"",""document_id"":""techqa-doc:corpus/swg21971454.txt"",""filename"":""swg21971454.txt"",""rank"":3,""text"":""Title: IBM Security Bulletin: Multiple vulnerabilities have been identified in IBM Java SDK October 2015 CPU shipped with IBM WebSphere Portal ( CVE-2015-4872; CVE-2015-4840; CVE-2015-4734; CVE-2015-5006 ) - United States Text: SECURITY BULLETIN SUMMARY IBM Java SDK October 2015 CPU shipped as component of IBM WebSphere Portal. Information about a security vulnerability affecting IBM Java SDK October 2015 CPU has been published in a security bulletin. VULNERABILITY DETAILS Consult the security bulletin Security Bulletin: Multiple vulnerabilities in IBM® Java SDK affect WebSphere Application Server October 2015 CPU [https://www-304.ibm.com/support/docview.wss?uid=swg21969620] [https://www-304.ibm.com/support/docview.wss?uid=swg21969620] for vulnerability details and information about fixes. DESCRIPTION:This bulletin covers all applicable Java SE CVE's published""},{""char_end"":844,""char_start"":0,""chunk_id"":""7a516eb9eb2b5b7a01473df68328f4c836699acd5e84894833ab3d0877e1edc6"",""document_id"":""techqa-doc:corpus/swg22006126.txt"",""filename"":""swg22006126.txt"",""rank"":4,""text"":""Title: IBM Security Bulletin: Multiple vulnerabilities in IBM Java Runtime affect API Connect - United States Text: SECURITY BULLETIN SUMMARY There are multiple vulnerabilities in IBM® Runtime Environment JavaTM used by IBM API Connect. These issues were disclosed as part of the IBM Java SDK updates in January 2017 and April 2017. VULNERABILITY DETAILS CVEID: CVE-2016-5546 [http://cve.mitre.org/cgi-bin/cvename.cgi?name=CVE-2016-5546] DESCRIPTION: An unspecified vulnerability related to the Libraries component has no confidentiality impact, high integrity impact, and no availability impact. CVSS Base Score: 7.5 CVSS Temporal Score: See https://exchange.xforce.ibmcloud.com/vulnerabilities/120869 [https://exchange.xforce.ibmcloud.com/vulnerabilities/120869] for the current score CVSS Environmental Score*: Undefined CVSS Vector: (CVSS:3""},{""char_end"":907,""char_start"":0,""chunk_id"":""17e34e025c2bb4cd3db067ff828a53746c6c3739db0f5b115d7cf422ca8bbfef"",""document_id"":""techqa-doc:corpus/swg22016387.txt"",""filename"":""swg22016387.txt"",""rank"":5,""text"":""Title: IBM Security Bulletin: Multiple vulnerabilities in IBM Java Runtime affect IBM Integration Bus and WebSphere Message Broker - United States Text: SECURITY BULLETIN SUMMARY There are multiple vulnerabilities in IBM® SDK JavaTM Technology Edition, Version 8.0.5.5 and IBM® Runtime Environment JavaTM Versions 7.0.10.15 & 7.0.10.10 used by IBM Integration Bus. These issues were disclosed as part of the IBM Java SDK updates in January 2018. VULNERABILITY DETAILS If you run your own Java code using the IBM Java Runtime delivered with this product, you should evaluate your code to determine whether the complete list of vulnerabilities are applicable to your code. For a complete list of vulnerabilities please refer to the link for “IBM Java SDK Security Bulletin\"" located in the “References” section for more information. CVEID: CVE-2018-2579 [http://cve.mitre.org/cgi-bin/cvename.cgi?name=CVE-2018-""}]",phase03-sufficiency-annotation-v1,f2fe3f7f29b834d78fd7c79bf4d4a94faee43c658d89c48e386854123066802b,,,,
phase03-final-confirmation-blinded-v1,08e3a58ea16f0e03e64317ded346a703d8eb4cfabc40ef313437dcd928dbc180,3,TRAIN_Q590,train,bm25,5,"Why is RPT script for secure application failing during RRT agent playback with URL Unavailable ?



In the ITCAM for Transactions, Robotic Response Time agent (t6) - the Rational Performance Tester (RPT) scripts playback is failing for specific secure applications (ones that use https). The scripts which invoke the http URLs work fine.

The TEP workspace Robotic Response Time -> Playback Status->Robotic Script Verification Point Failures shows following Event Types for the RPT Script when it fails:

         Script Type                                    Event Type
         
         Rational Performance Tester    HTTP Return Code
         Rational Performance Tester    Content Failure
         Rational Performance Tester    URL Unavailable Failure

What could be causing the https URLs to fail, and how to resolve this?
",answerable_with_reference,"SSL (Secure Sockets Layer) and TLS (Transport Layer Security) are transport layer protocols. Ciphers implement security by providing the encryption mechanism. 

TLS is the new protocol. SSL protocol got up to version 3.0. In effect, TLS 1.0 is SSL 3.1. Currently, TLS versions include TLS 1.1 and 1.2. Each new version adds new features and modifies internal details. 

Whether the RRT agent supports TLS1.1/1.2 depends on whether the underlying JRE supports TLS 1.1/1.2. The JRE that supports the RRT agent and the JRE that supports RPT workbench must both support the same version of TLS and the same ciphers.","[{""char_end"":938,""char_start"":0,""chunk_id"":""6a71933013c48ef36b4cea792adf17c406d5cf078045c07173e5562c036d3a2b"",""document_id"":""techqa-doc:corpus/swg21455271.txt"",""filename"":""swg21455271.txt"",""rank"":1,""text"":""Title: IBM Think Time values in use for playback of RPT scripts on RRT T6 agent - United States Text: 71RRT-RPTPLAY TECHNOTE (FAQ) QUESTION Describe the various values, or rules, that apply on the Think Time and that is applicable to each sub transaction, when a RPT script is played back by the RRT ITCAM for Transactions agent. CAUSE Depending on the type of Rational Performance Tester RPT test script (http, Citrix, sap...) different Think Time value is in use and applies to each sub transaction, during the script playback by the Robotic Response Time T6 ITCAMfTx agent ANSWER - for RPT HTTP/HTTPS script (including BSD script), during playback on RRT T6 ITCAM agent, all Think Time values for each sub transaction recorded in the script are set to 0 sec. - for RPT SAP GUI script, during playback on RRT T6 ITCAM agent, all Think Time values for each sub transaction recorded in the script are set to 1 sec. - for RPT CITRIX script""},{""char_end"":904,""char_start"":0,""chunk_id"":""1dfbe8b9236327d53fc8cc3ec1e89a8bb8be27c94845dc323e30f2ca2d16ec75"",""document_id"":""techqa-doc:corpus/swg21608733.txt"",""filename"":""swg21608733.txt"",""rank"":2,""text"":""Title: IBM RRT fails to playback RPT script with certificate - United States Text: 71INS-RRT; 71RRT-RPTPLAY; 71RRT-RPTTS; RPXE5103I; rational performance tester; robotic response time; itcam for transactions; 5724s79rr TECHNOTE (TROUBLESHOOTING) PROBLEM(ABSTRACT) When RRT (T6) agent plays back a RPT HTTPS Script that involves a client certificate, playback fails. SYMPTOM 1. Within RPT (Rational Performance Tester) Workbench, recorded HTTPS script fails to playback 2. HTTPS script works in RPT Workbench, but fails to playback when exported to the RRT (Robotic Response Time) T6 agent 3. A recorded script that previously worked now fails after updating its certificate (under scenario #1 or #2). CAUSE By default, a JRE (Java Runtime Environment) does not allow unlimited strength encryption to be used. The exact default cryptographic strength allowed depends on the version of JRE shipped. When an""},{""char_end"":760,""char_start"":0,""chunk_id"":""c8ace1c594309f0c6ed2cda0260f033e8673a8c8d5ddcc4ef40b674b11b8673f"",""document_id"":""techqa-doc:corpus/swg21580748.txt"",""filename"":""swg21580748.txt"",""rank"":3,""text"":""Title: IBM ITCAMfT - RRT (T6) RPT Kerberos HTTP test script playback - high response time - United States Text: 71RRT-RPTREC; 71RRT-RPTPLAY; 71RRT-RPTRPTG; 71RRT-RPTWV; 71RRT-RPTTS; 71RRT-RPTG; 71RRT-WV; 71RRT-TS; rpt; rational performance tester; kerberos TECHNOTE (TROUBLESHOOTING) PROBLEM(ABSTRACT) RPT V8.2 HTTP test scripts using Kerberos authentication are showing very high Overall Time in ITCAM for Transactions 7.3 TEP Robotic \""Response Time breakdown\"" workspace views. Most of the unexpected time is reported as Client Time. CAUSE T6 robotic agent is using a krb5.ini file provided by the RPT test script that uses UDP protocol by default ENVIRONMENT Windows RRT (T6) agent, RPT, Kerberos server and authentication DIAGNOSING THE PROBLEM Use Wireshar""},{""char_end"":978,""char_start"":0,""chunk_id"":""e6e4b0e19b317f42cf2e786ff5814055e7ae60c875731ad2984a45f6225d12cb"",""document_id"":""techqa-doc:corpus/swg21498401.txt"",""filename"":""swg21498401.txt"",""rank"":4,""text"":""Title: IBM ITCAM4Tx : robotic RRT T6 integration with RPT and ARM - United States Text: 71RRT-RPTPLAY TECHNOTE (FAQ) QUESTION Describe how the Robotic Response Time \""T6\"" agent integrates with Rational Performance Tester (RPT) in order to playback RPT scripts, and produce response time and availability data in TEP portal. CAUSE n/a ANSWER RRT T6 agent launches RPT based script/test playback engine in a Java Virtual Machine JVM, and each unique RPT runtime version (associated to each script) will get a new JVM. When tests/scripts are scheduled for playback, the scripts/tests get loaded into the JVM and go through the traditional playback process that would occur when a script is executed in RPT Workbench. When the scripts/tests are getting played back, they report response time and availability data through ARM (Application Response Measurement) API calls and this data gets collected and processed by the RRT T6 agent. The ARM calls for the scripts/tests are directly""},{""char_end"":854,""char_start"":0,""chunk_id"":""99c0845c276fe172431ff4e03f79eb2f9af0aad1000a74c925e6977500a49e68"",""document_id"":""techqa-doc:corpus/swg21469945.txt"",""filename"":""swg21469945.txt"",""rank"":5,""text"":""Title: IBM ITCAM4Tx - Robotic RPT - script with digital certificate RCS file playback fails - United States Text: RPXE5103I GENERIC_FAILURE 71INS-RRT 71RRT-RPTPLAY 71RRT-RPTTS TECHNOTE (TROUBLESHOOTING) PROBLEM(ABSTRACT) Using ITCAMfTx, RPT script playback on Robotic (T6) agent, where the test script includes a digital certificate .rcs file, fails with error, and violated value is seen in ITM TEP Robotic Playback workspace. SYMPTOM Following error messages are seen in CBE \""CommonBaseEventXX.log\"" files on the RRT (T6) agent, after Rational Performance Tester (RPT) script playback was attempted and failed. CBE logs are located under : ./TMAITM6/app/RPT/ runtime directory, once CBE log tracing has been enabled in the RRT (T6) agent properties files. (remark : procedure for enabling extra tracing and generating CBE logs for RPT script playback on""}]",phase03-sufficiency-annotation-v1,f2fe3f7f29b834d78fd7c79bf4d4a94faee43c658d89c48e386854123066802b,,,,
phase03-final-confirmation-blinded-v1,3517f50cd15e3512b4d39cf79ee74b8800525c5b78f750eb8e9aeec1a927d358,4,TRAIN_Q537,train,bm25,1,"Netcool/Impact 6.1.0: How to change the HSQLDB password?

Netcool/Impact 6.1.0: How to change the HSQLDB password?",answerable_with_reference,"SET PASSWORD
 * 
 * 
 * SET PASSWORD <password>;
 * 
 * 
 * Changes the password of the currently connected user.","[{""char_end"":908,""char_start"":0,""chunk_id"":""f442b094bbb0da4596e27607896b5bb1fe7f5a75e0e3cf83d1bf2e2cde0fb356"",""document_id"":""techqa-doc:corpus/swg21967958.txt"",""filename"":""swg21967958.txt"",""rank"":1,""text"":""Title: IBM Change HSQLDB password - United States Text: netcool; impact; netcool/impact; nci; hsql; database; data; base; db; hsqldb; pass; word; password; pw; sa; system; admin; systemadmin; security; sec; authentication; auth; vulnerable; vulnerability; change; alter; update TECHNOTE (FAQ) QUESTION The default password does not fulfil corporate security requirements. CAUSE The default password is blank ANSWER Looking into guides for this third party software shows HSQLDB command line capability as being: * * SET PASSWORD * * * SET PASSWORD <password>; * * * Changes the password of the currently connected user. Password must be double quoted. Empty password can be set using \""\"". An example of changing the password in HSQLDB as above by connecting to the database: * * * * * and issuing the command: * quitting: * and logging back in with the new password: * * * * * The above example login uses the""}]",phase03-sufficiency-annotation-v1,f2fe3f7f29b834d78fd7c79bf4d4a94faee43c658d89c48e386854123066802b,,,,
phase03-final-confirmation-blinded-v1,55760b4b77c9ef1548ce5277223ad08800df685042b483055300c446fe8f4982,5,TRAIN_Q193,train,dense,5,"IBM Security announces a new online Support experience that is coming soon!

What is happening online for IBM License Metric Tool customers? ",answerable_with_reference,"In addition to the recently announced LMT forum process [http://ibm.biz/ILMTforumAnnounce], we are excited to announce that we are launching a new online Support experience. Most IBM Security products, including IBM License Metric Tool, will go live with this new technology at the end of October, 2017.","[{""char_end"":1060,""char_start"":0,""chunk_id"":""243edb5d8df39b4af6a5a16da1928f558d1841e6675053b0c981ff43d9191b49"",""document_id"":""techqa-doc:corpus/swg22009938.txt"",""filename"":""swg22009938.txt"",""rank"":1,""text"":""Title: IBM New IBM License Metric Tool online Support experience! - United States Text: NEWS ABSTRACT IBM Security Support announced in October, 2017, that changes to your online IBM License Metric Tool (ILMT) Support experience were coming. See below for the text of the mailing to that was sent to Support customers. CONTENT Dear IBM License Metric Tool Customer, In addition to the recently announced LMT forum process [http://ibm.biz/ILMTforumAnnounce], we are excited to announce that we are launching a new online Support experience. Most IBM Security products, including IBM License Metric Tool, will go live with this new technology at the end of October, 2017. The move to this new online Support experience should be seamless for you. * As announced earlier this year, IBM dW Answers [https://developer.ibm.com/answers/index.html] should still be your first avenue to Support. * The e-mail and phone support channels offered to you today will remain unchanged. * Your bookmarks and existing access methods will automatically connect to the new online""},{""char_end"":1081,""char_start"":0,""chunk_id"":""2e9fce4c480ba5384183e63d7696714949c5afe386f5388b50234565d04f6cfa"",""document_id"":""techqa-doc:corpus/swg27050826.txt"",""filename"":""swg27050826.txt"",""rank"":2,""text"":""Title: IBM Newsletter archive for December, 2017: ILMT and BigFix Inventory Customer Support Newsletter - United States Text: self help; newsletter; troubleshooting; FAQs; administration; problem solving; documentation; install; configuration; BFI NEWSLETTER ABSTRACT Client self assist - Technical Support Information for IBM License Metric Tool and IBM BigFix Inventory issue for December, 2017. CONTENT This newsletter contains links to technical support documents and other information. It is intended to help you be proactive in the support and administration of your software. New for you * New online Support experience for IBM Security is now live! [https://ibm.biz/Bdj8Ah] In addition to the recently announced dW Answers forum process for IBM License Metric Tool, we are excited to announce that IBM launched a new online Support experience. This new tool replaces the way PMRs were handled. Most IBM Security products, including LMT and BigFix Inventory went live with this new technology on October 30. To access the Community directly, go to www.ibm.com/mysupport [www""},{""char_end"":4807,""char_start"":4139,""chunk_id"":""8dae144c010145e3b47875a3951348a188cd84f1848d4f105401f72f6015053a"",""document_id"":""techqa-doc:corpus/swg27050472.txt"",""filename"":""swg27050472.txt"",""rank"":3,""text"":""-listing/I223734M49477F57/IBM%20Security%20(all%20support%20technical%20exchanges)/group?acss=danl_4568_web] Future and past [/support/docview.wss?uid=swg27050472&amp;aid=1] Getting Help * My Notifications [http://www-01.ibm.com/software/support/einfo.html?acss=danl_4568_web] Subscribe to My Notifications to be alerted about product releases, patches and fixes, APARs, and the announcements or updates of Security Bulletins. IBM Support Agent Tool (beta) provides answers to your support questions for IBM License Metric Tool [http://www.ibm.com/support/docview.wss?uid=swg21990238&acss=danl_4568_web] IBM is improving the quality of your experience with support and""},{""char_end"":1010,""char_start"":0,""chunk_id"":""c10344097015b0c6db07f7a71ff309decc20f5d3a6aa37d73c7f017bf79d41af"",""document_id"":""techqa-doc:corpus/swg22010059.txt"",""filename"":""swg22010059.txt"",""rank"":4,""text"":""Title: IBM New online Support experience for IBM Security is now live! - United States Text: NEWS ABSTRACT In order to serve you better, IBM Security has launched a new online Support experience. CONTENT As previously announced in late October 2017, IBM Security support's new online Support Community is now live! The transition to our new Community was designed to be seamless for you, and we would like to share some resources to will help you get started. To access the Community, follow these steps: * Go to www.ibm.com/mysupport [http://www.ibm.com/mysupport] For a personalized experience, log in with your IBM ID. To learn how to use the new Community to open a Support case and search for Support content, watch these short tutorial videos: Video 1 - Introducing the IBM Support Community: Search Video 2 - IBM Support Community: Open And Manage Cases If you experience a problem with the new community (such as a login issue, etc.), we are here to help. You can submit your issue via our Support page""},{""char_end"":1039,""char_start"":0,""chunk_id"":""d2a8b7ffe7c84e179a851c638ff949bb6ffddcb86431bdd66e0041421268012f"",""document_id"":""techqa-doc:corpus/swg22014184.txt"",""filename"":""swg22014184.txt"",""rank"":5,""text"":""Title: IBM New online Support experience for IBM Application Security products! - United States Text: SalesForce; ASoC; AppSec; Sales Force NEWS ABSTRACT In order to serve you better, IBM has launched a new online Support experience for IBM Application Security on Cloud, IBM Security AppScan Enterprise, IBM Security AppScan Source, and IBM Security AppScan Standard. CONTENT As announced to support customers of IBM Application Security on Cloud (ASoC) and AppScan products in early 2018, the new online IBM Support Community is going live! The transition to our new Community was designed to be seamless for you, and we would like to share some resources to will help you get started. To access the Community, follow these steps: * Go to www.ibm.com/mysupport [http://www.ibm.com/mysupport] For a personalized experience, log in with your IBM ID. To learn how to use the new Community to open a Support case and search for Support content, watch these short tutorial videos: Video 1 - Introducing the IBM Support Community: Search Video""}]",phase03-sufficiency-annotation-v1,f2fe3f7f29b834d78fd7c79bf4d4a94faee43c658d89c48e386854123066802b,,,,
phase03-final-confirmation-blinded-v1,f038a6381cd15330a0f2af9e06fa484740bc000f154bb198fad4a92c9836484b,6,TRAIN_Q504,train,hybrid,5,"OMNIBUS   nco_p_mttrapd : Malformed traps

How can you determine why the MTTrapd [SNMP] probe drops traps? ",answerable_with_reference,"Traps can be dropped during high loading, so ensure that the traps are being dropped from specific devices under normal load. 

Use snoop, tcpdump or Wireshark to capture the traps that are being dropped on the probe servers port, as defined in the property file.","[{""char_end"":925,""char_start"":0,""chunk_id"":""1353e0753515a2ffa9dfd2f61b735c903be0cdd688b83bc792f52d30c0cf44d0"",""document_id"":""techqa-doc:corpus/swg21468340.txt"",""filename"":""swg21468340.txt"",""rank"":1,""text"":""Title: IBM MTTrapd [SNMP] probe drops traps from specific devices - United States Text: nco_p_mttrapd; snmp; snmp traps; traps; dropped; drop; dropping; malformed; TCP TECHNOTE (FAQ) QUESTION MMTrapd probe : Why are SNMP traps dropped from specific devices? CAUSE SNMP packets can be dropped for a number of reasons, including overloading, malformed packets, malformed traps/informs and incorrectly configured/non-compliant MIBS. ANSWER Traps can be dropped during high loading, so ensure that the traps are being dropped from specific devices under normal load. Use snoop, tcpdump or Wireshark to capture the traps that are being dropped on the probe servers port, as defined in the property file. e.g. Port : 162 Load the PCAP file into the Wireshark GUI and review the trap[s] visually. For traps to be processed they must have enterprise-oid and uptime, otherwise they will be dropped during probe processing by the NET-S""},{""char_end"":782,""char_start"":0,""chunk_id"":""eab5b49508d635a3ff5f7e780568848af7cb00405ad3447e10fe86f278264eac"",""document_id"":""techqa-doc:corpus/swg21501604.txt"",""filename"":""swg21501604.txt"",""rank"":2,""text"":""Title: IBM MTTrapd [SNMP] probe reports : Dropping trap! - United States Text: nco_p_mttrapd; snmp; mttrapd; probe; dropping trap; Dropping trap; dropped; drop; trap; gethostbyname; trapqueue; trap queue; queue TECHNOTE (FAQ) QUESTION MTTrapd probe : Warning : Dropping trap : Why does this happen? ANSWER The MTTrapd probe will report that the probe is dropping traps once the trap queue is full. e.g. Warning: W-UNK-000-000: Dropping Trap! With the LogStatisticsInterval property set; LogStatisticsInterval : 30 The probe will also provide details on the probes trap queue processing; Error: E-UNK-000-000: Trap queue size is 50000 Error: E-UNK-000-000: Number of traps read in the last N seconds: I Error: E-UNK-000-000: Number of traps processed in the last N seconds: J Where N""},{""char_end"":664,""char_start"":0,""chunk_id"":""a7f4dfd640521f912c1bb63966d4b013fb9236e9aec4af41fa89f238c6b93356"",""document_id"":""techqa-doc:corpus/swg21624836.txt"",""filename"":""swg21624836.txt"",""rank"":3,""text"":""Title: IBM SNMP Probe : APAR IV15415 : Requirements - United States Text: nco_p-mttrapd; snmp v3; snmpv3; traps; gskit; engineid; EngineID; IV15415 TECHNOTE (FAQ) QUESTION SNMPv3 traps : Why are traps not parsed as expected? CAUSE IV15415 comes in two parts - The MTTrapd probe must be at least probe-nco-p-mttrapd-14 and Netcool/OMNIbus 7.3.1 must be at least Fix Pack 5 ANSWER There was a bug fix implemented in both the MTTrapd probe and the Netcool/OMNIbus library: IV15415 - V731:GSKIT LIBNCRYPT CAUSES SOME SNMPV3 TRAPS TO BE DISCARDED BY THE MTTRAPD PROBE Although the README for the probe mentions probe-nco-p-mttrapd-12: PATCH probe-nco-p-mttrapd-12 =====""},{""char_end"":712,""char_start"":0,""chunk_id"":""6904c3660e37b1e3a3d4f300640ba51cc50b954e8a19afabbf4837a1da3caa7a"",""document_id"":""techqa-doc:corpus/swg21626348.txt"",""filename"":""swg21626348.txt"",""rank"":4,""text"":""Title: IBM SNMPv3 trap reception - United States Text: nco_p_mttrapd; dropped; lost; snmpv3; user; MD5; sha; SHA; createUser TECHNOTE (FAQ) QUESTION MTTrapd probe : SNMPv3 traps lost : How are traps dropped? CAUSE SNMPv3 uses a security model which must be adhered to ANSWER SNMPv3 traps must conform to the SNMPv3 standard and be sent and received correctly: The SNMP (MTTrapd) probe will silently drop traps if they fail to meet the probes property settings and do not adhere to the SNMPv3 standard. For example, if a probe is configured as follows: Port : 1621 Protocol : 'ALL' PersistentDir : '$OMNIHOME/var/ericsson-snmpv3' ConfPath : '$OMNIHOME/var/ericsson-snmpv3/conf' NoNameResolution : 1 With the mttra""},{""char_end"":785,""char_start"":0,""chunk_id"":""9c07503b0864e2e5804e9db8337fff33fc22933fb955011d29034d9ebf49a690"",""document_id"":""techqa-doc:corpus/swg21607690.txt"",""filename"":""swg21607690.txt"",""rank"":5,""text"":""Title: IBM Support's Guide to the SNMP [MTTrapd] probe - United States Text: nco_p_mttrapd; snmp; rules file; probe; snmpsend; snmptrap; test; testing; snmpv3 TECHNOTE (FAQ) QUESTION MTTrapd probe : How can you troubleshoot configuration issues? ANSWER The MTTrapd (SNMP) probe is a Generic probe used to process SNMP traps. It is a multi-threaded probe and supports both UDP and TCP traps/informs. The attached Support's guide to the SNMP probe provides details on how best to configure the probe, troubleshoot issues and how to use third party products to test the probes behaviour. The latest probe version is: Release ID: 20.0.2 Or higher. RELATED INFORMATION Where to locate the latest MTTrapd probe release 20.0.2 [https://developer.ibm.com/answers/questions/414820/where-do-you-""}]",phase03-sufficiency-annotation-v1,f2fe3f7f29b834d78fd7c79bf4d4a94faee43c658d89c48e386854123066802b,,,,
phase03-final-confirmation-blinded-v1,0448b7ddee8017e7c698c979c4ad18d0cad4bda2d88fea6b6c98167941dbb7f4,7,DEV_Q123,train,hybrid,3,"Resource registry with IIB



Hi Team, 

I do had a scenario to be accomplished in IIB, in which one input should be passed from MQ and the other should be passed from FILE(for this i have been using Resource Registry Concept) and in order to specify mrc file i have modified dtx.ini file which is located in Integration server Insatllation directory but when the flow has been deployed an exception is being raised with the error message stating ""Source not found"" .

FYI - When i tried the RR from Design Studio it is working absolutely fine.

Is there something i need to configure/modify so that the mrc file will be accessible to the map in IIB flow as well.",answerable_with_reference,WebSphere Transformation Extender maps that are called from WebSphere Message Broker can use the WebSphere Transformation Extender Resource Registry. WebSphere Message Broker itself does not provide any facility for working with resource registries in areas of the message flow outside of the WebSphere Transformation Extender plugin.,"[{""char_end"":894,""char_start"":0,""chunk_id"":""76a7a75a18ff7140435abbc00ae09e087c63015be98af2b5d7cdddf17edb2af2"",""document_id"":""techqa-doc:corpus/swg21999305.txt"",""filename"":""swg21999305.txt"",""rank"":1,""text"":""Title: IBM Unable to load map for a WTX Map Node with \""Use map from project\"" in a Subflow defined in an IIB 9.0 Library if the main Message flow is defined in an IIB Application - United States Text: WTX Map Node; mar file; Use map from project; Subflow; Library TECHNOTE (TROUBLESHOOTING) PROBLEM(ABSTRACT) A WebSphere Transformation Extender (WTX) map will fail to load from the deployed MAR file map location for a WTX Map Node with \""Use map from project\"" in a Subflow defined in an IBM Integration Bus (IIB) 9.0 Library if the main Message flow is defined in an IIB Application. SYMPTOM WTX map fails to load from the deployed MAR file map location. The IIB Service Trace indicates that the following path is being used for the location of the map being loaded, which is not the same as the actual location where the map is located. C:\\ProgramData\\Application Data\\IBM\\MQSI\\components\\IB900""},{""char_end"":844,""char_start"":0,""chunk_id"":""4d753208130183d32669d7327579163f92aed10f1f0ff59e06a4ffc8e38c8a18"",""document_id"":""techqa-doc:corpus/swg22015521.txt"",""filename"":""swg22015521.txt"",""rank"":2,""text"":""Title: IBM ITX 9 Resource Registry ERROR : Could not normalize MSL file - United States Text: TECHNOTE (TROUBLESHOOTING) PROBLEM(ABSTRACT) A failure to initialise the IBM Transformation Extender (ITX) 9 Resource Registry files could result if the MRC file is created manually, and the MSL and MRN references are not made to be relative paths from the MRC location. SYMPTOM Resource Registry ERROR : Could not normalize MSL file entries in Launcher log file, and failure of Resource Registry variable resolution at runtime. CAUSE MSL and MRN references need to be relative paths from the MRC location. So if the MRC is stored in /opt/ibm/itx9/config/resource.mrc, it might contain entries such as: <ResourceCfg> <EventServer> <System Name=\""../systems/system1.msl\""> <ResourceFile ActiveVirtualServer=\""live\"">resource.mrn</ResourceFile></System> </""},{""char_end"":1055,""char_start"":0,""chunk_id"":""fb94320ead0e2d2ce27820fa6806eed1821674afd51f0d38e9acdd89d43e5e75"",""document_id"":""techqa-doc:corpus/swg21689906.txt"",""filename"":""swg21689906.txt"",""rank"":3,""text"":""Title: IBM Message flows missing from the Integration Server view - United States Text: Message flow; BAR deployment; Integration Server TECHNOTE (TROUBLESHOOTING) PROBLEM(ABSTRACT) Message flows or subflows are missing from the Integration Server view in IBM Integration Bus (IIB) when the broker archive (BAR) file has deployed. SYMPTOM Message flows or subflows are selected to be included as deployable resources, but the flow files are missing from the Manage tab of the Broker Archive editor when the BAR file has built successfully. When the BAR file is deployed to the integration server, the flow files are not shown in the Integration Server view. CAUSE Files under the 'src' folder are not added to the BAR file as deployable resources. The 'src' folder name is reserved for use in the Broker Archive editor’s source code; as a result, if the schema name contains the string 'src', the files are treated as hidden source files in the BAR file and they are not deployed to the integration server. RESOLVING THE PROBLEM Do not use the string 'src""}]",phase03-sufficiency-annotation-v1,f2fe3f7f29b834d78fd7c79bf4d4a94faee43c658d89c48e386854123066802b,,,,
phase03-final-confirmation-blinded-v1,1a088313c12ca79a578297aa5a24b38d92692f38816d6470cb19cc3795f1a308,8,DEV_Q304,train,dense,3,"Does IBM DataPower Gateway Appliance support the HTTP CONNECT method?

Does IBM DataPower Gateway Appliance support the HTTP CONNECT method for SSL proxy requests? ",answerable_with_reference,"SSL Proxy requests will work using the CONNECT method for SSL Tunneling when using a Multi-Protocol Gateway when configuring in a User Agent's HTTP Proxy Policy.

The XML Firewall service is not designed to use the CONNECT method for SSL Tunneling.","[{""char_end"":979,""char_start"":0,""chunk_id"":""e34bb7e33c86cb736730b5d1d53f1b7f43e4f6ca808ec609755fbd78a9e30761"",""document_id"":""techqa-doc:corpus/swg21612222.txt"",""filename"":""swg21612222.txt"",""rank"":1,""text"":""Title: IBM How to Proxy SSL request from DataPower to Remote Proxy Server? - United States Text: Forward Proxy XMLFW MPGW CONNECT TUNNEL TECHNOTE (TROUBLESHOOTING) PROBLEM(ABSTRACT) How to configure an IBM WebSphere DataPower SOA Appliance Service to proxy an SSL request to a remote proxy server using the CONNECT method for SSL tunneling? CAUSE Many common forward proxy servers expect requests in different formats depending on if they are proxying non-SSL or SSL requests. For example, a non-SSL request to be proxied may come in the form of GET hostname:port/URI. For SSL requests to be proxied, remote proxy servers are commonly configured to tunnel the request from the client to the backend server. In the SSL request scenario, remote proxy servers will typically expect a CONNECT request and then tunnel the SSL request from the client to the backend server. Users configuring DataPower may need a way to implement this CONNECT method for SSL tunneling to a remote Proxy""},{""char_end"":665,""char_start"":0,""chunk_id"":""b6add63670f604f095ceae2715b92b91413453a2d5344feeafae7dad94c4d6fd"",""document_id"":""techqa-doc:corpus/swg1IT16244.txt"",""filename"":""swg1IT16244.txt"",""rank"":2,""text"":""Title: IBM IT16244: INCORRECT SSL ERROR 'WRONG VERSION NUMBER' IS ISSUED WHEN RECEIVING 5XX ERROR FROM HTTP PROXY SERVER WHEN USING CONNECT - United States Text: FIXES ARE AVAILABLE Fix packs for DataPower Service Gateway version 7.0 [http://www-01.ibm.com/support/docview.wss?uid=swg24037486] Fix packs for DataPower B2B Appliance version 7.0 [http://www-01.ibm.com/support/docview.wss?uid=swg24037487] Fix packs for DataPower Integration Appliance version 7.0 [http://www-01.ibm.com/support/docview.wss?uid=swg24037488] Fix packs for DataPower Gateway version 7.1 [http://www-01.ibm.com/support/docview.wss?uid=swg24038524] Fix packs for DataPower Gateway version""},{""char_end"":624,""char_start"":0,""chunk_id"":""e35d1d0b930ebcee77a8838a9f730b680ba7cd3f7467528dad6f3f8fe5a879f4"",""document_id"":""techqa-doc:corpus/swg1IT17280.txt"",""filename"":""swg1IT17280.txt"",""rank"":3,""text"":""Title: IBM IT17280: SIX VULNERABILITIES IN THE SSL COMPONENT OF IBM DATAPOWER GATEWAYS - United States Text: FIXES ARE AVAILABLE Fix packs for DataPower Service Gateway version 7.0 [http://www-01.ibm.com/support/docview.wss?uid=swg24037486] Fix packs for DataPower B2B Appliance version 7.0 [http://www-01.ibm.com/support/docview.wss?uid=swg24037487] Fix packs for DataPower Integration Appliance version 7.0 [http://www-01.ibm.com/support/docview.wss?uid=swg24037488] Fix packs for DataPower Gateway version 7.1 [http://www-01.ibm.com/support/docview.wss?uid=swg24038524] Fix packs for DataPower Gateway version 7.2 [http:/""}]",phase03-sufficiency-annotation-v1,f2fe3f7f29b834d78fd7c79bf4d4a94faee43c658d89c48e386854123066802b,,,,
phase03-final-confirmation-blinded-v1,73670ca3fb960fbdf4cda7fbf00bcd385f695a4ccd841a45e40d57b088d809cb,9,TRAIN_Q443,train,dense,1,"How to get debug information when the IBM Content Navigator Installer is failing on the Unix Platform?

How to get debug information when the IBM Content Navigator Installer is failing on the Unix Platform? ",answerable_with_reference,"To capture the debug output from the UNIX command line, enter one of the following (based on what shell you are using) at the command line prior to executing the installer:
export LAX_DEBUG=true or setenv LAX_DEBUG true or LAX_DEBUG=true or set LAX_DEBUG or whatever would be appropriate for the Unix shell. 

Then run the installer. The output that is produced should help debug the installer. 
If you would like to redirect output to a file:
1. Set LAX_DEBUG=file as per the instruction above. 
2. Run your installer. 
3. Once the install is complete a file labeled jx.log will be generated in the same directory as your installer. This file will contain the entire debug output generated by the install.","[{""char_end"":905,""char_start"":0,""chunk_id"":""09ad86843e8f4dd2b0a0adfc52a997c73859e2827f6740585eead02ebba9993c"",""document_id"":""techqa-doc:corpus/swg21980147.txt"",""filename"":""swg21980147.txt"",""rank"":1,""text"":""Title: IBM How to get debug information when the IBM Content Navigator Installer on the Unix Platform is failling? - United States Text: TECHNOTE (FAQ) QUESTION How to get debug information when the IBM Content Navigator Installer on the Unix Platform is failling? ANSWER To capture the debug output from the UNIX command line, enter one of the following (based on what shell you are using) at the command line prior to executing the installer: export LAX_DEBUG=true or setenv LAX_DEBUG true or LAX_DEBUG=true or set LAX_DEBUG or whatever would be appropriate for the Unix shell. Then run the installer. The output that is produced should help debug the installer. If you would like to redirect output to a file: 1. Set LAX_DEBUG=file as per the instruction above. 2. Run your installer. 3. Once the install is complete a file labeled jx.log will be generated in the same directory as your installer. This""}]",phase03-sufficiency-annotation-v1,f2fe3f7f29b834d78fd7c79bf4d4a94faee43c658d89c48e386854123066802b,,,,
phase03-final-confirmation-blinded-v1,1f5270b7f59c9d8ed5bc660299d01e420efa28d81ab0a28d9232c5b18b201ca2,10,TRAIN_Q223,train,hybrid,10,"SQL20157N happened in off-line backup against the quiesced database after migrating to V10.1 or V10.5 from V9.7.

The customer spoladically got SQL20157N error in off-line backup command even when the database was quiesced. Why does this situation happen on V10.1 and V10.5 not on V9.7? ",answerable_with_reference,"Because of the code change in V10.1 GA, the off-line backup command could be blocked for short period of time while connect database command is executed.","[{""char_end"":929,""char_start"":0,""chunk_id"":""b58f3319be816cdf4ab5eab1cac7207ea46ea0932d652d22263f626d65f039e3"",""document_id"":""techqa-doc:corpus/swg21979667.txt"",""filename"":""swg21979667.txt"",""rank"":1,""text"":""Title: IBM The off-line backup command could fail even when the database is quiesced on DB2 V10.1 and later. - United States Text: TECHNOTE (TROUBLESHOOTING) PROBLEM(ABSTRACT) Offline-backup against the quiesced database failed with the error, SQL1035N. It did not occur with V9.7. And it came to happen after migrating to V10.1 or later from V9.7. SYMPTOM The following example shows this situation. 1) In CLP 1 under the user having DBADM authority, execute quiesce database command on the database, sample. $ db2 connect to sample Database Connection Information Database server = DB2/AIX64 10.5.7 SQL authorization ID = E105Q7A Local database alias = SAMPLE $ db2 quiesce database immediate force connections DB20000I The QUIESCE DATABASE command completed successfully. $ db2 terminate DB20000I The TERMINATE command completed successfully. 2) In CL 2 under the user having only connect privilege on sample database. Run the""},{""char_end"":2293,""char_start"":1363,""chunk_id"":""1a35c6e95fa2243678417294bcb9e22382a2f7c7726d54cb06a7e071893b1893"",""document_id"":""techqa-doc:corpus/swg21979667.txt"",""filename"":""swg21979667.txt"",""rank"":2,""text"":""QUIESCE DATABASE\"" SQLSTATE=08004 + + expr 0 + 1 count=1 + [ 1 -lt 1000 ] + db2 connect to sample <snippet> * connect to sample continues to fail with the error, SQL20157N because the database, sample is quiesced. 3) In CLP 1, execute the off-line backup command while executing the shell script under CLP2. $ db2 backup db sample SQL1035N The operation failed because the specified database cannot be connected to in the mode requested. SQLSTATE=57019 * The backup command failed. But this error does not happen on V9.7. For avoiding the error in offline-backup, use quiesce instance command with restricted access option. CAUSE Because of the code change in V10.1 GA, the off-line backup command could be blocked for short period of time while connect database command is executed. RESOLVING THE PROBLEM Please use quiesce instance command with the \""restricted access\"" option instead of the quiesce database command. Or please re""},{""char_end"":863,""char_start"":0,""chunk_id"":""cd48920314502918eb2cffdb995589927e49b95a5a2ae00b7eea9447d10f4547"",""document_id"":""techqa-doc:corpus/swg22010711.txt"",""filename"":""swg22010711.txt"",""rank"":3,""text"":""Title: IBM Why does db2adutil verify option return a \""Error migrating media header (sqlcode -2514)? - United States Text: TECHNOTE (FAQ) QUESTION Why does db2adutil verify option return a \""Error migrating media header (sqlcode -2514)? CAUSE For example: ==>db2adutl verify full taken at '20161007021403' database 'SAMPLE' Query for database SAMPLE Retrieving FULL DATABASE BACKUP information. Please wait. Error migrating media header (sqlcode = -2514). ANSWER The most common explanation why the above error is being returned is that there is likely a mis-match between the version of Db2 running the >db2adutl verify option against a \""different\"" version of Db2 backup image. For example: If the current instance is V10.5, then the db2adult verify will generate the above error if the version of Db2 backup image is any of the following: v9.5, v9.7, v10 and v11.""},{""char_end"":3426,""char_start"":2564,""chunk_id"":""e87fd00ae4786b6d0a82a55a54582a9913ff846dce6a27d6355ab08927a3e0fa"",""document_id"":""techqa-doc:corpus/swg21984355.txt"",""filename"":""swg21984355.txt"",""rank"":4,""text"":""Studio and DB2 server. DS411 does not handle Automatic Maintenance appropriately and returns Succeeded even if it did not run completely under a specific environment, such as the server is migrated from DB2 WSE V10.1 GA to DB2 WSE V10.1 FP5. This behavior may not be happened if it is following condition. - If the instance type is ESE - If install V10.1 FP5 WSE only on a fresh box (not upgrade from V10.1 GA) Here are known work around: - Upgrade from the problematic DB2 V10.1 FP5 WSE to V10.5 FP7 - Uninstall the upgraded DB2 V10.1 FP5 WSE once then install V10.1 FP5 WSE again * please backup configuration variables and database before this. Note: This behavior might be changed without notice in the future. We can confirm whether this technote is valid or not by following the above steps. RELATED INFORMATION IBM Data Studio [http://www.ibm.com/software""},{""char_end"":899,""char_start"":0,""chunk_id"":""b58915d878400ef9d62b7dde456a180aee02922858085f4a48bd9ada75f7823a"",""document_id"":""techqa-doc:corpus/swg21997509.txt"",""filename"":""swg21997509.txt"",""rank"":5,""text"":""Title: IBM CLI0125E after db2 client upgrade from v9.7 or v10.1 to v10.5 or higher - United States Text: CLI0125E; client upgrade ; db2z v9; stored procedure TECHNOTE (TROUBLESHOOTING) PROBLEM(ABSTRACT) After client upgrade application that connects to DB2 v9 or above on z/OS server started to report error CLI0125E on stored procedure call SYMPTOM CLI based application reports error CLI0125E during call of the stored procedure following the client upgrade CAUSE Change in default settings for CommitOnEOF when application is running against zOS server In v9.7 and v10.1 the default value for CommitOnEOF is 0; Starting from v10.5 the default value for CommitOnEOF for connection to zOS server v9 and above is 1. RESOLVING THE PROBLEM Change the value of keyword CommitOnEOF to 0 to resolve an error CLI0125E reported after upgrade of the db2 client level. RELATED INFORMATION v10.5 CommitOnEOF [""},{""char_end"":1597,""char_start"":1010,""chunk_id"":""068067a065970b71d09e268b64d770db386d98a13c956f1c421de5dd5ec42a5a"",""document_id"":""techqa-doc:corpus/swg21993475.txt"",""filename"":""swg21993475.txt"",""rank"":6,""text"":""The version of DB2 on the offload backup server is lower than that on the production server. ENVIRONMENT DB2 v10.5 on production server DB2 v9.7 on backup server DIAGNOSING THE PROBLEM The database path on the production server is /db2/TEST/db2inst1/NODE0000/SQL00001/MEMBER0000/: * * * * * * * * * * * * * * The SQLOGCTL.LFH.1 and SQLOGCTL.LFH.2 files are under the directory path /db2/TEST/db2inst1/NODE0000/SQL00001/MEMBER0000 on the production server. RESOLVING THE PROBLEM Upgrade the version of DB2 on the offload backup server to the same version that is on the production server.""},{""char_end"":2060,""char_start"":1651,""chunk_id"":""e73ee3009306125efc89ee3627050dccd768dd9e50bc5d9c42368d6a9df4a440"",""document_id"":""techqa-doc:corpus/swg1IC64509.txt"",""filename"":""swg1IC64509.txt"",""rank"":7,""text"":""********************************** * USERS AFFECTED: * * Users in a DPF Environment * **************************************************************** * PROBLEM DESCRIPTION: * * IN DPF, CONNECTING TO A QUIESCED DATABASE BY A USER WHO HAS * * QUIESCE_CONNECT AUTHORITY MAY STILL THROW A SQL20157N ERROR * **************************************************************** * RECOMMENDATION: * * Upgrade to Version""},{""char_end"":2463,""char_start"":2039,""chunk_id"":""49fdfed79a91529814a0f4a17dac86369f9779261286a151967f4ac706201693"",""document_id"":""techqa-doc:corpus/swg21979667.txt"",""filename"":""swg21979667.txt"",""rank"":8,""text"":""-line backup command could be blocked for short period of time while connect database command is executed. RESOLVING THE PROBLEM Please use quiesce instance command with the \""restricted access\"" option instead of the quiesce database command. Or please retry off-line backup command after getting SQL1035N error. RELATED INFORMATION A Japanese translation is available [http://www.ibm.com/support/docview.wss?uid=swg21980030]""},{""char_end"":818,""char_start"":0,""chunk_id"":""f874f6c4ed34a978a266a0d9785b42db563782d085df876dfcda780890338585"",""document_id"":""techqa-doc:corpus/swg21661305.txt"",""filename"":""swg21661305.txt"",""rank"":9,""text"":""Title: IBM db2 migration from older version fails with SQL2514N error during restore operation. - United States Text: SQL2514 migration restore TECHNOTE (FAQ) QUESTION While migrating the db2 databases from older version to newer version using the off line restore command fails with SQL2514N error. Why? CAUSE The version of db2 that you are trying to migrate is more than 2 levels down. i.e. You are trying to migrate a v9.1 db to v10.1 or v9.1/v9.5 db to v10.5 versions which are NOT compatible and NOT supported. ANSWER Temporarily migrate the db to supported db2 levels of v9.5 or v9.7 first and then upgrade to the desired level of db2. RELATED INFORMATION Upgrading to DB2 Version 10.5 roadmap [http://www-01.ibm.com/support/docview.wss?uid=swg21633449] Upgrade restrictions for db2 servers [http://pic.dhe.ibm.""},{""char_end"":925,""char_start"":0,""chunk_id"":""e4befb871d52df20614e441d22488a37d02bd7323f1d3465d70e2d8835555010"",""document_id"":""techqa-doc:corpus/swg21586328.txt"",""filename"":""swg21586328.txt"",""rank"":10,""text"":""Title: IBM Object scope inside SQL routine has changed after migrating to v9.7 - United States Text: TECHNOTE (FAQ) QUESTION After migrating to DB2 v9.7 or higher why does my v9.1/v9.5 SQL routine (stored procedure / user defined function) return SQL0204N (-204) ? CAUSE The scope of an object inside a SQL routine (stored procedure / user defined function) in DB2 v9.7 is different from previous releases. The SQL0240 typically appears when trying to create or call a routine that creates a table before using it. Since this table does not exist before calling the routine DB2 will return SQL0204 These symptoms are related to the new automatic revalidation feature introduced in DB2 v9.7. On v9.1/v9.5 DB2 invalidates the package associated with the stored procedure, but on v9.7 DB2 invalidates both the package and the stored procedure. When the stored procedure is invalidated under the covers DB2 will try to revalidate""}]",phase03-sufficiency-annotation-v1,f2fe3f7f29b834d78fd7c79bf4d4a94faee43c658d89c48e386854123066802b,,,,
phase03-final-confirmation-blinded-v1,c06ef1509df20f82b5f9710dd4c162911af0bf143bcb58394ebe6d692ea2e713,11,DEV_Q035,train,hybrid,5,"Help with Security Bulletin: API Connect is affected by a Node.js denial of service vulnerability (CVE-2017-14919)

I need to understand details regarding Security Bulletin: API Connect is affected by a Node.js denial of service vulnerability (CVE-2017-14919). Where can I find this information? ",answerable_with_reference,"CVEID:CVE-2017-14919 [http://cve.mitre.org/cgi-bin/cvename.cgi?name=CVE-2017-14919]
DESCRIPTION:Node.js is vulnerable to a denial of service, caused by an uncaught exception flaw in the zlib module. By making 8 an invalid value for the windowBits parameter, a remote attacker could exploit this vulnerability to cause the application to crash.
CVSS Base Score: 7.5
CVSS Temporal Score: Seehttps://exchange.xforce.ibmcloud.com/vulnerabilities/134286 [https://exchange.xforce.ibmcloud.com/vulnerabilities/134286]for the current score
CVSS Environmental Score*: Undefined
CVSS Vector: (CVSS:3.0/AV:N/AC:L/PR:N/UI:N/S:U/C:N/I:N/A:H)","[{""char_end"":899,""char_start"":0,""chunk_id"":""dfe98fa5455eeaad19e3629091dfebbd52982e590a1f527df43211d520dc8b2e"",""document_id"":""techqa-doc:corpus/swg22013168.txt"",""filename"":""swg22013168.txt"",""rank"":1,""text"":""Title: IBM Security Bulletin: API Connect is affected by a Node.js denial of service vulnerability (CVE-2017-14919) - United States Text: SECURITY BULLETIN SUMMARY IBM API Connect has addressed the following vulnerability. Node.js is vulnerable to a denial of service, caused by an uncaught exception flaw in the zlib module. By making 8 an invalid value for the windowBits parameter, a remote attacker could exploit this vulnerability to cause the application to crash. VULNERABILITY DETAILS CVEID:CVE-2017-14919 [http://cve.mitre.org/cgi-bin/cvename.cgi?name=CVE-2017-14919] DESCRIPTION:Node.js is vulnerable to a denial of service, caused by an uncaught exception flaw in the zlib module. By making 8 an invalid value for the windowBits parameter, a remote attacker could exploit this vulnerability to cause the application to crash. CVSS Base Score: 7.5 CVSS Temporal Score: Seehttps://exchange.""},{""char_end"":845,""char_start"":0,""chunk_id"":""b9c74a2e6ae4f003549c8dcbb5494a55d8b0c701613ea4f4eb398b52b96feec0"",""document_id"":""techqa-doc:corpus/swg22009964.txt"",""filename"":""swg22009964.txt"",""rank"":2,""text"":""Title: IBM Security Bulletin: Multiple vulnerabilities in Node.js affect IBM API Connect (CVE-2017-1000381, CVE-2017-11499) - United States Text: SECURITY BULLETIN SUMMARY IBM API Connect has addressed Node.js vulnerabilities involving access to sensitive information and potential denial of service. VULNERABILITY DETAILS CVEID:CVE-2017-1000381 [http://cve.mitre.org/cgi-bin/cvename.cgi?name=CVE-2017-1000381] DESCRIPTION:c-ares could allow a remote attacker to obtain sensitive information, caused by an out-of-bounds read in the ares_parse_naptr_reply() function when parsing NAPTR responses. By sending specially crafted DNS response packet, an attacker could exploit this vulnerability to read memory outside of the given input buffer and cause a denial of service. CVSS Base Score: 6.5 CVSS Temporal Score: Seehttps://exchange.xforce.ibmcl""},{""char_end"":990,""char_start"":0,""chunk_id"":""3bf481eabdeaf54b00eec16b7f8df453f03378f923bc91f91c0f283935522053"",""document_id"":""techqa-doc:corpus/swg22013088.txt"",""filename"":""swg22013088.txt"",""rank"":3,""text"":""Title: IBM Security Bulletin: IBM API Connect is affected by Node.js tough-cookie module vulnerability to a denial of service (CVE-2016-1000232) - United States Text: SECURITY BULLETIN SUMMARY API Connect has addressed the following vulnerability. Node.js tough-cookie module is vulnerable to a denial of service, caused by a regular expression error. By using a sufficiently large HTTP request Cookie header, a remote attacker could exploit this vulnerability to cause the application to consume an overly large amount of CPU resources. VULNERABILITY DETAILS CVEID:CVE-2016-1000232 [http://cve.mitre.org/cgi-bin/cvename.cgi?name=CVE-2016-1000232] DESCRIPTION:Node.js tough-cookie module is vulnerable to a denial of service, caused by a regular expression error. By using a sufficiently large HTTP request Cookie header, a remote attacker could exploit this vulnerability to cause the application to consume an overly large amount of CPU resources. CVSS Base Score: 5.3 CVSS Temporal Score""},{""char_end"":786,""char_start"":0,""chunk_id"":""0bb62d8741daad16974ed65fe6caf1b0a09f51dab4c0d2a4f151f601a3be460a"",""document_id"":""techqa-doc:corpus/swg21986144.txt"",""filename"":""swg21986144.txt"",""rank"":4,""text"":""Title: IBM Security Bulletin: Multiple vulnerabilities in NPM affects IBM API Connect (CVE-2016-3956, CVE-2016-2537, CVE-2016-2515) - United States Text: SECURITY BULLETIN SUMMARY IBM API Connect is affected by two ReDoS vulnerabilities in modules included in the Node.js npm tool (CVE-2016-2537, CVE-2016-2515) and Node.js Package Manager (npm) Bearer Token Vulnerability (CVE-2016-3956). These vulnerabilities are now fixed. VULNERABILITY DETAILS CVEID: CVE-2016-2515 [http://cve.mitre.org/cgi-bin/cvename.cgi?name=CVE-2016-2515] DESCRIPTION: Node.JS hawk is vulnerable to a denial of service, caused by an error in the regular expression implementation. An attacker could exploit this vulnerability using an overly long header or URI to cause the application to hang. CVSS Base Score""},{""char_end"":680,""char_start"":0,""chunk_id"":""15374be27079c0ec75a7f16cc938897ccd1b4f1909808add2555464898acdd5c"",""document_id"":""techqa-doc:corpus/nas8N1021060.txt"",""filename"":""nas8N1021060.txt"",""rank"":5,""text"":""Title: IBM Security Bulletin: Vulnerabilities in Node.js affect IBM i - United States Text: SECURITY BULLETIN SUMMARY Node.js is used by IBM i. IBM i has addressed the applicable CVEs. VULNERABILITY DETAILS CVEID: CVE-2015-8027 [http://cve.mitre.org/cgi-bin/cvename.cgi?name=CVE-2015-8027] DESCRIPTION: An unspecified vulnerability in Node.js could allow a remote attacker to cause a denial of service. CVSS Base Score: 7.5 CVSS Temporal Score: See https://exchange.xforce.ibmcloud.com/vulnerabilities/108360 [https://exchange.xforce.ibmcloud.com/vulnerabilities/108360] for the current score CVSS Environmental Score*: Undefined CVSS Vector: (CVSS:3.0/AV:N/AC:L/PR:N/UI:N/S:U/C:N""}]",phase03-sufficiency-annotation-v1,f2fe3f7f29b834d78fd7c79bf4d4a94faee43c658d89c48e386854123066802b,,,,
phase03-final-confirmation-blinded-v1,a315649755c218778a2007474590dbd6a1460caca6cd3bdfc8267b2d669f6115,12,DEV_Q023,train,dense,10,"No trace is logged in Decision Warehouse, and no records in EXECUTION_TRACES table for a certain ruleset



For a certain ruleset, no trace is logged in DW, and no records can be found in EXEUTION_TRACES table of DW database.

Server logs do not contain any messages about the execution traces for this ruleset.

The issue reproduces only for this project. For other projects deployed in RES, traces are being logged in DW. Also, the same project generates execution traces in other environments.

The following properties have been set:

     monitoring.enabled = true
     monitoring.filters = INFO_EXECUTION_DATE=true,INFO_EXECUTION_DURATION=true,INFO_TOTAL_TASKS_EXECUTED=true,INFO_TOTAL_RULES_NOT_FIRED=true,INFO_EXECUTION_EVENTS=true,INFO_TOTAL_TASKS_NOT_EXECUTED=true,INFO_TOTAL_RULES_FIRED=true,INFO_RULESET_PROPERTIES=true
     ruleset.bom.enabled = false (for true value, the problem still occurs)
     ruleset.sequential.trace.enabled = true
     ruleset.trace.enabled = true

How can I diagnose this issue?",answerable_with_reference,"If an issue arises during DW trace persistence at runtime, the related messages and stack traces are only available programmatically through the following API: ilog.rules.res.session.IlrSessionResponse.getWarnings() 

So it is possible for an error to remain silent if the warnings above are not explicitly logged by the application.","[{""char_end"":3473,""char_start"":2498,""chunk_id"":""be7f7a1c94c54232433384d27d0d3df098058863558d4f8eee7aefdd3e6cebe7"",""document_id"":""techqa-doc:corpus/swg21627010.txt"",""filename"":""swg21627010.txt"",""rank"":1,""text"":""nothing relevant shows in the server logs to explain why the trace is not logged, refer to technote Obtaining debug information during Decision Warehouse trace capture [http://www.ibm.com/support/docview.wss?uid=swg21433278] to activate some trace for DW. RESOLVING THE PROBLEM If the trace is not logged and you need that additional trace when running your tests, you will need to ensure that Decision Warehouse is properly setup to log the trace for your DVS tests. You can refer to technote Decision Warehouse query does not return any data for ruleset executions [http://www.ibm.com/support/docview.wss?uid=swg21424948] for troubleshooting DW issues that prevent the trace from being saved. If the trace is properly logged, you will need to ensure that the target server hosting Rule Execution Server has sufficient memory to retrieve that trace. Alternatively, you can also reduce the size of the trace, depending on what you need to retrieve when running your tests, as""},{""char_end"":1049,""char_start"":0,""chunk_id"":""8508eed5ff5dfda302432fd8a9c5d37ad5026eb80fa8bb1539a765f7d344a8c3"",""document_id"":""techqa-doc:corpus/swg21433278.txt"",""filename"":""swg21433278.txt"",""rank"":2,""text"":""Title: IBM Obtaining debug information during Decision Warehouse trace capture - United States Text: TECHNOTE (FAQ) QUESTION How can I obtain debug information when the trace is saved to the Decision Warehouse ? CAUSE To minimize the impact of Decision Warehouse (DW) monitoring on the processing of ruleset executions, possible failures to save the trace to the database may remain silent (no stack trace in the logs of the application server). ANSWER If an issue arises during DW trace persistence at runtime, the related messages and stack traces are only available programmatically through the following API: ilog.rules.res.session.IlrSessionResponse.getWarnings() So it is possible for an error to remain silent if the warnings above are not explicitly logged by the application. It is however possible to customize the DW trace and log additional debug information even when the application does not explicitly log the above mentioned warnings. The attached sample uses the java.util.logging API to append to the ilog.rules.support.debugtrace.""},{""char_end"":2705,""char_start"":1802,""chunk_id"":""860333a1f38c256097cd227326765f2e42d434218527500445d657f1ea2aecce"",""document_id"":""techqa-doc:corpus/swg21627010.txt"",""filename"":""swg21627010.txt"",""rank"":3,""text"":""s. This means that you will also need to match the date and time to identify the traces corresponding to your DVS tests. See the documentation at Decision Server V8.0 > Decision Server Rules > Rule Execution Server Console online help > Monitoring and managing Decision Warehouse > Viewing trace information [http://pic.dhe.ibm.com/infocenter/dmanager/v8r0/topic/com.ibm.wodm.dserver.rules.res.console/topics/tsk_rescons_dw_trace_view.html]. Review the logs for the target server for your DVS tests. The name of the target server is mentioned in the error message. This is the server that hosts the Rule Execution Server executing the DVS tests. If no trace for your DVS tests is saved in DW and nothing relevant shows in the server logs to explain why the trace is not logged, refer to technote Obtaining debug information during Decision Warehouse trace capture [http://www.ibm.com/support/docview.wss""},{""char_end"":963,""char_start"":0,""chunk_id"":""c32d356728b161439d689ac75c2d4dba56774371c73f919835bf624be6b29552"",""document_id"":""techqa-doc:corpus/swg21426871.txt"",""filename"":""swg21426871.txt"",""rank"":4,""text"":""Title: IBM Unable to use decision trace persistence within a container managed transaction - United States Text: TECHNOTE (TROUBLESHOOTING) PROBLEM(ABSTRACT) When the decision warehouse trace is enabled on a ruleset and it is invoked within a container managed transaction it is possible that the trace will not be properly persisted or that a warning will be attached to the rule session response. SYMPTOM The rule session response has a warning attached to it such as: TRACE.DAO.ERROR,Unable to create trace DAO. Exception while retrieving or invoking trace DAO. ilog.rules.res.persistence.trace.IlrTraceDAOException: COMMIT_TRANSACTION_ERROR . Traces might not have been persisted. RESOLVING THE PROBLEM You can workaround this issue by using an alternate trace DAO factory : 1. A file dvs-dw.properties should be bundled with the application and contain: factoryClassname=DvsDwCmtTraceDaoFactory JNDI_NAME=jdbc/resdatasource 2. The java library DvsDwCmtTraceD""},{""char_end"":1557,""char_start"":779,""chunk_id"":""fa4663d5065fb31ebd21eb141f414a7ccc930285c50bbeff43039730e5c78c6b"",""document_id"":""techqa-doc:corpus/swg21650641.txt"",""filename"":""swg21650641.txt"",""rank"":5,""text"":""tsk_rescons_rulst_exec_options.html]. Then view the trace captured for a ruleset execution as shown in Viewing trace information [http://pic.dhe.ibm.com/infocenter/dmanager/v8r5/topic/com.ibm.wodm.dserver.rules.res.console/topics/tsk_rescons_dw_trace_view.html]. This approach only works well if the ruleset execution completed successfully. If in the contrary an exception occurred during execution, then a Decision Warehouse trace may not be available and one of the other options should be used to retrieve the request or response data. 2- Use the HTDS application logging It is possible to configure HTDS logging so that the response XML is dumped in the file res-decisionservice.log by adding the line log4j.logger.ilog.rules.res.decisionservice.web.IlrWebServiceServlet=DE""},{""char_end"":1965,""char_start"":960,""chunk_id"":""27c74c1f8b6d066969c8d1baf13cc832a919c2702dc09010163958787652894a"",""document_id"":""techqa-doc:corpus/swg21609319.txt"",""filename"":""swg21609319.txt"",""rank"":6,""text"":""Set the trace string to ​*=info:WLE.wle_perf=finest:WLE.wle_perf_load=finest on the server on which the Performance Data Warehouse runs. In a golden topology, this location is the Support cluster, by default. Note: Enabling trace might slow down your system. This delay can lead to transaction time-outs and errors. To set the tracing and generate a new set of logs and traces, complete the following steps for the servers or clusters that show the issue: 1. In the Integrated Solutions Console, under ​Troubleshooting​ ​>​ ​Log and Trace​, select the server for which you want to change the settings. ​ 2. Click Change Log Detail Levels​. 3. Select the ​configuration tab to set the tracing. This change takes effect after the next server restarts and a completely new set of log files can be collected. Optionally, select the runtime​ tab to dynamically set the tracing. 4. Enter the trace string and click OK. 5. If you selected the configuration tab, stop the server. 6. Archive and delete the current""},{""char_end"":2196,""char_start"":1476,""chunk_id"":""c201c6fc239a8afa04852ba5e5f4fb09f05a93f0f99b4f72a36f8067a184cbd2"",""document_id"":""techqa-doc:corpus/swg21586717.txt"",""filename"":""swg21586717.txt"",""rank"":7,""text"":""FIRED=false to reduce the data on the rules not fired. This greatly reduces the data stored. Another possible filter can be INFO_TASKS_NOT_EXECUTED=false. *For reducing execution traces logged by DVS, refer to this technote [http://www-01.ibm.com/support/docview.wss?uid=swg21438208]instead. **Note that in the V7.1 documentation, there is a missing filter INFO_EXECUTION_DATE that provides the execution start date. It is showed in the V7.5 documentation [http://www.ibm.com/support/knowledgecenter/SSQP76_8.5.0/com.ibm.wodm.dserver.rules.res.managing/topics/tsk_res_config_ruleset_filters.html] and on, but can be used in V7.1 too RELATED INFORMATION #Reducing the size of DW trace when running DVS [http://www.ibm.com""},{""char_end"":2049,""char_start"":888,""chunk_id"":""f4ca925f9d47557e44987e5f1e7ac17d7c49be3caef80af9df23737eab40b6f2"",""document_id"":""techqa-doc:corpus/swg21627010.txt"",""filename"":""swg21627010.txt"",""rank"":8,""text"":""done by checking any of the following options in the run page for your test suite/simulation: * Create an Excel file separate from the report to store the output values * The list of rules fired * The list of executed ruleflow tasks * The duration (in ms) of execution These options require Decision Warehouse (DW) to be set up and functional in your environment. The information you request is generated and stored in DW and retrieved from there. The message \""Cannot retrieve execution traces on server <your server>\"" indicates that Decision Center is unable to retrieve that trace information from DW. DIAGNOSING THE PROBLEM Look for Decision Warehouse trace entries in the Rule Execution Server console for your test scenarios. You will need to search by date/time in the Decision Warehouse tab of the Rule Execution Server console since the Decision ID and ruleset version are automatically generated with UUIDs. This means that you will also need to match the date and time to identify the traces corresponding to your DVS tests. See the documentation at Decision Server V8.0 > Decision Server Rules > Rule Execution Server Console online help > Monitoring""},{""char_end"":1595,""char_start"":736,""chunk_id"":""0202c448a6d757a5c308aaf75fb665e17bcfccdb0ac1ca6d5f8eb3830131e9e3"",""document_id"":""techqa-doc:corpus/swg21451474.txt"",""filename"":""swg21451474.txt"",""rank"":9,""text"":""8. Set the name to ISFAgent.TRACE 9. Change Threshold to All 10. Click Browse and select ISF-AGENT, ISF-AGENT-APP and ISF-AGENT-HANDLER, then click Ok. 11. Change the severity level to All. 12. Click Save and Close 13. Click Set as Active. 14. Go back to the Logging components list. ISD: 1. Log into the Web Console. 2. Go to the Administration tab 3. Click on Log Management 4. Click on Logging Components 5. Click the radio button to the left of WISD. 6. If there is an existing WISD.TRACE configuration, then select it and click on Set as Active and continue to step 24. 7. To create a WISD.TRACE configuration: click on New Logging Configuration, 8. Set the name to WISD.TRACE 9. Change Threshold to All 10. Click Browse and select WISD-HANDLER-DS, then click Ok. 11. Change the severity level to All. 12. Click Save and Close 13. Click Set as Active. 14""},{""char_end"":3960,""char_start"":3218,""chunk_id"":""e2f28b0cdd3271fe7952712424f778f6963c5f001f1c6b04fb87e87c2df8c225"",""document_id"":""techqa-doc:corpus/swg21627010.txt"",""filename"":""swg21627010.txt"",""rank"":10,""text"":""logged, you will need to ensure that the target server hosting Rule Execution Server has sufficient memory to retrieve that trace. Alternatively, you can also reduce the size of the trace, depending on what you need to retrieve when running your tests, as explained in technote Reducing the size of Decision Warehouse trace when running scenario suites [http://www.ibm.com/support/docview.wss?uid=swg21438208]. RELATED INFORMATION #ODM V8.0.1 doc for Decision Validation Services [http://pic.dhe.ibm.com/infocenter/dmanager/v8r0m1/topic/com.ibm.wodm.dserver.rules.overview/topics/tpc_testing_dvs.html] ODM V8.0.1 doc for Decision Warehouse [http://pic.dhe.ibm.com/infocenter/dmanager/v8r0/topic/com.ibm.wodm.dserver.rules.res.managing/topics/""}]",phase03-sufficiency-annotation-v1,f2fe3f7f29b834d78fd7c79bf4d4a94faee43c658d89c48e386854123066802b,,,,
phase03-final-confirmation-blinded-v1,5b6df82c7e3b5cf32df5c7a094a04900d52393cbf354078e76957cd1167becce,13,DEV_Q187,train,hybrid,10,"Help with Security Bulletin: Multiple Vulnerabilities identified in IBM Java SDK affect WSRR

I need to understand details regarding Security Bulletin: Multiple Vulnerabilities identified in IBM® Java SDK affect WebSphere Service Registry and Repository, in particular CVE-2017-10115. Where can I find this information? ",answerable_with_reference,"CVEID:CVE-2017-10115 [http://cve.mitre.org/cgi-bin/cvename.cgi?name=CVE-2017-10115]
DESCRIPTION:An unspecified vulnerability related to the Java SE, Java SE Embedded, JRockit JCE component could allow an unauthenticated attacker to obtain sensitive information resulting in a high confidentiality impact using unknown attack vectors.
CVSS Base Score: 7.5
CVSS Temporal Score: Seehttps://exchange.xforce.ibmcloud.com/vulnerabilities/128876 [https://exchange.xforce.ibmcloud.com/vulnerabilities/128876]for the current score
CVSS Environmental Score*: Undefined
CVSS Vector: (CVSS:3.0/AV:N/AC:L/PR:N/UI:N/S:U/C:H/I:N/A:N)","[{""char_end"":1030,""char_start"":0,""chunk_id"":""52781ededbe1c3cec7707f34c9ccabaf159ff75842885fc8d8be419baa27693c"",""document_id"":""techqa-doc:corpus/swg21681915.txt"",""filename"":""swg21681915.txt"",""rank"":1,""text"":""Title: IBM Security Bulletin: Multiple vulnerabilities have been identified in IBM WebSphere Application Server shipped with IBM WebSphere Service Registry and Repository - United States Text: SECURITY BULLETIN SUMMARY IBM WebSphere Application Server is shipped as a component of IBM WebSphere Service Registry and Repository. Information about the security vulnerabilities affecting IBM WebSphere Application Server has been published in a security bulletin. VULNERABILITY DETAILS Please consult the security bulletin Security Bulletin: Multiple vulnerabilities in IBM SDK for Java affect WebSphere Application Server July 2014 CPU [http://www-01.ibm.com/support/docview.wss?uid=swg21680418] for vulnerability details. The original vulnerability description contained in Security Bulletin: Multiple vulnerabilities in IBM SDK for Java affect WebSphere Application Server July 2014 CPU [http://www-01.ibm.com/support/docview.wss?uid=swg21680418] was missing the details for CVE-2014-3068. These details have now been added to the""},{""char_end"":958,""char_start"":0,""chunk_id"":""91e7cdea0b1bcb0a7d543a71e637f3c848c833498425dd03ee4109456091a744"",""document_id"":""techqa-doc:corpus/swg22007669.txt"",""filename"":""swg22007669.txt"",""rank"":2,""text"":""Title: IBM Security Bulletin: Multiple Vulnerabilities identified in IBM® Java SDK affect WebSphere Service Registry and Repository (CVE-2017-10102, CVE-2017-10116, CVE-2017-10115) - United States Text: SECURITY BULLETIN SUMMARY IBM WebSphere Application Server is shipped as a component of IBM WebSphere Service Registry and Repository. Information about security vulnerabilities affecting IBM WebSphere Application Server have been published in a security bulletin. These issues were disclosed as part of the IBM Java SDK updates in July 2017. VULNERABILITY DETAILS Please consult the security bulletin: http://www.ibm.com/support/docview.wss?uid=swg22007002 [http://www.ibm.com/support/docview.wss?uid=swg22007002] for vulnerability details and information about fixes. AFFECTED PRODUCTS AND VERSIONS Principal Product and Version(s) Affected Supporting Product and Version WebSphere Service Registry and Repository V8.5 WebSphere Application Server V8.5.""},{""char_end"":1013,""char_start"":0,""chunk_id"":""4dce933f50744374139568efcfb49e204348e0e19326edc8f28eaeb98429faa8"",""document_id"":""techqa-doc:corpus/swg22000553.txt"",""filename"":""swg22000553.txt"",""rank"":3,""text"":""Title: IBM Security Bulletin: Multiple Vulnerabilities identified in IBM® Java SDK affect WebSphere Service Registry and Repository and WebSphere Service Registry and Repository Studio. - United States Text: SECURITY BULLETIN SUMMARY Multiple vulnerabilities in IBM® SDK JavaTM Technology Edition, Version 6 used by WebSphere Service Registry and Repository and WebSphere Service Registry and Repository Studio. These issues were disclosed as part of the IBM Java SDK updates in January 2017. These issues are also addressed by WebSphere Application Server Network Deployment shipped with WebSphere Service Registry and Repository. VULNERABILITY DETAILS CVEID:CVE-2016-5546 [http://cve.mitre.org/cgi-bin/cvename.cgi?name=CVE-2016-5546] DESCRIPTION:An unspecified vulnerability in Oracle Java SE Java SE Embedded and Jrockit related to the Libraries component has no confidentiality impact, high integrity impact, and no availability impact. CVSS Base Score: 7.5 CVSS Temporal Score: Seehttps://exchange.xforce.ibm""},{""char_end"":1020,""char_start"":0,""chunk_id"":""f21a55595696ac48dc368a216739f708d1ac703eda3247a415f7a6f547f313b1"",""document_id"":""techqa-doc:corpus/swg21996778.txt"",""filename"":""swg21996778.txt"",""rank"":4,""text"":""Title: IBM Security Bulletin: Vulnerabilities identified in IBM WebSphere Application Server shipped with IBM WebSphere Service Registry and Repository (CVE-2016-5573, CVE-2016-5597) - United States Text: SECURITY BULLETIN SUMMARY IBM WebSphere Application Server is shipped as a component of IBM WebSphere Service Registry and Repository. Information about security vulnerabilities affecting IBM WebSphere Application Server has been published in a security bulletin. VULNERABILITY DETAILS Please consult the security bulletin: Security Bulletin: Multiple vulnerabilities in IBM® Java SDK affects WebSphere Application Server October 2016 CPU (CVE-2016-5573, CVE-2016-5597) [http://www.ibm.com/support/docview.wss?uid=swg21993440]. for vulnerability details and information about fixes. AFFECTED PRODUCTS AND VERSIONS Principal Product and Version(s) Affected Supporting Product and Version WebSphere Service Registry and Repository V8.5 WebSphere Application Server V8.5.5 WebSphere Service Registry and Repository V8.""},{""char_end"":872,""char_start"":0,""chunk_id"":""3bcba239d49b09d6b0dbc5b2edfa14770746d91079322ba4b303d363f14e7b20"",""document_id"":""techqa-doc:corpus/swg21971454.txt"",""filename"":""swg21971454.txt"",""rank"":5,""text"":""Title: IBM Security Bulletin: Multiple vulnerabilities have been identified in IBM Java SDK October 2015 CPU shipped with IBM WebSphere Portal ( CVE-2015-4872; CVE-2015-4840; CVE-2015-4734; CVE-2015-5006 ) - United States Text: SECURITY BULLETIN SUMMARY IBM Java SDK October 2015 CPU shipped as component of IBM WebSphere Portal. Information about a security vulnerability affecting IBM Java SDK October 2015 CPU has been published in a security bulletin. VULNERABILITY DETAILS Consult the security bulletin Security Bulletin: Multiple vulnerabilities in IBM® Java SDK affect WebSphere Application Server October 2015 CPU [https://www-304.ibm.com/support/docview.wss?uid=swg21969620] [https://www-304.ibm.com/support/docview.wss?uid=swg21969620] for vulnerability details and information about fixes. DESCRIPTION:This bulletin covers all applicable Java SE CVE's published""},{""char_end"":745,""char_start"":0,""chunk_id"":""03e26dcc879141905107ae7c16b3be78bf5a1ed608f71b836971df6aa9680efd"",""document_id"":""techqa-doc:corpus/swg21957919.txt"",""filename"":""swg21957919.txt"",""rank"":6,""text"":""Title: IBM Security Bulletin: Multiple vulnerabilities in IBM Java SDK affect WebSphere Service Registry and Repository April 2015 CPU - United States Text: SECURITY BULLETIN SUMMARY There are multiple vulnerabilities in IBM® SDK JavaTM Technology Edition that is shipped with IBM WebSphere Service Registry and Repository. These issues were disclosed as part of the IBM Java SDK updates in April 2015. VULNERABILITY DETAILS CVE-2015-0204 [http://cve.mitre.org/cgi-bin/cvename.cgi?name=CVE-2015-0204] was fixed in IBM SDK, Java Technology Edition under CVE-2015-0138 [http://cve.mitre.org/cgi-bin/cvename.cgi?name=CVE-2015-0138]. Both CVEs are included in this advisory for completeness. CVEID:CVE-2015-0488 [http://cve.mitre.org/cgi-bin/cvename""},{""char_end"":1101,""char_start"":0,""chunk_id"":""db68705a9b8a75cf81ce748af315c87cfb735db76cf24ad405feaf3c61d68407"",""document_id"":""techqa-doc:corpus/swg21676772.txt"",""filename"":""swg21676772.txt"",""rank"":7,""text"":""Title: IBM Security Bulletin: Multiple vulnerabilities have been identified in IBM WebSphere Application Server shipped with IBM WebSphere Service Registry and Repository - United States Text: SECURITY BULLETIN SUMMARY IBM WebSphere Application Server is shipped as a component of IBM WebSphere Service Registry and Repository. Information about the security vulnerabilities affecting IBM WebSphere Application Server has been published in a security bulletin. VULNERABILITY DETAILS Please consult the security bulletin Security Bulletin: Multiple vulnerabilities in current IBM SDK for Java for WebSphere Application Server April 2014 CPU [http://www.ibm.com/support/docview.wss?uid=swg21673013] for vulnerability details. AFFECTED PRODUCTS AND VERSIONS Principal Product and Version(s) Affected Supporting Product and Version IBM WebSphere Service Registry and Repository 6.2 IBM WebSphere Application Server 6.1.0.17 IBM WebSphere Service Registry and Repository 6.3 IBM WebSphere Application Server 7.0.0.3 IBM WebSphere Service Registry and Repository 7.0 IBM WebSphere Application Server 7.0.0.7""},{""char_end"":892,""char_start"":0,""chunk_id"":""845c36ac79b472794a14051f768ee9f9c555c2ee192c46b6f01ca5b101335785"",""document_id"":""techqa-doc:corpus/swg21977130.txt"",""filename"":""swg21977130.txt"",""rank"":8,""text"":""Title: IBM Security Bulletin: Multiple vulnerabilities in IBM Java SDK affect WebSphere Application Server January 2016 CPU shipped with WebSphere Commerce (CVE-2016-0475, CVE-2016-0466, CVE-2015-7575, CVE-2016-0448) - United States Text: SECURITY BULLETIN SUMMARY IBM® JavaTM SDK included with WebSphere Application Server is shipped as a component of WebSphere Commerce. Information about multiple security vulnerabilities affecting IBM Java SDK has been published in a security bulletin. VULNERABILITY DETAILS See the security bulletin Multiple vulnerabilities in IBM Java SDK affect WebSphere Application Server January 2016 CPU (CVE-2016-0475, CVE-2016-0466, CVE-2015-7575, CVE-2016-0448) [http://www-01.ibm.com/support/docview.wss?uid=swg21975424] for vulnerability details and information about fixes. AFFECTED PRODUCTS AND VERSIONS Principal Product and Version(s) Affected Supporting""},{""char_end"":1046,""char_start"":0,""chunk_id"":""58d4f7c308def3018790de830797c38c059c7defcecdda9922ad1eef29a80575"",""document_id"":""techqa-doc:corpus/swg22011198.txt"",""filename"":""swg22011198.txt"",""rank"":9,""text"":""Title: IBM Security Bulletin: Multiple Vulnerabilities identified in IBM® Java SDK affect WebSphere Service Registry and Repository and WebSphere Service Registry and Repository Studio. - United States Text: SECURITY BULLETIN SUMMARY Multiple vulnerabilities in IBM® SDK JavaTM Technology Edition, Version 6 used by WebSphere Service Registry and Repository and WebSphere Service Registry and Repository Studio. These issues were disclosed as part of the IBM Java SDK updates in October 2017. These issues are also addressed by WebSphere Application Server Network Deployment shipped with WebSphere Service Registry and Repository. VULNERABILITY DETAILS CVEID: CVE-2017-10356 [http://cve.mitre.org/cgi-bin/cvename.cgi?name=CVE-2017-10356] DESCRIPTION: An unspecified vulnerability related to the Java SE Security component could allow an unauthenticated attacker to obtain sensitive information resulting in a high confidentiality impact using unknown attack vectors. CVSS Base Score: 6.2 CVSS Temporal Score: See https://exchange.xforce.ibmcloud""},{""char_end"":845,""char_start"":0,""chunk_id"":""c601442d7d72c3f6dcd6ef84cc86e2e9f5b17792531fbf9082e28376f190155e"",""document_id"":""techqa-doc:corpus/swg21971058.txt"",""filename"":""swg21971058.txt"",""rank"":10,""text"":""Title: IBM Security Bulletin: Multiple vulnerabilities identified in IBM® Java SDK affect WebSphere Service Registry and Repository Studio (CVE-2015-4872, CVE-2015-4911, CVE-2015-4893, CVE-2015-4803) - United States Text: SECURITY BULLETIN SUMMARY There are multiple vulnerabilities in IBM® SDK JavaTM Technology Edition that is shipped with IBM WebSphere Service Registry and Repository Studio. These issues were disclosed as part of the IBM Java SDK updates in October 2015. VULNERABILITY DETAILS CVEID: CVE-2015-4872 [http://cve.mitre.org/cgi-bin/cvename.cgi?name=CVE-2015-4872] DESCRIPTION: An unspecified vulnerability related to the Security component has no confidentiality impact, partial integrity impact, and no availability impact. CVSS Base Score: 5 CVSS Temporal Score: See https://exchange.xforce.ibmcloud.com/vulnerabilities/10736""}]",phase03-sufficiency-annotation-v1,f2fe3f7f29b834d78fd7c79bf4d4a94faee43c658d89c48e386854123066802b,,,,
phase03-final-confirmation-blinded-v1,c0df379652d8db6ae04ced9b8d1a8c70e6c25cb159cd138a076c9aaa51f2743a,14,DEV_Q306,train,dense,10,"Unable to view batches in DotEdit



Hi all,

Is there any limitation to view batches in Dot Edit client application, because I am unable to see batches with QID more than 1119.

Also unable to see batches with status as ""Pending"". 
",answerable_with_reference,"Backup the \Datacap\DotEdit\apps.ini file. If the file does not exist, create a new one or copy it from \Datacap\tmweb.net. 
 2. Open it in notepad.exe or other editor. 
 3. Find the app to be modified (for example [APT]). If it does not exist, create a new section with the application name listed between square brackets. 
 4. Add a new line containing BatchLimit=xxx, where xxx is the number of batches to be displayed. 
 5. Save the file.","[{""char_end"":1419,""char_start"":667,""chunk_id"":""36fd2f74d0594307f08725d54b8dc61757a53c7a7d92dfacb38c9f5d9b06914b"",""document_id"":""techqa-doc:corpus/swg21642839.txt"",""filename"":""swg21642839.txt"",""rank"":1,""text"":""editor. 3. Find the app to be modified (for example [APT]). If it does not exist, create a new section with the application name listed between square brackets. 4. Add a new line containing BatchLimit=xxx, where xxx is the number of batches to be displayed. 5. Save the file. Additional information: * For version 8.1, Fix Pack 1 or newer must be installed. * Increasing the number of batches displayed is known to cause a slowdown in perceived response time due to gathering and formatting of the batch list. * The optimum number will vary due to system conditions, infrastructure and user expectation. * The DotEdit batch list will be slower to display than the batch list in Taskmaster Web, due to architectural differences between the applications.""},{""char_end"":868,""char_start"":0,""chunk_id"":""2d3e3f098003d3319a6ef19f887202cebc199b03f045290d4df3bbc9e7d02dc1"",""document_id"":""techqa-doc:corpus/swg21642839.txt"",""filename"":""swg21642839.txt"",""rank"":2,""text"":""Title: IBM How do I adjust the number of batches that DotEdit displays in IBM Datacap Taskmaster Capture? - United States Text: batch; list TECHNOTE (FAQ) QUESTION I want to increase the number of batches that IBM Datacap DotEdit displays. It only displays 100 and there are more than 100 batches available. What needs to be done to increase the list? CAUSE The default limit is 100 rows, but this number can be modified by editing the file \\Datacap\\DotEdit\\apps.ini file. ANSWER Please do the following: 1. Backup the \\Datacap\\DotEdit\\apps.ini file. If the file does not exist, create a new one or copy it from \\Datacap\\tmweb.net. 2. Open it in notepad.exe or other editor. 3. Find the app to be modified (for example [APT]). If it does not exist, create a new section with the application name listed between square brackets. 4. Add a new line containing BatchLimit=""},{""char_end"":860,""char_start"":0,""chunk_id"":""b9b34f71171d53f9ce69bd059698ac550fb9330f50616be8b0f6b194dd65ce40"",""document_id"":""techqa-doc:corpus/swg21694159.txt"",""filename"":""swg21694159.txt"",""rank"":3,""text"":""Title: IBM Why my IBM Datacap Taskmaster DotScan shows batches in verification step? - United States Text: DCAP; TMWeb TECHNOTE (TROUBLESHOOTING) PROBLEM(ABSTRACT) I am working on IBM Datcap Taskmaster Capture 8.1.0.2. When I login to the Taskmaster DotScan tool as administrator, I can see batches listed for the verification step. Since the verification step cannot be executed from DotScan, I am not sure if I should be even allowed to see all the batches pending for the verification step. RESOLVING THE PROBLEM This is happening because when configuring the workflow in the Administrator tab in Taskmaster Web, the Verify task was assigned to use Multiple programs.- If it is changed to use DotEdit as the program to use for Verify, then you will not see Verify as one of the options in DotScan in the first place, so the current situation will not arise.""},{""char_end"":1003,""char_start"":733,""chunk_id"":""eba3def04c9017130b4bdfc5c6cd645dc1b0357c336c5a22455046d14136853e"",""document_id"":""techqa-doc:corpus/swg21623229.txt"",""filename"":""swg21623229.txt"",""rank"":4,""text"":""click on the the batch number in the Batch column to bring up the Selected Batch Details window. Find the Status drop down box, and look at the available selections. This list contains the proper spellings of the available status that should be used with QuerySetStatus.""},{""char_end"":1253,""char_start"":652,""chunk_id"":""28f2aa324636b2a344038b27bbc6da8ebe1992e59e51617705a5ade3f208d28c"",""document_id"":""techqa-doc:corpus/swg21631884.txt"",""filename"":""swg21631884.txt"",""rank"":5,""text"":""%73%74%61%72%74%22%20%22%62%61%74%63%68%22%20%22%70%61%6e%65%6c%22%20]. [/support/docview.wss?uid=swg21631884&aid=1] [/support/docview.wss?uid=swg21631884&aid=1] * DotScan - Functionality and configuration of the Start Batch Panel is the same as with Taskmaster Web. [/support/docview.wss?uid=swg21631884&aid=2] [/support/docview.wss?uid=swg21631884&aid=2] * FastDoc - The Start Batch Panel represents the window within FastDoc used to specify configuration information for starting a new batch. FastDoc does not support entry of batch level variables through a pop up window at the start of the batch""},{""char_end"":1591,""char_start"":979,""chunk_id"":""a22fab803eb7b01e94391a2a83d89aebe798828183bcb82f45874140df3e793a"",""document_id"":""techqa-doc:corpus/swg1IO26208.txt"",""filename"":""swg1IO26208.txt"",""rank"":6,""text"":""********************** * RECOMMENDATION: * * Apply Datacap 9.1.3.0-iFix-006 which includes updated * * dcDTlib.dll. * **************************************************************** PROBLEM CONCLUSION * updated dcDTlib.dll - to prevent batchview panel from becoming editable when 'Start Doc' panel under Batch View is disabled. TEMPORARY FIX COMMENTS APAR INFORMATION * APAR NUMBER IO26208 * REPORTED COMPONENT NAME DATACAP TASKMST * REPORTED COMPONENT ID 5725C1500 * REPORTED RELEASE 913 * STATUS CLOSED PER * PE NoPE * HIPER NoHIPER * SPECIAL ATTENTION NoSpecatt / Xsystem * SUBMITTED DATE 2018-04-19 * CLOSED""},{""char_end"":1524,""char_start"":637,""chunk_id"":""c15ad3f250539dd4c0d4daba9b5d7e6871a50058fb6eece27080c1e4a72ab282"",""document_id"":""techqa-doc:corpus/swg1IO24002.txt"",""filename"":""swg1IO24002.txt"",""rank"":7,""text"":""WIN-FP004&source=SAR] APAR STATUS * CLOSED AS PROGRAM ERROR. ERROR DESCRIPTION * Customer is using DotScan, with default ISISScan panel, to scan documents. They have it configured to show Image View window with Vertical thumbnails. When DotScan is first launched, for the first batch scanned, users can CTRL-click or Shift-Click and multiselect pages in the Batch view window to perform actions (e.g. Delete). However, for all subsequent batches (after first batch is Submitted or Cancelled), the multiselect in the batch view no longer works. If, however, you disable thumbnails in the image view window, then you can multiselect pages in the batch view window again. But. customer requires to be able to view thumbnails and be able to multiselect images in the batch view. And this does work correctly for the very first batch only. LOCAL FIX PROBLEM SUMMARY * ************************""},{""char_end"":1448,""char_start"":789,""chunk_id"":""405eb9dbf84731ec72aa460d0b24b7b385a069f421809094b08b09df879cf1b7"",""document_id"":""techqa-doc:corpus/swg21608052.txt"",""filename"":""swg21608052.txt"",""rank"":8,""text"":""or more times and snippets should display every other batch or so. If snippets never display data, then it is likely a separate problem; auto-form all panels if possible to eliminate any customization as the root cause. RESOLVING THE PROBLEM For performance reasons it is not desirable for DotEdit to unload and load panels dynamically. Thus to resolve this problem assign a unique Name for all dcimage (snippet) controls on custom panels being used. For example, pre-append the letter 'a' to all dcimage controls in form A, 'b' to those in form B, etc. Backup the DotEdit project files before making changes in case modifications need to be quickly reverted.""},{""char_end"":1256,""char_start"":663,""chunk_id"":""64d300f664097edf5c17f603f349a7bffc218b6dcfa9dbd57a8ef760739cdc0a"",""document_id"":""techqa-doc:corpus/swg1IO20943.txt"",""filename"":""swg1IO20943.txt"",""rank"":9,""text"":""-FP003&source=SAR] APAR STATUS * CLOSED AS PROGRAM ERROR. ERROR DESCRIPTION * Using the limited Job Monitor view displayed by an Operations shortcut in Taskmaster Web, it is possible to view and (attempt to) run batches associated with job-task pairings not defined in the shortcut's permissions. Changing a non-status filter will show both pending and hold batches for a shortcut whose mode is Manual for Hold. LOCAL FIX PROBLEM SUMMARY * **************************************************************** * USERS AFFECTED: * * windows user * ***************************************************""},{""char_end"":1001,""char_start"":0,""chunk_id"":""260effc96741c890c6ea7d944f5f9772b37edf82d2bb2c230584c5f61047eba7"",""document_id"":""techqa-doc:corpus/swg21608052.txt"",""filename"":""swg21608052.txt"",""rank"":10,""text"":""Title: IBM Using custom panels, DotEdit displays snippets inconsistently in IBM Datacap Taskmaster Capture - United States Text: DotEdit; snippets TECHNOTE (TROUBLESHOOTING) PROBLEM(ABSTRACT) DotEdit does not consistently display snippets when using a custom panel SYMPTOM One or more fields do not have snippets displayed even if data is populated and other clients such as Taskmaster Web show them for the same batch. CAUSE This is applicable in certain versions of DotEdit.exe where DotEdit loads panels for multiple forms. Certain fields may be shared across forms, thus resulting in this behavior. DIAGNOSING THE PROBLEM To ensure that your symptoms are applicable to this Technote, make zero changes after replicating the issue and then place the batch on hold. Re-run the batch one or more times and snippets should display every other batch or so. If snippets never display data, then it is likely a separate problem; auto-form all panels if possible to eliminate any customization as the root""}]",phase03-sufficiency-annotation-v1,f2fe3f7f29b834d78fd7c79bf4d4a94faee43c658d89c48e386854123066802b,,,,
phase03-final-confirmation-blinded-v1,48d23321968606840c7b98c6a58b1e794acc34da11c850e8c1d3e657f6796e82,15,TRAIN_Q041,train,hybrid,10,"Security Bulletin: IBM MQ Appliance is affected by a Network Security Services (NSS) vulnerability (CVE-2017-5461)

I need to understand details regarding Security Bulletin: IBM MQ Appliance is affected by a Network Security Services (NSS) vulnerability (CVE-2017-5461). Where can I find this information?",answerable_with_reference,"CVEID:CVE-2017-5461 [http://cve.mitre.org/cgi-bin/cvename.cgi?name=CVE-2017-5461]
DESCRIPTION:Mozilla Firefox could allow a remote attacker to execute arbitrary code on the system, caused by an out-of-bounds write during Base64 decoding operation in the Network Security Services (NSS) library. By persuading a user to visit a specially-crafted website, a remote attacker could exploit this vulnerability using unknown attack vectors to execute arbitrary code on the vulnerable system or cause a denial of service.
CVSS Base Score: 8.8
CVSS Temporal Score: Seehttps://exchange.xforce.ibmcloud.com/vulnerabilities/125002 [https://exchange.xforce.ibmcloud.com/vulnerabilities/125002]for the current score
CVSS Environmental Score*: Undefined
CVSS Vector: (CVSS:3.0/AV:N/AC:L/PR:N/UI:R/S:U/C:H/I:H/A:H)","[{""char_end"":942,""char_start"":0,""chunk_id"":""d3579b71d58fb40f0433806b6731a54d8accb26449d1734e5a38c8b19fb3d6ab"",""document_id"":""techqa-doc:corpus/swg21979347.txt"",""filename"":""swg21979347.txt"",""rank"":1,""text"":""Title: IBM Security Bulletin: A security vulnerability has been identified in WebSphere MQ shipped with WebSphere Remote Server (CVE-2011-4599) - United States Text: SECURITY BULLETIN SUMMARY WebSphere MQ is shipped as a component of WebSphere Remote Server. Information about a security vulnerability affecting WebSphere MQ has been published in a security bulletin. VULNERABILITY DETAILS For vulnerability details, see the security bulletin ICU4C overflow vulnerability affects IBM WebSphere MQ (CVE-2011-4599). [http://www.ibm.com/support/docview.wss?uid=swg21975091] AFFECTED PRODUCTS AND VERSIONS Principal Product and Version(s) Affected Supporting Product and Version WebSphere Remote Server V8.5 WebSphere MQ V 7.5 V8.0 GET NOTIFIED ABOUT FUTURE SECURITY BULLETINS Subscribe to My Notifications [ http://www-01.ibm.com/software/support/einfo.html] to be notified of important product support alerts like this. REFERENCES Complete CVSS""},{""char_end"":860,""char_start"":0,""chunk_id"":""2df4f24b72844f7530515e461bbf941975b394d22e6fcec73b31a2f1672ffaa1"",""document_id"":""techqa-doc:corpus/swg22009842.txt"",""filename"":""swg22009842.txt"",""rank"":2,""text"":""Title: IBM Security Bulletin: IBM MQ Appliance is affected by a Network Security Services (NSS) vulnerability (CVE-2017-7805) - United States Text: SECURITY BULLETIN SUMMARY IBM MQ Appliance has addressed a vulnerability in Network Security Services (NSS). VULNERABILITY DETAILS CVEID:CVE-2017-7805 [http://cve.mitre.org/cgi-bin/cvename.cgi?name=CVE-2017-7805] DESCRIPTION:Network Security Services could allow a remote attacker to execute arbitrary code on the system, caused by a use-after-free in TLS 1.2 generating handshake hashes. By persuading a victim to visit a specially-crafted website, a remote attacker could exploit this vulnerability using unknown attack vectors to execute arbitrary code on the vulnerable system or cause a denial of service. CVSS Base Score: 8.8 CVSS Temporal Score: Seehttps://exchange.xforce.ibmcloud.com/vulnerabilities/132""},{""char_end"":985,""char_start"":0,""chunk_id"":""16e0ca50bdbaf4c06860a16260cebe1c87b3f1532a30e54a8259e31c35217530"",""document_id"":""techqa-doc:corpus/swg21689806.txt"",""filename"":""swg21689806.txt"",""rank"":3,""text"":""Title: IBM Security Bulletin: A security vulnerability has been identified in IBM WebSphere MQ shipped with IBM WebSphere Remote Server (CVE-2014-3566) - United States Text: SECURITY BULLETIN SUMMARY IBM WebSphere MQ is shipped as a component of IBM WebSphere Remote Server. Information about a security vulnerability affecting IBM WebSphere MQ has been published in a security bulletin. VULNERABILITY DETAILS Please consult the security bulletin Vulnerability in SSLv3 affects IBM WebSphere MQ, IBM WebSphere MQ Internet Pass-Thru and IBM Mobile Messaging and M2M Client Pack (CVE-2014-3566) [http://www-01.ibm.com/support/docview.wss?uid=swg21687433] for vulnerability details and information about fixes. AFFECTED PRODUCTS AND VERSIONS Principal Product and Version(s) Affected Supporting Product and Version All releases of IBM WebSphere Remote Server. All releases of IBM WebSphere MQ GET NOTIFIED ABOUT FUTURE SECURITY BULLETINS Subscribe to My Notifications [ http://www-01.ibm.""},{""char_end"":854,""char_start"":0,""chunk_id"":""b934ac5284c2f17aeda4d3fe01fba5f9342c016953965b491fe9cae4556ce7bd"",""document_id"":""techqa-doc:corpus/swg21701521.txt"",""filename"":""swg21701521.txt"",""rank"":4,""text"":""Title: IBM Security Bulletin: A security vulnerability has been identified in WebSphere MQ shipped with WebSphere Remote Server (CVE-2014-8730) - United States Text: SECURITY BULLETIN SUMMARY WebSphere MQ is shipped as a component of WebSphere Remote Server. Information about a security vulnerability affecting WebSphere MQ has been published in a security bulletin. VULNERABILITY DETAILS For vulnerability details, see the security bulletin TLS padding vulnerability affects IBM WebSphere MQ (CVE-2014-8730). [http://www.ibm.com/support/docview.wss?uid=swg21692552] AFFECTED PRODUCTS AND VERSIONS Principal Product and Version(s) Affected Supporting Product and Version WebSphere Remote Server V7.0, 7.1, 7.1.1, 7.1.2, 8.5 WebSphere MQ V 7.0, 7.0.1, 7.1, 7.5, 8.0 GET NOTIFIED ABOUT FUTURE SECURITY BULLETINS Subscribe to My Notifications [ http://www-""},{""char_end"":975,""char_start"":0,""chunk_id"":""cf3fcd8b2aa4bd5c36ff1e990db2f6991c568fd2d9ca103a21ef4c5f014a9ccb"",""document_id"":""techqa-doc:corpus/swg21979343.txt"",""filename"":""swg21979343.txt"",""rank"":5,""text"":""Title: IBM Security Bulletin: A security vulnerability has been identified in WebSphere MQ shipped with WebSphere Remote Server (CVE-2013-0248) - United States Text: SECURITY BULLETIN SUMMARY WebSphere MQ is shipped as a component of WebSphere Remote Server. Information about a security vulnerability affecting WebSphere MQ has been published in a security bulletin. VULNERABILITY DETAILS For vulnerability details, see the security bulletin Apache Commons FileUpload vulnerability affects IBM WebSphere MQ Managed File Transfer (CVE-2013-0248). [http://www.ibm.com/support/docview.wss?uid=swg21975093] AFFECTED PRODUCTS AND VERSIONS Principal Product and Version(s) Affected Supporting Product and Version WebSphere Remote Server V8.5 WebSphere MQ V 7.5 V8.0 GET NOTIFIED ABOUT FUTURE SECURITY BULLETINS Subscribe to My Notifications [ http://www-01.ibm.com/software/support/einfo.html] to be notified of important product support alerts like this. REFERENCES Complete CVSS""},{""char_end"":655,""char_start"":0,""chunk_id"":""fa61a0e9c29cbe70533ad750cd466dcfae769aa27b68001984bb7eab74d0bced"",""document_id"":""techqa-doc:corpus/swg21691672.txt"",""filename"":""swg21691672.txt"",""rank"":6,""text"":""Title: IBM Security Bulletin: Vulnerabilities in nss and nspr affect IBM SmartCloud Provisioning 2.1 for Software Virtual Appliance - United States Text: CVE-2013-1740; CVE-2014-1490; CVE-2014-1491; CVE-2014-1492; CVE-2014-1544; CVE-2014-1545 SECURITY BULLETIN SUMMARY Vulnerabilities have been identitied in nss and nspr packages that affect IBM SmartCloud Provisioning 2.1 for Software Virtual Appliance (CVE-2013-1740, CVE-2014-1490, CVE-2014-1491, CVE-2014-1492, CVE-2014-1544, CVE-2014-1545). VULNERABILITY DETAILS CVEID: CVE-2013-1740 [http://cve.mitre.org/cgi-bin/cvename.cgi?name=CVE-2013-1740] DESCRIPTION: Mozilla Network Security Services might""},{""char_end"":2641,""char_start"":1671,""chunk_id"":""5f22f2b1ba4cf1050d43ca14683e2a85acefcf46248be5a753bf07b0f6d5b472"",""document_id"":""techqa-doc:corpus/swg22013026.txt"",""filename"":""swg22013026.txt"",""rank"":7,""text"":""/einfo.html] to be notified of important product support alerts like this. REFERENCES Complete CVSS v3 Guide [http://www.first.org/cvss/user-guide] On-line Calculator v3 [http://www.first.org/cvss/calculator/3.0] RELATED INFORMATION IBM Secure Engineering Web Portal [http://www.ibm.com/security/secure-engineering/bulletins.html] IBM Product Security Incident Response Blog [http://www.ibm.com/blogs/psirt] CHANGE HISTORY 17 April 2018: Original version published 24 April 2018: Removed incorrect reference to old version of MQ that is not affected. 25 April 2018: Made bulletin clearer that vulnerability is only in IBM MQ Advanced Message Security *The CVSS Environment Score is customer environment specific and will ultimately impact the Overall CVSS Score. Customers can evaluate the impact of this vulnerability in their environments by accessing the links in the Reference section of this Security Bulletin. DISCLAIMER According to the Forum of Incident Response""},{""char_end"":866,""char_start"":0,""chunk_id"":""d2ea0043fe1d770c333fead429e3880ae36a9131e8a2abd7706d73803ff1277b"",""document_id"":""techqa-doc:corpus/swg22005055.txt"",""filename"":""swg22005055.txt"",""rank"":8,""text"":""Title: IBM Security Bulletin: IBM MQ Appliance is affected by a Network Security Services (NSS) vulnerability (CVE-2017-5461) - United States Text: SECURITY BULLETIN SUMMARY IBM MQ Appliance has addressed a vulnerability in Network Security Services (NSS). VULNERABILITY DETAILS CVEID:CVE-2017-5461 [http://cve.mitre.org/cgi-bin/cvename.cgi?name=CVE-2017-5461] DESCRIPTION:Mozilla Firefox could allow a remote attacker to execute arbitrary code on the system, caused by an out-of-bounds write during Base64 decoding operation in the Network Security Services (NSS) library. By persuading a user to visit a specially-crafted website, a remote attacker could exploit this vulnerability using unknown attack vectors to execute arbitrary code on the vulnerable system or cause a denial of service. CVSS Base Score: 8.8 CVSS Temporal Score: Seehttps://exchange.xforce.ibm""},{""char_end"":6328,""char_start"":5187,""chunk_id"":""b8b6bfa564b1f280e30cc1d5833c3f56768fb83155deb80dd67e6fc115ef0534"",""document_id"":""techqa-doc:corpus/swg21676496.txt"",""filename"":""swg21676496.txt"",""rank"":9,""text"":""/security/secure-engineering/bulletins.html] IBM Product Security Incident Response Blog [http://www.ibm.com/blogs/psirt] ACKNOWLEDGEMENT None CHANGE HISTORY 19th June 2014 - Original Version Published 1st July 2014 - Confirmed MQTT libraries provided by MQ 7.1 & MQ 7.5 should use MA9B download *The CVSS Environment Score is customer environment specific and will ultimately impact the Overall CVSS Score. Customers can evaluate the impact of this vulnerability in their environments by accessing the links in the Reference section of this Security Bulletin. DISCLAIMER According to the Forum of Incident Response and Security Teams (FIRST), the Common Vulnerability Scoring System (CVSS) is an \""industry open standard designed to convey vulnerability severity and help to determine urgency and priority of response.\"" IBM PROVIDES THE CVSS SCORES \""AS IS\"" WITHOUT WARRANTY OF ANY KIND, INCLUDING THE IMPLIED WARRANTIES OF MERCHANTABILITY AND FITNESS FOR A PARTICULAR PURPOSE. CUSTOMERS ARE RESPONSIBLE FOR ASSESSING THE IMPACT OF ANY ACTUAL OR POTENTIAL SECURITY VULNERABILITY. RELATED INFORMATION A Japanese translation is available [http:""},{""char_end"":928,""char_start"":0,""chunk_id"":""cdabff9d73d2b1e2b35556c4a4304476b14c315bb882029df8b4551a0c10657d"",""document_id"":""techqa-doc:corpus/swg22006960.txt"",""filename"":""swg22006960.txt"",""rank"":10,""text"":""Title: IBM Security Bulletin: IBM Security Access Manager Appliance is affected by a Network Security Services (NSS) vulnerability (CVE-2017-5461) - United States Text: SECURITY BULLETIN SUMMARY IBM Security Access Manager Appliance has addressed the following vulnerability in the Network Security Services (NSS) library. VULNERABILITY DETAILS CVEID: CVE-2017-5461 [http://cve.mitre.org/cgi-bin/cvename.cgi?name=CVE-2017-5461] DESCRIPTION: Mozilla Firefox could allow a remote attacker to execute arbitrary code on the system, caused by an out-ouf-bounds write during Base64 decoding operation in the Network Security Services (NSS) library. By persuading a victim to visit a specially-crafted Web site, a remote attacker could exploit this vulnerability using unknown attack vectors to execute arbitrary code on the vulnerable system or cause a denial of service. CVSS Base Score: 8.8 CVSS Temporal Score: See https://exchange""}]",phase03-sufficiency-annotation-v1,f2fe3f7f29b834d78fd7c79bf4d4a94faee43c658d89c48e386854123066802b,,,,
phase03-final-confirmation-blinded-v1,a3f85df3548288bc6ccff69c302874c6d7e17f3fe12f53e24fa503dbab8e59d9,16,TRAIN_Q423,train,dense,1,"Report stuck in current queue



We have one report that has been showing in the admin current
activities status tab for 20+ days and we have had 2 full re-starts
since then. Also it appears we have interactive jobs staying around as well for past days and days.

How can we clean this up ?",answerable_with_reference,"Dropping the NC* tables that use this script: 

Steps:
1. Stop the Cognos Service
2. Take a physical backup of the Content Store or Notification database
3. Select the appropriate folder for your content store or notification database type under <install>/configuration/schemas/delivery/<dbtype>/ 
4. Run NC_DROP_<dbtype>.sql against the content store or notification database 
4. Restart Cognos Services. 

Should dropping the NC* tables not resolve the issue, then restore the content or notification store from the last backup version.","[{""char_end"":899,""char_start"":0,""chunk_id"":""327bc5ec735ee1ce6083761814d6fbc1ccf1ce1cc5cbb33f919e1e0ef0a808b1"",""document_id"":""techqa-doc:corpus/swg1IV93580.txt"",""filename"":""swg1IV93580.txt"",""rank"":1,""text"":""Title: IBM IV93580: TNPMW ACTIVE_JOB TABLE NOT BEING CLEANED - United States Text: SUBSCRIBE You can track all active APARs for this component. APAR STATUS * CLOSED AS FIXED IF NEXT. ERROR DESCRIPTION * Customer reported that ACTIVE_JOB table has 22232 rows, ideally these should have been purged. misc_clean job from schedule_admin is used to clean various tables and ACTIVE_JOB is one of them, logs are written to wmtm. This job purges rows which have cleanup time updated or are older than x no. of days. Also it requires that rg_tasklist and task_filename should not have these job id's present in it. On checking these 2 tables, rg_tasklist had older jobs (not cleaned) and task_file name was not having the jobs. Raising apar to fix the issue - need to clean rows from rg_tasklist , ACTIVE_JOB if job is older than x no. of days . Issue reported on 132 IF74 but also seen in other versions too""}]",phase03-sufficiency-annotation-v1,f2fe3f7f29b834d78fd7c79bf4d4a94faee43c658d89c48e386854123066802b,,,,
phase03-final-confirmation-blinded-v1,7c0ba6a27162e8f8c90271d24eab44a90a1331e1379052312f5f875c061e62a1,17,TRAIN_Q098,train,dense,10,"Restore JazzSM DASH login page to default images

We've changed the JazzSM DASH login page images and want to restore them. What values do we use to revert those changes? ",answerable_with_reference,"1. Stop the DASH server 

2. Make a backup copy of the current xml files in the following directory: 

<JazzSM_Home>/profile/config/cells/JazzSMNode01Cell/applications/isc.ear/deployments/isc/isclite.war/WEB-INF 

3. Go to <JazzSM_Home>/profile/backups and find a backup file from a previous day/time that contains the missing xml files 

Example: isc_stores_backup_1427324004938.zip 

4. Unpack the zip file to a temporary location. 

5. Restore these files in the WEB-INF directory from the backup. 

6. Start DASH 

7. Test if you can access the DASH Portal.","[{""char_end"":926,""char_start"":0,""chunk_id"":""d878c90d47e68da2e583efe388b81a2dad181b967fcfc11d9484a1572a1089e2"",""document_id"":""techqa-doc:corpus/swg21697553.txt"",""filename"":""swg21697553.txt"",""rank"":1,""text"":""Title: IBM DASH Navigation bar customisation - United States Text: DASHL2; DASHL2CONF; Dash; navigation; customise; customize; watermark; Dashboard; sidebar TECHNOTE (FAQ) QUESTION Is it possible to customise the sidebar image/background in Dashboard Application Service Hub (DASH) component of Jazz for Service Management (JazzSM) application? CAUSE Customer would like to change the sidebar navigation image in DASH to watermark it with the name of the environment, for example: DEV, TEST, PROD. ANSWER It is not possible to change the existing display of the Navigation bar in the current version of DASH. However to be hinted about the environment and know if the particular DASH is DEV/TEST/PROD, it is possible to achieve this by customising main DASH login page. Here it is possible to change login title and company logo etc http://www-01.ibm.com/support/knowledgecenter/SST55W_4.1.0/liaca/liaca_dashboard_rebrand.html""},{""char_end"":1895,""char_start"":1220,""chunk_id"":""69b1be3cbc5a5a088eeffeeded0f5f7dc542b91a015fe4f3a5a4035928bb5519"",""document_id"":""techqa-doc:corpus/swg21974360.txt"",""filename"":""swg21974360.txt"",""rank"":2,""text"":""wsadmin session using the wsadmin script found under <JazzSM-HOME>/profile/bin: Windows: wsadmin.bat -lang jacl Unix: ./wsadmin.sh -lang jacl Enter the following wsadmin commands. Replace \""<Realm Name>\"" with name found in step 2. Note that $ sign is part of the command. $AdminTask updateIdMgrRealm {-name <Realm Name> -allowOperationIfReposDown true} $AdminConfig save exit 4. Restart the DASH server process for the change to be picked up. To revert the change: Restore the backup copy of the wimconfig.xml you created under: <JazzSM-HOME>/profile/config/cells/JazzSMNode01Cell/wim/config Restart the DASH server process for the original wimconfig.xml file to be picked up.""},{""char_end"":2361,""char_start"":1510,""chunk_id"":""6c8135dc02f368aa028196ddcb70bf24c4ff4df687d44333f7134dd0e4c47c62"",""document_id"":""techqa-doc:corpus/swg21634120.txt"",""filename"":""swg21634120.txt"",""rank"":3,""text"":""tomcat/webapps/jazz.war and copy it to a temporary working directory. Extract the /WEB-INF/eclipse/plugins/net.jazz.web.app_1.0.2.I200912031748.jar file from the WAR. The timestamp portion of the filename may be different depending on the exact version/ifix. Extract the following two files from the JAR file: /resources/graphics/JazzUI/IBM-logo.png /resources/graphics/LoginWidget/logo-ibm-sm.gif Update or replace the two image files with the desired content. The image dimensions (41 x 15px) must be maintained, as well as the formats (PNG, GIF). The images have transparency, so you should use image editing software that can edit and save transparent images. Replace the two images in the JAR with the modified images. Inspect the JAR to make sure the paths are correct (same as before) and the timestamp is newer on those two images. Replace the""},{""char_end"":752,""char_start"":0,""chunk_id"":""5bb8a7a27ae506be0021076c95c6eacfa2fe2e5c62563319a5715f432ebbd259"",""document_id"":""techqa-doc:corpus/swg21645959.txt"",""filename"":""swg21645959.txt"",""rank"":4,""text"":""Title: IBM Can not login to DASH because of Invalid user id error. - United States Text: TIPL2; TIPL2CONF; change default admin user; password TECHNOTE (FAQ) QUESTION I can not remember default user id I used while installing DASH. How can I find the used id and reset its password? CAUSE User forgot that what user id was selected while installing DASH. ANSWER Take a look into below files: <DASH_HOME>/profile/config/cells/JazzSMNode01Cell/fileRegistry.xml <DASH_HOME>/profileconfig/cells/JazzSMNode01Cell/security.xml The security.xml file contains default admin user id used during the installation. See below sample snippet from security.xml file. In this case smadmin is the user id. ------------------ snippet from security.xml -----------------""},{""char_end"":760,""char_start"":0,""chunk_id"":""5e7b117b304a582aa167c19e29b9978da239073862102b381a97d137b49dad9a"",""document_id"":""techqa-doc:corpus/swg21973961.txt"",""filename"":""swg21973961.txt"",""rank"":5,""text"":""Title: IBM JazzSM/DASH forced user logout - United States Text: DASHL2; DASHL2FAQ; JazzSM; DASH forced user logout TECHNOTE (FAQ) QUESTION Is there a way to forcefully logout users logged into IBM DASH/JazzSM? CAUSE Administrator may need to logout users if needed. ANSWER Follow below steps to accomplish this: 1. Login to DASH as Administrator user (typically smadmin). 2. Click on Gear Icon (on the left side) and then select User Roles. 3. From the Filter drop down select \""Active\"" and then type 1 in the box. This should display all the active users. 4. Select check box next to each user you want to logout and then click on Logout. To logout all the users at the same time select all users by clicking on \""Select all items\"" button and then click Logout.""},{""char_end"":1376,""char_start"":629,""chunk_id"":""2cb92a07732fc092b552bd481850e7581a8327666b4fd1ddf21ad683afb7797d"",""document_id"":""techqa-doc:corpus/swg21972956.txt"",""filename"":""swg21972956.txt"",""rank"":6,""text"":""other 3.1.2 code that was no longer in place after the rollback attempt. DIAGNOSING THE PROBLEM If the issue surfaced after a failed DASH 3.1.2 (or 3.1.2.1) rollback and the error page shown when trying to load the DASH login page includes the \""Error 500\"" and missing \""...SetXFrameOptionFilter.class\"" reference, this DCF is applicable. RESOLVING THE PROBLEM Obtain a copy of the <JazzSM Home>/profile/installedApps/JazzSMNode01Cell/isc.ear/isclite.jar from a working DASH 3.1.2 (or 3.1.2.1 if appropriate) system. A copy can be obtained by IBM Support if needed by way of opening a PMR. To apply the working isclite.jar: 1. Stop DASH 2. Make a backup of the existing isclite.jar file under: <JazzSM Home>/profile/installedApps/JazzSMNode01Cell/isc""},{""char_end"":1183,""char_start"":750,""chunk_id"":""30bd5a2ee9d53ba96ccc7d3eb12dfa7d39277f35050836e2341ec6ab5e7278a7"",""document_id"":""techqa-doc:corpus/swg21902654.txt"",""filename"":""swg21902654.txt"",""rank"":7,""text"":""/profile/config/cells/JazzSMNode01Cell/applications/isc.ear/deployments/isc/isclite.war/WEB-INF 3. Go to <JazzSM_Home>/profile/backups and find a backup file from a previous day/time that contains the missing xml files Example: isc_stores_backup_1427324004938.zip 4. Unpack the zip file to a temporary location. 5. Restore these files in the WEB-INF directory from the backup. 6. Start DASH 7. Test if you can access the DASH Portal.""},{""char_end"":740,""char_start"":0,""chunk_id"":""94af3fe422023472363ce70d924be63071f515f429e64ddad572c9f2d05e560a"",""document_id"":""techqa-doc:corpus/swg21960719.txt"",""filename"":""swg21960719.txt"",""rank"":8,""text"":""Title: IBM Hiding ICON's in DASH Welcome page. - United States Text: DASH; ICONS; COMMUNITY; VIDEOS; Welcome; remove; JazzSM; DASHL2FAQ TECHNOTE (FAQ) QUESTION How can I remove the \""COMMUNITY\"" and \""VIDEOS\"" icons from the DASH welcome page CAUSE No cause, customer's personal preference. ANSWER Removing these Icon's from the DASH welcome page: [/support/docview.wss?uid=swg21960719&aid=1] [/support/docview.wss?uid=swg21960719&aid=1] Go to \""Console Settings\"" -> \""Pages\"" -> \""Help\"" -> \""Dashboard Community\"" Use this page to manage all pages and folders available [/support/docview.wss?uid=swg21960719&amp;aid=2] Then remove the roles for the dashboard community select the \""Roles with Access to this URL:2\"" pull down menu, select the 2 roles,""},{""char_end"":791,""char_start"":0,""chunk_id"":""a351ed096ecde16a5e843a35d6ff641dab94c3259600d14bbc3fcfd91b0e2d21"",""document_id"":""techqa-doc:corpus/swg21981870.txt"",""filename"":""swg21981870.txt"",""rank"":9,""text"":""Title: IBM Missing Icon pulldown options in DASH main menu after 3.1.2.1 Install - United States Text: DASHL2; Console Settings; missing.; icons; WAS 8.5.5.9; DASH 3.1.2.1; Cumulative patch 5; CP5 TECHNOTE (TROUBLESHOOTING) PROBLEM(ABSTRACT) After fresh install of WAS 8.5.5.9 with JazzSM 1.1.2.1/DASH 3.1.2.1, the \""Console Settings\"" is missing entries and other expected icons are missing from the DASH main page. SYMPTOM After successful installation of JazzSM 1.1.2.1/DASH 3.1.2.1 with WebSphere 8.5.5.9, some of the icons in the main DASH window are missing on the left. CAUSE It was recently discovered that some .jar files were not included in WebSphere 8.5.5.9, that were available in previous WebSphere releases, and are required for several functions in DASH. ENVIRONMENT JazzSM 1.1""},{""char_end"":907,""char_start"":0,""chunk_id"":""9c91b98e53c7d3ba644c779e4a6f0766dcec8d783e90641824accc054c47f1f3"",""document_id"":""techqa-doc:corpus/swg21697498.txt"",""filename"":""swg21697498.txt"",""rank"":10,""text"":""Title: IBM DASH users with admin roles suddenly unable to log into WAS Admin Console - United States Text: DASHL2; DASHL2SSO; DASHL2AUTH; TIPL2; TIPL2SSO; TIPL2AUTH; admin console; login; invalid login or password; realm name; SSO TECHNOTE (TROUBLESHOOTING) PROBLEM(ABSTRACT) Users that had previously been able to log into the WAS Admin Console for the Dashboard Application Services Hub (DASH) component of Jazz for Service Management (JazzSM) are getting \""Invalid username or password\"" messages when trying to log in. SYMPTOM The issue surfaced while trying to configure SSO CAUSE The realm name for the Federated Repository in DASH was changed but the requisite updates to the admin-authz.xml entries did not occur. The reason the updates did not occur is unknown. DIAGNOSING THE PROBLEM Review the <JazzSM home>/profile/logs/server1/SystemOut.log messages from around the failed login attempt to see if""}]",phase03-sufficiency-annotation-v1,f2fe3f7f29b834d78fd7c79bf4d4a94faee43c658d89c48e386854123066802b,,,,
phase03-final-confirmation-blinded-v1,3ef9d95c04361a2cc87bb2bbf52aaac0d47bd61a3839fa02c281a330869546ed,18,TRAIN_Q496,train,bm25,1,"Why am I getting an SSL Key Exception (RSA premaster secret error) when trying to create a syndication pair?



When trying to create the syndication pair for a virtual portal, I am getting the following exception:

""IWKWC0016E: The remote service can not be retrieved. Either the URL you entered is incorrect, the server you indicated does not contain IBM Web Content Manager or the web service has been incorrectly configured and could not be located. Check the log for more details https://1.23.456.789 <-- your ip address or hostname will be shown here

/wps/wcm/vpname/basicauth/SyndicationServlet?reqlocale=en_US& javax.net.ssl.SSLKeyException: RSA premaster secret error""",answerable_with_reference,The default restricted policy file has a 2048 key size limit. If the RSA key size exceeds this limit then this error is expected.,"[{""char_end"":951,""char_start"":0,""chunk_id"":""92b304fea450a8bfcbc66f4b20dac115b3bb19cb12d34b64797aaaf750e350d5"",""document_id"":""techqa-doc:corpus/swg21587102.txt"",""filename"":""swg21587102.txt"",""rank"":1,""text"":""Title: IBM Unable to create syndicator-subscriber pair while setting up syndication, with IWKWC0016E error. - United States Text: credential vault; setup syndication; IWKWC0016E TECHNOTE (TROUBLESHOOTING) PROBLEM Unable to create syndicator-subscriber pair, and getting following error:- \""IWKWC0016E: The remote service can not be retrieved. Either the URL is incorrect, the server you indicated does not contain. IBM Web Content Management or the web service has been incorrectly configured and could not be located. Check the log for more details.\"" DIAGNOSING THE PROBLEM Syndicator and Subscriber URLs are correct, syndicator server is running, WCM 7.0 is installed and configured correctly. Still unable to create syndicator-subscriber pair, and get following error:- \""IWKWC0016E: The remote service can not be retrieved. Either the URL is incorrect, the server you indicated does not contain IBM Web Content Management or the web service has been""}]",phase03-sufficiency-annotation-v1,f2fe3f7f29b834d78fd7c79bf4d4a94faee43c658d89c48e386854123066802b,,,,
phase03-final-confirmation-blinded-v1,52be51d4811523441343be1c63e01fd893ebae23a5d77f7de73a617e37f197ef,19,TRAIN_Q463,train,hybrid,3,"Can Portal prevent the usage of simultaneous logins with the same userID?

Is it possible for WebSphere Portal to limit the usage of a userID to one authenticated session as a time? In other words, prevent authenticating to Portal as ""user1"" from one browser and then simultaneously authenticating to Portal again as ""user1"" from another browser? ",answerable_with_reference,"WebSphere Portal has no built-in mechanism or configuration setting to limit the number of times a user id may log in. Unexpected behavior may occur if the same id is logged in more than once and this is not supported. 

""ConcurrentModificationException"" and other errors may be logged.

Most of the related issues were resolved in WebSphere Portal 5.1. However, you may still encounter exceptions or side-effects if you access the Portal in multiple browser windows using the same user id, whether or not the authentication requests take place on separate physical hosts.

It may be possible to prevent multiple logins by writing custom ""tracking code."" Contact IBM Services for assistance to undertake such a project. WebSphere Portal Development does not have any sample code.

If you wish to write your own code, some of the issues to be aware of are (this is not an inclusive list):

-- Multiple logins may take place on different nodes in a cluster. This means some cluster-wide mechanism would have to be in place to keep track of the logged-in users. Look at the WebSphere Application Server DistributedMap interface.

-- There should be a fail-safe way to track user logout (explicit logout and session timeout). Using a session listener might be a possibility. 

-- If a user closes the browser without logging out, that user must wait for a session timeout before logging in again. Otherwise, there should be a ""force simultaneous login"" option in the login user interface.

For load testing, use unique user ids or virtual users.","[{""char_end"":1080,""char_start"":0,""chunk_id"":""1a6f677c55647057544a82d8d55ea2c3d8ed0bb3a7782f71e0a75797828aede0"",""document_id"":""techqa-doc:corpus/swg21227799.txt"",""filename"":""swg21227799.txt"",""rank"":1,""text"":""Title: IBM Multiple logins using the same user ID - United States Text: ConcurrentModificationException; log in; login; multiple; userid; multiple login TECHNOTE (FAQ) QUESTION \""ConcurrentModificationException\"" and other errors may occur if the same user id is logged in to IBM WebSphere Portal multiple times. ANSWER WebSphere Portal has no built-in mechanism or configuration setting to limit the number of times a user id may log in. Unexpected behavior may occur if the same id is logged in more than once and this is not supported. \""ConcurrentModificationException\"" and other errors may be logged. Most of the related issues were resolved in WebSphere Portal 5.1. However, you may still encounter exceptions or side-effects if you access the Portal in multiple browser windows using the same user id, whether or not the authentication requests take place on separate physical hosts. It may be possible to prevent multiple logins by writing custom \""tracking code.\"" Contact IBM Services for assistance to undertake such a project. WebSphere Portal Development does not have any""},{""char_end"":1876,""char_start"":814,""chunk_id"":""291412d41d19310352f07aa01ceea2094aad642585c01549d91871cd84480945"",""document_id"":""techqa-doc:corpus/swg21227799.txt"",""filename"":""swg21227799.txt"",""rank"":2,""text"":""or not the authentication requests take place on separate physical hosts. It may be possible to prevent multiple logins by writing custom \""tracking code.\"" Contact IBM Services for assistance to undertake such a project. WebSphere Portal Development does not have any sample code. If you wish to write your own code, some of the issues to be aware of are (this is not an inclusive list): -- Multiple logins may take place on different nodes in a cluster. This means some cluster-wide mechanism would have to be in place to keep track of the logged-in users. Look at the WebSphere Application Server DistributedMap interface. -- There should be a fail-safe way to track user logout (explicit logout and session timeout). Using a session listener might be a possibility. -- If a user closes the browser without logging out, that user must wait for a session timeout before logging in again. Otherwise, there should be a \""force simultaneous login\"" option in the login user interface. For load testing, use unique user ids or virtual users. RELATED INFORMATION Portal""},{""char_end"":1979,""char_start"":945,""chunk_id"":""4878886a840e310fb9acf77138c8c543e4989ae85f8351f2fd604da58d8b3e75"",""document_id"":""techqa-doc:corpus/swg21505013.txt"",""filename"":""swg21505013.txt"",""rank"":3,""text"":""logs in, it is expected that sessions will be invalidated and the user be asked to login again upon switching from one web application to the other. ANSWER Configure user accounts to have all necessary roles In order to access from one client browser several web applications that are under the same security domain, the first option is to take advantage of the Single Sign On feature of the WebSphere Applications Server. It can be achieved by configuring user accounts to have all the roles required by the web applications to be accessed simultaneously by a given user. For instance, a user \""johnDoe\"" could be configured to belong to the following groups: rtsAdministrator, rtsInstaller, resAdministrators, resDeployers, resMonitors. Using the credentials of this user it is then possible to start a browser session by logging in Rule Team Server (RTS) and then upon visiting a Rule Execution Server (RES) console URL to be automatically logged in with the \""johnDoe\"" credentials, and then continue to have a session with RES and RT""}]",phase03-sufficiency-annotation-v1,f2fe3f7f29b834d78fd7c79bf4d4a94faee43c658d89c48e386854123066802b,,,,
phase03-final-confirmation-blinded-v1,2bb8c330dbcb967bc13f17983ec12f17029431d6ea29d0fbc2fce9d7d7c0d6f0,20,TRAIN_Q198,train,bm25,5,"Help with Security Bulletin: IBM API Connect is affected by Node.js tough-cookie module vulnerability to a denial of service (CVE-2016-1000232)

I need to understand details regarding Security Bulletin: IBM API Connect is affected by Node.js tough-cookie module vulnerability to a denial of service (CVE-2016-1000232). Where can I find this information? ",answerable_with_reference,"CVEID:CVE-2016-1000232 [http://cve.mitre.org/cgi-bin/cvename.cgi?name=CVE-2016-1000232]
DESCRIPTION:Node.js tough-cookie module is vulnerable to a denial of service, caused by a regular expression error. By using a sufficiently large HTTP request Cookie header, a remote attacker could exploit this vulnerability to cause the application to consume an overly large amount of CPU resources.
CVSS Base Score: 5.3
CVSS Temporal Score: Seehttps://exchange.xforce.ibmcloud.com/vulnerabilities/119038 [https://exchange.xforce.ibmcloud.com/vulnerabilities/119038]for the current score
CVSS Environmental Score*: Undefined
CVSS Vector: (CVSS:3.0/AV:N/AC:L/PR:N/UI:N/S:U/C:N/I:N/A:L)

AFFECTED PRODUCTS AND VERSIONS
 

Affected API Connect Affected Versions IBM API Connect 5.0.6.0-5.0.6.5 IBM API Connect 5.0.7.0-5.0.7.2 IBM API Connect 5.0.8.0","[{""char_end"":990,""char_start"":0,""chunk_id"":""3bf481eabdeaf54b00eec16b7f8df453f03378f923bc91f91c0f283935522053"",""document_id"":""techqa-doc:corpus/swg22013088.txt"",""filename"":""swg22013088.txt"",""rank"":1,""text"":""Title: IBM Security Bulletin: IBM API Connect is affected by Node.js tough-cookie module vulnerability to a denial of service (CVE-2016-1000232) - United States Text: SECURITY BULLETIN SUMMARY API Connect has addressed the following vulnerability. Node.js tough-cookie module is vulnerable to a denial of service, caused by a regular expression error. By using a sufficiently large HTTP request Cookie header, a remote attacker could exploit this vulnerability to cause the application to consume an overly large amount of CPU resources. VULNERABILITY DETAILS CVEID:CVE-2016-1000232 [http://cve.mitre.org/cgi-bin/cvename.cgi?name=CVE-2016-1000232] DESCRIPTION:Node.js tough-cookie module is vulnerable to a denial of service, caused by a regular expression error. By using a sufficiently large HTTP request Cookie header, a remote attacker could exploit this vulnerability to cause the application to consume an overly large amount of CPU resources. CVSS Base Score: 5.3 CVSS Temporal Score""},{""char_end"":899,""char_start"":0,""chunk_id"":""dfe98fa5455eeaad19e3629091dfebbd52982e590a1f527df43211d520dc8b2e"",""document_id"":""techqa-doc:corpus/swg22013168.txt"",""filename"":""swg22013168.txt"",""rank"":2,""text"":""Title: IBM Security Bulletin: API Connect is affected by a Node.js denial of service vulnerability (CVE-2017-14919) - United States Text: SECURITY BULLETIN SUMMARY IBM API Connect has addressed the following vulnerability. Node.js is vulnerable to a denial of service, caused by an uncaught exception flaw in the zlib module. By making 8 an invalid value for the windowBits parameter, a remote attacker could exploit this vulnerability to cause the application to crash. VULNERABILITY DETAILS CVEID:CVE-2017-14919 [http://cve.mitre.org/cgi-bin/cvename.cgi?name=CVE-2017-14919] DESCRIPTION:Node.js is vulnerable to a denial of service, caused by an uncaught exception flaw in the zlib module. By making 8 an invalid value for the windowBits parameter, a remote attacker could exploit this vulnerability to cause the application to crash. CVSS Base Score: 7.5 CVSS Temporal Score: Seehttps://exchange.""},{""char_end"":815,""char_start"":0,""chunk_id"":""2130321174e6c7935baba4107dea8653e3263cb1d7fb40461c38adc3d2f491f6"",""document_id"":""techqa-doc:corpus/swg21685987.txt"",""filename"":""swg21685987.txt"",""rank"":3,""text"":""Title: IBM Security Bulletin: Current Release of IBM® SDK for Node.jsTM is affected by CVE-2014-7191 - United States Text: SECURITY BULLETIN SUMMARY Node.js qs denial-of-service vulnerability. VULNERABILITY DETAILS CVE-ID: CVE-2014-7191 [http://cve.mitre.org/cgi-bin/cvename.cgi?name=CVE-2014-7191] DESCRIPTION: Node.js is vulnerable to a denial of service, caused by an error in the qs module when parsing a string representing a deeply nested object. An attacker could exploit this vulnerability to block the event loop for an extended period of time and cause a denial of service. The qs module included in IBM SDK for Node.js is a bundled dependency of the Node Package Manager (npm). This instance of the qs module is not normally exposed to end users of IBM SDK for Node.js. CVSS Base Score: 5.0 CVSS Temporal""},{""char_end"":786,""char_start"":0,""chunk_id"":""0bb62d8741daad16974ed65fe6caf1b0a09f51dab4c0d2a4f151f601a3be460a"",""document_id"":""techqa-doc:corpus/swg21986144.txt"",""filename"":""swg21986144.txt"",""rank"":4,""text"":""Title: IBM Security Bulletin: Multiple vulnerabilities in NPM affects IBM API Connect (CVE-2016-3956, CVE-2016-2537, CVE-2016-2515) - United States Text: SECURITY BULLETIN SUMMARY IBM API Connect is affected by two ReDoS vulnerabilities in modules included in the Node.js npm tool (CVE-2016-2537, CVE-2016-2515) and Node.js Package Manager (npm) Bearer Token Vulnerability (CVE-2016-3956). These vulnerabilities are now fixed. VULNERABILITY DETAILS CVEID: CVE-2016-2515 [http://cve.mitre.org/cgi-bin/cvename.cgi?name=CVE-2016-2515] DESCRIPTION: Node.JS hawk is vulnerable to a denial of service, caused by an error in the regular expression implementation. An attacker could exploit this vulnerability using an overly long header or URI to cause the application to hang. CVSS Base Score""},{""char_end"":7398,""char_start"":6492,""chunk_id"":""c4a3c951a5202713f39fc147000081c78dc5d5cbbf33c94d3e99efbbfec40688"",""document_id"":""techqa-doc:corpus/swg22012785.txt"",""filename"":""swg22012785.txt"",""rank"":5,""text"":""WORKFLOW RULE REPLACEMENT PATTERN - \""AFTER CREATING A NEW APPLICATION\"" THE ID OF THE CREDENTIAL IS MISS LI79967 ATTEMPT TO DELETE AN USER REGISTRY FROM THE CMC UI RESULTS IN A POP UP SAYING COULD NOT PROCESS THE API REQUEST LI79969 APIC 5.0.7.2 INTERNATIONAL CHARACTERS FROM BACKEND ARE TRANSLATED INTO DECIMAL CHARACTER REFERENCES LI79975 DEV PORTAL USERS MIGHT NOT ABLE TO RESET PASSWORD IF DISABLE \""DEVELOPERS CAN INVITE COLLABORATORS AND ASSIGN FOLLOWING ROLES\"" LI79976 WSDL SETTING SERVICE ENDPOINTS CREATES INVALID ZIP FILES LI79977 SAVE BUTTON WHEN MODIFYING DETAILS OF MANAGEMENT SERVER ON DOES NOT WORK LI79986 NODE.JS TOUGH-COOKIE MODULE IS VULNERABLE TO A DENIAL OF SERVICE LI79989 OPENSSL VULNERABILITIES LI79994 NODE.JS DDOS VULNERABILITY UPGRADE PATHS FOR API CONNECT: For more information on IBM API Connect upgrade paths, see Supported Upgrade Paths. [http://www-01.ibm.com/support/docview.""}]",phase03-sufficiency-annotation-v1,f2fe3f7f29b834d78fd7c79bf4d4a94faee43c658d89c48e386854123066802b,,,,
phase03-final-confirmation-blinded-v1,825d524338bd7a40a18c42bdea6bc7c33424c5e9a36ae5103e57bd0a0c2089dd,21,TRAIN_Q001,train,bm25,5,"Netcool/Impact (all versions): How is the Exit() action function expected to work with User Defined Functions?

Netcool/Impact (all versions)

Using the Exit() action function within a User Defined Function in a Policy will not exit the Policy process.",answerable_with_reference,This is because the Exit() parser function in IPL is designed to exit the immediate scope. To carry the action outside of the User Defined Function to the Policy level one would have to set a variable that is then tested immediately after the User Defined Function call,"[{""char_end"":909,""char_start"":0,""chunk_id"":""23a5dd147bbd93557cad09e3653467f0f4d5908a31b4ec4b2d414c9cf8d3b1ea"",""document_id"":""techqa-doc:corpus/swg21675316.txt"",""filename"":""swg21675316.txt"",""rank"":1,""text"":""Title: IBM Exit() action within User Defined Function in Impact Policy Language - United States Text: netcool; impact; netcool/impact; nci; ipl; policy; language; exit; exit(); function; user; defined; custom; udf; parser; action; set; global; variable; var; get; setglobalvar; getglobalvar; globalvar TECHNOTE (FAQ) QUESTION and how to exit the Policy process from within a Custom Function CAUSE Using the Exit() parser function within a User Defined (or Custom) Function in Impact Policy Language (IPL) will not exit the Policy process, it will only exit the User Defined Function. ANSWER This is because the Exit() parser function in IPL is designed to exit the immediate scope. To carry the action outside of the User Defined Function to the Policy level one would have to set a variable that is then tested immediately after the User Defined Function call - for example: * * * * * * * * * * * * * * * * *""},{""char_end"":3581,""char_start"":2715,""chunk_id"":""a0e0767895358cb16bd122ce7e074957157627198da31583d8363118ff043b2d"",""document_id"":""techqa-doc:corpus/swg21675015.txt"",""filename"":""swg21675015.txt"",""rank"":2,""text"":""removing extraneous logging and declaring parameters directly within the action functions. Please note that, if one were to set this up as a user defined (or custom) function, the Exit() action would only exit the user defined function and not the Policy process. To address this one would set a variable in the user defined function to indicate that the Policy process is to exit and then test this variable upon return to the Policy and act appropriately. Please see the TechNote \""Exit() action within User Defined Function in Impact Policy Language\"" [ link below]. RELATED INFORMATION Event flagging [http://www-01.ibm.com/support/docview.wss?uid=swg21626633] Avoiding unwanted event reprocessing [http://www-01.ibm.com/support/docview.wss?uid=swg21386538] Removing duplicate event records from EventQueue with U [http://www-01.ibm.com/support/docview.wss?uid=swg""},{""char_end"":1614,""char_start"":775,""chunk_id"":""5098c592e9523d6096d919fa350cde5c2e02c693d9954efc54d1e8124651144d"",""document_id"":""techqa-doc:corpus/swg1IZ67491.txt"",""filename"":""swg1IZ67491.txt"",""rank"":3,""text"":""a function() function test(){ if (exit){ exitNow=true; } } and then later in the policy: if(existNow){ exit(); } PROBLEM SUMMARY * Exit function is not properly documented PROBLEM CONCLUSION * Exit function example in the documentation is not clear to the user. The function should be documented with proper example to explain the usage and how to exit the policy and user defined function. A tech note is provided in the link: http://www-01.ibm.com/support/docview.wss?uid=swg21418339 [http://www-01.ibm.com/support/docview.wss?uid=swg21418339] The future release documentation will be updated with propery usage TEMPORARY FIX COMMENTS APAR INFORMATION * APAR NUMBER IZ67491 * REPORTED COMPONENT NAME NETCOOL/IMPACT * REPORTED COMPONENT ID 5724O59IS * REPORTED RELEASE 511 * STATUS CLOSED DOC * PE NoPE * HIPER NoHIPER * SPECIAL ATTENTION""},{""char_end"":2830,""char_start"":1683,""chunk_id"":""d17f8c864f2efa1a32df92860a894381809106b573498a2c414d135e994afcc8"",""document_id"":""techqa-doc:corpus/swg21676634.txt"",""filename"":""swg21676634.txt"",""rank"":4,""text"":""gure a return to the original Policy before the conclusion of the subsequent Policy; one can employ the Exit() parser function - please see TechNote \""Exit() action within User Defined Function in Impact Policy Language\"" [ link below]. This will exit the immediate scope of the process and return to the same point (immediately after the Activate()) in the original Policy with the context including all updates to the EventContainer and additional variables acquired in the subsequent Policy. Where one employs a chain of Activate() action functions across multiple Policies each Policy in turn has to complete (or exit) before the context is returned to its predecessor for it to conclude. In situations where the values acquired within former Policies are required within latter Policies, but do not determine which Policies are to be run, the use of EventReader Policy Chaining might be more appropriate - please see the TechNote \""Policy Chaining usage\"" [ link below]. Please note that in Policy Chaining the determination of which Policies to run against the event is made at the time the event is initially captured. RELATED INFORMATION Exit(""},{""char_end"":2954,""char_start"":2289,""chunk_id"":""a9541eec4b2e62a075aaae20c55517859e2e089c4fc96311ff4ab707b0616ca3"",""document_id"":""techqa-doc:corpus/swg21675015.txt"",""filename"":""swg21675015.txt"",""rank"":5,""text"":""* * Log(ID+WP+\"": !!! Event already processed - exiting !!!\""); Exit(); * * * * * * WP = \""MarkEventImpacting\""; Log(2,ID+WP); @ImpactFlag = 2; Log(3,ID+WP+\"": @ImpactFlag: \""+ @ImpactFlag); ReturnEvent(EventContainer); ... * main portion of the Policy ... * * * * * * Log(ID+WP+\"": !!! Event GoNoGo.ImpactFlag value: \""+ GoNoGo[0].ImpactFlag +\"" not within expected range- exiting !!!\""); Exit(); * The above can be greatly reduced by removing extraneous logging and declaring parameters directly within the action functions. Please note that, if one were to set this up as a user defined (or custom) function, the Exit() action would only exit the user defined function and""}]",phase03-sufficiency-annotation-v1,f2fe3f7f29b834d78fd7c79bf4d4a94faee43c658d89c48e386854123066802b,,,,
phase03-final-confirmation-blinded-v1,ed6fed40ab4c13a34e0a98c9fb3c9167195a383e1c77c5b4e15cd2d79a331086,22,TRAIN_Q232,train,hybrid,3,"Help with Security Bulletin: MQSISTOP/STARTMSGFLOW commands with unauthorized user succeed affects WMB and IIB (CVE-2015-5011)

I need to understand details regarding Security Bulletin: MQSISTOP/STARTMSGFLOW commands with unauthorized user succeed affects IBM WebSphere Message Broker and IBM Integration Bus (CVE-2015-5011). Where can I find this information? ",answerable_with_reference,"CVEID: CVE-2015-5011 [http://cve.mitre.org/cgi-bin/cvename.cgi?name=CVE-2015-5011]
DESCRIPTION: IBM Integration Bus could allow a local user to start and stop a service that they should not have access to.
CVSS Base Score: 4
CVSS Temporal Score: See https://exchange.xforce.ibmcloud.com/vulnerabilities/106403 [https://exchange.xforce.ibmcloud.com/vulnerabilities/106403] for the current score
CVSS Environmental Score*: Undefined
CVSS Vector: (CVSS:3.0/AV:L/AC:L/PR:N/UI:N/S:U/C:N/I:L/A:N)","[{""char_end"":817,""char_start"":0,""chunk_id"":""b52ab3e60a9fc50864ee7fcd61db0244782a9adc07b7cddb720632082806995c"",""document_id"":""techqa-doc:corpus/swg21967265.txt"",""filename"":""swg21967265.txt"",""rank"":1,""text"":""Title: IBM Security Bulletin: MQSISTOP/STARTMSGFLOW commands with unauthorized user succeed affects IBM WebSphere Message Broker and IBM Integration Bus (CVE-2015-5011) - United States Text: WMB IIB SECURITY BULLETIN SUMMARY MQSISTOP/STARTMSGFLOW commands with unauthorized user succeed affecting IBM WebSphere Message Broker and IBM Integration Bus VULNERABILITY DETAILS CVEID: CVE-2015-5011 [http://cve.mitre.org/cgi-bin/cvename.cgi?name=CVE-2015-5011] DESCRIPTION: IBM Integration Bus could allow a local user to start and stop a service that they should not have access to. CVSS Base Score: 4 CVSS Temporal Score: See https://exchange.xforce.ibmcloud.com/vulnerabilities/106403 [https://exchange.xforce.ibmcloud.com/vulnerabilities/106403] for the current score CVSS Environmental Score*: Undefined CVSS Vector: (""},{""char_end"":957,""char_start"":0,""chunk_id"":""c492cde1794ba88cc281ae6e0513b799905855eb5c209a1882d3db02193d452e"",""document_id"":""techqa-doc:corpus/swg21722410.txt"",""filename"":""swg21722410.txt"",""rank"":2,""text"":""Title: IBM Security Bulletin: A security vulnerability has been identified in WebSphere Message Broker shipped with WebSphere Remote Server (CVE-2015-0138) - United States Text: SECURITY BULLETIN SUMMARY WebSphere Message Broker is shipped as a component of WebSphere Remote Server. Information about a security vulnerability affecting WebSphere Message Broker has been published in a security bulletin. VULNERABILITY DETAILS For vulnerability details, see the security bulletin Multiple vulnerabilities in IBM Java Runtime affect IBM Integration Bus and WebSphere Message Broker (CVE-2015-0138) [http://www.ibm.com/support/docview.wss?uid=swg21700397]. AFFECTED PRODUCTS AND VERSIONS Principal Product and Version(s) Affected Supporting Product and Version WebSphere Remote Server V7.1, 7.1.1, 7.1.2, 8.5 WebSphere Message Broker V7.0, 8.0 GET NOTIFIED ABOUT FUTURE SECURITY BULLETINS Subscribe to My Notifications [ http://www-01.ibm.com/software/support/""},{""char_end"":972,""char_start"":0,""chunk_id"":""3e198c917b83c53d712aa8c0c00c370199395f328315179a6884aa3bdd6d1f26"",""document_id"":""techqa-doc:corpus/swg21701526.txt"",""filename"":""swg21701526.txt"",""rank"":3,""text"":""Title: IBM Security Bulletin: Multiple security vulnerabilities have been identified in WebSphere Message Broker shipped with WebSphere Remote Server - United States Text: SECURITY BULLETIN SUMMARY WebSphere Message Broker is shipped as a component of WebSphere Remote Server. Information about multiple security vulnerabilities affecting WebSphere Message Broker has been published in a security bulletin. VULNERABILITY DETAILS For vulnerabilities details, see the security bulletin Multiple vulnerabilities in IBM Java Runtime affect IBM Integration Bus and WebSphere Message Broker [http://www.ibm.com/support/docview.wss?uid=swg21697107]. AFFECTED PRODUCTS AND VERSIONS Principal Product and Version(s) Affected Supporting Product and Version WebSphere Remote Server V7.1, 7.1.1, 7.1.2, 8.5 WebSphere Message Broker V7.0, 8.0 GET NOTIFIED ABOUT FUTURE SECURITY BULLETINS Subscribe to My Notifications [ http://www-01.ibm.com/software/support/einfo.html] to be notified""}]",phase03-sufficiency-annotation-v1,f2fe3f7f29b834d78fd7c79bf4d4a94faee43c658d89c48e386854123066802b,,,,
phase03-final-confirmation-blinded-v1,2686b4c29b8fa466cb909fd582ecd7a06556b0bb32838ece02572a475a916378,23,TRAIN_Q572,train,hybrid,3,"Help with Security Bulletin: Multiple vulnerabilities in IBM Java Runtime affect IBM WebSphere MQ (CVE-2016-0475)

I need to understand details regarding Security Bulletin: Multiple vulnerabilities in IBM Java Runtime affect IBM WebSphere MQ (CVE-2016-0475). Where can I find this information? ",answerable_with_reference,"CVEID: CVE-2016-0475 [http://cve.mitre.org/cgi-bin/cvename.cgi?name=CVE-2016-0475]
DESCRIPTION: An unspecified vulnerability in Oracle Java SE Java SE Embedded and Jrockit related to the Libraries component has partial confidentiality impact, partial integrity impact, and no availability impact.
CVSS Base Score: 5.8
CVSS Temporal Score: See https://exchange.xforce.ibmcloud.com/vulnerabilities/109946 [https://exchange.xforce.ibmcloud.com/vulnerabilities/109946] for the current score
CVSS Environmental Score*: Undefined
CVSS Vector: (AV:N/AC:M/Au:N/C:P/I:P/A:N)","[{""char_end"":898,""char_start"":0,""chunk_id"":""9c49ee7196705fd1dec0fb9885b5fc6052cdfb77d3084562ebce085bffbb8a2a"",""document_id"":""techqa-doc:corpus/swg21976354.txt"",""filename"":""swg21976354.txt"",""rank"":1,""text"":""Title: IBM Security Bulletin: Multiple vulnerabilities in IBM® Java SDK affect WebSphere Application Server shipped with IBM InfoSphere Master Data Management Server (CVE-2016-0475, CVE-2016-0466, CVE-2015-7575, CVE-2016-0448) - United States Text: SECURITY BULLETIN SUMMARY IBM WebSphere Application Server is shipped as a component of IBM InfoSphere Master Data Management Server . Information about a security vulnerabilities affecting IBM WebSphere Application Server has been published in a security bulletin. VULNERABILITY DETAILS Consult the security bulletinMultiple vulnerabilities in IBM® Java SDK affect WebSphere Application Server January 2016 CPU (CVE-2016-0475, CVE-2016-0466, CVE-2015-7575, CVE-2016-0448) [http://www-01.ibm.com/support/docview.wss?uid=swg21975424] for vulnerability details and information about fixes. AFFECTED PRODUCTS AND VERSIONS Principal Product and Version(""},{""char_end"":892,""char_start"":0,""chunk_id"":""845c36ac79b472794a14051f768ee9f9c555c2ee192c46b6f01ca5b101335785"",""document_id"":""techqa-doc:corpus/swg21977130.txt"",""filename"":""swg21977130.txt"",""rank"":2,""text"":""Title: IBM Security Bulletin: Multiple vulnerabilities in IBM Java SDK affect WebSphere Application Server January 2016 CPU shipped with WebSphere Commerce (CVE-2016-0475, CVE-2016-0466, CVE-2015-7575, CVE-2016-0448) - United States Text: SECURITY BULLETIN SUMMARY IBM® JavaTM SDK included with WebSphere Application Server is shipped as a component of WebSphere Commerce. Information about multiple security vulnerabilities affecting IBM Java SDK has been published in a security bulletin. VULNERABILITY DETAILS See the security bulletin Multiple vulnerabilities in IBM Java SDK affect WebSphere Application Server January 2016 CPU (CVE-2016-0475, CVE-2016-0466, CVE-2015-7575, CVE-2016-0448) [http://www-01.ibm.com/support/docview.wss?uid=swg21975424] for vulnerability details and information about fixes. AFFECTED PRODUCTS AND VERSIONS Principal Product and Version(s) Affected Supporting""},{""char_end"":854,""char_start"":0,""chunk_id"":""158a4610e623e6ef6ce4c71e1611b962e19c5d463c49eee313a4202ff7ab7f53"",""document_id"":""techqa-doc:corpus/swg2C1000113.txt"",""filename"":""swg2C1000113.txt"",""rank"":3,""text"":""Title: IBM Security Bulletin: A security vulnerability has been identified in WebSphere Application Server shipped with IBM Service Delivery Manager (CVE-2016-0475, CVE-2016-0466, CVE-2015-7575 and CVE-2016-0448) - United States Text: CVE-2016-0475; CVE-2016-0466; CVE-2015-7575; CVE-2016-0448 SECURITY BULLETIN SUMMARY WebSphere Application Server is shipped as components of IBM Service Delivery Manager. Information about a security vulnerability affecting WebSphere Application Server has been published in a security bulletin. VULNERABILITY DETAILS Please consult the security bulletin Multiple vulnerabilities in IBM® Java SDK affect WebSphere Application Server January 2016 CPU (CVE-2016-0475, CVE-2016-0466, CVE-2015-7575, CVE-2016-0448) [http://www-01.ibm.com/support/docview.wss?uid=swg21975424] for vulnerability details and information about""}]",phase03-sufficiency-annotation-v1,f2fe3f7f29b834d78fd7c79bf4d4a94faee43c658d89c48e386854123066802b,,,,
phase03-final-confirmation-blinded-v1,2e45644a63dce50c4ca5250d2e1620539a176bd0e965e1871ba5d9bf50e40309,24,TRAIN_Q070,train,bm25,3,"How do I search for a string which has reserved words or characters when searching in documents in Atlas?

How do I search for a string which has reserved words or characters when searching in documents in Atlas? ",answerable_with_reference,"When there is a ""-"" in a string you are searching for, you need to use ""\"" in front of the ""-"" 

For example - ""String1-String2"" should be searched as ""String1\-String2""","[{""char_end"":579,""char_start"":0,""chunk_id"":""adc945805559b58c930e08243e529c35b1f198a0cc55a2fde8e19bc3424cc2f3"",""document_id"":""techqa-doc:corpus/swg21982451.txt"",""filename"":""swg21982451.txt"",""rank"":1,""text"":""Title: IBM Search option for a reserved word or character in documents in Atlas - United States Text: TECHNOTE (FAQ) QUESTION How do I search for a string which has reserved words or characters when searching in documents in Atlas? CAUSE There are specific options to use in oracle when you search for certain strings ANSWER When there is a \""-\"" in a string you are searching for, you need to use \""\\\"" in front of the \""-\"" For example - \""String1-String2\"" should be searched as \""String1\\-String2\"" Please refer to the oracle documentation for Special Characters in Oracle Text Queries""},{""char_end"":978,""char_start"":0,""chunk_id"":""a2f059bdab5ac53f69239e5ffd645c3b6f3f0890544f2571f4915400cdbfc4f1"",""document_id"":""techqa-doc:corpus/swg21102586.txt"",""filename"":""swg21102586.txt"",""rank"":2,""text"":""Title: IBM What are the reserved Keywords used by Domino's Full Text search engine - United States Text: syntax; verity; Domino Server; Notes; Incident 1451588; Server; Full Text Search TECHNOTE (FAQ) QUESTION Certain words are reserved for use by the Full Text search engine. What are these words, and how can you search for them in a document? ANSWER The following words are reserved keywords for the full text search engine: * * * * * * * You can search on these words only by placing them inside double quotes, either individually or in a phrase (e.g., \""Field properties\""). * * * * * Non-alphanumeric characters used by the search engine are also reserved. Most, but not all, of these characters can be searched for in a document by placing them in double quotes. Due to the number of non-alphanumeric characters available, these are not listed here. * * * * * Note that searching on these keywords will produce errors such as \""Query is not understandable\"", \""Full text error""},{""char_end"":3629,""char_start"":2423,""chunk_id"":""da4d13a497adcac2b5044fe98468bf49f685696d33ba6f7f24e726035e7f915a"",""document_id"":""techqa-doc:corpus/swg21699896.txt"",""filename"":""swg21699896.txt"",""rank"":3,""text"":""search must only return the exact match \""John Smith\"", then the query must be quoted \""John Smith\"" In Japanese and Korean, certain assumptions about word ordering may not be maintained by the search component, and it may be necessary to surround the search with double quotes, to ensure an exact match is returned. Equivalent characters The Turkish characters i and ı are equivalent and can be used interchangeably in text. When searching for the character i only documents containing that specific character will be returned. Documents containing the character ı will not be returned, unless a search is done specifically for ı. Half-width Katakana in Japanese Searching for combined half-width Katakana characters will fail to find documents containing those combined characters. Searching for Special Characters Most special characters are not supported when doing a search in IBM Verse. The characters will not produce an error, but will return All Documents. Special characters in any language may be affected by this limitation. RESOLVING THE PROBLEM Be aware of these conditions when searching. Additional documentation may be found here: How do I search more effectively with Verse? [https://apps.na.""}]",phase03-sufficiency-annotation-v1,f2fe3f7f29b834d78fd7c79bf4d4a94faee43c658d89c48e386854123066802b,,,,
phase03-final-confirmation-blinded-v1,2569fdb65ab7046a2a02a155c2439f074a03d0564c3c7afa8dda70f066881888,25,TRAIN_Q262,train,hybrid,1,"Scroll bar in search results resets to the top position in Internet Explorer

In IBM Content Navigator, scroll bar in search results resets to the top position in Internet Explorer V9, V10, and V11. This does not happen with Mozilla Firefox or Google Chrome. ",answerable_with_reference,Upgrade to Microsoft Edge browser to address the issue.,"[{""char_end"":743,""char_start"":0,""chunk_id"":""8893414546d9543524a713307d10ff99310eed2f6803c0d21698cc4635beb407"",""document_id"":""techqa-doc:corpus/swg21981877.txt"",""filename"":""swg21981877.txt"",""rank"":1,""text"":""Title: IBM Scroll bar in search results resets to the top position in Internet Explorer V9, V10, and V11 - United States Text: ICN; Content Navigator; preview; IE V11; Firefox; Chrome; Microsoft Edge; scroll bar TECHNOTE (TROUBLESHOOTING) PROBLEM(ABSTRACT) In IBM Content Navigator, the scroll bar in the search results resets to the top position when using Microsoft Internet Explorer V9, V10, and V11. This does not happen with Mozilla Firefox or Google Chrome. CAUSE This is a Microsoft Internet Explorer issue which has been fixed in the Microsoft Edge browser. RESOLVING THE PROBLEM Upgrade to Microsoft Edge browser to address the issue. RELATED INFORMATION Microsoft Edge support [http://www.ibm.com/support/docview.wss?uid=swg21976776]""}]",phase03-sufficiency-annotation-v1,f2fe3f7f29b834d78fd7c79bf4d4a94faee43c658d89c48e386854123066802b,,,,
phase03-final-confirmation-blinded-v1,1a7fae90f7a6a30314f3811ad916b93963a4515d07ae2a4d507d0bba5d030d60,26,TRAIN_Q129,train,bm25,1,"How do I identify Indexing errors in Atlas database?

How do I identify Indexing errors in Atlas database? ",answerable_with_reference,"Login to Atlas database as PSSAPL user 
 2. Run select * from ctx_user_index_errors; 
 3. Copy the value in the ERR_TEXTKEY Field 
 4. Run select * from documentlibrary where rowid='<value from Step 3> '; 
 5. This will list the document which has the indexing error","[{""char_end"":514,""char_start"":0,""chunk_id"":""333eed8088d7ea2198fe6f23cba4f633627b48e6303efdc18b1414ccb80043af"",""document_id"":""techqa-doc:corpus/swg21982458.txt"",""filename"":""swg21982458.txt"",""rank"":1,""text"":""Title: IBM Identifying Indexing errors in Atlas database - United States Text: TECHNOTE (FAQ) QUESTION How do I identify Indexing errors in Atlas database? CAUSE Sometimes encrypted and password protected documents cause document indexing errors ANSWER 1. Login to Atlas database as PSSAPL user 2. Run select * from ctx_user_index_errors; 3. Copy the value in the ERR_TEXTKEY Field 4. Run select * from documentlibrary where rowid='<value from Step 3> '; 5. This will list the document which has the indexing error""}]",phase03-sufficiency-annotation-v1,f2fe3f7f29b834d78fd7c79bf4d4a94faee43c658d89c48e386854123066802b,,,,
phase03-final-confirmation-blinded-v1,b6c1353573fa0c6ab1f5a950464373c5f1ce7d3645b1e63dbef740fd2de8baf7,27,DEV_Q162,train,dense,10,"Is there a security vulnerability in the IBM WebSphere Application Server shipped with IBM Tivoli Netcool Configuration Manager?

Is there a security vulnerability in the IBM WebSphere Application Server shipped with IBM Tivoli Netcool Configuration Manager?",answerable_with_reference,Please consult the security bulletin Vulnerability in Apache Commons affects IBM WebSphere Application Server (CVE-2015-7450) [http://www-01.ibm.com/support/docview.wss?uid=swg21970575] for vulnerability details and information about fixes.,"[{""char_end"":1691,""char_start"":817,""chunk_id"":""caed270cf1cc396985c35202b20137d2bd1fa1d43f30922b0f7fbfed9e3e29e8"",""document_id"":""techqa-doc:corpus/ibm10717319.txt"",""filename"":""ibm10717319.txt"",""rank"":1,""text"":""and information about fixes. AFFECTED PRODUCTS AND VERSIONS IBM Tivoli Netcool Configuration Manager versions 6.4.1 and 6.4.2. REMEDIATION/FIXES Refer to the following security bulletins for vulnerability details and information about fixes addressed by IBM WebSphere Application Server, which is shipped with IBM Tivoli Netcool Configuration Manager versions 6.4.1; and a product required by IBM Tivoli Netcool Configuration Manager versions 6.4.2. Principal Product and Version(s) Affected Supporting Product and Version Affected Supporting Product Security Bulletin IBM Tivoli Netcool Configuration Manager version 6.4.1 Bundled the TIP version 2.2.0.x, which bundles IBM WebSphere version 7.0.0.x. Potential vulnerability in WebSphere Application Server [http://www-01.ibm.com/support/docview.wss?uid=swg22015348] See Section \""For V7.0.0.0 through 7.0.0.45: \"" IBM Tivoli""},{""char_end"":1001,""char_start"":0,""chunk_id"":""101eaf709435968f98cdd616e149f4b4e29ab0a7c046671bff0e1f6ce0bac67c"",""document_id"":""techqa-doc:corpus/ibm10717329.txt"",""filename"":""ibm10717329.txt"",""rank"":2,""text"":""Title: IBM Security Bulletin: A security vulnerability has been identified in IBM WebSphere Application Server, which is shipped with, or a required product for, IBM Tivoli Netcool Configuration Manager (CVE-2012-5783). - United States Text: SECURITY BULLETIN SUMMARY IBM WebSphere Application Server is shipped with IBM Tivoli Netcool Configuration Manager version 6.4.1; IBM WebSphere Application Server is a required product for IBM Tivoli Netcool Configuration Manager version 6.4.2. Information about a security vulnerability affecting IBM WebSphere Application Server has been published in a security bulletin. VULNERABILITY DETAILS Please consult the security bulletinInformation disclosure in Apache Commons HttpClient used by WebSphere Application Server [http://www-01.ibm.com/support/docview.wss?uid=swg22016216]for vulnerability details and information about fixes. AFFECTED PRODUCTS AND VERSIONS IBM Tivoli Netcool Configuration Manager versions 6.4.1 and 6.4.2 REMEDIATION/FIXES Refer to""},{""char_end"":855,""char_start"":0,""chunk_id"":""31145f5125328b0b8f278b7baf3fbc3e38105726306c7698c471caa6227aa6f7"",""document_id"":""techqa-doc:corpus/swg22015935.txt"",""filename"":""swg22015935.txt"",""rank"":3,""text"":""Title: IBM Security Bulletin: Vulnerabilities in IBM HTTP Server shipped with IBM Tivoli Netcool Performance Manager (CVE-2017-15710, CVE-2017-15715, CVE-2018-1301) - United States Text: SECURITY BULLETIN SUMMARY IBM WebSphere Application Server is shipped as a component of IBM Tivoli Netcool Performance Manager. There are vulnerabilities in IBM HTTP Server used by WebSphere Application Server. VULNERABILITY DETAILS Refer to the following security bulletin for vulnerability details and information about fixes addressed by IBM WebSphere Application Server shipped with IBM Tivoli Netcool Performance Manager. http://www-01.ibm.com/support/docview.wss?uid=swg22015344 [http://www-01.ibm.com/support/docview.wss?uid=swg22015344] Affected Products and Versions Tivoli Netcool Performance Manager 1.4.3 IBM WebSphere Application Server 8.5.5.9 Tivoli Net""},{""char_end"":1706,""char_start"":815,""chunk_id"":""a3238920d0757d54803376260a08edecd74ae72f77f4c9ee4190dc7e7c1d5921"",""document_id"":""techqa-doc:corpus/swg22013407.txt"",""filename"":""swg22013407.txt"",""rank"":4,""text"":""=swg22012345] for vulnerability details and information about fixes. AFFECTED PRODUCTS AND VERSIONS IBM Tivoli Netcool Configuration Manager versions 6.4.1 and 6.4.2 REMEDIATION/FIXES Refer to the following security bulletin(s) for vulnerability details and information about fixes addressed by IBM WebSphere Application Server IP Edition, which is shipped with IBM Tivoli Netcool Configuration Manager version 6.4.1; and a product required by IBM Tivoli Netcool Configuration Manager version 6.4.2. Principal Product and Version(s) Affected Supporting Product and Version Affected Supporting Product Security Bulletin IBM Tivoli Netcool Configuration Manager 6.4.1.0 - 6.4.1.5 Bundled the TIP version 2.1.0.x, which bundles IBM WebSphere version 7.0.0.x. Potential Privilege Escalation in WebSphere Application Server Admin Console (CVE-2017-1731) [http://www-01.ibm.com/support/docview.wss""},{""char_end"":1044,""char_start"":0,""chunk_id"":""f8500d23a1bdf05fe1eda01bc986ed4c6f6c615d8d6627a51c7c089a51250d9d"",""document_id"":""techqa-doc:corpus/swg22013410.txt"",""filename"":""swg22013410.txt"",""rank"":5,""text"":""Title: IBM Security Bulletin: A security vulnerability has been identified in IBM WebSphere Application Server, which is shipped with, or a required product for, IBM Tivoli Netcool Configuration Manager. - United States Text: SECURITY BULLETIN SUMMARY IBM WebSphere Application Server is shipped with IBM Tivoli Netcool Configuration Manager version 6.4.1; IBM WebSphere Application Server is a required product for IBM Tivoli Netcool Configuration Manager version 6.4.2. Information about a security vulnerability affecting IBM WebSphere Application Server has been published in a security bulletin. VULNERABILITY DETAILS Please consult the security bulletin Information disclosure in WebSphere Application Server (CVE-2017-1681) [http://www-01.ibm.com/support/docview.wss?uid=swg22010419] for vulnerability details and information about fixes. AFFECTED PRODUCTS AND VERSIONS IBM Tivoli Netcool Configuration Manager versions 6.4.1 and 6.4.2 REMEDIATION/FIXES Refer to the following security bulletins for vulnerability details and information""},{""char_end"":1053,""char_start"":0,""chunk_id"":""0ef76fe1e5fc02ceb39a27600a4b0b3ae41c998b3f68a965e5dc66befc9750db"",""document_id"":""techqa-doc:corpus/ibm10717337.txt"",""filename"":""ibm10717337.txt"",""rank"":6,""text"":""Title: IBM Security Bulletin: A security vulnerability has been identified in IBM WebSphere Application Server, which is a required product for IBM Tivoli Netcool Configuration Manager (CVE-2018-1614). - United States Text: SECURITY BULLETIN SUMMARY IBM WebSphere Application Server is a required product for IBM Tivoli Netcool Configuration Manager version 6.4.2. Information about a security vulnerability affecting IBM WebSphere Application Server has been published in a security bulletin. VULNERABILITY DETAILS Please consult the security bulletinInformation disclosure in WebSphere Application Server with SAML [http://www-01.ibm.com/support/docview.wss?uid=swg22016887]for vulnerability details and information about fixes. AFFECTED PRODUCTS AND VERSIONS IBM Tivoli Netcool Configuration Manager 6.4.2 REMEDIATION/FIXES Refer to the following security bulletin for vulnerability details and information about fixes addressed by IBM WebSphere Application Server, which is a product required by IBM Tivoli Netcool Configuration Manager version 6.4.""},{""char_end"":998,""char_start"":0,""chunk_id"":""d595544f43c65f6f7d8d835144513eb1ad49e769959613dffe91d48a02c2aa86"",""document_id"":""techqa-doc:corpus/swg22013407.txt"",""filename"":""swg22013407.txt"",""rank"":7,""text"":""Title: IBM Security Bulletin: A security vulnerability has been identified in IBM WebSphere Application Server, which is shipped with, or a required product for, IBM Tivoli Netcool Configuration Manager (CVE-2017-1731). - United States Text: SECURITY BULLETIN SUMMARY IBM WebSphere Application Server is shipped with IBM Tivoli Netcool Configuration Manager version 6.4.1; IBM WebSphere Application Server is a required product for IBM Tivoli Netcool Configuration Manager version 6.4.2. Information about a security vulnerability affecting IBM WebSphere Application Server has been published in a security bulletin. VULNERABILITY DETAILS Please consult the security bulletin Potential Privilege Escalation in WebSphere Application Server Admin Console (CVE-2017-1731) [http://www-01.ibm.com/support/docview.wss?uid=swg22012345] for vulnerability details and information about fixes. AFFECTED PRODUCTS AND VERSIONS IBM Tivoli Netcool Configuration Manager versions 6.4.1 and 6.4.2 REMEDIATION/FIXES""},{""char_end"":999,""char_start"":0,""chunk_id"":""a55d77a5876cee0d46791cf3d63c78c2990feea01ff6b7ae56a658e375c07cb6"",""document_id"":""techqa-doc:corpus/ibm10718799.txt"",""filename"":""ibm10718799.txt"",""rank"":8,""text"":""Title: IBM Security Bulletin: A security vulnerability has been identified in IBM WebSphere Application Server, which is shipped with, or a required product for, IBM Tivoli Netcool Configuration Manager (CVE-2018-1621). - United States Text: SECURITY BULLETIN SUMMARY IBM WebSphere Application Server is shipped with IBM Tivoli Netcool Configuration Manager version 6.4.1; IBM WebSphere Application Server is a required product for IBM Tivoli Netcool Configuration Manager version 6.4.2. Information about a security vulnerability affecting IBM WebSphere Application Server has been published in a security bulletin. VULNERABILITY DETAILS Please consult the security bulletinInformation Disclosure in WebSphere Application Server [http://www-01.ibm.com/support/docview.wss?uid=swg22016821]for vulnerability details and information about fixes. AFFECTED PRODUCTS AND VERSIONS IBM Tivoli Netcool Configuration Manager 6.4.1.x and 6.4.2.x REMEDIATION/FIXES Refer to the following security bulletins for""},{""char_end"":2237,""char_start"":1578,""chunk_id"":""06079a53d86f77cec527a93473c663c30804a1a993bfaa83fed4b1c4bfa0a0f5"",""document_id"":""techqa-doc:corpus/swg22013410.txt"",""filename"":""swg22013410.txt"",""rank"":9,""text"":""E-2017-1681) [http://www-01.ibm.com/support/docview.wss?uid=swg22010419] See Section \""For V7.0.0.0 through 7.0.0.43:\"" IBM Tivoli Netcool Configuration Manager 6.4.2.0 - 6.4.2.5 IBM Tivoli Netcool Configuration Manager 6.4.2 requires the installation of IBM WebSphere Application Server Version 8.5.5.5 or later version separately. Users are recommended to apply IBM WebSphere version 8.5.5.5 Security Interim Fixes. Information disclosure in WebSphere Application Server (CVE-2017-1681) [http://www-01.ibm.com/support/docview.wss?uid=swg22010419] See Section \""For V8.5.0.0 through 8.5.5.12:\"" WORKAROUNDS AND MITIGATIONS None GET NOTIFIED ABOUT FUTURE SECURITY""},{""char_end"":1673,""char_start"":821,""chunk_id"":""0d3e411ce2f99437ff41669fe7807447be7fadb3c999feaed59b4ee4f453bce3"",""document_id"":""techqa-doc:corpus/swg22013410.txt"",""filename"":""swg22013410.txt"",""rank"":10,""text"":""information about fixes. AFFECTED PRODUCTS AND VERSIONS IBM Tivoli Netcool Configuration Manager versions 6.4.1 and 6.4.2 REMEDIATION/FIXES Refer to the following security bulletins for vulnerability details and information about fixes addressed by IBM WebSphere Application Server, which is shipped with IBM Tivoli Netcool Configuration Manager version 6.4.1; and a product required by IBM Tivoli Netcool Configuration Manager version 6.4.2. Principal Product and Version(s) Affected Supporting Product and Version Affected Supporting Product Security Bulletin IBM Tivoli Netcool Configuration Manager 6.4.1.0 - 6.4.1.5 Bundled the TIP version 2.1.0.x, which bundles IBM WebSphere version 7.0.0.x. Information disclosure in WebSphere Application Server (CVE-2017-1681) [http://www-01.ibm.com/support/docview.wss?uid=swg22010419] See Section \""For V7.0.""}]",phase03-sufficiency-annotation-v1,f2fe3f7f29b834d78fd7c79bf4d4a94faee43c658d89c48e386854123066802b,,,,
phase03-final-confirmation-blinded-v1,b06af0add95d6bd1efb1de9920a8d3a48d8075a8e0548c64bd9ac99cbb6c1574,28,DEV_Q011,train,hybrid,5,"How to proceed when jextract utility is throwing an OutOfMemory error ?



I was getting a crash and was told to provide a ""jextracted core dump"". I ran the jextract command as instructed:

/java/jre/bin/jextract [CORE_PATH]

but I am getting now an OutOfMemory error when jextract itself is running so I cannot proceed with the original crash investigation.",answerable_with_reference,"Sometimes the core dump is much larger than the default heap size can manage, and the recommendation is to increase the heap size using the -J-Xmx option.","[{""char_end"":4512,""char_start"":3746,""chunk_id"":""2f563f94bf9195eddf13edaf493a21da55db7a1b6ee3a0a1bbfd312813bcac9d"",""document_id"":""techqa-doc:corpus/swg21053924.txt"",""filename"":""swg21053924.txt"",""rank"":1,""text"":""the Core Dump It is critical that jextract is run against the system core. Jextract is located in <WAS_HOME>/java/jre/bin directory. Instructions for the execution of jextract can be found in this technote: * \""How to process an IBM SDK core dump with jextract\"" * * http://www.ibm.com/support/docview.wss?uid=swg21577379 * Can I continue if jextract fails? * * Locating the server logs: Locate all the server logs from the WebSphere Application Server instance that crashed, by default they should be in this directory: <WAS_HOME>/profiles/<PROFILE_ROOT>/logs/<SERVER_NAME>/ Summary of all files to be uploaded Gather the following files: * Server logs / native logs (SystemOut.log, SystemErr.log, native_stdout.log, native_stderr.log) * All javacore*.txt files * All""},{""char_end"":820,""char_start"":0,""chunk_id"":""1eaddd481123b53ce7435bea09ef78d96fd24aff48a28856fa1d57eca59afc88"",""document_id"":""techqa-doc:corpus/swg21577379.txt"",""filename"":""swg21577379.txt"",""rank"":2,""text"":""Title: IBM How to process an IBM SDK core dump with Jextract (AIX, Linux, Windows) - United States Text: crash; coredump; dumps; dump; dmp; dmps; jextracted; jextract; userdump; dtfj TECHNOTE (TROUBLESHOOTING) PROBLEM(ABSTRACT) How do you process a raw core dump using Jextract? Jextract is a tool provided with the IBM SDK to process and compress a core dump for later processing with tools such as DTFJ, which can be downloaded with IBM Support Assistant. RESOLVING THE PROBLEM You can process a core dump with Jextract, as long as the dump itself was produced by the IBM WebSphere Application Server JVM and is processed on the same system as the dump. A processed dump can be used in both the Eclipse Memory Analyzer Tool [http://www.ibm.com/developerworks/java/jdk/tools/mat.html] and the DTFJ Dump Analyzer [http:/""},{""char_end"":4250,""char_start"":3406,""chunk_id"":""c224f06aa1cf7dd4dab4109af939f6879c3ec5a08a7e2f80a3e2d24dc64f8f4a"",""document_id"":""techqa-doc:corpus/swg21246238.txt"",""filename"":""swg21246238.txt"",""rank"":3,""text"":""...] So, for example, to set the ability to generate javadump files on user signals you would use: -Xdump:java:events=user Gathering data The following steps should be taken to collect the necessary diagnostic data * Run JExtract tool Run JExtract against the crash dump file located as specified by the label field in the -Xdump:what output as shown the in setup: <SDK>/jre/bin/jextract.exe [core file] and collect the .jar file created which contains the crash dump file along with the xml output of jextract. Should for any reason the jextract fail, collect the crash dump file (core.xxxx.dmp) instead. Note: jextract.exe should be used from the same SDK which faced the crash. * Collect javadump (javacore) This should be in the location detailed against the label field in the -Xdump:what output as shown in the setup. * Collect any stdout""},{""char_end"":924,""char_start"":0,""chunk_id"":""9989c6650f27b2129434700adc803b38db763b1e80064f9e100d799be9ce0ad0"",""document_id"":""techqa-doc:corpus/nas8N1013545.txt"",""filename"":""nas8N1013545.txt"",""rank"":4,""text"":""Title: IBM Technology for Java - jextract - United States Text: TECHNOTE (TROUBLESHOOTING) PROBLEM(ABSTRACT) This document shows an example of how to run the jextract utility on the operating system. RESOLVING THE PROBLEM The IBM Technology for Java Virtual Machine can produce system dumps in response to specific events. A system dump is a raw binary dump of the process memory when the dump agent is triggered by a failure or by an event for which a dump is requested. System dumps are produced in a platform-specific binary format, typically as a raw memory image of the process that was running when the dump was initiated. If the Rochester Support Center requests a system dump be sent, the jextract tool must be used to properly gather the data on the system. Jextract on the operating system is found in the JDK directory path below: /QOpenSys/QIBM/ProdData/JavaVM/jdk50/32bit/jre/bin - JDK 5.0 32bit /QOpenSys/QIBM/""},{""char_end"":1908,""char_start"":1150,""chunk_id"":""207a448e5205723e611915ebcc7d31d3aefde7db5c471a7e0cf4dd99f3842a5e"",""document_id"":""techqa-doc:corpus/swg21273291.txt"",""filename"":""swg21273291.txt"",""rank"":5,""text"":"") 1234. Core dumps contain the complete process memory space at the time of the crash. The JVM does its own crash dump processing and produces core dumps called core.<date>.<time>.<pid>.dmp. The core dump needs to be processed with a tool called jextract (or j9jextract) to gather information needed to analyze it properly on other machines. For Java releases 1.2.x, 1.3.x, and 1.4.x : use \""j9jextract\"" if the J9 VM was used, otherwise use jextract. For Java 1.5 and above, the \""J9\"" JVM engine is the standard; use the supplied jextract program. The directions that follow will only refer to j9jextract, in the interest of brevity. To process a core file, find the j9jextract.exe file in the JVM install directory. Rational Application Developer v6 ==> Crash""}]",phase03-sufficiency-annotation-v1,f2fe3f7f29b834d78fd7c79bf4d4a94faee43c658d89c48e386854123066802b,,,,
phase03-final-confirmation-blinded-v1,49e0a57a03e9e54a6828ecb053c45a79302f2bd42a30cf0e8b77c63634fcc8ca,29,DEV_Q016,train,bm25,5,"How to configure DC to look on a different App server for the SSP?



I have a single Application server with the RES console installed, and then a separate application server with the XU, the ssp ear, etc. on that one. Each app server is configured separately with respective ports. for example, mgmt server (with the RES console only) has port 8000, and the runtime server (with all of the runtime components) has port 9000.

The problem I am running into is the following:

When I am trying to run a DVS test suite from Decision Center against RES, (my server endpoint in Decision Center is configured as http://hostname:port/res)

I am getting a ""the host and port are responsive but the ""/testing/sspService"" cannot be found. This is expected if it is looking on the same server as the RES console since the application (ssp) is not deployed there.

However, I cannot seem to configure the RES console to not assume that the ssp is running on the same port.",answerable_with_reference,"First remember to pack all your XOMs (eXecutable Object Model) into the ssp.war following the documentation [http://publib.boulder.ibm.com/infocenter/brjrules/v7r1/topic/com.ibm.websphere.ilog.jrules.doc/Content/Business_Rules/Documentation/_pubskel/JRules/ps_JRules_Global720.html]. 

Then make sure the SSP (ssp.war) is deployed on each server along with a XU connection factory and the appropriate datasource definition. 

 

Then create your own SSP resolver, add it to the teamserver.war and set the teamserver.defaultSSPResolver.class property to this class following this specification [http://publib.boulder.ibm.com/infocenter/brjrules/v7r1/index.jsp?topic=/com.ibm.websphere.ilog.jrules.doc/html/api/html/ilog/rules/teamserver/model/testing/IlrSSPResolver.html]. 

 

By implementing your own method IlrSSPResolver.getSSPURL(String serverName,URL url), you will be able to point to something else than the default provider. 

The default provider uses the url of the Rule Execution Server passed in parameter and replaces the application name with testing. 

A simple implementation can use the server name to return a specific server URL.","[{""char_end"":1097,""char_start"":0,""chunk_id"":""d34de65be6a1b5c40f8323fc2954b4761d1076143e73fe3dc8700e218c0b97bd"",""document_id"":""techqa-doc:corpus/swg21615508.txt"",""filename"":""swg21615508.txt"",""rank"":1,""text"":""Title: IBM Unable to run Test Suites against clustered SSP from Decison Center console - United States Text: TECHNOTE (TROUBLESHOOTING) PROBLEM(ABSTRACT) I have a clustered Decision Server where XU and SSP are deployed on cluster members and Rule Execution Server (RES) console is deployed on a standalone server outside of the cluster. IHS and a load balancer is configured on top of the cluster. In Decision Center, the RES server URL is configured with the load balanced IP. Test Suite fails to run from Decision Center console in this configuration. SYMPTOM After clicking on Run from Decision Center console, the process starts, but after a few seconds, execution stops with a message: Cannot execute the scenario suite xxx. The operation was aborted by user. No errors shown in Decision Center and Decision Server server logs. The only error seen is from the browser and no stack trace is displayed. CAUSE There are multiple http requests made from Decision Center to SSP in order to start the test suite run and check its status. When a load balancer is used, it is not guaranteed that each""},{""char_end"":1928,""char_start"":865,""chunk_id"":""b9bda5921e12b14d481647987301a8219a57ad74608170231a4440b73c893dea"",""document_id"":""techqa-doc:corpus/swg21615508.txt"",""filename"":""swg21615508.txt"",""rank"":2,""text"":""browser and no stack trace is displayed. CAUSE There are multiple http requests made from Decision Center to SSP in order to start the test suite run and check its status. When a load balancer is used, it is not guaranteed that each http request from the Decision Center is routed to the same SSP. For instance, assume the first http request is received by SSP1. Decision Center later makes another http request to check on its status by contacting the same URL. This request can be load balanced to SSP2, which has no notion of the job. Such scenario can lead to the aforementioned error. RESOLVING THE PROBLEM Run test suite from Decision Center with either one of the following configurations: 1. Run the Decision Validation Service (DVS) test against a dedicated standalone SSP: Deploy SSP on the same server with RES management console. On Decision Center console, configure RES server URL to point to the specific server IP, instead of the load balanced IP. 2. Customize IlrSSPResolver if you want to distribute the DVS tests to multiple application servers""},{""char_end"":1007,""char_start"":0,""chunk_id"":""c5b4caa4f5728bc66525a218858af4197d397dbd7c2bda50556e397949bb4f6f"",""document_id"":""techqa-doc:corpus/swg21678244.txt"",""filename"":""swg21678244.txt"",""rank"":3,""text"":""Title: IBM Cannot access Decision Center or Rule Execution Server console (ODM) - United States Text: TECHNOTE (TROUBLESHOOTING) PROBLEM(ABSTRACT) After installing Decision Center and Decision Server, I try to access the Decision Center and Rule Execution Server (RES) consoles, and get a 'Page not found' error RESOLVING THE PROBLEM 1. From the application server console, check if the application EAR files for the Decision Center and the RES Management are deployed and have been started. 2. From the application server administration console, check the HTTP port number. Make sure you use this port number to access the console. For example, by default, the HTTP port number for WebSphere Application Server is 9080, but it might be configured to 9081 for the profile on which the ODM application is installed. 3. Check that the HTTP port is not being used [http://www.ibm.com/support/docview.wss?uid=swg21264632] by another process. If it is, stop the other process and try to access the console again.""},{""char_end"":1707,""char_start"":701,""chunk_id"":""d81df52bc55587b461b8eba3decf419fd9096f8de633749c4842561e48d6af95"",""document_id"":""techqa-doc:corpus/swg21599241.txt"",""filename"":""swg21599241.txt"",""rank"":4,""text"":""ilderException: unable to find valid certification path to requested target CAUSE When the execution of a scenario suite is requested from a client such as Decision Center, an HTTP/HTTPS request is made to the SSP, which in turn makes HTTP/HTTPS requests to the Rule Execution Server (RES) management console (to deploy and then undeploy a ruleapp for the duration of the scenario suite run). ANSWER The server hosting the SSP must be considered a client to RES, and Solution A or Solution B from Deploying a ruleapp to Rule Execution Server (RES) over HTTPS [http://www.ibm.com/support/docview.wss?uid=swg21427447] must be implemented for the SSP to successfully deploy and undeploy ruleapps to the RES server over HTTPS. For example, if Solution A is chosen, the RES server certificate should be added to the SSP JVM's trust store. Cross reference information Segment Product Component Platform Version Edition Business Integration WebSphere ILOG Decision Validation Services General Platform Independent""},{""char_end"":2250,""char_start"":1183,""chunk_id"":""2542dd9619249dc88c6f6c8a0da4a7202c8bb94d254b8ccd02f6e68e7e3d3d49"",""document_id"":""techqa-doc:corpus/swg21443946.txt"",""filename"":""swg21443946.txt"",""rank"":5,""text"":""leads to the error above. This error could also indicate that the SSP is not correctly deployed or configured. Please check that the SSP is correctly deployed and configured. Examine the application server logs for error messages which indicate the root of the problem. For example, you could have multiple SSPs deployed and different XOMs integrated into different SSPs. In that case, make sure that you have one SSP deployed and active, and all the XOMs are integrated within it. Also note that the SSP and the RES management console are expected to be deployed on the same server outside the cluster, and no other SSP should be deployed inside the cluster, See Clustering Decision Validation Services [http://www.ibm.com/support/docview.wss?uid=swg21425487] for more details. If these recommendations do not help, please contact IBM support with a description of your set up and the server logs. Cross reference information Segment Product Component Platform Version Edition Business Integration IBM Operational Decision Manager Platform Independent 8.6, 8.5, 8.0,""}]",phase03-sufficiency-annotation-v1,f2fe3f7f29b834d78fd7c79bf4d4a94faee43c658d89c48e386854123066802b,,,,
phase03-final-confirmation-blinded-v1,89a79e5f440012ddbc88a15930415928a62b4c152941ac89b9a3626df712273e,30,TRAIN_Q141,train,hybrid,10,"How do I downgrade an IBM Gateway, DataPower, appliance to a lower major firmware release?

I would like to know the proper, and supported, method to downgrade an appliance to prevent any issues or problems. ",answerable_with_reference,The reinit CLI command will allow you to reconfigure an IBM WebSphere DataPower SOA appliance. The reinit CLI command will allow you to delete (not erase) all existing configuration and data from an IBM WebSphere DataPower SOA appliance.,"[{""char_end"":1954,""char_start"":1300,""chunk_id"":""def93b85cc5e0666ac7b8de684290f867be64dc48bf0bfef4cc1edf1df3b9ed1"",""document_id"":""techqa-doc:corpus/swg21659259.txt"",""filename"":""swg21659259.txt"",""rank"":1,""text"":""contact IBM Support for a special tool to remove the license before downgrading lower than the earlier firmware. Note: Direct downgrading (except the Roll-back/boot switch) to lower major releases such as 6.0.1.x to 6.0.0.x is not supported. The only supported downgrade of a major release is to reinitialize the appliance to factory settings. See this related technote for details on performing the reinitialization. http://www.ibm.com/support/docview.wss?uid=swg21244384&loc=en_US&cs=utf-8&lang=en [http://www.ibm.com/support/docview.wss?uid=swg21244384&loc=en_US&cs=utf-8&lang=en] [/support/docview.wss?uid=swg21659259&amp;aid=1] RELATED INFORMATION #""},{""char_end"":1509,""char_start"":666,""chunk_id"":""c722635f39ce6d4da53282e8531f5f864de514af731c9f9e78a0beea6a1cf0c4"",""document_id"":""techqa-doc:corpus/swg21659259.txt"",""filename"":""swg21659259.txt"",""rank"":2,""text"":"". The appliance might enter Fail-Safe mode if this condition is encountered after a firmware reload or reboot. The problem is corrected in 5.0.0.9, 4.0.2.14, and 4.0.1.18 under APAR IC92270. RESOLVING THE PROBLEM If the feature license is not enabled, a firmware downgrade does not cause the appliance to enter Fail-Safe mode. Therefore, before you downgrade to 5.0.0.8, 4.0.2.13, 4.0.1.17, or to an earlier fix pack release, first disable all feature licenses that do not exist in the earlier release. To recover from the problem, use the \""boot switch\"" command to revert to the firmware version where the license is supported. Then, contact IBM Support for a special tool to remove the license before downgrading lower than the earlier firmware. Note: Direct downgrading (except the Roll-back/boot switch) to lower major releases such as 6.0.""},{""char_end"":949,""char_start"":0,""chunk_id"":""f548cea7da7e1b3d2d18f9c17f979baf60b2c20f9c4cfe27c54f3f005e50a504"",""document_id"":""techqa-doc:corpus/swg21219581.txt"",""filename"":""swg21219581.txt"",""rank"":3,""text"":""Title: IBM How to downgrade a Lotus Domino Server to a lower version - United States Text: Domino server; downgrade; upgrade; fixpack; hotfix; fix pack; hot fix; uninstall; how to; lower version; older; revert; instructions; options TECHNOTE (FAQ) QUESTION You have upgraded your Lotus Domino server to a higher version, or installed a Hotfix or a Fix Pack. Now, you need to revert to a previous or lower Version of Domino. What options do you have, and what are the possible effects on the server? ANSWER The following instructions will help you to downgrade your Domino server to a lower version. Important Notes: * All steps during an installation (upgrade or downgrade) must be performed with great care and caution. When unsure, stop and ask for advice. * These instructions only apply to a downgrade to a lower Version of Domino of the same Major Release. For Instance, a downgrade from Domino Version 6.5.4 Fix Pack 1 to 6.5.4 or a lower 6.5.""},{""char_end"":1079,""char_start"":0,""chunk_id"":""9dc213713ab4d1fa4e8efb3b3290c0d629cc4c4d858dbb47ed3f670ae6da1b3e"",""document_id"":""techqa-doc:corpus/swg21599770.txt"",""filename"":""swg21599770.txt"",""rank"":4,""text"":""Title: IBM Upgrading an IBM WebSphere DataPower Service Gateway XG45 appliance to add the Application Optimization feature - United States Text: TECHNOTE (FAQ) QUESTION How do I add the Application Optimization feature to an IBM WebSphere DataPower Service Gateway XG45 appliance? The following document provides assistance on upgrading a DataPower Service Gateway XG45 appliance to add the Option for Application Optimization feature. ANSWER To add the Application Optimization feature: * The appliance must be a DataPower Service Gateway XG45 appliance running firmware 5.0.0.0 or later. * You purchased the feature and received a letter that contains the Controlled Access Key to download the firmware image. Part 1: Accessing the Web site that contains the firmware image. Using your IBM account and Controlled Access Key, access the Web site to download the firmware image that contains the Application Optimization feature. 1. Identify the serial number for your appliance * From the WebGUI, click Status -> System -> Version Information. * From the command line, issue the""},{""char_end"":902,""char_start"":0,""chunk_id"":""bc4c8e2d38e29b96c39d9ecfcbe332a681d9089f24ddd5c8fe15599dfdb63693"",""document_id"":""techqa-doc:corpus/swg21690980.txt"",""filename"":""swg21690980.txt"",""rank"":5,""text"":""Title: IBM DataPower Gateway Firmware Release 7.1 is now available - United States Text: NEWS ABSTRACT IBM DataPower Gateway Type 8436 appliance and firmware version 7.1 is now available. IBM DataPower Gateway is the new product name of a consolidated offering that uses an extensible and modular architecture to offer the functionality provided by the following three products in a single, consolidated product through software modules on both physical and virtual form factors. WebSphere DataPower Service Gateway XG45 WebSphere DataPower Integration Appliance XI52 WebSphere DataPower B2B Appliance XB62 CONTENT Refer to the following documents for details about the new hardware platform Type 8436 and firmware version 7.1.0 now available: * IBM DataPower Gateway V7.1 Announcement [http://www-01.ibm.com/common/ssi/ShowDoc.wss?docURL=/common/ssi/rep_ca/4/897/ENUS214-394/index.html&lang=en&request""},{""char_end"":868,""char_start"":0,""chunk_id"":""0556eb6b245d56023fa1ea48b00292753abb6449280d756e663d6a0fd7d4c275"",""document_id"":""techqa-doc:corpus/swg21402883.txt"",""filename"":""swg21402883.txt"",""rank"":6,""text"":""Title: IBM Upgrading a DataPower Type 9235 or Type 4195 appliance to add the Application Optimization feature - United States Text: TECHNOTE (TROUBLESHOOTING) PROBLEM(ABSTRACT) How do I add the Application Optimization feature to an IBM WebSphere DataPower Type 9235 or Type 4195 appliance? The following document provides assistance on upgrading a DataPower Type 9235 or Type 4195 appliance to add the Option for Application Optimization feature. RESOLVING THE PROBLEM To add the Application Optimization feature: * The appliance must be a Type 9235 XML Security Gateway XS40 or Integration Appliance XI50 running firmware 3.7.3.0 or later or must be a Type 4195 Integration Blade XI50B running firmware 3.8.1.0 or later. Note: For Type 7199 appliances, see technote 1501194 [http://www-01.ibm.com/support/docview.wss?uid=swg21501194]. * You purchased the feature and""},{""char_end"":1050,""char_start"":0,""chunk_id"":""f188c20b9f99bd0244c65634f675ef8d06b488ad2a932e3264675607dd779167"",""document_id"":""techqa-doc:corpus/swg21508029.txt"",""filename"":""swg21508029.txt"",""rank"":7,""text"":""Title: IBM Upgrading an IBM WebSphere DataPower Service Gateway XG45 appliance to add the Data Integration Module - United States Text: TECHNOTE (FAQ) QUESTION How do I add the Data Integration Module to an IBM WebSphere DataPower Service Gateway XG45 appliance? The following document provides assistance on upgrading a DataPower Service Gateway XG45 appliance to add the Data Integration Module. ANSWER To add the Data Integration Module: * The appliance must be a DataPower Service Gateway XG45 running firmware 4.0.2.0 or later. * You purchased the Data Integration Module and received a letter that contains the Controlled Access Key to download the firmware image. Part 1: Accessing the Web site that contains the firmware image. Using your IBM account and Controlled Access Key, access the Web site to download the firmware image that contains the Data Integration Module. 1. Identify the serial number for your appliance * From the WebGUI, click Status -> System -> Version Information. * From the command line, issue the show version command""},{""char_end"":855,""char_start"":0,""chunk_id"":""337e62b9b81fadd07a61c7728ba46dd190c6d042036acb6049703a3607e52a3d"",""document_id"":""techqa-doc:corpus/swg24034199.txt"",""filename"":""swg24034199.txt"",""rank"":8,""text"":""Title: IBM Download WebSphere DataPower XC10 Appliance V2.1.0.3 firmware - United States Text: v21xc10rnotes; v85xsrnotes DOWNLOADABLE FILES ABSTRACT Download the IBM WebSphere DataPower XC10 Appliance Version 2.1 Fix Pack 3 firmware upgrade. DOWNLOAD DESCRIPTION This firmware release includes improved capability for WebSphere DataPower XC10 Appliance Version 2.1 Fix Pack 3, also known as V2.1.0.3. Caution: After you upgrade either 9235-92X or 7199-92X appliance types with Version 2.1.0.3 firmware, you cannot roll back to any firmware version prior to Version 2.1. You must operate at the Version 2.1 or higher firmware level. Subsequently, when moving from Version 1.0 or Version 2.0 levels to Version 2.1 levels, you cannot roll back to previous firmware versions. When upgrading from Version 2.1.0.x To upgrade the collective while servicing work""},{""char_end"":855,""char_start"":0,""chunk_id"":""9ab2abab32c256077e079875ab4a060d8af48c64ba1669c5d7604801e31cd600"",""document_id"":""techqa-doc:corpus/swg24033547.txt"",""filename"":""swg24033547.txt"",""rank"":9,""text"":""Title: IBM Download WebSphere DataPower XC10 Appliance V2.1.0.2 firmware - United States Text: v21xc10rnotes; v85xsrnotes DOWNLOADABLE FILES ABSTRACT Download the IBM WebSphere DataPower XC10 Appliance Version 2.1 Fix Pack 2 firmware upgrade. DOWNLOAD DESCRIPTION This firmware release includes improved capability for WebSphere DataPower XC10 Appliance Version 2.1 Fix Pack 2, also known as V2.1.0.2. Caution: After you upgrade either 9235-92X or 7199-92X appliance types with Version 2.1.0.2 firmware, you cannot roll back to any firmware version prior to Version 2.1. You must operate at the Version 2.1 or higher firmware level. Subsequently, when moving from Version 1.0 or Version 2.0 levels to Version 2.1 levels, you cannot roll back to previous firmware versions. When upgrading from Version 2.1.0.x To upgrade the collective while servicing work""},{""char_end"":980,""char_start"":0,""chunk_id"":""16c3afbbb9fe05086575682df55059d79eb5d027c85180f5c74b1852710c0a98"",""document_id"":""techqa-doc:corpus/swg24032511.txt"",""filename"":""swg24032511.txt"",""rank"":10,""text"":""Title: IBM Download the WebSphere DataPower XC10 Appliance Version 2.1 firmware and client - United States Text: DOWNLOADABLE FILES ABSTRACT Download the IBM WebSphere DataPower XC10 Appliance Version 2.1 firmware upgrade. You can also download the client, which is required for WebSphere DataPower XC10 Appliance to work DOWNLOAD DESCRIPTION This firmware release includes improved capability and new features for WebSphere DataPower XC10 Appliance Version 2.1. Caution: After you upgrade either 9235-92X or 7199-92X appliance types with Version 2.1 firmware, you cannot roll back to any previous firmware version. You must operate at the Version 2.1 or higher firmware level. When you are upgrading to Version 2.1, you cannot run a firmware upgrade on a collective that is currently servicing workload. When you upgrade a collective from a previous major version of DataPower XC10 Appliance, all of the data, not including your configuration, that was loaded into the data grids""}]",phase03-sufficiency-annotation-v1,f2fe3f7f29b834d78fd7c79bf4d4a94faee43c658d89c48e386854123066802b,,,,
phase03-final-confirmation-blinded-v1,241816bea8ee5d2fb86e16edbca7274c1b236bc34bc27082a352053116342272,31,TRAIN_Q448,train,hybrid,3,"export XML results in ASE



Hello everyone, you all know that ASD gives the possibility to export results in XML with File --> Export --> Scan Results as XML (Legacy...) Is there any chance to have the same XML using ASE 9035 ???",answerable_with_reference,"The answer to the question is 'no'. 
In AppScan Enterprise Console, there are functions, Export to XML and Export detailed Security issues to PDF, but there is no function Export detailed Security issues to XML.","[{""char_end"":795,""char_start"":0,""chunk_id"":""91c6a4a80aa97b870c05058b199568533607cb44c8a79d27cbf585bf01628cc8"",""document_id"":""techqa-doc:corpus/swg21649798.txt"",""filename"":""swg21649798.txt"",""rank"":1,""text"":""Title: IBM How to Export the Scan Results (Detailed Security Issues) into XML format in AppScan Enterprise - United States Text: TECHNOTE (FAQ) QUESTION Is there a way to Export the Scan Results (Detailed Security Issues) into XML format in IBM Security AppScan Enterprise? ANSWER The answer to the question is 'no'. In AppScan Enterprise Console, there are functions, Export to XML and Export detailed Security issues to PDF, but there is no function Export detailed Security issues to XML. We strongly suggest to submit an enhancement request (RFE) for the AppScan Enterprise products as described in How to submit enhancement requests for IBM Security products [http://www.ibm.com/support/docview.wss?uid=swg21682719]. The requests there are submitted directly to the AppScan management team.""},{""char_end"":1759,""char_start"":690,""chunk_id"":""5cd736d2796b5aee1cd96c54536f435824569b77a99696df6081aae40c2b533e"",""document_id"":""techqa-doc:corpus/swg1HD63415.txt"",""filename"":""swg1HD63415.txt"",""rank"":2,""text"":""window is displayed. 8) Select the arbitrary folder. 9) Select \"".xml\"" as File type. 10) Click \""Save\"" button. 11) Open and Check the xml data which saved . RESULT: The xml data doesn't export with Filtering result. . LOCAL FIX PROBLEM SUMMARY PROBLEM CONCLUSION TEMPORARY FIX COMMENTS * Incident Diagnosis The exported XML data is not created from Filtering result. Correct Application There are 2 different xml files that exists. . Have a look to the CATIA documentation (R18): Product Synthesis DMU Space Analysis Second Exporting Clash Results and Geometry in XML format First XML format type and Second XML format type. . In the section First XML format type, Filtering Clash Results: . \""Any filters applied to the results in the dialog box are taken into account so you can use the filters to export only pertinent results\"" . In the section Second XML format type, have a look to Filtering clash results: . \""If you choose to export clash results to a single large XML file (Federated XML output check box cleared), you can sort the display of computation results in""},{""char_end"":1697,""char_start"":740,""chunk_id"":""105ad415c3b67d4fe6ccc3dae1b1f9c3190e1203bef01f75e7f5541cbb0e3b40"",""document_id"":""techqa-doc:corpus/swg1HD53085.txt"",""filename"":""swg1HD53085.txt"",""rank"":3,""text"":"". 8.Select Relevant as Filter. 9.Click on Export As Icon. 10.Select xml file as file format and save the file with any desired name. 6.Open the saved xml file. . OBSERVATION: Check the computation results. Not Inspected is also displayed, Relevant Filter is not respected. . LOCAL FIX PROBLEM SUMMARY * ASD / CLASH / FILTER OF CHECK CLASH RESULTS IS NOT REFLECTED TO EXPORTED XML FILE. ASD / CLASH / FILTER OF CHECK CLASH RESULTS IS NOT REFLECTED TO EXPORTED XML FILE. . SCENARIO: 1.Start CATIA and Click on Tools menu and select Options. Options dialog box appears. 2.Go to Mechanical Design - Assembly Design - DMU Clash Process tab page. 3.Check OFF Federated XML output. 4.Click OK to options dialog box. 5.Open Connector_Assembly_4.CATProduct in Assembly Design Workbench. 6.Click on Clash Icon. Check Clash window appear. 7.Click on Apply button in Check Clash window. Check clash window appears. 8.Select Relevant as Filter. 9.Click on Export As Icon""}]",phase03-sufficiency-annotation-v1,f2fe3f7f29b834d78fd7c79bf4d4a94faee43c658d89c48e386854123066802b,,,,
phase03-final-confirmation-blinded-v1,eb3022d7679376de36d6d2873a4412c6082b4a48eea9fff18a6f6863b13eacf6,32,TRAIN_Q500,train,bm25,10,"Where is latest information on fix packs for Cast Iron?

Where can I find more information on the fix packs and downloads available for the various releases of Cast Iron? ",answerable_with_reference,Following are links to more information about the latest fix packs available on Fix Central for these versions:,"[{""char_end"":1818,""char_start"":1191,""chunk_id"":""c98c6c1a5f4ce89a220b16031381524b9755c504863af71a2cbc2f5042cbff79"",""document_id"":""techqa-doc:corpus/swg27024104.txt"",""filename"":""swg27024104.txt"",""rank"":1,""text"":""when upgrading from version 4.x to 5.0.1.8. If you plan to do this please read the following document before starting the upgrade: Upgrading to Cast Iron Operating System version 5.0.1.8 [http://www-01.ibm.com/support/docview.wss?uid=swg21593038] There are instructions for installing the files for the Cast Iron 5 fix packs at the following page:Installation Instructions for Cast Iron Version 5 Fix Packs [http://www-01.ibm.com/support/docview.wss?uid=swg27023851] Full documentation for Cast Iron 5 is available from the Cast Iron Legacy Downloads. [https://www14.software.ibm.com/webapp/iwm/web/preLogin.do?source=swg-cild]""},{""char_end"":1021,""char_start"":0,""chunk_id"":""b5c755087e1284def0dcdaab52d19bc13a1bc5bf6175659ba3aa76abb89260fe"",""document_id"":""techqa-doc:corpus/swg27023851.txt"",""filename"":""swg27023851.txt"",""rank"":2,""text"":""Title: IBM Installation Instructions for Cast Iron Version 5 Fix Packs - United States Text: PRODUCT DOCUMENTATION ABSTRACT Steps to apply fix packs for various form factors of Cast Iron 5 CONTENT Full documentation for Cast Iron 5 is available from the Cast Iron Legacy Downloads site. See the Downloads page of the Support Portal [http://www-947.ibm.com/support/entry/portal/Downloads/Software/WebSphere/WebSphere_Cast_Iron_Cloud_integration] for a link to this site. Upgrading an Integration Appliance Standalone To upgrade a standalone Integration Appliance you can apply an upgrade or apply a fresh install. The following steps document upgrading the integration appliance using the WMC: 1. Use the WMC to log into the integration appliance running Cast Iron Operating System Version 5 2. Stop any running orchestration jobs on the integration appliance using the WMC. 3. Undeploy any projects using the WMC. 4. In the WMC, select Set Up > Install/Upgrade. The Install/Upgrade Integration Appliance panel displays. 5""},{""char_end"":1551,""char_start"":695,""chunk_id"":""ae9f44df07dc0adaaeb4d4af4f8264db655cd65659eb0af68a2f68a05145f7f0"",""document_id"":""techqa-doc:corpus/swg21646143.txt"",""filename"":""swg21646143.txt"",""rank"":3,""text"":"".7 * WebSphere Cast Iron Hypervisor Edition V6.4 can now operate on IBM PureApplicationTM System W1500 1.0.0.4 * HTTP queue re-design enhancement which improves performance during high loads with HTTP activities We strongly advise that any WebSphere Cast Iron users considering upgrading, to migrate to WebSphere Cast Iron V6.4 instead of V6.3. In addition to the feature improvements, the following APAR fixes are included in V6.4.0.0 of the offering. These APARs are not currently available in fix packs for any other WebSphere Cast Iron releases. However, the APARs are planned for future releases but the release dates are not confirmed at this time. APAR Summary LI77282 [http://www-01.ibm.com/support/docview.wss?uid=swg1LI77282] FATAL ALERT: HANDHAKE_FAILURE ON AN HTTPS OR FTPS CALL FROM CAST IRON 6.1 TO A SERVER WHERE SSL V3.0 IS NOT ACCEPTED LI7""},{""char_end"":724,""char_start"":0,""chunk_id"":""ff97b132fc26650f32a451557b23cf84bb96db3e1c8d43354b2dcd876512af26"",""document_id"":""techqa-doc:corpus/swg21631488.txt"",""filename"":""swg21631488.txt"",""rank"":4,""text"":""Title: IBM WebSphere Cast Iron Cloud integration fix packs are available - United States Text: NEWS ABSTRACT Fix packs for WebSphere Cast Iron Cloud integration are now available for download. CONTENT Following are links to more information about the latest fix packs available on Fix Central for these versions: * 7.5.2.0 (App Connect Professional). See this forum Q&A [https://developer.ibm.com/answers/questions/303457/what-is-ibm-app-connect-professional/] for more information. And see App Connect Professional builds and iFix details. [http://www.ibm.com/support/docview.wss?uid=swg21998280] * 7.5.0.1 [http://www.ibm.com/support/docview.wss?uid=swg21972013] * 7.5.0.0 [http://www.ibm.com/support/docview.wss?uid=swg21""},{""char_end"":3150,""char_start"":1988,""chunk_id"":""8ccc5f0f8dbafb441ea9d03c006240525e0af377c25b3ffcce8eaf75ed6d9fd8"",""document_id"":""techqa-doc:corpus/swg21468353.txt"",""filename"":""swg21468353.txt"",""rank"":5,""text"":""WebSphere Cast Iron Live IBM WebSphere Cast Iron Live is a software-as-a-service(SaaS) offering. All customers are upgraded with the release of each latest version. Only the current version is supported. WebSphere Cast Iron Hypervisor Edition and Software for WebSphere DataPower Cast Iron Appliance XH40 Our latest software releases introduce new feature and functionally rich technologies as well as cumulative maintenance fixes. Our goal is to provide you with quality software release upgrades that are easy to install. We recommend that our customers update to the latest releases in order to proactively avoid problems that are already resolved. WebSphere DataPower Cast Iron will provide a minimum of two years of support for each software release beginning at the general availability (GA) of the release. WebSphere DataPower Cast Iron will continue to support the latest three levels of its software even if some of those software levels have aged more than two years. We will make these releases and their latest updates available from our Support Portal. Releases of the WebSphere DataPower Cast Iron software that are older than two years and are not""},{""char_end"":1004,""char_start"":0,""chunk_id"":""76dcc05967e897907e476818c6d2b642cdbd2115576caa22599aac44c46c40de"",""document_id"":""techqa-doc:corpus/swg27022386.txt"",""filename"":""swg27022386.txt"",""rank"":6,""text"":""Title: IBM Installation instructions for WebSphere Cast Iron Cloud integration Version 6 Fix Packs - United States Text: PRODUCT README ABSTRACT Installation instructions for WebSphere DataPower Cast Iron XH40 Appliance, WebSphere Cast Iron Hypervisor and WebSphere Cast Iron Studio Version 6 Fix Packs CONTENT Upgrade WebSphere Cast Iron Hypervisor or WebSphere DataPower Cast Iron XH40 Appliance (.scrypt2 or .vcrypt2 file) This upgrade process does not destroy user data. Note: When upgrading, any 3rd party connector libraries used are preserved, so you do not need to reinstall the libraries after you upgrade. The upgrade process for both WebSphere DataPower Cast Iron XH40 Appliance and WebSphere Cast Iron Hypervisor is the same but the firmware file you require is different: Appliance File Extension WebSphere DataPower Cast Iron XH40 Appliance .scrypt2 WebSphere Cast Iron Hypervisor .vcrypt2 You can complete the upgrade by using the Web Management Console (WMC) or the Command Line Interface""},{""char_end"":826,""char_start"":0,""chunk_id"":""f46b14b3f0b754ac2a796331cc0c5d8c43cea06b6984e7b2e8b6ac0dd4c831f4"",""document_id"":""techqa-doc:corpus/swg21652932.txt"",""filename"":""swg21652932.txt"",""rank"":7,""text"":""Title: IBM What edition of Xen is supported by Cast Iron Hypervisor Edition? - United States Text: TECHNOTE (FAQ) QUESTION I see that the WebSphere Cast Iron v6 Hypervisor Edition (HVE) product documentation provides information for running Cast Iron HVE in a Xen Hypervisor 4.0 environment. What edition or brand of Xen is supported by Cast Iron Hypervisor Edition v6.x? Does Cast Iron HVE v7.x support the Xen server hosting environment? ANSWER For Cast Iron Hypervisor Edition v6.x releases, Cast Iron supports only the open source version of Xen v4 at xenproject.org. Note that in Cast Iron Hypervisor Edition v7.0.0.0 only, the Xen server hosting environment is not supported. Please see the information at the following link for more information: http://www-01.ibm.com/common/ssi/rep_ca/7/897/ENUS213-587/ENUS213-587.PDF""},{""char_end"":2275,""char_start"":1878,""chunk_id"":""99cc4527fced41d4d1746d4b8eb56d79489d883e14f5086c90d04350392780bb"",""document_id"":""techqa-doc:corpus/swg27023623.txt"",""filename"":""swg27023623.txt"",""rank"":8,""text"":""the files available can be seen in Download Links for WebSphere Cast Iron Cloud integration 6.1.0.3 [http://www.ibm.com/support/docview.wss?uid=swg24031461] Installation Instructions Installation instructions for the various form factors can be seen in Installation Instructions for WebSphere Cast Iron Cloud integration Version 6 Fix Packs [http://www.ibm.com/support/docview.wss?uid=swg27022386]""},{""char_end"":2266,""char_start"":1873,""chunk_id"":""11880632b3ae1d4b429642b4811573e7f755fdd058da3226d70eb5dcbefbd5a0"",""document_id"":""techqa-doc:corpus/swg21594791.txt"",""filename"":""swg21594791.txt"",""rank"":9,""text"":""files available can be seen in Download Links for WebSphere Cast Iron Cloud integration 6.1.0.3 [http://www.ibm.com/support/docview.wss?uid=swg24031461] Installation Instructions Installation instructions for the various form factors can be seen in Installation Instructions for WebSphere Cast Iron Cloud integration Version 6 Fix Packs [http://www.ibm.com/support/docview.wss?uid=swg27022386]""},{""char_end"":1383,""char_start"":531,""chunk_id"":""5d33b212a75218ae896465533c2851c6bcd4c725a7c796a3cb7f8fc65a62c9fb"",""document_id"":""techqa-doc:corpus/swg27024104.txt"",""filename"":""swg27024104.txt"",""rank"":10,""text"":""How critical is this Fix Pack? Recommended Change history * 17 February 2012: Cast Iron 5.0.1.8 released. Prerequisites Only customers with a Cast Iron community ID, authorized for the 5.0 and 4.5 versions of Cast Iron will be able to access the files. If you are interested in Cast Iron software, refer to the WebSphere Cast Iron Cloud integration site. [http://www-01.ibm.com/software/integration/cast-iron-cloud-integration/#] Download Cast Iron 5.0.1.8 is available from the following site: Cast Iron Legacy Downloads. [https://www14.software.ibm.com/webapp/iwm/web/preLogin.do?source=swg-cild] Installation Instructions IMPORTANT - There is a known issue when upgrading from version 4.x to 5.0.1.8. If you plan to do this please read the following document before starting the upgrade: Upgrading to Cast Iron Operating System version 5.0.1.8 [http""}]",phase03-sufficiency-annotation-v1,f2fe3f7f29b834d78fd7c79bf4d4a94faee43c658d89c48e386854123066802b,,,,
phase03-final-confirmation-blinded-v1,2fb74716948551303c722b6fafb8e811ddae58fb2d4d55c1523c8be6cb4b8906,33,TRAIN_Q103,train,hybrid,1,"PARMGEN ABEND S013 in JOB KCIJPALO



After installing IBM OMEGAMON for Messaging on z/OS 07.05.00, I receive the following ABEND after submitting PARMGEN Job KCIJPALO:

      JOB02175  IEC141I 013-18,IGG0191B,U600861X,KMCJPALR,RKPDIN,600D,ISMS01,  083
         083             HSYS.S002.OMGNEW.TKANPAR(KMCPDICT)
     JOB02175  IEA995I SYMPTOM DUMP OUTPUT  085
         085             SYSTEM COMPLETION CODE=013  REASON CODE=00000018
         085              TIME=07.41.33  SEQ=00630  CPU=0000  ASID=004C
         085              PSW AT TIME OF ERROR  075C1000   80E9E456  ILC 2  INTC 0D
         085                NO ACTIVE MODULE FOUND
         085                NAME=UNKNOWN
         085                DATA AT PSW  00E9E450 - 4100302C  0A0D010D  A7E5014B
         085                AR/GR 0: 009FF028/00E9E760   1: 00000000/A4013000
         085                      2: 00000000/00081CB8   3: 00000000/00E9E734
         085                      4: 00000000/009B1410   5: 00000000/009B17A4
         085                      6: 00000000/009B174C   7: 00000000/009B17A4
         085                      8: 00000000/009B176C   9: 00000000/00000080
         085                      A: 00000000/00F20E10   B: 00000000/009B10FC
         085                      C: 00000000/00000008   D: 00000000/00000000
         085                      E: 00000000/80E9DCB4   F: 00000000/00000018
         085              END OF SYMPTOM DUMP

What is the cause of this?",answerable_with_reference,"Starting with V7.5, IBM OMEGAMON for Messaging on z/OS no longer delivers the component called WebSphere MQ Configuration Agent, referred to as MQ Configuration in the rest of this document, because there are other recommended ways to configure IBM MQ.","[{""char_end"":602,""char_start"":0,""chunk_id"":""91e6aa20493f7ada5e4ba922beb951997bae63183ce840c71b5b2ae03dca12d9"",""document_id"":""techqa-doc:corpus/swg1PM47018.txt"",""filename"":""swg1PM47018.txt"",""rank"":1,""text"":""Title: IBM PM47018: ABENDS0C4 IN DGOVCCP OFFSET 02E4A - United States Text: z/os A FIX IS AVAILABLE Obtain the fix for this APAR. SUBSCRIBE You can track all active APARs for this component. APAR STATUS * CLOSED AS PROGRAM ERROR. ERROR DESCRIPTION * ABEND0C4-10 in DGOVCCP+2DFE at PK97976 [http://www-01.ibm.com/support/docview.wss?uid=swg1PK97976] level IEA995I SYMPTOM DUMP OUTPUT 085 SYSTEM COMPLETION CODE=0C4 REASON CODE=00000010 TIME=09.03.17 SEQ=38108 CPU=0000 ASID=0227 PSW AT TIME OF ERROR 078D5000 A6BF1D42 ILC 6 ACTIVE LOAD MODULE ADDRESS=26BEEEF8 OFFSET=00002E4A NAME=DGOVCCP DATA AT PSW 26""}]",phase03-sufficiency-annotation-v1,f2fe3f7f29b834d78fd7c79bf4d4a94faee43c658d89c48e386854123066802b,,,,
phase03-final-confirmation-blinded-v1,d22e33c905fca80ca1381a3c6634927c99d1f4bde819b9992f6df1e89f665b30,34,TRAIN_Q569,train,hybrid,1,"Authorization failed.: The Authorization Code entered is not for this product/version.

If you have multiple Authorization Codes, please check you have entered the correct one. ",answerable_with_reference,"Please check that your authorization code matches the version and software product you are trying to license. The product and version of the authorization code must match that of the installed product. For assistance with your authorization codes, please visit the Predictive Analytics Community Get Help page https://developer.ibm.com/predictiveanalytics/get-help/ [https://developer.ibm.com/predictiveanalytics/get-help/], for direct links to the License Key Center and information about your Support options.","[{""char_end"":1112,""char_start"":0,""chunk_id"":""5fbbb5255630ee29b12fbd24e36fca6e11f9036a705178d8dd511051dbd94a04"",""document_id"":""techqa-doc:corpus/swg21486143.txt"",""filename"":""swg21486143.txt"",""rank"":1,""text"":""Title: IBM Error message: 'authorization failed' and 'authorization code entered is not for this product/version' when attempting to license IBM SPSS Statistics or Modeler/ - United States Text: TECHNOTE (TROUBLESHOOTING) PROBLEM(ABSTRACT) When attempting to license an SPSS product, I am getting the following error message. Authorization in progress ... (xxxxxxxxxxxxxxxxxxxx) Authorization failed.: The authorization code entered is not for this product/version. If you have multiple Authorization Codes, please check you have entered the correct one. ***End Of Transaction.*** One or more codes failed. Click \""Next\"" to license authorization via e-mail. What can I do to correct this problem? CAUSE The authorization code product and/or version does not match that of your installed product. RESOLVING THE PROBLEM Please check that your authorization code matches the version and software product you are trying to license. The product and version of the authorization code must match that of the installed product. For assistance with your authorization codes, please visit the Predictive Analytics Community""}]",phase03-sufficiency-annotation-v1,f2fe3f7f29b834d78fd7c79bf4d4a94faee43c658d89c48e386854123066802b,,,,
phase03-final-confirmation-blinded-v1,55e2e52dc1c023a0b3885feabb4a52a9e08dbb6118273072b5fdc60bcff69ee9,35,TRAIN_Q586,train,bm25,10,"How to enable the snippet results cache in the Netezza Platform Software releases?

How to enable the snippet results cache in the Netezza Platform Software releases? ",answerable_with_reference,"To enable the feature on a session level and test the snippet results cache behavior, you must pause the NPS system, set the variable, and resume the system, as follows: 

nzsystem pause -force
nzsystem set -arg system.srcMode=1 -force
nzsystem resume

This setting remains in effect until the database is restarted. You can add the definition to the system.cfg file to keep the setting in effect after the Netezza software restarts:


 1. Log in to the Netezza system as the nz user account.
    
 2. With any text editor, open the /nz/data/config/system.cfg file. 
    
 3. Look for a system.srcMode definition in the file to make sure that one is not already present and/or commented out. If you find an entry, make sure that system.srcMode=1 is set and not commented out with a # character. If you cannot find an entry, add system.srcMode=1 to the file. 
    
 4. Save and close the system.cfg file.
    
 5. Stop and restart the NPS software using the nzstop and then the nzstart commands.","[{""char_end"":770,""char_start"":0,""chunk_id"":""51d19928cd053ec168aef401713a6bf481f74dee129a9d54109b549272fdad03"",""document_id"":""techqa-doc:corpus/swg21960526.txt"",""filename"":""swg21960526.txt"",""rank"":1,""text"":""Title: IBM How to enable the snippet results cache in the Netezza Platform Software releases - United States Text: TECHNOTE (TROUBLESHOOTING) PROBLEM(ABSTRACT) The snippet results cache feature is disabled by default in some NPS releases. Review this topic to learn how to enable the feature if your queries could benefit from it. CAUSE Starting with the June 2015 fix packs for NPS 7.1.0.6 and 7.2.0.5, and the NPS 7.2.1 release, the snippet results cache is disabled by default because it was optimized for specific workloads. Starting in the March fix packs 7.1.0.9, 7.2.0.8, and 7.2.1.2, the feature is enabled by default because it is optimized for most workloads. ENVIRONMENT Netezza Platform Software releases 7.1.0.6 through 7.1.0.8-P1, 7.2.0.5 through 7.2.0.7-P""},{""char_end"":1475,""char_start"":654,""chunk_id"":""d837f88432dd4659686a5394869dad7870c3db2fb65a7893f21bbb550ba62292"",""document_id"":""techqa-doc:corpus/swg21960526.txt"",""filename"":""swg21960526.txt"",""rank"":2,""text"":""most workloads. ENVIRONMENT Netezza Platform Software releases 7.1.0.6 through 7.1.0.8-P1, 7.2.0.5 through 7.2.0.7-P1 and 7.2.1 through 7.2.1.1-P1 DIAGNOSING THE PROBLEM Queries that take advantage of the snippet results cache have longer runtimes after upgrades from any 7.x release to a release listed in the Environment section. RESOLVING THE PROBLEM The snippet results cache is a query optimization feature added in NPS release 7.1 that can help to improve the performance of small queries. The feature was enabled by default for the NPS 7.1 releases up to 7.1.0.6 and for 7.2 releases up to 7.2.0.5. The snippet results cache saves the intermediate results of snippets and can reuse them rather than incur the processing time to recompute them when needed. The cache can help to improve the performance of small que""},{""char_end"":873,""char_start"":0,""chunk_id"":""3f176d90e603f538b1617932992951f9df51700306a7be3c676db5517cc99865"",""document_id"":""techqa-doc:corpus/swg21960527.txt"",""filename"":""swg21960527.txt"",""rank"":3,""text"":""Title: IBM How to enable single slice optimization in the Netezza Platform Software releases - United States Text: TECHNOTE (TROUBLESHOOTING) PROBLEM(ABSTRACT) The single slice optimization feature is disabled by default in some NPS releases. Review this topic to learn how to enable the feature if your queries could benefit from it. CAUSE Starting with the June 2015 fix pack for NPS 7.2.0.5 and in NPS 7.2.1, single slice optimization is disabled by default because it was optimized for specific workloads. Starting in the March 2016 fix packs 7.2.0.8 and 7.2.1.2, the feature is enabled by default because it is optimized for most workloads. With November 2016 Patches 7.2.0.9-P2 and 7.2.1.3-P2, the feature single slice optimization is disabled by default. ENVIRONMENT Netezza Platform Software releases 7.2.0.5 through 7.2.0.7-P1 Netezza Platform Software releases 7.""},{""char_end"":2239,""char_start"":1257,""chunk_id"":""2990e55a32503abf629cd4d70b40e31974226578a327d7bf9f7c179c2da646eb"",""document_id"":""techqa-doc:corpus/swg21960526.txt"",""filename"":""swg21960526.txt"",""rank"":4,""text"":""5. The snippet results cache saves the intermediate results of snippets and can reuse them rather than incur the processing time to recompute them when needed. The cache can help to improve the performance of small queries. However, in environments where queries run against tables that constantly change with TRUNCATE, load, updates, and/or rollback operations, caching may not be a good match if cached snippet results are frequently invalidated before they can be reused. If you upgrade from any 7.x release to a release listed in the Environment section and detect a change in query performance for queries that take advantage of the snippet results cache, you can re-enable the feature. To enable the feature on a session level and test the snippet results cache behavior, you must pause the NPS system, set the variable, and resume the system, as follows: nzsystem pause -force nzsystem set -arg system.srcMode=1 -force nzsystem resume This setting remains in effect until the""},{""char_end"":916,""char_start"":0,""chunk_id"":""092387d6f05b0d24d603b558d9356f45ce47dfedb3ff14d6f383850b650bd425"",""document_id"":""techqa-doc:corpus/swg22001333.txt"",""filename"":""swg22001333.txt"",""rank"":5,""text"":""Title: IBM New IBM Netezza ODBC driver feature on windows platform - United States Text: NEWS ABSTRACT This note describes additional steps required in configuring Netezza ODBC client on Windows to enable new feature. CONTENT On a Windows platform, the IBM Netezza ODBC driver supports using empty username to enable reading user from Kerberos ticket stored in Kerberos Cache. This avoids supplying the user and password during ODBC connection. This requires the Netezza PDA system to be in Kerberos authentication mode. This feature is provided in PDA version 7.2.1.4. The following steps are required to enable the Single Sign-On (SSO) feature. ODBC driver configuration: 1. Install the Netezza 7.2.1.4 Windows ODBC driver 2. Add the Netezza ODBC Data source 3. Enable to ODBC Data source setting to read user from Kerberos Cache 4. Open the Advanced DSN option and enable the check box for Force Cache Username 5.""},{""char_end"":2963,""char_start"":2234,""chunk_id"":""c992adff71b7338f241deef40f35e4a6a628f865c555b13ffbe93517e3f1745c"",""document_id"":""techqa-doc:corpus/swg21978204.txt"",""filename"":""swg21978204.txt"",""rank"":6,""text"":""Environmental Score*: Undefined CVSS Vector: (CVSS:3.0/AV:N/AC:L/PR:N/UI:R/S:U/C:L/I:L/A:N) AFFECTED PRODUCTS AND VERSIONS IBM Netezza clients from any of the following releases: IBM Netezza Platform Software 7.1.0.8-P1 (and prior releases) IBM Netezza Platform Software 7.2.0.7-P1 (and prior releases) IBM Netezza Platform Software 7.2.1.1-P1 (and prior releases) REMEDIATION/FIXES For NPS clients that are running any of the affected releases, IBM recommends upgrading to a fixed, supported version/release/platform of the clients that are available in the following release: IBM Netezza Platform Software 7.1.0.9 Link to Fix Central [http://www-933.ibm.com/support/fixcentral/swg/selectFixes?parent=ibm~Information+Management&""},{""char_end"":1972,""char_start"":1278,""chunk_id"":""ff263a114d4c9e6554f11c04d97148f62811b5f749313f451f9dd556254ac2d5"",""document_id"":""techqa-doc:corpus/swg21976419.txt"",""filename"":""swg21976419.txt"",""rank"":7,""text"":""releases) IBM Netezza Platform Software 7.2.1.1 (and prior releases) REMEDIATION/FIXES For NPS clients that are running any of the affected releases, IBM recommends upgrading to a fixed, supported version/release/platform of the clients that are available in the following release: IBM Netezza Platform Software 7.1.0.8-P1 Link to Fix Central [http://www.ibm.com/support/fixcentral/swg/quickorder?parent=ibm%7EInformation%2BManagement&product=ibm/Information+Management/Netezza+NPS+Software+and+Clients&release=NPS_7.1.0&platform=All&function=fixId&fixids=7.1.0.8-P1-IM-Netezza-NPS-fp105734&includeRequisites=1&includeSupersedes=0&downloadMethod=http&source=fc] IBM Netezza Platform Software 7.""},{""char_end"":1605,""char_start"":694,""chunk_id"":""bb6d9205702326ce0afa694a1e0ba18133ba82893f22b421e45c09a313660e6f"",""document_id"":""techqa-doc:corpus/swg21960527.txt"",""filename"":""swg21960527.txt"",""rank"":8,""text"":""3-P2, the feature single slice optimization is disabled by default. ENVIRONMENT Netezza Platform Software releases 7.2.0.5 through 7.2.0.7-P1 Netezza Platform Software releases 7.2.1 through 7.2.1.1-P1 Netezza Platform Software releases 7.2.0.9-P2 and later Netezza Platform Software releases 7.2.1.3-P2 and later DIAGNOSING THE PROBLEM Systems that take advantage of single slice optimization could have less query throughput for certain types of shorter queries after upgrades from any 7.2 release to a release listed in the Environment section. RESOLVING THE PROBLEM Single slice optimization is a query optimization feature added in NPS release 7.2 that can improve the throughput of small queries like row delete operations that typically operate on just one dataslice of a table. The feature was enabled by default for 7.2 releases up to 7.2.0.5. By focusing on the specific dataslices and SPUs that \""own\""""},{""char_end"":891,""char_start"":0,""chunk_id"":""9b6c78d5662de5d781f6249f95a7bfc66dcd531ba44db8253084052d71d8ab1a"",""document_id"":""techqa-doc:corpus/swg21994115.txt"",""filename"":""swg21994115.txt"",""rank"":9,""text"":""Title: IBM Enabling Cryptography Support in Netezza - United States Text: TECHNOTE (FAQ) QUESTION How to enable Cryptography Support in Netezza ANSWER Enabling Cryptography Support in Netezza:- 1) What is Cryptography? - Cryptography is a method of storing and transmitting data in a particular form so that only those for whom it is intended can read and process it. 2) Does enabling Cryptography support require downtime? - Yes it does require downtime. You need to restart the database (nzstop/nzstart) after running nzconfigcrypto command. 3) How to enable Cryptography support in Netezza? - You use the nzconfigcrypto command to enable support for the SP 800-131a enhanced cryptography on an IBM Netezza appliance. How to Enable Cryptography Support in Netezza: 3.1) Log in to the active host of the Netezza system as the nz user. 3.2) Run the nzconfigcrypto -enable command and specify""},{""char_end"":2896,""char_start"":2276,""chunk_id"":""6333c559e8482e4d1a83e88abe1d4c9b4a3fa2e02339a82a033e199cfe48725a"",""document_id"":""techqa-doc:corpus/swg21985981.txt"",""filename"":""swg21985981.txt"",""rank"":10,""text"":""https://exchange.xforce.ibmcloud.com/vulnerabilities/111028] for the current score CVSS Environmental Score*: Undefined CVSS Vector: (CVSS:3.0/AV:N/AC:L/PR:N/UI:N/S:U/C:L/I:L/A:L) AFFECTED PRODUCTS AND VERSIONS IBM Netezza clients from any of the following releases: IBM Netezza Platform Software 7.1.0.9 (and prior releases) IBM Netezza Platform Software 7.2.0.8-P1 (and prior releases) IBM Netezza Platform Software 7.2.1.2-P1 (and prior releases) REMEDIATION/FIXES IBM Netezza Platform Software 7.1.0.9-P1 Link to Fix Central [https://www-945.ibm.com/support/fixcentral/swg/doSelectFixes?options.selectedFixes=7.1.0.9""}]",phase03-sufficiency-annotation-v1,f2fe3f7f29b834d78fd7c79bf4d4a94faee43c658d89c48e386854123066802b,,,,
phase03-final-confirmation-blinded-v1,4d1034f401901c45b9bf193772b2b7f5555f9028096fdc9fc152319de89fd837,36,TRAIN_Q216,train,bm25,3,"Help with Security Bulletin: IBM MQ Appliance is affected by a Network Security Services (NSS) vulnerability (CVE-2017-7805)

I need to understand details regarding Security Bulletin: IBM MQ Appliance is affected by a Network Security Services (NSS) vulnerability (CVE-2017-7805). Where can I find this information?",answerable_with_reference,"CVEID:CVE-2017-7805 [http://cve.mitre.org/cgi-bin/cvename.cgi?name=CVE-2017-7805]
DESCRIPTION:Network Security Services could allow a remote attacker to execute arbitrary code on the system, caused by a use-after-free in TLS 1.2 generating handshake hashes. By persuading a victim to visit a specially-crafted website, a remote attacker could exploit this vulnerability using unknown attack vectors to execute arbitrary code on the vulnerable system or cause a denial of service.
CVSS Base Score: 8.8
CVSS Temporal Score: Seehttps://exchange.xforce.ibmcloud.com/vulnerabilities/132749 [https://exchange.xforce.ibmcloud.com/vulnerabilities/132749]for the current score
CVSS Environmental Score*: Undefined
CVSS Vector: (CVSS:3.0/AV:N/AC:L/PR:N/UI:R/S:U/C:H/I:H/A:H)","[{""char_end"":860,""char_start"":0,""chunk_id"":""2df4f24b72844f7530515e461bbf941975b394d22e6fcec73b31a2f1672ffaa1"",""document_id"":""techqa-doc:corpus/swg22009842.txt"",""filename"":""swg22009842.txt"",""rank"":1,""text"":""Title: IBM Security Bulletin: IBM MQ Appliance is affected by a Network Security Services (NSS) vulnerability (CVE-2017-7805) - United States Text: SECURITY BULLETIN SUMMARY IBM MQ Appliance has addressed a vulnerability in Network Security Services (NSS). VULNERABILITY DETAILS CVEID:CVE-2017-7805 [http://cve.mitre.org/cgi-bin/cvename.cgi?name=CVE-2017-7805] DESCRIPTION:Network Security Services could allow a remote attacker to execute arbitrary code on the system, caused by a use-after-free in TLS 1.2 generating handshake hashes. By persuading a victim to visit a specially-crafted website, a remote attacker could exploit this vulnerability using unknown attack vectors to execute arbitrary code on the vulnerable system or cause a denial of service. CVSS Base Score: 8.8 CVSS Temporal Score: Seehttps://exchange.xforce.ibmcloud.com/vulnerabilities/132""},{""char_end"":866,""char_start"":0,""chunk_id"":""d2ea0043fe1d770c333fead429e3880ae36a9131e8a2abd7706d73803ff1277b"",""document_id"":""techqa-doc:corpus/swg22005055.txt"",""filename"":""swg22005055.txt"",""rank"":2,""text"":""Title: IBM Security Bulletin: IBM MQ Appliance is affected by a Network Security Services (NSS) vulnerability (CVE-2017-5461) - United States Text: SECURITY BULLETIN SUMMARY IBM MQ Appliance has addressed a vulnerability in Network Security Services (NSS). VULNERABILITY DETAILS CVEID:CVE-2017-5461 [http://cve.mitre.org/cgi-bin/cvename.cgi?name=CVE-2017-5461] DESCRIPTION:Mozilla Firefox could allow a remote attacker to execute arbitrary code on the system, caused by an out-of-bounds write during Base64 decoding operation in the Network Security Services (NSS) library. By persuading a user to visit a specially-crafted website, a remote attacker could exploit this vulnerability using unknown attack vectors to execute arbitrary code on the vulnerable system or cause a denial of service. CVSS Base Score: 8.8 CVSS Temporal Score: Seehttps://exchange.xforce.ibm""},{""char_end"":836,""char_start"":0,""chunk_id"":""c4804c872945c58749f35cf8d48f371669ad79f48102be52ecc782c31005bb96"",""document_id"":""techqa-doc:corpus/swg21980621.txt"",""filename"":""swg21980621.txt"",""rank"":3,""text"":""Title: IBM Security Bulletin: Vulnerability in Network Security Services (NSS) affects IBM MQ Appliance (CVE-2016-1950) - United States Text: SECURITY BULLETIN SUMMARY A vulnerability in Network Security Services (NSS) was addressed by IBM MQ Appliance. VULNERABILITY DETAILS CVEID:CVE-2016-1950 [http://cve.mitre.org/cgi-bin/cvename.cgi?name=CVE-2016-1950] DESCRIPTION:Mozilla Network Security Services (NSS), as used in Mozilla Firefox and Firefox ESR, is vulnerable to a heap-based buffer overflow, caused by improper bounds checking when parsing certain ASN.1 structures. By persuading a victim to open a specially crafted X.509 certificate, a remote attacker could overflow a buffer and execute arbitrary code on the system or cause the application to crash. CVSS Base Score: 8.8 CVSS Temporal Score: Seehttps://exchange.xforce.ibm""}]",phase03-sufficiency-annotation-v1,f2fe3f7f29b834d78fd7c79bf4d4a94faee43c658d89c48e386854123066802b,,,,
phase03-final-confirmation-blinded-v1,d05e235237465034aa0c59601f87159203e6314d6f7a4eefcadd9ac942e3d727,37,TRAIN_Q376,train,hybrid,10,"Help with Security Bulletin: Vulnerability in Apache Commons FileUpload affects WSRR (CVE-2016-1000031)

I need to understand details regarding Security Bulletin: Vulnerability in Apache Commons FileUpload affects IBM WebSphere Service Registry and Repository (CVE-2016-1000031). Where can I find this information?",answerable_with_reference,"CVEID: CVE-2016-1000031 [http://cve.mitre.org/cgi-bin/cvename.cgi?name=CVE-2016-1000031]
DESCRIPTION: Apache Commons FileUpload, as used in certain products, could allow a remote attacker to execute arbitrary code on the system, caused by deserialization of untrusted data in DiskFileItem class of the FileUpload library. A remote attacker could exploit this vulnerability to execute arbitrary code under the context of the current process.
CVSS Base Score: 9.8
CVSS Temporal Score: See https://exchange.xforce.ibmcloud.com/vulnerabilities/117957 [https://exchange.xforce.ibmcloud.com/vulnerabilities/117957] for the current score
CVSS Environmental Score*: Undefined
CVSS Vector: (CVSS:3.0/AV:N/AC:L/PR:N/UI:N/S:U/C:H/I:H/A:H)","[{""char_end"":887,""char_start"":0,""chunk_id"":""1ff474c1e3867aaa39d4cbca48306d4d45a2159af578f21bd50254c75b85e2a6"",""document_id"":""techqa-doc:corpus/swg22010680.txt"",""filename"":""swg22010680.txt"",""rank"":1,""text"":""Title: IBM Security Bulletin: Vulnerability in Apache Commons FileUpload affects IBM WebSphere Service Registry and Repository (CVE-2016-1000031) - United States Text: SECURITY BULLETIN SUMMARY Vulnerability in Apache Commons FileUpload affects IBM WebSphere Service Registry and Repository (CVE-2016-1000031) VULNERABILITY DETAILS CVEID: CVE-2016-1000031 [http://cve.mitre.org/cgi-bin/cvename.cgi?name=CVE-2016-1000031] DESCRIPTION: Apache Commons FileUpload, as used in certain products, could allow a remote attacker to execute arbitrary code on the system, caused by deserialization of untrusted data in DiskFileItem class of the FileUpload library. A remote attacker could exploit this vulnerability to execute arbitrary code under the context of the current process. CVSS Base Score: 9.8 CVSS Temporal Score: See https://exchange.xforce.ibmcloud.com/vulnerabilities/117957 [https:/""},{""char_end"":888,""char_start"":0,""chunk_id"":""1b3b018b8936a48efa1fd56e61c095d11fc08fb65016f680f92ad81691bba76e"",""document_id"":""techqa-doc:corpus/swg22012419.txt"",""filename"":""swg22012419.txt"",""rank"":2,""text"":""Title: IBM Security Bulletin: Vulnerability in Apache Commons FileUpload Affects IBM WebSphere Portal (CVE-2016-1000031) - United States Text: vulnerability SECURITY BULLETIN SUMMARY Fixes are available for a vulnerability in Apache Commons FileUpload affecting IBM WebSphere Portal (CVE-2016-1000031). VULNERABILITY DETAILS CVEID: CVE-2016-1000031 [http://cve.mitre.org/cgi-bin/cvename.cgi?name=CVE-2016-1000031] DESCRIPTION: Apache Commons FileUpload, as used in Novell NetIQ Sentinel and other products, could allow a remote attacker to execute arbitrary code on the system, caused by deserialization of untrusted data in DiskFileItem class of the FileUpload library. A remote attacker could exploit this vulnerability to execute arbitrary code under the context of the current process. CVSS Base Score: 9.8 CVSS Temporal Score: See https://exchange.xforce.ibmcloud.com/vulnerabilities""},{""char_end"":866,""char_start"":0,""chunk_id"":""645d7f74ede1b97818950a0aee56e0478ea262a0efc65e0d3a343a4c537b5320"",""document_id"":""techqa-doc:corpus/swg21988198.txt"",""filename"":""swg21988198.txt"",""rank"":3,""text"":""Title: IBM Security Bulletin: Vulnerabilities in Apache Struts and Apache Commons FileUpload affects IBM WebSphere Service Registry and Repository (CVE-2016-1181, CVE-2016-1182, CVE-2016-3092) - United States Text: SECURITY BULLETIN SUMMARY Vulnerability in Apache Struts and Apache Commons FileUpload affects IBM WebSphere Service Registry and Repository (CVE-2016-1181, CVE-2016-1182, CVE-2016-3092) VULNERABILITY DETAILS CVEID: CVE-2016-1181 [http://cve.mitre.org/cgi-bin/cvename.cgi?name=CVE-2016-1181] DESCRIPTION: Apache Struts could allow a remote attacker to execute arbitrary code on the system, caused by the failure to protect against unintended remote operations against components on server memory by the ActionForm instance. An attacker could exploit this vulnerability to execute arbitrary code on the system. CVSS Base Score: 8.1 CVSS Temporal Score:""},{""char_end"":3560,""char_start"":2921,""chunk_id"":""1357a6568bcb3156ababa329b9d03ffab764b3dc67f1fb2cc1839dfd480f7513"",""document_id"":""techqa-doc:corpus/swg21988198.txt"",""filename"":""swg21988198.txt"",""rank"":4,""text"":""IBM WebSphere Application Server (CVE-2016-1181 and CVE-2016-1182) [http://www.ibm.com/support/docview.wss?uid=swg21985995] For CVE-2016-3092, please refer to this to this bulletin: Security Bulletin: Apache Commons FileUpload Vulnerability affects WebSphere Application Server (CVE-2016-3092) [http://www.ibm.com/support/docview.wss?uid=swg21987864] For WebSphere Service Registry and Repository, all three vulnerabilities have been fixed under APARs IV87422 and IV87429 Fixes containing IV87422 and IV87429 have been published and are available from Fix Central. For WSRR V8.5 * Apply V8.5.6.0_IV79085_IV87422_IV87429_IV89477 [http://www""},{""char_end"":1072,""char_start"":0,""chunk_id"":""e16306cdf50532b9d7c65219ee0e10b08a1f4536eb3856f9d8e9b0e65939a75b"",""document_id"":""techqa-doc:corpus/swg21972135.txt"",""filename"":""swg21972135.txt"",""rank"":5,""text"":""Title: IBM Security Bulletin: Vulnerabilities identified in WebSphere Service Registry and Repository and WebSphere Application Server shipped with IBM SOA Policy Gateway Pattern for AIX Server and Red Hat Enterprise Linux Server (CVE-2015-7450) - United States Text: SECURITY BULLETIN SUMMARY WebSphere Service Registry and Repository and WebSphere Application Server are shipped as a component of IBM SOA Policy Gateway Pattern for AIX Server 2.5 and IBM SOA Policy Gateway Pattern for Red Hat Enterprise Linux Server. Information about a security vulnerability affecting WebSphere Service Registry and Repository and WebSphere Application Server have been published in security bulletins. VULNERABILITY DETAILS Please consult these security bulletins: Security Bulletin: Vulnerability in Apache Commons affects IBM WebSphere Service Registry and Repository (CVE-2015-7450) [http://www.ibm.com/support/docview.wss?uid=swg21971580] Security Bulletin: Vulnerability in Apache Commons affects IBM WebSphere Application Server (CVE-2015-7450) [http://www.ibm.com/support/doc""},{""char_end"":2424,""char_start"":1662,""chunk_id"":""38b74052e77cec55904c01ff303c58ed970e5c885ee1c2877c99172877933428"",""document_id"":""techqa-doc:corpus/swg21990811.txt"",""filename"":""swg21990811.txt"",""rank"":6,""text"":""FileUpload Vulnerability affects WebSphere Application Server (CVE-2016-3092) [http://www-01.ibm.com/support/docview.wss?uid=swg21987864]. WORKAROUNDS AND MITIGATIONS None. GET NOTIFIED ABOUT FUTURE SECURITY BULLETINS Subscribe to My Notifications [ http://www-01.ibm.com/software/support/einfo.html] to be notified of important product support alerts like this. REFERENCES Complete CVSS v3 Guide [http://www.first.org/cvss/user-guide] On-line Calculator v3 [http://www.first.org/cvss/calculator/3.0] RELATED INFORMATION IBM Secure Engineering Web Portal [http://www.ibm.com/security/secure-engineering/bulletins.html] IBM Product Security Incident Response Blog [http://www.ibm.com/blogs/psirt] Security Bulletin: Apache Commons FileUpload Vulnerability affects""},{""char_end"":922,""char_start"":0,""chunk_id"":""fd2f5848813aa91d3c95dbc8a660f7be928d4094d6bc53bc88282f28e0138c4c"",""document_id"":""techqa-doc:corpus/swg22013713.txt"",""filename"":""swg22013713.txt"",""rank"":7,""text"":""Title: IBM Security Bulletin: Security vulnerability in Apache Commons FileUpload used by Liberty for Java for IBM Cloud (CVE-2016-1000031) - United States Text: SECURITY BULLETIN SUMMARY There is a potential vulnerability in the Apache Commons FileUpload used by WebSphere Application Server traditional and WebSphere Application Server Liberty. VULNERABILITY DETAILS CVEID: CVE-2016-1000031 [http://cve.mitre.org/cgi-bin/cvename.cgi?name=CVE-2016-1000031] DESCRIPTION: Apache Commons FileUpload, as used in several products, could allow a remote attacker to execute arbitrary code on the system, caused by deserialization of untrusted data in DiskFileItem class of the FileUpload library. A remote attacker could exploit this vulnerability to execute arbitrary code under the context of the current process. CVSS Base Score: 9.8 CVSS Temporal Score: See https://exchange.xforce.ibmcloud.com/vulnerabilities/117957 [https""},{""char_end"":981,""char_start"":0,""chunk_id"":""af104102f11bfbfdb839853104fddb4ba756d6ff0f6728abcf9172b50ad6c720"",""document_id"":""techqa-doc:corpus/swg22014121.txt"",""filename"":""swg22014121.txt"",""rank"":8,""text"":""Title: IBM Security Bulletin: Multiple Security Vulnerabilities have been Identified in IBM WebSphere Application Server Shipped with IBM WebSphere Portal - United States Text: SECURITY BULLETIN SUMMARY IBM WebSphere Application Server is shipped as a component of IBM WebSphere Portal. Information about security vulnerabilities affecting IBM WebSphere Application Server has been published in security bulletins. VULNERABILITY DETAILS Please consult the security bulletins for IBM WebSphere Application Server published at * Security Bulletin: Potential Privilege Escalation in WebSphere Application Server Admin Console (CVE-2017-1731) [https://www-01.ibm.com/support/docview.wss?uid=swg22012345] * Security Bulletin: Information disclosure in WebSphere Application Server (CVE-2017-1681) [https://www-01.ibm.com/support/docview.wss?uid=swg22010419] * Security Bulletin: Security vulnerability in Apache Commons FileUpload used by WebSphere Application Server (CVE-2016-1000031)""},{""char_end"":1515,""char_start"":815,""chunk_id"":""ac12e6cca4ffd70ce29c480bbfb5ecf3470a8fd5968e64dad83eb6b846853156"",""document_id"":""techqa-doc:corpus/swg22014121.txt"",""filename"":""swg22014121.txt"",""rank"":9,""text"":""/support/docview.wss?uid=swg22010419] * Security Bulletin: Security vulnerability in Apache Commons FileUpload used by WebSphere Application Server (CVE-2016-1000031) [https://www-01.ibm.com/support/docview.wss?uid=swg22011428] * Security Bulletin: Multiple Vulnerabilities in IBM® Java SDK affects WebSphere Application Server January 2018 CPU [https://www-01.ibm.com/support/docview.wss?uid=swg22013818] * Security Bulletin: Information disclosure in WebSphere Application Server Admin Console (CVE-2017-1741) [https://www-01.ibm.com/support/docview.wss?uid=swg22012342] * Security Bulletin: Denial of Service in Apache CXF used by WebSphere Application Server (CVE-2017-12624) [https://www-01.ibm.""},{""char_end"":1078,""char_start"":0,""chunk_id"":""786d39d687cfc5b4a14d7734336af579b97bcdd64eab3bb2cdba79a195873afc"",""document_id"":""techqa-doc:corpus/swg22014174.txt"",""filename"":""swg22014174.txt"",""rank"":10,""text"":""Title: IBM Security Bulletin: A security vulnerability has been identified in the WebSphere Application Server where the Rational Asset Manager is deployed. (CVE-2016-1000031) - United States Text: CVE-2016-1000031 SECURITY BULLETIN SUMMARY In the WebSphere Application Server (WAS) where the Rational Asset Manager(RAM) is deployed, a potential vulnerability in the Apache Commons FileUpload is identified. Information about this security vulnerability affecting WebSphere Application Server has been published in a security bulletin. VULNERABILITY DETAILS Refer to the Remediation/Fixes section. AFFECTED PRODUCTS AND VERSIONS Rational Asset Manager 7.5.3.2 and earlier. REMEDIATION/FIXES The remediation is applicable for both Rational Asset Manager and WebSphere Application Server (WAS). * * Affected Supporting Product * Affected Supporting Product Security Bulletin * * Security Bulletin: Security vulnerability in Apache Commons FileUpload used by WebSphere Application Server (CVE-2016-1000031) * * Rational Asset Manager 7.5.3.3 * * Download * * iFix * * * * Version *""}]",phase03-sufficiency-annotation-v1,f2fe3f7f29b834d78fd7c79bf4d4a94faee43c658d89c48e386854123066802b,,,,
phase03-final-confirmation-blinded-v1,dc23db560f74a52a128dc0b297aaaf18955927e9374b9ff4acbf7f2551e1cff6,38,TRAIN_Q060,train,dense,5,"Installed an STAP on a DB Server but it does not show up on my Appliance in S-TAP Control etc



Installed an STAP on a DB Server but it does not show up on my Appliance in S-TAP Control etc

I get the following messages in the logs:-

/tmp/guard_stap.stderr.txt on the DB Server :- ""Server wasn't heard from for nn sec during this attempt nnn sec total), closing and re-opening""

and from the Guardium Appliance - via fileserver in the /log/opt-ibm-guardium-log/snif/snif.log ""Unauthorized client connecting from ,rejecting""

What is the reason?",answerable_with_reference,One reason for these errors could be that the S-TAP Approval Needed is checked in the S-TAP Certification screen on the Appliance,"[{""char_end"":777,""char_start"":0,""chunk_id"":""f68b173727cfed9c7d69747917bdc16866ba3faee6834d1459d8d0d711ae4c4d"",""document_id"":""techqa-doc:corpus/swg22009818.txt"",""filename"":""swg22009818.txt"",""rank"":1,""text"":""Title: IBM Guardium STAP does not connect properly and does not show in the S-TAP Control - I see some specific errors in some log files. - United States Text: TECHNOTE (FAQ) QUESTION What can cause an STAP to fail to connect properly - I get the following messages in the logs:- /tmp/guard_stap.stderr.txt on the DB Server :- \""Server <ip_addr> wasn't heard from for nn sec during this attempt (nnn sec total), closing and re-opening\"" and from the Guardium Appliance - via fileserver in the /log/opt-ibm-guardium-log/snif/snif.log \""Unauthorized client connecting from <ip_addr> ,rejecting\"" CAUSE One reason for these errors could be that the S-TAP Approval Needed is checked in the S-TAP Certification screen on the Appliance like this :- [/support/docview.wss?uid=swg22009818&""},{""char_end"":982,""char_start"":0,""chunk_id"":""5709122d675c7b52f1458e36f712d2f7cffe4b4e253432226e67e3318b9df641"",""document_id"":""techqa-doc:corpus/swg22001783.txt"",""filename"":""swg22001783.txt"",""rank"":2,""text"":""Title: IBM Security Guardium: Unix STAP Troubleshooting Steps - United States Text: STAP; GIM; Troubleshoot; UNIX TECHNOTE (TROUBLESHOOTING) PROBLEM(ABSTRACT) How to toubleshoot Unix STAP issues SYMPTOM 1. STAP not showing up in the GUI console 2. Guardium STAPs are showing as red or Inactive in the GUI console. 3. STAP shows green, but no traffic is collected. RESOLVING THE PROBLEM Verifying that the Guardium and the database server for the S-TAP are connected 1. Verify that sniffer process is running Before connecting to the database, check whether the sniffer process is running on the Guardium system. The sniffer is responsible for communicating with each S-TAP and processing the data that is received. If the sniffer is not running, responses from the S-TAP will not be recognized. On Guardium, run following commands from CLI to start the services: restart stopped_services ==> Use this CLI command to restart services previously stopped support clean servlets ==> Use""},{""char_end"":2366,""char_start"":1444,""chunk_id"":""d463e3cab761e60c171db3c28687462747baff9dd29d06827e608b7e78cc3cd5"",""document_id"":""techqa-doc:corpus/swg21684016.txt"",""filename"":""swg21684016.txt"",""rank"":3,""text"":"".wss?uid=swg21569674] 3. Check S-TAP Status on Guardium Appliance Launch GUI for the Guardium Appliance a) Administration Console > Local Taps > S-TAP Control b) Check the status of the S-TAP from which traffic is expected: i) If the status is red, then S-TAP is likely not active on the database server. On Windows database servers, ensure that the STAP services are started. On Unix/Linux database servers, 'ps -ef | grep stap' should confirm if STAP is running. If the STAP is not running, check the STAP installation log to confirm that STAP was installed without any errors. Checking the syslog (Linux/Unix) or event viewer log (Windows) can also be useful at this point. ii) If the status is green, then S-TAP is likely sending traffic but no information is displayed in reports due to defined policy rules. Go to Administration Console > Configuration > Policy Installation > click on \""Edit Installed Policy\"" button""},{""char_end"":768,""char_start"":0,""chunk_id"":""a9536dd829d0842957a1ac3a7d1986519f4e9d0cc06f30a4e480a46ecfca55f8"",""document_id"":""techqa-doc:corpus/swg21508137.txt"",""filename"":""swg21508137.txt"",""rank"":4,""text"":""Title: IBM How to collect STAP debug information on the Database Server (Unix/Linux). - United States Text: stap; s-tap; debug TECHNOTE (FAQ) QUESTION If the STAP fails to start on the Database server, you may need look for the cause of the failure in existing log files and/or collect additional debugging information. ANSWER First, you should look at the standard STAP log files: * * /tmp/guard_stap.stdout.txt * * /tmp/guard_stap.stderr.txt If the information in these files does not help to solve the problem, you may need to collect additional debugging information. Log in with root credentials, make sure STAP is not running and start STAP in debug mode: * /usr/local/guardium/guard_stap/guard_stap \\ * * /usr/local/guardium/guard_stap/guard_tap.ini 4 \\ * * > /""},{""char_end"":905,""char_start"":0,""chunk_id"":""14d8a8d1aa5e1622c792eb60f805b206c49a1877f650bb3543696fd1a84d469d"",""document_id"":""techqa-doc:corpus/swg21671663.txt"",""filename"":""swg21671663.txt"",""rank"":5,""text"":""Title: IBM z/OS STAPs using port 16022 not registering to the Guardium collector appliance - United States Text: Active z/OS S-TAP no-data Inspection-core restart TECHNOTE (TROUBLESHOOTING) PROBLEM(ABSTRACT) STAP fails to show active on the Guardium appliance after starting it for the first time. SYMPTOM - The z/OS STAP is properly configured to use port 16022. - All messages on the mainframe indicate proper connectivity. - The Guardium collector appliance appears to be functioning normally. - Policy is correctly configured with a DB2 or IMS Collection Profile and installed. - The mainframe S-TAPs still do not show up on the v9 collector appliance CAUSE If the collector has not been actively used as a collector since being built and configured, the sniffer appears to time-out the port 16022. ENVIRONMENT When running a v9.0 or v9.1 z/OS STAP against a NEW v9.0 or v9.1 appliance. DIAGNOSING THE""}]",phase03-sufficiency-annotation-v1,f2fe3f7f29b834d78fd7c79bf4d4a94faee43c658d89c48e386854123066802b,,,,
phase03-final-confirmation-blinded-v1,40140947a6d99270ba5b6d3e246fe365cbfbe1cb4e9fe6b4fd86dc0daedb56c7,39,TRAIN_Q204,train,dense,3,"""Internet Explorer has stopped working""

 Hi,

I am using scanning via web browser and I have my scanner connected to my computer. During the scanning process, Internet Explorer stops. This always happens. Has anyone encountered this yet? ",answerable_with_reference,Internet Explorer (IE) 8 and later includes its own version of Data Execution Prevention (DEP) which can cause the above symptoms and prevent scanning from running.,"[{""char_end"":967,""char_start"":0,""chunk_id"":""824fb4d99554c35bdbf6a14cb512384d08b389bc984381acfa042a1a67be2480"",""document_id"":""techqa-doc:corpus/swg21500151.txt"",""filename"":""swg21500151.txt"",""rank"":1,""text"":""Title: IBM Remote scanning freezes or stops with IBM Datacap Taskmaster Capture - United States Text: hang scan ie8 TECHNOTE (TROUBLESHOOTING) PROBLEM(ABSTRACT) Remote scanning using scanner freezes or stops when using Internet Explorer 8 or later. SYMPTOM Additional symptoms include: * The web page may crash and recover (close and quickly reopen). * The freeze may occur during or after scanning the first page. CAUSE Internet Explorer (IE) 8 and later includes its own version of Data Execution Prevention (DEP) which can cause the above symptoms and prevent scanning from running. ENVIRONMENT Internet Explorer 8 and later RESOLVING THE PROBLEM To disable DEP: 1. In the browser, open the Tools menu, and select Internet Options. 2. Select the Advanced tab. 3. Uncheck Enable memory protection to mitigate online attacks. 4. Close all windows, restart the browser and start scanning again. Note: If using Datacap 8.1, this issue has been fixed in 8.1 Fix Pack 1.""},{""char_end"":1091,""char_start"":0,""chunk_id"":""1371672bcaebde3fb57624c48c6a4b1390aca77403e26de51d4efcd972e8f963"",""document_id"":""techqa-doc:corpus/swg22004833.txt"",""filename"":""swg22004833.txt"",""rank"":2,""text"":""Title: IBM Scan button becomes disabled with IBM Datacap Navigator Scan task - United States Text: scan nscan ie button TECHNOTE (TROUBLESHOOTING) PROBLEM(ABSTRACT) After scanning multiple batches in a high volume scan environment, the Scan button becomes disabled preventing scanning of any more batches. This occurs when running the Datacap Navigator Scan task in Internet Explorer and using the Daeja Virtual Viewer. SYMPTOM The point where this error occurs depends on the total overall volume being scanned but will typically occur when the memory usage reaches 1.4 to 2GB. CAUSE Internet Explorer does not fully release memory after completing the Scan task. This causes memory creep which will eventually lead to there being insufficient memory to scan a batch. This memory leak is not caused by coding issues, but is a behavior of Internet Explorer itself. ENVIRONMENT Datacap Navigator with Internet Explorer 10 or 11 and any version of the Daeja Virtual Viewer. RESOLVING THE PROBLEM When this issue occurs, users can press F5 which will refresh the browser and release the memory.""},{""char_end"":2496,""char_start"":1486,""chunk_id"":""b3c18c560645a702ca8ea42e353e53cefecad1dbbcd4c3b95b495f68bb1da184"",""document_id"":""techqa-doc:corpus/swg1PI06760.txt"",""filename"":""swg1PI06760.txt"",""rank"":3,""text"":""in scan templates The suspension was caused by the browser (IE) set to Enhanced Security mode which prevented the required actions for scanning. A proper error message will be logged if scanning cannot complete because IE is set in Enhanced Security Mode on the scanner machines. The Install of scanner agent would also produce a warning if IE Enhanced Security Mode is detected during the install. PROBLEM CONCLUSION * Fixed in 9.0 release of Appscan Enterprise TEMPORARY FIX COMMENTS APAR INFORMATION * APAR NUMBER PI06760 * REPORTED COMPONENT NAME SEC APPSCAN ENT * REPORTED COMPONENT ID 5724T5200 * REPORTED RELEASE 870 * STATUS CLOSED PER * PE NoPE * HIPER NoHIPER * SPECIAL ATTENTION NoSpecatt * SUBMITTED DATE 2013-11-21 * CLOSED DATE 2014-03-30 * LAST MODIFIED DATE 2014-03-30 * APAR IS SYSROUTED FROM ONE OR MORE OF THE FOLLOWING: * APAR IS SYSROUTED TO ONE OR MORE OF THE FOLLOWING: FIX INFORMATION * FIXED COMPONENT NAME SEC APPSCAN ENT * FIXED COMPONENT ID 5724T5200 APPLICABLE COMPONENT LEVELS * R""}]",phase03-sufficiency-annotation-v1,f2fe3f7f29b834d78fd7c79bf4d4a94faee43c658d89c48e386854123066802b,,,,
phase03-final-confirmation-blinded-v1,b6ec0c7521b0bcf23cb4215014e6978fc2df64e229ff7939afdd02dc147d8803,40,DEV_Q121,train,bm25,10,"Job Execution Node for IIB V10

I'm looking for a way in IIB V10 to execute/invoke scripts or jobs on different operating systems like windows or System i (AS400). After a little research i found out that there is a Job Execution Node for the IIB V9, which seems to cover the requirements. Is there a Job Execution Node for the IIB V10, or an other appropriate node for the requirements?
",answerable_with_reference,"The JobExecutionNode, a Java-based plugin, allows you to execute operating system commands, and invoke jobs in the form of batch/shell scripts from within the message flow. The jobs can be specified on the node property or as a part of the input message.","[{""char_end"":872,""char_start"":0,""chunk_id"":""cd6d5c1e746fec60eab8289169c6a0005c49ba683e1597befcf1a9d90c910230"",""document_id"":""techqa-doc:corpus/swg21977329.txt"",""filename"":""swg21977329.txt"",""rank"":1,""text"":""Title: IBM The WTX Map node plugin is not present in the IIB Toolkit V10.0 after installing ITX for Integration Servers V9.0 - United States Text: WTX IIB ITX Toolkit WTX node TECHNOTE (TROUBLESHOOTING) PROBLEM(ABSTRACT) The WTX Map node plugin is not present in the IBM Integration Bus (IIB) Toolkit V10.0 after installing the IBM Transformation Extender (ITX) for Integration Servers V9.0. SYMPTOM The WTX Map node is not present after Installing IBM Integration Bus (IIB) V10.0 with IBM Transformation Extender (ITX) for Integration Servers V9.0. CAUSE In IBM Transformation Extender (ITX) 9.0, the Design Studio integrates with the IIB Toolkit without the need to install IBM Transformation Extender for Integration Servers run time on the design time computer. ENVIRONMENT Installing IIB Toolkit V10 with ITX Design Studio V9.0 and ITX for Integration Servers V9.0 to""},{""char_end"":1487,""char_start"":648,""chunk_id"":""4c2c81e1406dc73786dd809fdff1c5d14b0f6b8895d9c039e9f8538da3d04cd9"",""document_id"":""techqa-doc:corpus/swg21977329.txt"",""filename"":""swg21977329.txt"",""rank"":2,""text"":""without the need to install IBM Transformation Extender for Integration Servers run time on the design time computer. ENVIRONMENT Installing IIB Toolkit V10 with ITX Design Studio V9.0 and ITX for Integration Servers V9.0 to use the ITX Map node plugin to run ITX maps. DIAGNOSING THE PROBLEM The WTX Map node is not present in the IIB Toolkit after installing the following. IBM Integration Bus (IIB) V10.0 IBM Transformation Extender Design Studio (ITX) V9.0 IBM Transformation Extender for Integration Servers V9.0 RESOLVING THE PROBLEM Follow the steps to 'Integrate the ITX Design Studio perspective with IBM Integration Bus Toolkit to use the WTX map node in the Toolkit' that is documented in the Release notes for IBM Transformation Extender for Integration Servers, V9.0.0 [http://www.ibm.com/support/docview.wss?uid=swg27047429].""},{""char_end"":8155,""char_start"":7405,""chunk_id"":""f53d00ce42c7996127e38b83ba0e789d934e1d92568a497a71888a29858376be"",""document_id"":""techqa-doc:corpus/swg27051134.txt"",""filename"":""swg27051134.txt"",""rank"":3,""text"":""the MQGET message options but not the 'Options' specific field. Resolution : Request fixes for IIB APAR IT24438 from IBM support. Issue 9 Users Affected : Customers using IBM Integration Bus v10 fixpack 10(v10.0.0.10) Summary : From IIB v10 FP10 onwards, it was observed that when a usertrace/service trace is enabled, the log inserts were incorrectly populated for certain BIP messages that correspond to ESQL processing. For example : Comparison of the traces between FP09 and FP10 shows following difference for BIP2539I message. FP09 :- BIP2539I: Node '': Evaluating expression ''J'' at ('.testflow_Compute.CopyMessageHeaders', '5.13'). This resolved to ''J''. The result was ''3''. FP10 :- BIP2539I: Node '{5}': Evaluating expression '{4}' at ('""},{""char_end"":795,""char_start"":0,""chunk_id"":""02f2f7380413c4d3f2df1e7e35c85292619a2083932d5a566ace07afc70eaae2"",""document_id"":""techqa-doc:corpus/swg1PI82726.txt"",""filename"":""swg1PI82726.txt"",""rank"":4,""text"":""Title: IBM PI82726: IIB EXECUTION GROUP CRASHING WHEN ANY WTX NODE IS DEPLOYED AFTERPROCESS TO END WHICH IS RETURNING RC 255T - WAIT FOR A CHILD - United States Text: z/os A FIX IS AVAILABLE Obtain the fix for this APAR. SUBSCRIBE You can track all active APARs for this component. APAR STATUS * CLOSED AS PROGRAM ERROR. ERROR DESCRIPTION * IIB execution group crashing when any WTX node is deployed after 9003 to 9007 migration with error BPX1WAT - Wait for a child process to end which is returning RC 255 LOCAL FIX * RTC 60328 PB/LV Copy in correct(real) ICU modules from folder icudt48e from a prior to 9.0.0.7 release or This may also be corrected by removing the 2 export statements. However this was not tested and may cause IIB issues PROBLEM SUMMARY * **********************************""},{""char_end"":795,""char_start"":0,""chunk_id"":""1e3c30bf60f119c637f1f280aa34245c8d577c5cbb246af618d5869e968d4def"",""document_id"":""techqa-doc:corpus/swg1PI82729.txt"",""filename"":""swg1PI82729.txt"",""rank"":5,""text"":""Title: IBM PI82729: IIB EXECUTION GROUP CRASHING WHEN ANY WTX NODE IS DEPLOYED AFTERPROCESS TO END WHICH IS RETURNING RC 255T - WAIT FOR A CHILD - United States Text: z/os A FIX IS AVAILABLE Obtain the fix for this APAR. SUBSCRIBE You can track all active APARs for this component. APAR STATUS * CLOSED AS PROGRAM ERROR. ERROR DESCRIPTION * IIB execution group crashing when any WTX node is deployed after 9003 to 9007 migration with error BPX1WAT - Wait for a child process to end which is returning RC 255 LOCAL FIX * RTC 60328 PB/LV Copy in correct(real) ICU modules from folder icudt48e from a prior to 9.0.0.7 release or This may also be corrected by removing the 2 export statements. However this was not tested and may cause IIB issues PROBLEM SUMMARY * **********************************""},{""char_end"":795,""char_start"":0,""chunk_id"":""30b05b8388defef53a2bd76abe49e8d667e8030e30d4c48bb3e0abb9b403b5c9"",""document_id"":""techqa-doc:corpus/swg1PI82724.txt"",""filename"":""swg1PI82724.txt"",""rank"":6,""text"":""Title: IBM PI82724: IIB EXECUTION GROUP CRASHING WHEN ANY WTX NODE IS DEPLOYED AFTERPROCESS TO END WHICH IS RETURNING RC 255T - WAIT FOR A CHILD - United States Text: z/os A FIX IS AVAILABLE Obtain the fix for this APAR. SUBSCRIBE You can track all active APARs for this component. APAR STATUS * CLOSED AS PROGRAM ERROR. ERROR DESCRIPTION * IIB execution group crashing when any WTX node is deployed after 9003 to 9007 migration with error BPX1WAT - Wait for a child process to end which is returning RC 255 LOCAL FIX * RTC 60328 PB/LV Copy in correct(real) ICU modules from folder icudt48e from a prior to 9.0.0.7 release or This may also be corrected by removing the 2 export statements. However this was not tested and may cause IIB issues PROBLEM SUMMARY * **********************************""},{""char_end"":795,""char_start"":0,""chunk_id"":""4e7fdcceea297ce31fbb57b553349bf5e0314ff4655b1cdc7bd12c4a8c407d34"",""document_id"":""techqa-doc:corpus/swg1PI82725.txt"",""filename"":""swg1PI82725.txt"",""rank"":7,""text"":""Title: IBM PI82725: IIB EXECUTION GROUP CRASHING WHEN ANY WTX NODE IS DEPLOYED AFTERPROCESS TO END WHICH IS RETURNING RC 255T - WAIT FOR A CHILD - United States Text: z/os A FIX IS AVAILABLE Obtain the fix for this APAR. SUBSCRIBE You can track all active APARs for this component. APAR STATUS * CLOSED AS PROGRAM ERROR. ERROR DESCRIPTION * IIB execution group crashing when any WTX node is deployed after 9003 to 9007 migration with error BPX1WAT - Wait for a child process to end which is returning RC 255 LOCAL FIX * RTC 60328 PB/LV Copy in correct(real) ICU modules from folder icudt48e from a prior to 9.0.0.7 release or This may also be corrected by removing the 2 export statements. However this was not tested and may cause IIB issues PROBLEM SUMMARY * **********************************""},{""char_end"":795,""char_start"":0,""chunk_id"":""780ef7de3db57e782e3ff4160362d9d2ef6dc7f3f99734ed7e0b3ab694027cab"",""document_id"":""techqa-doc:corpus/swg1PI82727.txt"",""filename"":""swg1PI82727.txt"",""rank"":8,""text"":""Title: IBM PI82727: IIB EXECUTION GROUP CRASHING WHEN ANY WTX NODE IS DEPLOYED AFTERPROCESS TO END WHICH IS RETURNING RC 255T - WAIT FOR A CHILD - United States Text: z/os A FIX IS AVAILABLE Obtain the fix for this APAR. SUBSCRIBE You can track all active APARs for this component. APAR STATUS * CLOSED AS PROGRAM ERROR. ERROR DESCRIPTION * IIB execution group crashing when any WTX node is deployed after 9003 to 9007 migration with error BPX1WAT - Wait for a child process to end which is returning RC 255 LOCAL FIX * RTC 60328 PB/LV Copy in correct(real) ICU modules from folder icudt48e from a prior to 9.0.0.7 release or This may also be corrected by removing the 2 export statements. However this was not tested and may cause IIB issues PROBLEM SUMMARY * **********************************""},{""char_end"":795,""char_start"":0,""chunk_id"":""e7961415fe5d8000db88e861cd2ab89c855cac6735768f6398915c6cf248a110"",""document_id"":""techqa-doc:corpus/swg1PI82728.txt"",""filename"":""swg1PI82728.txt"",""rank"":9,""text"":""Title: IBM PI82728: IIB EXECUTION GROUP CRASHING WHEN ANY WTX NODE IS DEPLOYED AFTERPROCESS TO END WHICH IS RETURNING RC 255T - WAIT FOR A CHILD - United States Text: z/os A FIX IS AVAILABLE Obtain the fix for this APAR. SUBSCRIBE You can track all active APARs for this component. APAR STATUS * CLOSED AS PROGRAM ERROR. ERROR DESCRIPTION * IIB execution group crashing when any WTX node is deployed after 9003 to 9007 migration with error BPX1WAT - Wait for a child process to end which is returning RC 255 LOCAL FIX * RTC 60328 PB/LV Copy in correct(real) ICU modules from folder icudt48e from a prior to 9.0.0.7 release or This may also be corrected by removing the 2 export statements. However this was not tested and may cause IIB issues PROBLEM SUMMARY * **********************************""},{""char_end"":1537,""char_start"":812,""chunk_id"":""8c8dbe09601bde7fd2c4d8ddf48a64ff46f01bfa41624c3e8be9c94f589b415c"",""document_id"":""techqa-doc:corpus/swg22005507.txt"",""filename"":""swg22005507.txt"",""rank"":10,""text"":""is the PMQ version? 4. Provide your csv file which is causing the issue. 5. Provide all the files under the following directories on IIB node. /var/PMQ/MQSIFileInput/error /var/PMQ/MQSIFileInput/log 6. Provide the output of \""ls -ltr\"" command for the following directories on IIB node. For Loading Master Data Issue: /var/PMQ/MQSIFileInput/masterdatain For Loading Event Data Issue: /var/PMQ/MQSIFileInput/eventdatain 7. Provide the system log file. The file name is typically like \""message\"" under /var/log directory on IIB node and Data node. 8. Verify if messages are stuck in IIB queues by running the following command on IIB node using mqm user. $ echo \""dis ql(PMQ.*) where (curdepth ne 0)\"" | runmqsc pmqmanager 9. Verify""}]",phase03-sufficiency-annotation-v1,f2fe3f7f29b834d78fd7c79bf4d4a94faee43c658d89c48e386854123066802b,,,,
phase03-final-confirmation-blinded-v1,3e81ea15d015808f8a1c77d3b596029873710eeae67624bb030134aff6ec0654,41,DEV_Q025,train,hybrid,3,"How to import a certificate in ITCAM for Data Power ?

How can I import a certificate in ITCAM for Data Power?",answerable_with_reference,"Import the certification file into the agent by doing the following command:

Note : You can use either .cer or .pem. 
Make sure the file is in ASCII not binary. 
Where the /usr/ITM/JRE is your Java location and <fileName> is your file name.","[{""char_end"":783,""char_start"":0,""chunk_id"":""0dade57cab3cbc52d3fa195d3f9b0d406bfefcb1c378941386b46ce5d87a00bb"",""document_id"":""techqa-doc:corpus/swg21959588.txt"",""filename"":""swg21959588.txt"",""rank"":1,""text"":""Title: IBM Importing a Certificate for the ITCAM Agent for Data Power (BN Agent) - United States Text: CAMDPALL CAMDPSEC Certification Import Importing TECHNOTE (FAQ) THIS DOCUMENT APPLIES ONLY TO THE FOLLOWING LANGUAGE VERSION(S): US English QUESTION How to import a Certificate for the TCAM Agent for Data Power (BN Agent) ? CAUSE Certification is missing. Trouble shooting Hint - The trace log will show an error that looks like this: [2015-05-28T05:58:45.248-0430] - ERROR - BODAPPS57 - pool-1-thread-2 - com.ibm.management.soa.dp.monitor.agent.server.KBNSomaCPUUsage.getCPUUsa ge - [subnode=DPPROD02; hostname=10.0.49.25;] occured exception javax.net.ssl.SSLHandshakeException: Received fatal alert: handshake_failure ANSWER Import the certification file into the agent by doing""},{""char_end"":657,""char_start"":0,""chunk_id"":""b91d06c272ff68d4543adf604322f820c8161c0802c91d363a3b2f9e0065d90b"",""document_id"":""techqa-doc:corpus/swg21646081.txt"",""filename"":""swg21646081.txt"",""rank"":2,""text"":""Title: IBM ITCAM Agent for Data Power Certification. - United States Text: CAMDPSEC CAMDPALL Certficate BN \""Data Power\"" DP TECHNOTE (TROUBLESHOOTING) THIS DOCUMENT APPLIES ONLY TO THE FOLLOWING LANGUAGE VERSION(S): US English PROBLEM(ABSTRACT) How to create DP certification? SYMPTOM Messages look similar to the following in the trace log logfile: [2013-07-30T17:39:19.461+0000] - ERROR - a25sops003 - pool-1-thread-3 - com.ibm.management.soa.dp.monitor.agent.server.KBNSomaDomainList.getDoma in - [subnode=a25edxmlapp003b; hostname=a25edxmlapp003b.toronto.ca.ibm.com;] occured exception javax.net.ssl.SSLHandshakeException: com.ibm.jsse2.util.h: PKIX path""},{""char_end"":651,""char_start"":0,""chunk_id"":""6b9696d24156c3c89af2435dba5d6390ad3e2d196b0f5b3ae694dee495f15cb9"",""document_id"":""techqa-doc:corpus/swg21682753.txt"",""filename"":""swg21682753.txt"",""rank"":3,""text"":""Title: IBM How to generate a new Certificate for the DataPower agent? - United States Text: DataPower agent BN generate Certificate TECHNOTE (FAQ) THIS DOCUMENT APPLIES ONLY TO THE FOLLOWING LANGUAGE VERSION(S): US English QUESTION How to generate a new Certificate for the DataPower agent? ANSWER The following document shows detailed information on how to create a new certificate for the DataPower monitoring agent. Generate a new certificate for Tivoli DP agent.doc [/support/docview.wss?uid=swg21682753&aid=2]Generate a new certificate for Tivoli DP agent.doc [/support/docview.wss?uid=swg21682753&aid=1] PRODUCT ALIAS/SYNONYM ITCAM ITCAM for SOA""}]",phase03-sufficiency-annotation-v1,f2fe3f7f29b834d78fd7c79bf4d4a94faee43c658d89c48e386854123066802b,,,,
phase03-final-confirmation-blinded-v1,a4e1a2f41afd257eacd2948adfa4c85e422dd4a10b688701883cd20403dac178,42,TRAIN_Q106,train,bm25,1,"Help with Security Bulletin: IBM WebSphere MQ MQXR insecure passwords (CVE-2015-2012)

I need to understand details regarding Security Bulletin: IBM WebSphere MQ MQXR insecure passwords (CVE-2015-2012). Where can I find this information? ",answerable_with_reference,"CVEID: CVE-2015-2012 [http://cve.mitre.org/cgi-bin/cvename.cgi?name=CVE-2015-2012]
DESCRIPTION: IBM WebSphere MQ stores the MQXR keystore password in clear text in a world readable file.
CVSS Base Score: 2.1
CVSS Temporal Score: See http://xforce.iss.net/xforce/xfdb/103923 [http://xforce.iss.net/xforce/xfdb/103923] for the current score
CVSS Environmental Score*: Undefined
CVSS Vector: (AV:L/AC:L/Au:N/C:P/I:N/A:N)","[{""char_end"":722,""char_start"":0,""chunk_id"":""6f327a22af681456061eb84998216f7f86122ac8c22eae2ab59fc621f8431a2a"",""document_id"":""techqa-doc:corpus/swg21968399.txt"",""filename"":""swg21968399.txt"",""rank"":1,""text"":""Title: IBM Security Bulletin: IBM WebSphere MQ MQXR insecure passwords (CVE-2015-2012) - United States Text: SECURITY BULLETIN SUMMARY The Telemetry (MQXR) service can be configured to use SSL/TLS connections - the passphrase used to access the keystore is written to the file system in clear text in a properties file that is world readable. VULNERABILITY DETAILS CVEID: CVE-2015-2012 [http://cve.mitre.org/cgi-bin/cvename.cgi?name=CVE-2015-2012] DESCRIPTION: IBM WebSphere MQ stores the MQXR keystore password in clear text in a world readable file. CVSS Base Score: 2.1 CVSS Temporal Score: See http://xforce.iss.net/xforce/xfdb/103923 [http://xforce.iss.net/xforce/xfdb/103923] for the current score CVSS Environmental""}]",phase03-sufficiency-annotation-v1,f2fe3f7f29b834d78fd7c79bf4d4a94faee43c658d89c48e386854123066802b,,,,
phase03-final-confirmation-blinded-v1,33537c13aba95bb3bd40d6e11f853cf21684df293683d36e3609d534e356787a,43,TRAIN_Q140,train,dense,1,"A .NET API error is thrown when attempting to install ICC 4.0.1

A .NET API error is thrown when attempting to install ICC 4.0.1. The error claims that either an incorrect version of the IBM FileNet P8 Content Processing Engine (CPE) .NET API 5.2.1.2 is installed or that it is missing some components.  How do I fix this?",answerable_with_reference,"Re-installing the CPE 5.2.1.2 .NET API will solve this issue:




1. Copy the software on a local disk.
2. Start the re-installation of the .NET API.
3. Select all sub-components of .NET framework 45 that were not listed before (select them all if unsure). 

During the next installation of ICC there are no further errors regarding missing components.","[{""char_end"":834,""char_start"":0,""chunk_id"":""a305bdc5f0a6c4e54289eb04ac2b740128b3c0a958cb5fc938ba9d2ea855d691"",""document_id"":""techqa-doc:corpus/swg21971485.txt"",""filename"":""swg21971485.txt"",""rank"":1,""text"":""Title: IBM .NET API error when installing IBM Content Collector (ICC) 4.0.1 - United States Text: ICC; .NET API; CPE 5.2.1.2 TECHNOTE (TROUBLESHOOTING) PROBLEM(ABSTRACT) A .NET API error is thrown when attempting to install ICC 4.0.1. The error claims that either an incorrect version of the IBM FileNet P8 Content Processing Engine (CPE) .NET API 5.2.1.2 is installed or that it is missing some components. CAUSE A corrupt installation of the CPE 5.2.1.2. DIAGNOSING THE PROBLEM 1. Check in \""Programs and features\"" 2. .NET API will not be listed there RESOLVING THE PROBLEM Re-installing the CPE 5.2.1.2 .NET API will solve this issue: 1. Copy the software on a local disk. 2. Start the re-installation of the .NET API. 3. Select all sub-components of .NET framework 45 that were not listed before (select them all if unsure). During""}]",phase03-sufficiency-annotation-v1,f2fe3f7f29b834d78fd7c79bf4d4a94faee43c658d89c48e386854123066802b,,,,
phase03-final-confirmation-blinded-v1,268a6cf5b0c2977dbabe1ea7c282f23df25bac15b5e3376b772bb32ac5d27183,44,DEV_Q012,train,dense,3,"I receive the following during UDX compilation Can't exec ""/nz/kit/bin/adm/nzudxcompile"": Argument list too long

",answerable_with_reference,"This ARG_MAX kernel parameter adjusted to much larger from kernel release version 2.6.23, that is 2621440 (http://www.in-ulm.de/~mascheck/various/argmax [http://www.in-ulm.de/~mascheck/various/argmax]). 

But we support upto Redhat 5.11 in Twinfin which is less than kernel release 2.6.23. So we have no way to allow ARG_MAX larger than 131072 at this time.","[{""char_end"":825,""char_start"":0,""chunk_id"":""909aa48796e9d5636cfb7e5b029fa52c26ac5c8f48c7249bde0fabc07cc96427"",""document_id"":""techqa-doc:corpus/swg21959723.txt"",""filename"":""swg21959723.txt"",""rank"":1,""text"":""Title: IBM UDX compilation error - United States Text: TECHNOTE (TROUBLESHOOTING) THIS DOCUMENT APPLIES ONLY TO THE FOLLOWING LANGUAGE VERSION(S): English PROBLEM(ABSTRACT) Following error can be met during UDX compilation. Can't exec \""/nz/kit/bin/adm/nzudxcompile\"": Argument list too long SYMPTOM nzudxcompile command returns an \""Argument list too long\"" error and aborts. CAUSE ARG_MAX configuration parameter limits the number of argument list in command line. In this case the client used more than 131072 argument with many program *.c files. DIAGNOSING THE PROBLEM Check ARG_MAX value in the command line: $ getconf ARG_MAX 131072 RESOLVING THE PROBLEM This ARG_MAX kernel parameter adjusted to much larger from kernel release version 2.6.23, that is 2621440 (http://www.in-ulm.de/~mascheck/various/argmax [http://www.in""},{""char_end"":1693,""char_start"":1266,""chunk_id"":""525aede6b5d1519520afd6ee727f32ca7540550fe2228384dc00ac6664627eef"",""document_id"":""techqa-doc:corpus/swg21571327.txt"",""filename"":""swg21571327.txt"",""rank"":2,""text"":""nz * * DSMI_DIR | /opt/tivoli/tsm/client/api/bin * * NZ_TMP_DIR | /nz/tmp * * HOSTNAME | atmosphere * * LD_LIBRARY_PATH | /nz/kit.4.0.6/sbin/gcc/i686-generic-linux-gnu/lib:/nz/kit.4.0.6/sbin/gcc/lib:/nz/kit.4.0.6/sbin:/nz/kit.4.0.6/lib * * NZ_ROOT | /nz * * NZ_DATA_DIR | /nz/data.1.0 * * NUM_SPUS | 10 * * LESSOPEN | |/usr/bin/lesspipe.sh %s * * DIAB_ROOT | /nz/kit.4.0.6/sbin/diab/5.0.3/LINUX386 * * USER | nz * * LS_COLORS |""},{""char_end"":1069,""char_start"":564,""chunk_id"":""6f7e0102e9aa488a0d7f33d9452a7f55162203b178d9ba341e4557925fb7d06a"",""document_id"":""techqa-doc:corpus/swg21679139.txt"",""filename"":""swg21679139.txt"",""rank"":3,""text"":""+ UDX files: 9.0G 2 - If you do not have access to nz user, you can run the following command which will give you the total directory size including core files: du -h /nz/data.1.0 | tail Example output: [root@nzhost1 upgrade]# du -h /nz/data.1.0 | tail 64M /nz/data.1.0/kit/sbin 96K /nz/data.1.0/kit/bin/adm 7.5M /nz/data.1.0/kit/bin 4.0K /nz/data.1.0/kit/log 88K /nz/data.1.0/kit/sys/strings 92K /nz/data.1.0/kit/sys 72M /nz/data.1.0/kit 24K /nz/data.1.0/security 4.0K /nz/data.1.0/txmgr 13G /nz/data.1.0""}]",phase03-sufficiency-annotation-v1,f2fe3f7f29b834d78fd7c79bf4d4a94faee43c658d89c48e386854123066802b,,,,
phase03-final-confirmation-blinded-v1,aa058f987144d976bdb38dd075fce8d9b688e3ab0b95743aa0508c1db4a9f110,45,TRAIN_Q122,train,bm25,3,"Why Theme Updates are not updated in the browser cache ?



If you change graphics in page header. Then packed the war file and update it via the Integrated Solutions Console. But the old graphic is still displayed until the user press Ctrl + F5 in Internet Explorer.",answerable_with_reference,"Changing the digest setting generates different URLs, so the updated theme resources can be loaded from the server.","[{""char_end"":1737,""char_start"":659,""chunk_id"":""c5ac3ef4628adb7e2ce27f92f506a7213922ed29a243fe5458dd22ff4d7e9123"",""document_id"":""techqa-doc:corpus/swg1IT08503.txt"",""filename"":""swg1IT08503.txt"",""rank"":1,""text"":""fox and Chrome browser. This issue will be considered for inclusion in a future release of DataPower. LOCAL FIX * There are 2 workarounds for this WebGUI issue. 1. Clear Internet Explorer browser cache (1). Select Tools (with the Gear Icon) > Safety > Delete browsing history. (2). Uncheck Preserve Favorites website data, and check both Temporary Internet Files and Cookies, then click Delete. 2. In some instances, user might still problem after refresh the cache and applying Internet Explorer browser patches. The problem could be document compatibility mode in Internet Explorer. To verify this, user can try to change the document compatibility mode in Internet Explorer. Press F12 to launch development tools, then press CTRL|8, and change the document mode from 8 to 9. Changes made to the Document Mode in F12 Developer Tools apply only for the duration of the browser session. When you close the browser and return to the site, it will be in the default mode again and the problem will return. This problem is specific to Internet Explorer and customers can use FireFo""},{""char_end"":1129,""char_start"":0,""chunk_id"":""d385d8591ec1314dc2c4aa524214d6dc22acc5fa167a3f7f2a4f5298a4ff59d5"",""document_id"":""techqa-doc:corpus/swg21663635.txt"",""filename"":""swg21663635.txt"",""rank"":2,""text"":""Title: IBM White page logging into Service Registry dashboard using Internet Explorer 11 - United States Text: TECHNOTE (TROUBLESHOOTING) PROBLEM(ABSTRACT) Using WebSphere Service Registry and Repository (WSRR) and Internet Explorer 11, the log in page for Service Registry Dashboard has a wide white background and the Service Registry Dashboard banner does not appear in the back ground. Once valid user credentials are entered and the Log in button is pressed, a white screen is displayed and the dashboard does not work. The following error is shown in the web browser console: scrollIntoView: [object Error] CAUSE Internet Explorer 11 is in compatibility mode. This means it runs the dashboard web site in Compatibility View behaving as Internet Explorer 7. Dashboard is not supported in Internet Explorer 7, or Internet Explorer 11 in Internet Explorer 7 compatibility mode. DIAGNOSING THE PROBLEM Check the web browser console for the following error once you log in: scrollIntoView: [object Error] Show the web browser developer tools and check if the web browser is in compatibility mode: Press F12 or click the Cog Icon""},{""char_end"":1541,""char_start"":857,""chunk_id"":""adb889360b99b596ab9be34c3f724e9d10bea3f0d59157c0249e35123f0899bd"",""document_id"":""techqa-doc:corpus/swg21672729.txt"",""filename"":""swg21672729.txt"",""rank"":3,""text"":""3702E] Missing required parameter: channelSrvrId_ CAUSE Web client code has been cached and is not refreshed properly. RESOLVING THE PROBLEM Press CTRL+F5 to reload the application. This should resolve the problem in most cases. If that does not work, explicitly clear the browser cache and then reload the application. To clear the browser cache: * For Firefox: From the History (or Tools) menu, select Clear Recent History. Select Everything for Time range to clear, and select Cache, then click Clear Now. * For Internet Explorer: From the Tools menu and from the Safety sub-menu in later versions, select Delete Browsing History. Select Temporary Internet Files, and click Delete.""}]",phase03-sufficiency-annotation-v1,f2fe3f7f29b834d78fd7c79bf4d4a94faee43c658d89c48e386854123066802b,,,,
phase03-final-confirmation-blinded-v1,35a0c03a6698b8181c7f070d0057ee4a057fadf3ef4ed7e6fe588f406aeee502,46,TRAIN_Q064,train,dense,5,"Support of RHEL 5.8 and Liberty 8.5.5.11 with JAVA 8.0

We are running RHEL 5.8 and 5.11 with Liberty 8.5.5.11 and want to run JAVA 8.0 . Is it Supported ? ",answerable_with_reference,"Operating System minimums: 

 * AIX
 *  AIX 6.1 TL7 
   AIX 7.1 TL3 
 * HP-UX IA64
 *  HP-UX 11i v3 (11.31) 
 * IBM i
 *  IBM i V7R1 
 * Linux
 *  RedHat Enterprise Linux 6","[{""char_end"":3244,""char_start"":2570,""chunk_id"":""3859489930836ed6eb170963579ce378d75a69a8d712850dac27d8b2be932044"",""document_id"":""techqa-doc:corpus/nas8N1020185.txt"",""filename"":""nas8N1020185.txt"",""rank"":1,""text"":""both traditional WAS and Liberty will be discontinued after September 30th, 2019. WAS V8.5 provides the option to use Java 6, Java 7 or Java 8. Customers using WAS V8.5 are recommended to move up to Java 8. Refer to these URLs for further information(http://www.ibm.com/support/docview.wss?uid=nas8N1020692 [http://www.ibm.com/support/docview.wss?uid=nas8N1020692] & http://www.ibm.com/support/docview.wss?uid=nas8N1019730 [http://www.ibm.com/support/docview.wss?uid=nas8N1019730]) Please refer to the following IBM WAS Lifecycle document to check and see if your WAS version and release is currently supported. http://www-01.ibm.com/software/support/lifecycleapp/PLCDetail.""},{""char_end"":924,""char_start"":0,""chunk_id"":""654e96062f8d44d30b87f158c60fc454b28babf29254358a368424382da88c9b"",""document_id"":""techqa-doc:corpus/swg27045339.txt"",""filename"":""swg27045339.txt"",""rank"":2,""text"":""Title: IBM WebSphere SDK Java Technology Edition 8.0 Minimum Supported Operating Systems - United States Text: RELEASE NOTES ABSTRACT IBM WebSphere SDK Java Technology Edition 8.0 Minimum Supported Operating Systems CONTENT WebSphere Application Server 8.5.5 announced IBM WebSphere SDK Java Technology Edition 8.0 as an option for Java. * Liberty added support in fix pack 5 * WebSphere Application Server traditional added support for installing this SDK as an extension in 8.5.5.9 * In 8.5.5.11 and later, this SDK is available as an option on new installations. * In 8.5.5.14 and later, it is planned that this SDK will be required for all new installations and all updates (fixpacks). The following are the minimum supported OS levels for IBM WebSphere SDK Java Technology Edition 8.0 in WebSphere Application Server. Action Required: * * * .0 * Operating System minimums: * AIX * AIX 6.1 TL7 AIX 7.1 TL3 * HP-UX IA64 *""},{""char_end"":897,""char_start"":0,""chunk_id"":""5bc1a0d868db3b8fa3bd849ead7646d3bee33bc1947a8f5e6d452b590b15325b"",""document_id"":""techqa-doc:corpus/swg24044233.txt"",""filename"":""swg24044233.txt"",""rank"":3,""text"":""Title: IBM PI89658: Ship Java 8 SR5 FP5 for WebSphere Application Server traditional bundled Java 8 - United States Text: DOWNLOADABLE FILES ABSTRACT Ship Java 8 SR5 FP5 for WebSphere Application Server traditional bundled Java 8 DOWNLOAD DESCRIPTION ERROR DESCRIPTION: Ship Java 8 SR5 FP5 for WebSphere Application Server traditional bundled Java 8 LOCAL FIX: None PROBLEM SUMMARY: Ship Java 8 SR5 FP5 for WebSphere Application Server traditional bundled Java 8 . *Note* - Java 8 SR5 FP5 i-fix for z/OS has been replaced by Java 8 SR5 FP6 PI90903 [http://www-01.ibm.com/support/docview.wss?uid=swg24044350]. USERS AFFECTED: Ship Java 8 SR5 FP5 for WebSphere Application Server traditional bundled Java 8 This combination of WebSphere Application Server and Java is available with fix pack 855.11 and later. Linux PPC64 LE does not support embedded Java 8 at this time, since the existing embedded""},{""char_end"":3691,""char_start"":2923,""chunk_id"":""d4bad6b61d8ec866f0c4453c408071805d3a792b41e124f56cbc53008cb96e13"",""document_id"":""techqa-doc:corpus/swg27048991.txt"",""filename"":""swg27048991.txt"",""rank"":4,""text"":"". Java SE 8 is the recommended Java SDK because it provides the latest features and security updates. [/support/docview.wss?uid=swg27048991&amp;aid=12] Back to Top Prerequisites Before you install Liberty, verify that your system meets the relevant requirements listed on WebSphere Application Server detailed system requirements [http://www-01.ibm.com/support/docview.wss?rs=180&uid=swg27006921], IBM WebSphere SDK Java Technology Edition 7.1 Supporting Software [http://www-01.ibm.com/support/docview.wss?rs=180&uid=swg27042161] and IBM WebSphere SDK Java Technology Edition 8 Supporting Software. [http://www-01.ibm.com/support/docview.wss?uid=swg27045339] For installing this Liberty fix pack using Installation Manager, download and install Installation Manager 1""},{""char_end"":3739,""char_start"":2975,""chunk_id"":""4984cb1ce88f83770edea5a041009ca44db3fb8602568b8b3ea0c9a1569c5731"",""document_id"":""techqa-doc:corpus/swg27050382.txt"",""filename"":""swg27050382.txt"",""rank"":5,""text"":""SE 8 is the recommended Java SDK because it provides the latest features and security updates. [/support/docview.wss?uid=swg27050382&amp;aid=12] Back to Top Prerequisites Before you install Liberty, verify that your system meets the relevant requirements listed on WebSphere Application Server detailed system requirements [http://www-01.ibm.com/support/docview.wss?rs=180&uid=swg27006921], IBM WebSphere SDK Java Technology Edition 7.1 Supporting Software [http://www-01.ibm.com/support/docview.wss?rs=180&uid=swg27042161] and IBM WebSphere SDK Java Technology Edition 8 Supporting Software. [http://www-01.ibm.com/support/docview.wss?uid=swg27045339] For installing this Liberty fix pack using Installation Manager, download and install Installation Manager 1.8.""}]",phase03-sufficiency-annotation-v1,f2fe3f7f29b834d78fd7c79bf4d4a94faee43c658d89c48e386854123066802b,,,,
phase03-final-confirmation-blinded-v1,f09601183d598c937b722d27fb7ab0926a786d1a985a5dabcc3bce7f88f7e636,47,TRAIN_Q240,train,dense,5,"End of support date for CICS TS 3.2 change from 2016 to 2015

Did the end of support date for Transaction Server for z/OS (CICS TS) 3.2 change in June 2015? Earlier this year, the date was December 2016 now it appears to be December 2015! ",answerable_with_reference,"The Software service discontinuance announcement letter that says CICS TS V3.1, CICS TS V3.2, and CICS TS Service Flow Feature V3.1 was withdrawn from support 31 December 2015 is 913-075","[{""char_end"":862,""char_start"":0,""chunk_id"":""0d99794700d1437d43216db5d2139ec11211349c24a0ae927bc48e1450ef2165"",""document_id"":""techqa-doc:corpus/swg21635057.txt"",""filename"":""swg21635057.txt"",""rank"":1,""text"":""Title: IBM CICS Transaction Server for z/OS 3.1 and 3.2 End of Support announcement - United States Text: CICS TS 3.2 3.1 ; EOS; end of support; out of support; product lifecyle; end of lifecycle; withdrawal from support; withdrawn from support ; out of support; withdrawal announcement letter 5655M1500 R640 640 R400 400 HCI6400 R650 650 R500 500 HCI6500 5655-M15 5655M15; KIXINFO retention32 PRODUCT LIFECYCLE ABSTRACT CICS Transaction Server for z/OS (CICS TS) V3.1 and V3.2 was withdrawn from support 31 December 2015. CICS TS Service Flow Feature V3.1 was also be withdrawn from support on the same date. This document contains a link to the Software service discontinuance announcement letter and product replacement information. CONTENT The Software service discontinuance announcement letter that says CICS TS V3.1, CICS TS V3.2, and CICS TS Service Flow""},{""char_end"":1961,""char_start"":1303,""chunk_id"":""898bfa10edf66274b6966c456e812cdee39cdf69295901f841238cc50c05bae5"",""document_id"":""techqa-doc:corpus/swg21445757.txt"",""filename"":""swg21445757.txt"",""rank"":2,""text"":""infotype=an&subtype=ca&supplier=897&letternum=ENUS209-135], dated April 28, 2009. Update: CICS TS V5.1 and 4.2 are now generally available and are the latest CICS releases at the time of this writing: * Announcement letter for CICS Transaction Server for z/OS 5.1 [http://www.ibm.com/support/docview.wss?uid=swg21612470] * Announcement letter for CICS Transaction Server for z/OS 4.2 [http://www.ibm.com/support/docview.wss?uid=swg21474617] RELATED INFORMATION #CICS Transaction Servers [http://www.ibm.com/software/htp/cics/tserver/] Announcement letters for CICS products [http://www.ibm.com/support/docview.wss?uid=swg21227090] End of support dates for CI""},{""char_end"":827,""char_start"":0,""chunk_id"":""231ed6cd9ea0d0d7d7634047c3c512a334b63f70fb10d6e41b570d9982acf81b"",""document_id"":""techqa-doc:corpus/swg21295681.txt"",""filename"":""swg21295681.txt"",""rank"":3,""text"":""Title: IBM CICS Transaction Server V2.3 End of Support announcement - United States Text: CICS TS 2.3 ; EOS; end of support; out of support; product lifecyle; end of lifecycle; withdrawal from support; withdrawn from support ; out of support; withdrawal announcement letter 5697E9300 R300 300 R630 630 HCI6300 5697-E93 5697E93 ; KIXINFO retention31 PRODUCT LIFECYCLE ABSTRACT CICS Transaction Server for z/OS (CICS TS) V2.3 was withdrawn from support 30 September 2009. This document contains a link to the Software service discontinuance announcement letter and product replacement information. CONTENT The Software service discontinuance announcement letter that says CICS TS V2.3 will be withdrawn from support 30 September 2009 is 908-016 [http://www.ibm.com/common/ssi/cgi-bin/ssialias?infotype=an&subtype=ca&supplier=897&""},{""char_end"":2464,""char_start"":1817,""chunk_id"":""be0711bc3efb1d29fcbf0e15fd4c3b1fda2cc628f097dbe26b76c7bc3bbc845a"",""document_id"":""techqa-doc:corpus/swg21305795.txt"",""filename"":""swg21305795.txt"",""rank"":4,""text"":""product replacement information is included in this announcement: 5697-E93, CICS Transaction Server for z/OS V2.3, is replaced by 5655-M15, CICS Transaction Server for z/OS V3.2, announced in Software Announcement 207-051 [http://www.ibm.com/common/ssi/cgi-bin/ssialias?subtype=ca&infotype=an&appname=iSource&supplier=897&letternum=ENUS207-051] , dated March 27, 2007. RELATED INFORMATION #CICS Transaction Servers [http://www.ibm.com/software/htp/cics/tserver/] Announcement letters for CICS products [http://www.ibm.com/support/docview.wss?uid=swg21227090] End of Service dates for CICS products [http://www.ibm.com/support/docview.wss?uid=swg21""},{""char_end"":3726,""char_start"":3125,""chunk_id"":""e5c5676d647c6162ccffd90ff3f5d002a0127b60f18069562be23d3287dfde4e"",""document_id"":""techqa-doc:corpus/swg21634686.txt"",""filename"":""swg21634686.txt"",""rank"":5,""text"":""e.ibm.com/infocenter/cicsts/v5r1/topic/com.ibm.cics.ts.vue.doc/welcomePage/welcomePage.html] See the IBM Software Support Lifecycle Page for CICS TS [http://www.ibm.com/software/support/lifecycle/index_c.html] to determine if the release of CICS TS you are running is still supported or if there is a newer release of CICS TS. RELATED INFORMATION #Announcement letters for CICS products [http://www.ibm.com/support/docview.wss?uid=swg21227090] End of Support dates for CICS products [http://www.ibm.com/support/docview.wss?uid=swg21154953] PRODUCT ALIAS/SYNONYM CICS/TS CICS TS CICS Transaction Server""}]",phase03-sufficiency-annotation-v1,f2fe3f7f29b834d78fd7c79bf4d4a94faee43c658d89c48e386854123066802b,,,,
phase03-final-confirmation-blinded-v1,3e7a3601f731100660e068f442e120cda21fd31128fe79fa5ecbb7048b1517e9,48,TRAIN_Q449,train,bm25,1,"How do I identify people in scope across Matters in Atlas?

How do I identify people in scope across Matters in Atlas? ",answerable_with_reference,"REP_PEOPLE_INSCOPE_VW view has information about people in scope. You can create a query by joining the view with REP_MATTER_VW, REP_REQUEST_VW, REP_NOTICES_VW and REP_PERSON_VW views.","[{""char_end"":750,""char_start"":0,""chunk_id"":""b23e3c71c6d13fb8a553adebd3b98db2ea94686605ad0a25febec03434721aab"",""document_id"":""techqa-doc:corpus/swg21983912.txt"",""filename"":""swg21983912.txt"",""rank"":1,""text"":""Title: IBM Identifying people in scope across Matters in Atlas - United States Text: Atlas People in Scope Views TECHNOTE (FAQ) QUESTION How do I identify people in scope across Matters in Atlas? CAUSE Query to identify people in scope across matters in Atlas ANSWER REP_PEOPLE_INSCOPE_VW view has information about people in scope. You can create a query by joining the view with REP_MATTER_VW, REP_REQUEST_VW, REP_NOTICES_VW and REP_PERSON_VW views. Please refer to reporting views documentation at the following link for more details about Matter related views https://www.ibm.com/support/knowledgecenter/SS5JP8_6.0.3/com.ibm.aps.use.doc/apsrv0044.html [https://www.ibm.com/support/knowledgecenter/SS5JP8_6.0.3/com.ibm.aps.use.doc/apsrv0044.html]l""}]",phase03-sufficiency-annotation-v1,f2fe3f7f29b834d78fd7c79bf4d4a94faee43c658d89c48e386854123066802b,,,,
phase03-final-confirmation-blinded-v1,7e72197b634ec5eb60a0838b8822b423f069c2ca1ec15f1d70b64163da042fae,49,TRAIN_Q494,train,dense,1,"Why do we observe the transaction rollback errors J2CA0024E and DSRA0080E with Oracle 12c and how can we fix it?



We are using BPM Advanced v8.5.6 in connection with the Oracle JDBC Driver 12.1.0.1.0. We observe many database transaction rollback exceptions:

     J2CA0024E: Method rollback, within transaction branch ID <null> of resource pool jdbc/BPEDB, caught com.ibm.ws.exception.WsException: DSRA0080E: An exception was received by the Data Store Adapter. See original exception message: Could not rollback with auto-commit set on. with SQL State : 99999 SQL Code : 17274

Due to the technote ""Advanced database support for IBM BPM Standard, IBM BPM Advanced, and IBM Business Monitor on distributed platforms"" this is a supported configuration.

Why do we observe these errors and how can we fix it?",answerable_with_reference,"To use Oracle 12c with IBM Business Monitor V8.5.5, a new JVM property must be defined. Add the following JVM property to the Monitor server JVM:

oracle.jdbc.autoCommitSpecCompliant=false","[{""char_end"":1739,""char_start"":947,""chunk_id"":""2ae721637315766f084c686ba0cea8dde3d9b3964ed8247d6f7197e34e918ad4"",""document_id"":""techqa-doc:corpus/swg1PK26490.txt"",""filename"":""swg1PK26490.txt"",""rank"":1,""text"":""0a1 DataStoreAdap E DSRA0250E: An exception was received by the Data Store Adapter. See original exception message: Action = LT_ROLLBACK is not allowed for the current transaction state = NO_TRANSACTION_ACTIVE. [6/2/06 15:34:24:706 EDT] 000000a1 LocalTransact E J2CA0024E: Method rollback, within transaction branch ID <null> of resource pool jdbc/SOADB, caught com.ibm.ws.exception.WsException: DSRA0040E: WebSphere internal error occurred. Please contact WebSphere support with the following data: Cannot rollback SPI local transaction. DSRA0250E: An exception was received by the Data Store Adapter. See original exception message: Action = LT_ROLLBACK is not allowed for the current transaction state = NO_TRANSACTION_ACTIVE. at com.ibm.ws.rsadapter.spi.WSRdbSpiLocalTransactionImpl. roll""}]",phase03-sufficiency-annotation-v1,f2fe3f7f29b834d78fd7c79bf4d4a94faee43c658d89c48e386854123066802b,,,,
phase03-final-confirmation-blinded-v1,de8d2ffffd8a55cc58fe3c876b6b95abdb405a63088f4d6cfa5a481c6668aa38,50,DEV_Q089,train,bm25,3,"Security Bulletin: Vulnerability identified in OpenSSL shipped with IBM API Connect (CVE-2016-8610)

I need to understand details regarding Security Bulletin: Vulnerability identified in OpenSSL shipped with IBM API Connect (CVE-2016-8610). Where can I find this information? ",answerable_with_reference,"VULNERABILITY DETAILS
CVEID:CVE-2016-8610 [http://cve.mitre.org/cgi-bin/cvename.cgi?name=CVE-2016-8610]
DESCRIPTION:SSL/TLS protocol is vulnerable to a denial of service, caused by an error when processing ALERT packets during a SSL handshake. By sending specially-crafted packets, a remote attacker could exploit this vulnerability to cause the application to stop responding.
CVSS Base Score: 7.5
CVSS Temporal Score: Seehttps://exchange.xforce.ibmcloud.com/vulnerabilities/118296 [https://exchange.xforce.ibmcloud.com/vulnerabilities/118296]for the current score
CVSS Environmental Score*: Undefined
CVSS Vector: (CVSS:3.0/AV:N/AC:L/PR:N/UI:N/S:U/C:N/I:N/A:H) 

AFFECTED PRODUCTS AND VERSIONS
IBM API Connect V5.0.0.0 - V5.0.6.1

REMEDIATION/FIXES
 

Product VRMF APAR Remediation/First Fix IBM API Connect 5.0.0.0 - 5.0.6.1 LI79599 Apply IBM API Connect V5.0.6.2 or later [https://www.ibm.com/support/fixcentral/swg/quickorder?parent=ibm~WebSphere&product=ibm/WebSphere/IBM+API+Connect&release=5.0.6.2&platform=All&function=all] 
WORKAROUNDS AND MITIGATIONS
None","[{""char_end"":827,""char_start"":0,""chunk_id"":""5a10a41be8cdf2bc22d39bc220ebbab090242646374a85d32190dcdd279ff9ed"",""document_id"":""techqa-doc:corpus/swg22002063.txt"",""filename"":""swg22002063.txt"",""rank"":1,""text"":""Title: IBM Security Bulletin: Vulnerability identified in OpenSSL shipped with IBM API Connect (CVE-2016-8610) - United States Text: SECURITY BULLETIN SUMMARY An SSL vulnerability was disclosed by the OpenSSL Project. IBM API Connect has addressed the applicable CVE. VULNERABILITY DETAILS CVEID:CVE-2016-8610 [http://cve.mitre.org/cgi-bin/cvename.cgi?name=CVE-2016-8610] DESCRIPTION:SSL/TLS protocol is vulnerable to a denial of service, caused by an error when processing ALERT packets during a SSL handshake. By sending specially-crafted packets, a remote attacker could exploit this vulnerability to cause the application to stop responding. CVSS Base Score: 7.5 CVSS Temporal Score: Seehttps://exchange.xforce.ibmcloud.com/vulnerabilities/118296 [https://exchange.xforce.ibmcloud.com/vulnerabilities/118296]for the current""},{""char_end"":830,""char_start"":0,""chunk_id"":""30baa911374402655b9f2c53410ddce8f334cea57a4cc6aae370fcea9e894fa6"",""document_id"":""techqa-doc:corpus/swg22003183.txt"",""filename"":""swg22003183.txt"",""rank"":2,""text"":""Title: IBM Security Bulletin: Rational Build Forge Security Advisory (CVE-2016-8610, CVE-2017-6056, CVE-2017-5647, CVE-2017-5648) - United States Text: CVE-2016-8610; CVE-2017-6056; CVE-2017-5647; CVE-2017-5648 ; http; security SECURITY BULLETIN SUMMARY Apache Tomcat and OpenSSL have security vulnerabilities that enables an attacker to exploit the application. Respective security vulnerabilities are discussed in detail in the subsequent sections. VULNERABILITY DETAILS This section includes the vulnerability details that affect the Rational Build Forge. CVE-ID: CVE-2016-8610 [https://cve.mitre.org/cgi-bin/cvename.cgi?name=CVE-2016-8610] Description: OpenSSL has a security vulnerability, where processing of ALERT packets that are defined in the TLS/SSL protocol during a connection handshake results in a denial-of-service""},{""char_end"":879,""char_start"":0,""chunk_id"":""288adc18f6a0d9b83c7c2b92dd9ba5df515fb90b1d17911d661d1c033e7b87b7"",""document_id"":""techqa-doc:corpus/swg22002387.txt"",""filename"":""swg22002387.txt"",""rank"":3,""text"":""Title: IBM Security Bulletin: Vulnerabilities in OpenSSL affect IBM Security Identity Governance (CVE-2016-8610 CVE-2017-3731) - United States Text: SECURITY BULLETIN SUMMARY There are multiple security vulnerabilities in various components used by IBM Security Identity Governance and Intelligence regarding OpenSSL VULNERABILITY DETAILS CVEID: CVE-2016-8610 [http://cve.mitre.org/cgi-bin/cvename.cgi?name=CVE-2016-8610] DESCRIPTION: The SSL/TLS protocol is vulnerable to a denial of service, caused by an error when processing ALERT packets during a SSL handshake. By sending specially-crafted plain-text ALERT packets, a remote attacker could exploit this vulnerability to consume all available CPU resources. Note: This vulnerability is called \""SSL-Death-Alert\"". CVSS Base Score: 7.5 CVSS Temporal Score: See https://exchange.xforce.ibmcloud.com/vulnerabilities/118296 [https""}]",phase03-sufficiency-annotation-v1,f2fe3f7f29b834d78fd7c79bf4d4a94faee43c658d89c48e386854123066802b,,,,
