t_low,t_high,eligible_trajectory_count,final_answer_coverage,final_selective_risk,retrieval_expansion_rate,false_abstention_rate,false_abstention_count,false_abstention_denominator,unsafe_answer_count,safe_answer_count,abstention_count,mean_retrieved_k,mean_retrieved_chunk_count,relative_retrieval_depth_cost_proxy
0,0.02,89,1,0.47191011235955055,0,0,0,53,42,47,0,5,5,1
0,0.040000000000000001,89,1,0.47191011235955055,0,0,0,53,42,47,0,5,5,1
0,0.059999999999999998,89,1,0.47191011235955055,0,0,0,53,42,47,0,5,5,1
0,0.080000000000000002,89,1,0.47191011235955055,0,0,0,53,42,47,0,5,5,1
0,0.10000000000000001,89,1,0.47191011235955055,0,0,0,53,42,47,0,5,5,1
0,0.12,89,1,0.47191011235955055,0,0,0,53,42,47,0,5,5,1
0,0.14000000000000001,89,1,0.47191011235955055,0,0,0,53,42,47,0,5,5,1
0,0.16,89,1,0.47191011235955055,0,0,0,53,42,47,0,5,5,1
0,0.17999999999999999,89,1,0.47191011235955055,0.033707865168539325,0,0,53,42,47,0,5.1685393258426968,5.1685393258426968,1.0337078651685394
0,0.20000000000000001,89,0.9887640449438202,0.46590909090909088,0.0449438202247191,0,0,53,41,47,1,5.2247191011235952,5.2247191011235952,1.044943820224719
0,0.22,89,0.9662921348314607,0.45348837209302323,0.078651685393258425,0,0,53,39,47,3,5.393258426966292,5.393258426966292,1.0786516853932584
0,0.23999999999999999,89,0.9662921348314607,0.45348837209302323,0.11235955056179775,0,0,53,39,47,3,5.5617977528089888,5.5617977528089888,1.1123595505617978
0,0.26000000000000001,89,0.9438202247191011,0.44047619047619047,0.1348314606741573,0,0,53,37,47,5,5.6741573033707864,5.6741573033707864,1.1348314606741572
0,0.28000000000000003,89,0.9438202247191011,0.44047619047619047,0.14606741573033707,0,0,53,37,47,5,5.7303370786516856,5.7303370786516856,1.1460674157303372
0,0.29999999999999999,89,0.93258426966292129,0.43373493975903615,0.1797752808988764,0,0,53,36,47,6,5.8988764044943824,5.8988764044943824,1.1797752808988764
0,0.32000000000000001,89,0.93258426966292129,0.43373493975903615,0.2247191011235955,0,0,53,36,47,6,6.1235955056179776,6.1235955056179776,1.2247191011235956
0,0.34000000000000002,89,0.9213483146067416,0.42682926829268292,0.2808988764044944,0,0,53,35,47,7,6.404494382022472,6.404494382022472,1.2808988764044944
0,0.35999999999999999,89,0.9101123595505618,0.40740740740740738,0.33707865168539325,0,0,53,33,48,8,6.6853932584269664,6.6853932584269664,1.3370786516853932
0,0.38,89,0.88764044943820219,0.4050632911392405,0.4157303370786517,0.018867924528301886,1,53,32,47,10,7.0786516853932584,7.0786516853932584,1.4157303370786516
0,0.40000000000000002,89,0.8539325842696629,0.39473684210526316,0.4943820224719101,0.037735849056603772,2,53,30,46,13,7.4719101123595504,7.4719101123595504,1.49438202247191
0,0.41999999999999998,89,0.7640449438202247,0.41176470588235292,0.5056179775280899,0.15094339622641509,8,53,28,40,21,7.5280898876404496,7.5280898876404496,1.50561797752809
0,0.44,89,0.6966292134831461,0.38709677419354838,0.5168539325842697,0.18867924528301888,10,53,24,38,27,7.584269662921348,7.584269662921348,1.5168539325842696
0,0.46000000000000002,89,0.6179775280898876,0.40000000000000002,0.550561797752809,0.30188679245283018,16,53,22,33,34,7.7528089887640448,7.7528089887640448,1.550561797752809
0,0.47999999999999998,89,0.5730337078651685,0.39215686274509803,0.5955056179775281,0.35849056603773582,19,53,20,31,38,7.9775280898876408,7.9775280898876408,1.5955056179775282
0,0.5,89,0.550561797752809,0.40816326530612246,0.6179775280898876,0.39622641509433965,21,53,20,29,40,8.0898876404494384,8.0898876404494384,1.6179775280898876
0,0.52000000000000002,89,0.5168539325842697,0.32608695652173914,0.6404494382022472,0.39622641509433965,21,53,15,31,43,8.2022471910112351,8.2022471910112351,1.640449438202247
0,0.54000000000000004,89,0.5056179775280899,0.31111111111111112,0.6853932584269663,0.39622641509433965,21,53,14,31,44,8.4269662921348321,8.4269662921348321,1.6853932584269664
0,0.56000000000000005,89,0.43820224719101125,0.25641025641025639,0.7528089887640449,0.45283018867924529,24,53,10,29,50,8.7640449438202239,8.7640449438202239,1.7528089887640448
0,0.57999999999999996,89,0.4157303370786517,0.24324324324324326,0.7752808988764045,0.47169811320754718,25,53,9,28,52,8.8764044943820224,8.8764044943820224,1.7752808988764044
0,0.59999999999999998,89,0.39325842696629215,0.25714285714285712,0.7865168539325843,0.50943396226415094,27,53,9,26,54,8.9325842696629216,8.9325842696629216,1.7865168539325844
0,0.62,89,0.33707865168539325,0.29999999999999999,0.797752808988764,0.60377358490566035,32,53,9,21,59,8.9887640449438209,8.9887640449438209,1.7977528089887642
0,0.64000000000000001,89,0.29213483146067415,0.26923076923076922,0.8202247191011236,0.64150943396226412,34,53,7,19,63,9.1011235955056176,9.1011235955056176,1.8202247191011236
0,0.66000000000000003,89,0.23595505617977527,0.2857142857142857,0.84269662921348309,0.71698113207547165,38,53,6,15,68,9.213483146067416,9.213483146067416,1.8426966292134832
0,0.68000000000000005,89,0.21348314606741572,0.26315789473684209,0.8651685393258427,0.73584905660377353,39,53,5,14,70,9.3258426966292127,9.3258426966292127,1.8651685393258426
0,0.69999999999999996,89,0.21348314606741572,0.26315789473684209,0.8764044943820225,0.73584905660377353,39,53,5,14,70,9.382022471910112,9.382022471910112,1.8764044943820224
0,0.71999999999999997,89,0.19101123595505617,0.23529411764705882,0.898876404494382,0.75471698113207553,40,53,4,13,72,9.4943820224719104,9.4943820224719104,1.898876404494382
0,0.73999999999999999,89,0.1797752808988764,0.25,0.9101123595505618,0.77358490566037741,41,53,4,12,73,9.5505617977528097,9.5505617977528097,1.910112359550562
0,0.76000000000000001,89,0.14606741573033707,0.23076923076923078,0.9101123595505618,0.81132075471698117,43,53,3,10,76,9.5505617977528097,9.5505617977528097,1.910112359550562
0,0.78000000000000003,89,0.12359550561797752,0.18181818181818182,0.9662921348314607,0.83018867924528306,44,53,2,9,78,9.8314606741573041,9.8314606741573041,1.9662921348314608
0,0.80000000000000004,89,0.02247191011235955,0,1,0.96226415094339623,51,53,0,2,87,10,10,2
0,0.81999999999999995,89,0.02247191011235955,0,1,0.96226415094339623,51,53,0,2,87,10,10,2
0,0.83999999999999997,89,0,,1,1,53,53,0,0,89,10,10,2
0,0.85999999999999999,89,0,,1,1,53,53,0,0,89,10,10,2
0,0.88,89,0,,1,1,53,53,0,0,89,10,10,2
0,0.90000000000000002,89,0,,1,1,53,53,0,0,89,10,10,2
0,0.92000000000000004,89,0,,1,1,53,53,0,0,89,10,10,2
0,0.93999999999999995,89,0,,1,1,53,53,0,0,89,10,10,2
0,0.95999999999999996,89,0,,1,1,53,53,0,0,89,10,10,2
0,0.97999999999999998,89,0,,1,1,53,53,0,0,89,10,10,2
0,1,89,0,,1,1,53,53,0,0,89,10,10,2
0.02,0.040000000000000001,89,1,0.47191011235955055,0,0,0,53,42,47,0,5,5,1
0.02,0.059999999999999998,89,1,0.47191011235955055,0,0,0,53,42,47,0,5,5,1
0.02,0.080000000000000002,89,1,0.47191011235955055,0,0,0,53,42,47,0,5,5,1
0.02,0.10000000000000001,89,1,0.47191011235955055,0,0,0,53,42,47,0,5,5,1
0.02,0.12,89,1,0.47191011235955055,0,0,0,53,42,47,0,5,5,1
0.02,0.14000000000000001,89,1,0.47191011235955055,0,0,0,53,42,47,0,5,5,1
0.02,0.16,89,1,0.47191011235955055,0,0,0,53,42,47,0,5,5,1
0.02,0.17999999999999999,89,1,0.47191011235955055,0.033707865168539325,0,0,53,42,47,0,5.1685393258426968,5.1685393258426968,1.0337078651685394
0.02,0.20000000000000001,89,0.9887640449438202,0.46590909090909088,0.0449438202247191,0,0,53,41,47,1,5.2247191011235952,5.2247191011235952,1.044943820224719
0.02,0.22,89,0.9662921348314607,0.45348837209302323,0.078651685393258425,0,0,53,39,47,3,5.393258426966292,5.393258426966292,1.0786516853932584
0.02,0.23999999999999999,89,0.9662921348314607,0.45348837209302323,0.11235955056179775,0,0,53,39,47,3,5.5617977528089888,5.5617977528089888,1.1123595505617978
0.02,0.26000000000000001,89,0.9438202247191011,0.44047619047619047,0.1348314606741573,0,0,53,37,47,5,5.6741573033707864,5.6741573033707864,1.1348314606741572
0.02,0.28000000000000003,89,0.9438202247191011,0.44047619047619047,0.14606741573033707,0,0,53,37,47,5,5.7303370786516856,5.7303370786516856,1.1460674157303372
0.02,0.29999999999999999,89,0.93258426966292129,0.43373493975903615,0.1797752808988764,0,0,53,36,47,6,5.8988764044943824,5.8988764044943824,1.1797752808988764
0.02,0.32000000000000001,89,0.93258426966292129,0.43373493975903615,0.2247191011235955,0,0,53,36,47,6,6.1235955056179776,6.1235955056179776,1.2247191011235956
0.02,0.34000000000000002,89,0.9213483146067416,0.42682926829268292,0.2808988764044944,0,0,53,35,47,7,6.404494382022472,6.404494382022472,1.2808988764044944
0.02,0.35999999999999999,89,0.9101123595505618,0.40740740740740738,0.33707865168539325,0,0,53,33,48,8,6.6853932584269664,6.6853932584269664,1.3370786516853932
0.02,0.38,89,0.88764044943820219,0.4050632911392405,0.4157303370786517,0.018867924528301886,1,53,32,47,10,7.0786516853932584,7.0786516853932584,1.4157303370786516
0.02,0.40000000000000002,89,0.8539325842696629,0.39473684210526316,0.4943820224719101,0.037735849056603772,2,53,30,46,13,7.4719101123595504,7.4719101123595504,1.49438202247191
0.02,0.41999999999999998,89,0.7640449438202247,0.41176470588235292,0.5056179775280899,0.15094339622641509,8,53,28,40,21,7.5280898876404496,7.5280898876404496,1.50561797752809
0.02,0.44,89,0.6966292134831461,0.38709677419354838,0.5168539325842697,0.18867924528301888,10,53,24,38,27,7.584269662921348,7.584269662921348,1.5168539325842696
0.02,0.46000000000000002,89,0.6179775280898876,0.40000000000000002,0.550561797752809,0.30188679245283018,16,53,22,33,34,7.7528089887640448,7.7528089887640448,1.550561797752809
0.02,0.47999999999999998,89,0.5730337078651685,0.39215686274509803,0.5955056179775281,0.35849056603773582,19,53,20,31,38,7.9775280898876408,7.9775280898876408,1.5955056179775282
0.02,0.5,89,0.550561797752809,0.40816326530612246,0.6179775280898876,0.39622641509433965,21,53,20,29,40,8.0898876404494384,8.0898876404494384,1.6179775280898876
0.02,0.52000000000000002,89,0.5168539325842697,0.32608695652173914,0.6404494382022472,0.39622641509433965,21,53,15,31,43,8.2022471910112351,8.2022471910112351,1.640449438202247
0.02,0.54000000000000004,89,0.5056179775280899,0.31111111111111112,0.6853932584269663,0.39622641509433965,21,53,14,31,44,8.4269662921348321,8.4269662921348321,1.6853932584269664
0.02,0.56000000000000005,89,0.43820224719101125,0.25641025641025639,0.7528089887640449,0.45283018867924529,24,53,10,29,50,8.7640449438202239,8.7640449438202239,1.7528089887640448
0.02,0.57999999999999996,89,0.4157303370786517,0.24324324324324326,0.7752808988764045,0.47169811320754718,25,53,9,28,52,8.8764044943820224,8.8764044943820224,1.7752808988764044
0.02,0.59999999999999998,89,0.39325842696629215,0.25714285714285712,0.7865168539325843,0.50943396226415094,27,53,9,26,54,8.9325842696629216,8.9325842696629216,1.7865168539325844
0.02,0.62,89,0.33707865168539325,0.29999999999999999,0.797752808988764,0.60377358490566035,32,53,9,21,59,8.9887640449438209,8.9887640449438209,1.7977528089887642
0.02,0.64000000000000001,89,0.29213483146067415,0.26923076923076922,0.8202247191011236,0.64150943396226412,34,53,7,19,63,9.1011235955056176,9.1011235955056176,1.8202247191011236
0.02,0.66000000000000003,89,0.23595505617977527,0.2857142857142857,0.84269662921348309,0.71698113207547165,38,53,6,15,68,9.213483146067416,9.213483146067416,1.8426966292134832
0.02,0.68000000000000005,89,0.21348314606741572,0.26315789473684209,0.8651685393258427,0.73584905660377353,39,53,5,14,70,9.3258426966292127,9.3258426966292127,1.8651685393258426
0.02,0.69999999999999996,89,0.21348314606741572,0.26315789473684209,0.8764044943820225,0.73584905660377353,39,53,5,14,70,9.382022471910112,9.382022471910112,1.8764044943820224
0.02,0.71999999999999997,89,0.19101123595505617,0.23529411764705882,0.898876404494382,0.75471698113207553,40,53,4,13,72,9.4943820224719104,9.4943820224719104,1.898876404494382
0.02,0.73999999999999999,89,0.1797752808988764,0.25,0.9101123595505618,0.77358490566037741,41,53,4,12,73,9.5505617977528097,9.5505617977528097,1.910112359550562
0.02,0.76000000000000001,89,0.14606741573033707,0.23076923076923078,0.9101123595505618,0.81132075471698117,43,53,3,10,76,9.5505617977528097,9.5505617977528097,1.910112359550562
0.02,0.78000000000000003,89,0.12359550561797752,0.18181818181818182,0.9662921348314607,0.83018867924528306,44,53,2,9,78,9.8314606741573041,9.8314606741573041,1.9662921348314608
0.02,0.80000000000000004,89,0.02247191011235955,0,1,0.96226415094339623,51,53,0,2,87,10,10,2
0.02,0.81999999999999995,89,0.02247191011235955,0,1,0.96226415094339623,51,53,0,2,87,10,10,2
0.02,0.83999999999999997,89,0,,1,1,53,53,0,0,89,10,10,2
0.02,0.85999999999999999,89,0,,1,1,53,53,0,0,89,10,10,2
0.02,0.88,89,0,,1,1,53,53,0,0,89,10,10,2
0.02,0.90000000000000002,89,0,,1,1,53,53,0,0,89,10,10,2
0.02,0.92000000000000004,89,0,,1,1,53,53,0,0,89,10,10,2
0.02,0.93999999999999995,89,0,,1,1,53,53,0,0,89,10,10,2
0.02,0.95999999999999996,89,0,,1,1,53,53,0,0,89,10,10,2
0.02,0.97999999999999998,89,0,,1,1,53,53,0,0,89,10,10,2
0.02,1,89,0,,1,1,53,53,0,0,89,10,10,2
0.040000000000000001,0.059999999999999998,89,1,0.47191011235955055,0,0,0,53,42,47,0,5,5,1
0.040000000000000001,0.080000000000000002,89,1,0.47191011235955055,0,0,0,53,42,47,0,5,5,1
0.040000000000000001,0.10000000000000001,89,1,0.47191011235955055,0,0,0,53,42,47,0,5,5,1
0.040000000000000001,0.12,89,1,0.47191011235955055,0,0,0,53,42,47,0,5,5,1
0.040000000000000001,0.14000000000000001,89,1,0.47191011235955055,0,0,0,53,42,47,0,5,5,1
0.040000000000000001,0.16,89,1,0.47191011235955055,0,0,0,53,42,47,0,5,5,1
0.040000000000000001,0.17999999999999999,89,1,0.47191011235955055,0.033707865168539325,0,0,53,42,47,0,5.1685393258426968,5.1685393258426968,1.0337078651685394
0.040000000000000001,0.20000000000000001,89,0.9887640449438202,0.46590909090909088,0.0449438202247191,0,0,53,41,47,1,5.2247191011235952,5.2247191011235952,1.044943820224719
0.040000000000000001,0.22,89,0.9662921348314607,0.45348837209302323,0.078651685393258425,0,0,53,39,47,3,5.393258426966292,5.393258426966292,1.0786516853932584
0.040000000000000001,0.23999999999999999,89,0.9662921348314607,0.45348837209302323,0.11235955056179775,0,0,53,39,47,3,5.5617977528089888,5.5617977528089888,1.1123595505617978
0.040000000000000001,0.26000000000000001,89,0.9438202247191011,0.44047619047619047,0.1348314606741573,0,0,53,37,47,5,5.6741573033707864,5.6741573033707864,1.1348314606741572
0.040000000000000001,0.28000000000000003,89,0.9438202247191011,0.44047619047619047,0.14606741573033707,0,0,53,37,47,5,5.7303370786516856,5.7303370786516856,1.1460674157303372
0.040000000000000001,0.29999999999999999,89,0.93258426966292129,0.43373493975903615,0.1797752808988764,0,0,53,36,47,6,5.8988764044943824,5.8988764044943824,1.1797752808988764
0.040000000000000001,0.32000000000000001,89,0.93258426966292129,0.43373493975903615,0.2247191011235955,0,0,53,36,47,6,6.1235955056179776,6.1235955056179776,1.2247191011235956
0.040000000000000001,0.34000000000000002,89,0.9213483146067416,0.42682926829268292,0.2808988764044944,0,0,53,35,47,7,6.404494382022472,6.404494382022472,1.2808988764044944
0.040000000000000001,0.35999999999999999,89,0.9101123595505618,0.40740740740740738,0.33707865168539325,0,0,53,33,48,8,6.6853932584269664,6.6853932584269664,1.3370786516853932
0.040000000000000001,0.38,89,0.88764044943820219,0.4050632911392405,0.4157303370786517,0.018867924528301886,1,53,32,47,10,7.0786516853932584,7.0786516853932584,1.4157303370786516
0.040000000000000001,0.40000000000000002,89,0.8539325842696629,0.39473684210526316,0.4943820224719101,0.037735849056603772,2,53,30,46,13,7.4719101123595504,7.4719101123595504,1.49438202247191
0.040000000000000001,0.41999999999999998,89,0.7640449438202247,0.41176470588235292,0.5056179775280899,0.15094339622641509,8,53,28,40,21,7.5280898876404496,7.5280898876404496,1.50561797752809
0.040000000000000001,0.44,89,0.6966292134831461,0.38709677419354838,0.5168539325842697,0.18867924528301888,10,53,24,38,27,7.584269662921348,7.584269662921348,1.5168539325842696
0.040000000000000001,0.46000000000000002,89,0.6179775280898876,0.40000000000000002,0.550561797752809,0.30188679245283018,16,53,22,33,34,7.7528089887640448,7.7528089887640448,1.550561797752809
0.040000000000000001,0.47999999999999998,89,0.5730337078651685,0.39215686274509803,0.5955056179775281,0.35849056603773582,19,53,20,31,38,7.9775280898876408,7.9775280898876408,1.5955056179775282
0.040000000000000001,0.5,89,0.550561797752809,0.40816326530612246,0.6179775280898876,0.39622641509433965,21,53,20,29,40,8.0898876404494384,8.0898876404494384,1.6179775280898876
0.040000000000000001,0.52000000000000002,89,0.5168539325842697,0.32608695652173914,0.6404494382022472,0.39622641509433965,21,53,15,31,43,8.2022471910112351,8.2022471910112351,1.640449438202247
0.040000000000000001,0.54000000000000004,89,0.5056179775280899,0.31111111111111112,0.6853932584269663,0.39622641509433965,21,53,14,31,44,8.4269662921348321,8.4269662921348321,1.6853932584269664
0.040000000000000001,0.56000000000000005,89,0.43820224719101125,0.25641025641025639,0.7528089887640449,0.45283018867924529,24,53,10,29,50,8.7640449438202239,8.7640449438202239,1.7528089887640448
0.040000000000000001,0.57999999999999996,89,0.4157303370786517,0.24324324324324326,0.7752808988764045,0.47169811320754718,25,53,9,28,52,8.8764044943820224,8.8764044943820224,1.7752808988764044
0.040000000000000001,0.59999999999999998,89,0.39325842696629215,0.25714285714285712,0.7865168539325843,0.50943396226415094,27,53,9,26,54,8.9325842696629216,8.9325842696629216,1.7865168539325844
0.040000000000000001,0.62,89,0.33707865168539325,0.29999999999999999,0.797752808988764,0.60377358490566035,32,53,9,21,59,8.9887640449438209,8.9887640449438209,1.7977528089887642
0.040000000000000001,0.64000000000000001,89,0.29213483146067415,0.26923076923076922,0.8202247191011236,0.64150943396226412,34,53,7,19,63,9.1011235955056176,9.1011235955056176,1.8202247191011236
0.040000000000000001,0.66000000000000003,89,0.23595505617977527,0.2857142857142857,0.84269662921348309,0.71698113207547165,38,53,6,15,68,9.213483146067416,9.213483146067416,1.8426966292134832
0.040000000000000001,0.68000000000000005,89,0.21348314606741572,0.26315789473684209,0.8651685393258427,0.73584905660377353,39,53,5,14,70,9.3258426966292127,9.3258426966292127,1.8651685393258426
0.040000000000000001,0.69999999999999996,89,0.21348314606741572,0.26315789473684209,0.8764044943820225,0.73584905660377353,39,53,5,14,70,9.382022471910112,9.382022471910112,1.8764044943820224
0.040000000000000001,0.71999999999999997,89,0.19101123595505617,0.23529411764705882,0.898876404494382,0.75471698113207553,40,53,4,13,72,9.4943820224719104,9.4943820224719104,1.898876404494382
0.040000000000000001,0.73999999999999999,89,0.1797752808988764,0.25,0.9101123595505618,0.77358490566037741,41,53,4,12,73,9.5505617977528097,9.5505617977528097,1.910112359550562
0.040000000000000001,0.76000000000000001,89,0.14606741573033707,0.23076923076923078,0.9101123595505618,0.81132075471698117,43,53,3,10,76,9.5505617977528097,9.5505617977528097,1.910112359550562
0.040000000000000001,0.78000000000000003,89,0.12359550561797752,0.18181818181818182,0.9662921348314607,0.83018867924528306,44,53,2,9,78,9.8314606741573041,9.8314606741573041,1.9662921348314608
0.040000000000000001,0.80000000000000004,89,0.02247191011235955,0,1,0.96226415094339623,51,53,0,2,87,10,10,2
0.040000000000000001,0.81999999999999995,89,0.02247191011235955,0,1,0.96226415094339623,51,53,0,2,87,10,10,2
0.040000000000000001,0.83999999999999997,89,0,,1,1,53,53,0,0,89,10,10,2
0.040000000000000001,0.85999999999999999,89,0,,1,1,53,53,0,0,89,10,10,2
0.040000000000000001,0.88,89,0,,1,1,53,53,0,0,89,10,10,2
0.040000000000000001,0.90000000000000002,89,0,,1,1,53,53,0,0,89,10,10,2
0.040000000000000001,0.92000000000000004,89,0,,1,1,53,53,0,0,89,10,10,2
0.040000000000000001,0.93999999999999995,89,0,,1,1,53,53,0,0,89,10,10,2
0.040000000000000001,0.95999999999999996,89,0,,1,1,53,53,0,0,89,10,10,2
0.040000000000000001,0.97999999999999998,89,0,,1,1,53,53,0,0,89,10,10,2
0.040000000000000001,1,89,0,,1,1,53,53,0,0,89,10,10,2
0.059999999999999998,0.080000000000000002,89,1,0.47191011235955055,0,0,0,53,42,47,0,5,5,1
0.059999999999999998,0.10000000000000001,89,1,0.47191011235955055,0,0,0,53,42,47,0,5,5,1
0.059999999999999998,0.12,89,1,0.47191011235955055,0,0,0,53,42,47,0,5,5,1
0.059999999999999998,0.14000000000000001,89,1,0.47191011235955055,0,0,0,53,42,47,0,5,5,1
0.059999999999999998,0.16,89,1,0.47191011235955055,0,0,0,53,42,47,0,5,5,1
0.059999999999999998,0.17999999999999999,89,1,0.47191011235955055,0.033707865168539325,0,0,53,42,47,0,5.1685393258426968,5.1685393258426968,1.0337078651685394
0.059999999999999998,0.20000000000000001,89,0.9887640449438202,0.46590909090909088,0.0449438202247191,0,0,53,41,47,1,5.2247191011235952,5.2247191011235952,1.044943820224719
0.059999999999999998,0.22,89,0.9662921348314607,0.45348837209302323,0.078651685393258425,0,0,53,39,47,3,5.393258426966292,5.393258426966292,1.0786516853932584
0.059999999999999998,0.23999999999999999,89,0.9662921348314607,0.45348837209302323,0.11235955056179775,0,0,53,39,47,3,5.5617977528089888,5.5617977528089888,1.1123595505617978
0.059999999999999998,0.26000000000000001,89,0.9438202247191011,0.44047619047619047,0.1348314606741573,0,0,53,37,47,5,5.6741573033707864,5.6741573033707864,1.1348314606741572
0.059999999999999998,0.28000000000000003,89,0.9438202247191011,0.44047619047619047,0.14606741573033707,0,0,53,37,47,5,5.7303370786516856,5.7303370786516856,1.1460674157303372
0.059999999999999998,0.29999999999999999,89,0.93258426966292129,0.43373493975903615,0.1797752808988764,0,0,53,36,47,6,5.8988764044943824,5.8988764044943824,1.1797752808988764
0.059999999999999998,0.32000000000000001,89,0.93258426966292129,0.43373493975903615,0.2247191011235955,0,0,53,36,47,6,6.1235955056179776,6.1235955056179776,1.2247191011235956
0.059999999999999998,0.34000000000000002,89,0.9213483146067416,0.42682926829268292,0.2808988764044944,0,0,53,35,47,7,6.404494382022472,6.404494382022472,1.2808988764044944
0.059999999999999998,0.35999999999999999,89,0.9101123595505618,0.40740740740740738,0.33707865168539325,0,0,53,33,48,8,6.6853932584269664,6.6853932584269664,1.3370786516853932
0.059999999999999998,0.38,89,0.88764044943820219,0.4050632911392405,0.4157303370786517,0.018867924528301886,1,53,32,47,10,7.0786516853932584,7.0786516853932584,1.4157303370786516
0.059999999999999998,0.40000000000000002,89,0.8539325842696629,0.39473684210526316,0.4943820224719101,0.037735849056603772,2,53,30,46,13,7.4719101123595504,7.4719101123595504,1.49438202247191
0.059999999999999998,0.41999999999999998,89,0.7640449438202247,0.41176470588235292,0.5056179775280899,0.15094339622641509,8,53,28,40,21,7.5280898876404496,7.5280898876404496,1.50561797752809
0.059999999999999998,0.44,89,0.6966292134831461,0.38709677419354838,0.5168539325842697,0.18867924528301888,10,53,24,38,27,7.584269662921348,7.584269662921348,1.5168539325842696
0.059999999999999998,0.46000000000000002,89,0.6179775280898876,0.40000000000000002,0.550561797752809,0.30188679245283018,16,53,22,33,34,7.7528089887640448,7.7528089887640448,1.550561797752809
0.059999999999999998,0.47999999999999998,89,0.5730337078651685,0.39215686274509803,0.5955056179775281,0.35849056603773582,19,53,20,31,38,7.9775280898876408,7.9775280898876408,1.5955056179775282
0.059999999999999998,0.5,89,0.550561797752809,0.40816326530612246,0.6179775280898876,0.39622641509433965,21,53,20,29,40,8.0898876404494384,8.0898876404494384,1.6179775280898876
0.059999999999999998,0.52000000000000002,89,0.5168539325842697,0.32608695652173914,0.6404494382022472,0.39622641509433965,21,53,15,31,43,8.2022471910112351,8.2022471910112351,1.640449438202247
0.059999999999999998,0.54000000000000004,89,0.5056179775280899,0.31111111111111112,0.6853932584269663,0.39622641509433965,21,53,14,31,44,8.4269662921348321,8.4269662921348321,1.6853932584269664
0.059999999999999998,0.56000000000000005,89,0.43820224719101125,0.25641025641025639,0.7528089887640449,0.45283018867924529,24,53,10,29,50,8.7640449438202239,8.7640449438202239,1.7528089887640448
0.059999999999999998,0.57999999999999996,89,0.4157303370786517,0.24324324324324326,0.7752808988764045,0.47169811320754718,25,53,9,28,52,8.8764044943820224,8.8764044943820224,1.7752808988764044
0.059999999999999998,0.59999999999999998,89,0.39325842696629215,0.25714285714285712,0.7865168539325843,0.50943396226415094,27,53,9,26,54,8.9325842696629216,8.9325842696629216,1.7865168539325844
0.059999999999999998,0.62,89,0.33707865168539325,0.29999999999999999,0.797752808988764,0.60377358490566035,32,53,9,21,59,8.9887640449438209,8.9887640449438209,1.7977528089887642
0.059999999999999998,0.64000000000000001,89,0.29213483146067415,0.26923076923076922,0.8202247191011236,0.64150943396226412,34,53,7,19,63,9.1011235955056176,9.1011235955056176,1.8202247191011236
0.059999999999999998,0.66000000000000003,89,0.23595505617977527,0.2857142857142857,0.84269662921348309,0.71698113207547165,38,53,6,15,68,9.213483146067416,9.213483146067416,1.8426966292134832
0.059999999999999998,0.68000000000000005,89,0.21348314606741572,0.26315789473684209,0.8651685393258427,0.73584905660377353,39,53,5,14,70,9.3258426966292127,9.3258426966292127,1.8651685393258426
0.059999999999999998,0.69999999999999996,89,0.21348314606741572,0.26315789473684209,0.8764044943820225,0.73584905660377353,39,53,5,14,70,9.382022471910112,9.382022471910112,1.8764044943820224
0.059999999999999998,0.71999999999999997,89,0.19101123595505617,0.23529411764705882,0.898876404494382,0.75471698113207553,40,53,4,13,72,9.4943820224719104,9.4943820224719104,1.898876404494382
0.059999999999999998,0.73999999999999999,89,0.1797752808988764,0.25,0.9101123595505618,0.77358490566037741,41,53,4,12,73,9.5505617977528097,9.5505617977528097,1.910112359550562
0.059999999999999998,0.76000000000000001,89,0.14606741573033707,0.23076923076923078,0.9101123595505618,0.81132075471698117,43,53,3,10,76,9.5505617977528097,9.5505617977528097,1.910112359550562
0.059999999999999998,0.78000000000000003,89,0.12359550561797752,0.18181818181818182,0.9662921348314607,0.83018867924528306,44,53,2,9,78,9.8314606741573041,9.8314606741573041,1.9662921348314608
0.059999999999999998,0.80000000000000004,89,0.02247191011235955,0,1,0.96226415094339623,51,53,0,2,87,10,10,2
0.059999999999999998,0.81999999999999995,89,0.02247191011235955,0,1,0.96226415094339623,51,53,0,2,87,10,10,2
0.059999999999999998,0.83999999999999997,89,0,,1,1,53,53,0,0,89,10,10,2
0.059999999999999998,0.85999999999999999,89,0,,1,1,53,53,0,0,89,10,10,2
0.059999999999999998,0.88,89,0,,1,1,53,53,0,0,89,10,10,2
0.059999999999999998,0.90000000000000002,89,0,,1,1,53,53,0,0,89,10,10,2
0.059999999999999998,0.92000000000000004,89,0,,1,1,53,53,0,0,89,10,10,2
0.059999999999999998,0.93999999999999995,89,0,,1,1,53,53,0,0,89,10,10,2
0.059999999999999998,0.95999999999999996,89,0,,1,1,53,53,0,0,89,10,10,2
0.059999999999999998,0.97999999999999998,89,0,,1,1,53,53,0,0,89,10,10,2
0.059999999999999998,1,89,0,,1,1,53,53,0,0,89,10,10,2
0.080000000000000002,0.10000000000000001,89,1,0.47191011235955055,0,0,0,53,42,47,0,5,5,1
0.080000000000000002,0.12,89,1,0.47191011235955055,0,0,0,53,42,47,0,5,5,1
0.080000000000000002,0.14000000000000001,89,1,0.47191011235955055,0,0,0,53,42,47,0,5,5,1
0.080000000000000002,0.16,89,1,0.47191011235955055,0,0,0,53,42,47,0,5,5,1
0.080000000000000002,0.17999999999999999,89,1,0.47191011235955055,0.033707865168539325,0,0,53,42,47,0,5.1685393258426968,5.1685393258426968,1.0337078651685394
0.080000000000000002,0.20000000000000001,89,0.9887640449438202,0.46590909090909088,0.0449438202247191,0,0,53,41,47,1,5.2247191011235952,5.2247191011235952,1.044943820224719
0.080000000000000002,0.22,89,0.9662921348314607,0.45348837209302323,0.078651685393258425,0,0,53,39,47,3,5.393258426966292,5.393258426966292,1.0786516853932584
0.080000000000000002,0.23999999999999999,89,0.9662921348314607,0.45348837209302323,0.11235955056179775,0,0,53,39,47,3,5.5617977528089888,5.5617977528089888,1.1123595505617978
0.080000000000000002,0.26000000000000001,89,0.9438202247191011,0.44047619047619047,0.1348314606741573,0,0,53,37,47,5,5.6741573033707864,5.6741573033707864,1.1348314606741572
0.080000000000000002,0.28000000000000003,89,0.9438202247191011,0.44047619047619047,0.14606741573033707,0,0,53,37,47,5,5.7303370786516856,5.7303370786516856,1.1460674157303372
0.080000000000000002,0.29999999999999999,89,0.93258426966292129,0.43373493975903615,0.1797752808988764,0,0,53,36,47,6,5.8988764044943824,5.8988764044943824,1.1797752808988764
0.080000000000000002,0.32000000000000001,89,0.93258426966292129,0.43373493975903615,0.2247191011235955,0,0,53,36,47,6,6.1235955056179776,6.1235955056179776,1.2247191011235956
0.080000000000000002,0.34000000000000002,89,0.9213483146067416,0.42682926829268292,0.2808988764044944,0,0,53,35,47,7,6.404494382022472,6.404494382022472,1.2808988764044944
0.080000000000000002,0.35999999999999999,89,0.9101123595505618,0.40740740740740738,0.33707865168539325,0,0,53,33,48,8,6.6853932584269664,6.6853932584269664,1.3370786516853932
0.080000000000000002,0.38,89,0.88764044943820219,0.4050632911392405,0.4157303370786517,0.018867924528301886,1,53,32,47,10,7.0786516853932584,7.0786516853932584,1.4157303370786516
0.080000000000000002,0.40000000000000002,89,0.8539325842696629,0.39473684210526316,0.4943820224719101,0.037735849056603772,2,53,30,46,13,7.4719101123595504,7.4719101123595504,1.49438202247191
0.080000000000000002,0.41999999999999998,89,0.7640449438202247,0.41176470588235292,0.5056179775280899,0.15094339622641509,8,53,28,40,21,7.5280898876404496,7.5280898876404496,1.50561797752809
0.080000000000000002,0.44,89,0.6966292134831461,0.38709677419354838,0.5168539325842697,0.18867924528301888,10,53,24,38,27,7.584269662921348,7.584269662921348,1.5168539325842696
0.080000000000000002,0.46000000000000002,89,0.6179775280898876,0.40000000000000002,0.550561797752809,0.30188679245283018,16,53,22,33,34,7.7528089887640448,7.7528089887640448,1.550561797752809
0.080000000000000002,0.47999999999999998,89,0.5730337078651685,0.39215686274509803,0.5955056179775281,0.35849056603773582,19,53,20,31,38,7.9775280898876408,7.9775280898876408,1.5955056179775282
0.080000000000000002,0.5,89,0.550561797752809,0.40816326530612246,0.6179775280898876,0.39622641509433965,21,53,20,29,40,8.0898876404494384,8.0898876404494384,1.6179775280898876
0.080000000000000002,0.52000000000000002,89,0.5168539325842697,0.32608695652173914,0.6404494382022472,0.39622641509433965,21,53,15,31,43,8.2022471910112351,8.2022471910112351,1.640449438202247
0.080000000000000002,0.54000000000000004,89,0.5056179775280899,0.31111111111111112,0.6853932584269663,0.39622641509433965,21,53,14,31,44,8.4269662921348321,8.4269662921348321,1.6853932584269664
0.080000000000000002,0.56000000000000005,89,0.43820224719101125,0.25641025641025639,0.7528089887640449,0.45283018867924529,24,53,10,29,50,8.7640449438202239,8.7640449438202239,1.7528089887640448
0.080000000000000002,0.57999999999999996,89,0.4157303370786517,0.24324324324324326,0.7752808988764045,0.47169811320754718,25,53,9,28,52,8.8764044943820224,8.8764044943820224,1.7752808988764044
0.080000000000000002,0.59999999999999998,89,0.39325842696629215,0.25714285714285712,0.7865168539325843,0.50943396226415094,27,53,9,26,54,8.9325842696629216,8.9325842696629216,1.7865168539325844
0.080000000000000002,0.62,89,0.33707865168539325,0.29999999999999999,0.797752808988764,0.60377358490566035,32,53,9,21,59,8.9887640449438209,8.9887640449438209,1.7977528089887642
0.080000000000000002,0.64000000000000001,89,0.29213483146067415,0.26923076923076922,0.8202247191011236,0.64150943396226412,34,53,7,19,63,9.1011235955056176,9.1011235955056176,1.8202247191011236
0.080000000000000002,0.66000000000000003,89,0.23595505617977527,0.2857142857142857,0.84269662921348309,0.71698113207547165,38,53,6,15,68,9.213483146067416,9.213483146067416,1.8426966292134832
0.080000000000000002,0.68000000000000005,89,0.21348314606741572,0.26315789473684209,0.8651685393258427,0.73584905660377353,39,53,5,14,70,9.3258426966292127,9.3258426966292127,1.8651685393258426
0.080000000000000002,0.69999999999999996,89,0.21348314606741572,0.26315789473684209,0.8764044943820225,0.73584905660377353,39,53,5,14,70,9.382022471910112,9.382022471910112,1.8764044943820224
0.080000000000000002,0.71999999999999997,89,0.19101123595505617,0.23529411764705882,0.898876404494382,0.75471698113207553,40,53,4,13,72,9.4943820224719104,9.4943820224719104,1.898876404494382
0.080000000000000002,0.73999999999999999,89,0.1797752808988764,0.25,0.9101123595505618,0.77358490566037741,41,53,4,12,73,9.5505617977528097,9.5505617977528097,1.910112359550562
0.080000000000000002,0.76000000000000001,89,0.14606741573033707,0.23076923076923078,0.9101123595505618,0.81132075471698117,43,53,3,10,76,9.5505617977528097,9.5505617977528097,1.910112359550562
0.080000000000000002,0.78000000000000003,89,0.12359550561797752,0.18181818181818182,0.9662921348314607,0.83018867924528306,44,53,2,9,78,9.8314606741573041,9.8314606741573041,1.9662921348314608
0.080000000000000002,0.80000000000000004,89,0.02247191011235955,0,1,0.96226415094339623,51,53,0,2,87,10,10,2
0.080000000000000002,0.81999999999999995,89,0.02247191011235955,0,1,0.96226415094339623,51,53,0,2,87,10,10,2
0.080000000000000002,0.83999999999999997,89,0,,1,1,53,53,0,0,89,10,10,2
0.080000000000000002,0.85999999999999999,89,0,,1,1,53,53,0,0,89,10,10,2
0.080000000000000002,0.88,89,0,,1,1,53,53,0,0,89,10,10,2
0.080000000000000002,0.90000000000000002,89,0,,1,1,53,53,0,0,89,10,10,2
0.080000000000000002,0.92000000000000004,89,0,,1,1,53,53,0,0,89,10,10,2
0.080000000000000002,0.93999999999999995,89,0,,1,1,53,53,0,0,89,10,10,2
0.080000000000000002,0.95999999999999996,89,0,,1,1,53,53,0,0,89,10,10,2
0.080000000000000002,0.97999999999999998,89,0,,1,1,53,53,0,0,89,10,10,2
0.080000000000000002,1,89,0,,1,1,53,53,0,0,89,10,10,2
0.10000000000000001,0.12,89,1,0.47191011235955055,0,0,0,53,42,47,0,5,5,1
0.10000000000000001,0.14000000000000001,89,1,0.47191011235955055,0,0,0,53,42,47,0,5,5,1
0.10000000000000001,0.16,89,1,0.47191011235955055,0,0,0,53,42,47,0,5,5,1
0.10000000000000001,0.17999999999999999,89,1,0.47191011235955055,0.033707865168539325,0,0,53,42,47,0,5.1685393258426968,5.1685393258426968,1.0337078651685394
0.10000000000000001,0.20000000000000001,89,0.9887640449438202,0.46590909090909088,0.0449438202247191,0,0,53,41,47,1,5.2247191011235952,5.2247191011235952,1.044943820224719
0.10000000000000001,0.22,89,0.9662921348314607,0.45348837209302323,0.078651685393258425,0,0,53,39,47,3,5.393258426966292,5.393258426966292,1.0786516853932584
0.10000000000000001,0.23999999999999999,89,0.9662921348314607,0.45348837209302323,0.11235955056179775,0,0,53,39,47,3,5.5617977528089888,5.5617977528089888,1.1123595505617978
0.10000000000000001,0.26000000000000001,89,0.9438202247191011,0.44047619047619047,0.1348314606741573,0,0,53,37,47,5,5.6741573033707864,5.6741573033707864,1.1348314606741572
0.10000000000000001,0.28000000000000003,89,0.9438202247191011,0.44047619047619047,0.14606741573033707,0,0,53,37,47,5,5.7303370786516856,5.7303370786516856,1.1460674157303372
0.10000000000000001,0.29999999999999999,89,0.93258426966292129,0.43373493975903615,0.1797752808988764,0,0,53,36,47,6,5.8988764044943824,5.8988764044943824,1.1797752808988764
0.10000000000000001,0.32000000000000001,89,0.93258426966292129,0.43373493975903615,0.2247191011235955,0,0,53,36,47,6,6.1235955056179776,6.1235955056179776,1.2247191011235956
0.10000000000000001,0.34000000000000002,89,0.9213483146067416,0.42682926829268292,0.2808988764044944,0,0,53,35,47,7,6.404494382022472,6.404494382022472,1.2808988764044944
0.10000000000000001,0.35999999999999999,89,0.9101123595505618,0.40740740740740738,0.33707865168539325,0,0,53,33,48,8,6.6853932584269664,6.6853932584269664,1.3370786516853932
0.10000000000000001,0.38,89,0.88764044943820219,0.4050632911392405,0.4157303370786517,0.018867924528301886,1,53,32,47,10,7.0786516853932584,7.0786516853932584,1.4157303370786516
0.10000000000000001,0.40000000000000002,89,0.8539325842696629,0.39473684210526316,0.4943820224719101,0.037735849056603772,2,53,30,46,13,7.4719101123595504,7.4719101123595504,1.49438202247191
0.10000000000000001,0.41999999999999998,89,0.7640449438202247,0.41176470588235292,0.5056179775280899,0.15094339622641509,8,53,28,40,21,7.5280898876404496,7.5280898876404496,1.50561797752809
0.10000000000000001,0.44,89,0.6966292134831461,0.38709677419354838,0.5168539325842697,0.18867924528301888,10,53,24,38,27,7.584269662921348,7.584269662921348,1.5168539325842696
0.10000000000000001,0.46000000000000002,89,0.6179775280898876,0.40000000000000002,0.550561797752809,0.30188679245283018,16,53,22,33,34,7.7528089887640448,7.7528089887640448,1.550561797752809
0.10000000000000001,0.47999999999999998,89,0.5730337078651685,0.39215686274509803,0.5955056179775281,0.35849056603773582,19,53,20,31,38,7.9775280898876408,7.9775280898876408,1.5955056179775282
0.10000000000000001,0.5,89,0.550561797752809,0.40816326530612246,0.6179775280898876,0.39622641509433965,21,53,20,29,40,8.0898876404494384,8.0898876404494384,1.6179775280898876
0.10000000000000001,0.52000000000000002,89,0.5168539325842697,0.32608695652173914,0.6404494382022472,0.39622641509433965,21,53,15,31,43,8.2022471910112351,8.2022471910112351,1.640449438202247
0.10000000000000001,0.54000000000000004,89,0.5056179775280899,0.31111111111111112,0.6853932584269663,0.39622641509433965,21,53,14,31,44,8.4269662921348321,8.4269662921348321,1.6853932584269664
0.10000000000000001,0.56000000000000005,89,0.43820224719101125,0.25641025641025639,0.7528089887640449,0.45283018867924529,24,53,10,29,50,8.7640449438202239,8.7640449438202239,1.7528089887640448
0.10000000000000001,0.57999999999999996,89,0.4157303370786517,0.24324324324324326,0.7752808988764045,0.47169811320754718,25,53,9,28,52,8.8764044943820224,8.8764044943820224,1.7752808988764044
0.10000000000000001,0.59999999999999998,89,0.39325842696629215,0.25714285714285712,0.7865168539325843,0.50943396226415094,27,53,9,26,54,8.9325842696629216,8.9325842696629216,1.7865168539325844
0.10000000000000001,0.62,89,0.33707865168539325,0.29999999999999999,0.797752808988764,0.60377358490566035,32,53,9,21,59,8.9887640449438209,8.9887640449438209,1.7977528089887642
0.10000000000000001,0.64000000000000001,89,0.29213483146067415,0.26923076923076922,0.8202247191011236,0.64150943396226412,34,53,7,19,63,9.1011235955056176,9.1011235955056176,1.8202247191011236
0.10000000000000001,0.66000000000000003,89,0.23595505617977527,0.2857142857142857,0.84269662921348309,0.71698113207547165,38,53,6,15,68,9.213483146067416,9.213483146067416,1.8426966292134832
0.10000000000000001,0.68000000000000005,89,0.21348314606741572,0.26315789473684209,0.8651685393258427,0.73584905660377353,39,53,5,14,70,9.3258426966292127,9.3258426966292127,1.8651685393258426
0.10000000000000001,0.69999999999999996,89,0.21348314606741572,0.26315789473684209,0.8764044943820225,0.73584905660377353,39,53,5,14,70,9.382022471910112,9.382022471910112,1.8764044943820224
0.10000000000000001,0.71999999999999997,89,0.19101123595505617,0.23529411764705882,0.898876404494382,0.75471698113207553,40,53,4,13,72,9.4943820224719104,9.4943820224719104,1.898876404494382
0.10000000000000001,0.73999999999999999,89,0.1797752808988764,0.25,0.9101123595505618,0.77358490566037741,41,53,4,12,73,9.5505617977528097,9.5505617977528097,1.910112359550562
0.10000000000000001,0.76000000000000001,89,0.14606741573033707,0.23076923076923078,0.9101123595505618,0.81132075471698117,43,53,3,10,76,9.5505617977528097,9.5505617977528097,1.910112359550562
0.10000000000000001,0.78000000000000003,89,0.12359550561797752,0.18181818181818182,0.9662921348314607,0.83018867924528306,44,53,2,9,78,9.8314606741573041,9.8314606741573041,1.9662921348314608
0.10000000000000001,0.80000000000000004,89,0.02247191011235955,0,1,0.96226415094339623,51,53,0,2,87,10,10,2
0.10000000000000001,0.81999999999999995,89,0.02247191011235955,0,1,0.96226415094339623,51,53,0,2,87,10,10,2
0.10000000000000001,0.83999999999999997,89,0,,1,1,53,53,0,0,89,10,10,2
0.10000000000000001,0.85999999999999999,89,0,,1,1,53,53,0,0,89,10,10,2
0.10000000000000001,0.88,89,0,,1,1,53,53,0,0,89,10,10,2
0.10000000000000001,0.90000000000000002,89,0,,1,1,53,53,0,0,89,10,10,2
0.10000000000000001,0.92000000000000004,89,0,,1,1,53,53,0,0,89,10,10,2
0.10000000000000001,0.93999999999999995,89,0,,1,1,53,53,0,0,89,10,10,2
0.10000000000000001,0.95999999999999996,89,0,,1,1,53,53,0,0,89,10,10,2
0.10000000000000001,0.97999999999999998,89,0,,1,1,53,53,0,0,89,10,10,2
0.10000000000000001,1,89,0,,1,1,53,53,0,0,89,10,10,2
0.12,0.14000000000000001,89,1,0.47191011235955055,0,0,0,53,42,47,0,5,5,1
0.12,0.16,89,1,0.47191011235955055,0,0,0,53,42,47,0,5,5,1
0.12,0.17999999999999999,89,1,0.47191011235955055,0.033707865168539325,0,0,53,42,47,0,5.1685393258426968,5.1685393258426968,1.0337078651685394
0.12,0.20000000000000001,89,0.9887640449438202,0.46590909090909088,0.0449438202247191,0,0,53,41,47,1,5.2247191011235952,5.2247191011235952,1.044943820224719
0.12,0.22,89,0.9662921348314607,0.45348837209302323,0.078651685393258425,0,0,53,39,47,3,5.393258426966292,5.393258426966292,1.0786516853932584
0.12,0.23999999999999999,89,0.9662921348314607,0.45348837209302323,0.11235955056179775,0,0,53,39,47,3,5.5617977528089888,5.5617977528089888,1.1123595505617978
0.12,0.26000000000000001,89,0.9438202247191011,0.44047619047619047,0.1348314606741573,0,0,53,37,47,5,5.6741573033707864,5.6741573033707864,1.1348314606741572
0.12,0.28000000000000003,89,0.9438202247191011,0.44047619047619047,0.14606741573033707,0,0,53,37,47,5,5.7303370786516856,5.7303370786516856,1.1460674157303372
0.12,0.29999999999999999,89,0.93258426966292129,0.43373493975903615,0.1797752808988764,0,0,53,36,47,6,5.8988764044943824,5.8988764044943824,1.1797752808988764
0.12,0.32000000000000001,89,0.93258426966292129,0.43373493975903615,0.2247191011235955,0,0,53,36,47,6,6.1235955056179776,6.1235955056179776,1.2247191011235956
0.12,0.34000000000000002,89,0.9213483146067416,0.42682926829268292,0.2808988764044944,0,0,53,35,47,7,6.404494382022472,6.404494382022472,1.2808988764044944
0.12,0.35999999999999999,89,0.9101123595505618,0.40740740740740738,0.33707865168539325,0,0,53,33,48,8,6.6853932584269664,6.6853932584269664,1.3370786516853932
0.12,0.38,89,0.88764044943820219,0.4050632911392405,0.4157303370786517,0.018867924528301886,1,53,32,47,10,7.0786516853932584,7.0786516853932584,1.4157303370786516
0.12,0.40000000000000002,89,0.8539325842696629,0.39473684210526316,0.4943820224719101,0.037735849056603772,2,53,30,46,13,7.4719101123595504,7.4719101123595504,1.49438202247191
0.12,0.41999999999999998,89,0.7640449438202247,0.41176470588235292,0.5056179775280899,0.15094339622641509,8,53,28,40,21,7.5280898876404496,7.5280898876404496,1.50561797752809
0.12,0.44,89,0.6966292134831461,0.38709677419354838,0.5168539325842697,0.18867924528301888,10,53,24,38,27,7.584269662921348,7.584269662921348,1.5168539325842696
0.12,0.46000000000000002,89,0.6179775280898876,0.40000000000000002,0.550561797752809,0.30188679245283018,16,53,22,33,34,7.7528089887640448,7.7528089887640448,1.550561797752809
0.12,0.47999999999999998,89,0.5730337078651685,0.39215686274509803,0.5955056179775281,0.35849056603773582,19,53,20,31,38,7.9775280898876408,7.9775280898876408,1.5955056179775282
0.12,0.5,89,0.550561797752809,0.40816326530612246,0.6179775280898876,0.39622641509433965,21,53,20,29,40,8.0898876404494384,8.0898876404494384,1.6179775280898876
0.12,0.52000000000000002,89,0.5168539325842697,0.32608695652173914,0.6404494382022472,0.39622641509433965,21,53,15,31,43,8.2022471910112351,8.2022471910112351,1.640449438202247
0.12,0.54000000000000004,89,0.5056179775280899,0.31111111111111112,0.6853932584269663,0.39622641509433965,21,53,14,31,44,8.4269662921348321,8.4269662921348321,1.6853932584269664
0.12,0.56000000000000005,89,0.43820224719101125,0.25641025641025639,0.7528089887640449,0.45283018867924529,24,53,10,29,50,8.7640449438202239,8.7640449438202239,1.7528089887640448
0.12,0.57999999999999996,89,0.4157303370786517,0.24324324324324326,0.7752808988764045,0.47169811320754718,25,53,9,28,52,8.8764044943820224,8.8764044943820224,1.7752808988764044
0.12,0.59999999999999998,89,0.39325842696629215,0.25714285714285712,0.7865168539325843,0.50943396226415094,27,53,9,26,54,8.9325842696629216,8.9325842696629216,1.7865168539325844
0.12,0.62,89,0.33707865168539325,0.29999999999999999,0.797752808988764,0.60377358490566035,32,53,9,21,59,8.9887640449438209,8.9887640449438209,1.7977528089887642
0.12,0.64000000000000001,89,0.29213483146067415,0.26923076923076922,0.8202247191011236,0.64150943396226412,34,53,7,19,63,9.1011235955056176,9.1011235955056176,1.8202247191011236
0.12,0.66000000000000003,89,0.23595505617977527,0.2857142857142857,0.84269662921348309,0.71698113207547165,38,53,6,15,68,9.213483146067416,9.213483146067416,1.8426966292134832
0.12,0.68000000000000005,89,0.21348314606741572,0.26315789473684209,0.8651685393258427,0.73584905660377353,39,53,5,14,70,9.3258426966292127,9.3258426966292127,1.8651685393258426
0.12,0.69999999999999996,89,0.21348314606741572,0.26315789473684209,0.8764044943820225,0.73584905660377353,39,53,5,14,70,9.382022471910112,9.382022471910112,1.8764044943820224
0.12,0.71999999999999997,89,0.19101123595505617,0.23529411764705882,0.898876404494382,0.75471698113207553,40,53,4,13,72,9.4943820224719104,9.4943820224719104,1.898876404494382
0.12,0.73999999999999999,89,0.1797752808988764,0.25,0.9101123595505618,0.77358490566037741,41,53,4,12,73,9.5505617977528097,9.5505617977528097,1.910112359550562
0.12,0.76000000000000001,89,0.14606741573033707,0.23076923076923078,0.9101123595505618,0.81132075471698117,43,53,3,10,76,9.5505617977528097,9.5505617977528097,1.910112359550562
0.12,0.78000000000000003,89,0.12359550561797752,0.18181818181818182,0.9662921348314607,0.83018867924528306,44,53,2,9,78,9.8314606741573041,9.8314606741573041,1.9662921348314608
0.12,0.80000000000000004,89,0.02247191011235955,0,1,0.96226415094339623,51,53,0,2,87,10,10,2
0.12,0.81999999999999995,89,0.02247191011235955,0,1,0.96226415094339623,51,53,0,2,87,10,10,2
0.12,0.83999999999999997,89,0,,1,1,53,53,0,0,89,10,10,2
0.12,0.85999999999999999,89,0,,1,1,53,53,0,0,89,10,10,2
0.12,0.88,89,0,,1,1,53,53,0,0,89,10,10,2
0.12,0.90000000000000002,89,0,,1,1,53,53,0,0,89,10,10,2
0.12,0.92000000000000004,89,0,,1,1,53,53,0,0,89,10,10,2
0.12,0.93999999999999995,89,0,,1,1,53,53,0,0,89,10,10,2
0.12,0.95999999999999996,89,0,,1,1,53,53,0,0,89,10,10,2
0.12,0.97999999999999998,89,0,,1,1,53,53,0,0,89,10,10,2
0.12,1,89,0,,1,1,53,53,0,0,89,10,10,2
0.14000000000000001,0.16,89,1,0.47191011235955055,0,0,0,53,42,47,0,5,5,1
0.14000000000000001,0.17999999999999999,89,1,0.47191011235955055,0.033707865168539325,0,0,53,42,47,0,5.1685393258426968,5.1685393258426968,1.0337078651685394
0.14000000000000001,0.20000000000000001,89,0.9887640449438202,0.46590909090909088,0.0449438202247191,0,0,53,41,47,1,5.2247191011235952,5.2247191011235952,1.044943820224719
0.14000000000000001,0.22,89,0.9662921348314607,0.45348837209302323,0.078651685393258425,0,0,53,39,47,3,5.393258426966292,5.393258426966292,1.0786516853932584
0.14000000000000001,0.23999999999999999,89,0.9662921348314607,0.45348837209302323,0.11235955056179775,0,0,53,39,47,3,5.5617977528089888,5.5617977528089888,1.1123595505617978
0.14000000000000001,0.26000000000000001,89,0.9438202247191011,0.44047619047619047,0.1348314606741573,0,0,53,37,47,5,5.6741573033707864,5.6741573033707864,1.1348314606741572
0.14000000000000001,0.28000000000000003,89,0.9438202247191011,0.44047619047619047,0.14606741573033707,0,0,53,37,47,5,5.7303370786516856,5.7303370786516856,1.1460674157303372
0.14000000000000001,0.29999999999999999,89,0.93258426966292129,0.43373493975903615,0.1797752808988764,0,0,53,36,47,6,5.8988764044943824,5.8988764044943824,1.1797752808988764
0.14000000000000001,0.32000000000000001,89,0.93258426966292129,0.43373493975903615,0.2247191011235955,0,0,53,36,47,6,6.1235955056179776,6.1235955056179776,1.2247191011235956
0.14000000000000001,0.34000000000000002,89,0.9213483146067416,0.42682926829268292,0.2808988764044944,0,0,53,35,47,7,6.404494382022472,6.404494382022472,1.2808988764044944
0.14000000000000001,0.35999999999999999,89,0.9101123595505618,0.40740740740740738,0.33707865168539325,0,0,53,33,48,8,6.6853932584269664,6.6853932584269664,1.3370786516853932
0.14000000000000001,0.38,89,0.88764044943820219,0.4050632911392405,0.4157303370786517,0.018867924528301886,1,53,32,47,10,7.0786516853932584,7.0786516853932584,1.4157303370786516
0.14000000000000001,0.40000000000000002,89,0.8539325842696629,0.39473684210526316,0.4943820224719101,0.037735849056603772,2,53,30,46,13,7.4719101123595504,7.4719101123595504,1.49438202247191
0.14000000000000001,0.41999999999999998,89,0.7640449438202247,0.41176470588235292,0.5056179775280899,0.15094339622641509,8,53,28,40,21,7.5280898876404496,7.5280898876404496,1.50561797752809
0.14000000000000001,0.44,89,0.6966292134831461,0.38709677419354838,0.5168539325842697,0.18867924528301888,10,53,24,38,27,7.584269662921348,7.584269662921348,1.5168539325842696
0.14000000000000001,0.46000000000000002,89,0.6179775280898876,0.40000000000000002,0.550561797752809,0.30188679245283018,16,53,22,33,34,7.7528089887640448,7.7528089887640448,1.550561797752809
0.14000000000000001,0.47999999999999998,89,0.5730337078651685,0.39215686274509803,0.5955056179775281,0.35849056603773582,19,53,20,31,38,7.9775280898876408,7.9775280898876408,1.5955056179775282
0.14000000000000001,0.5,89,0.550561797752809,0.40816326530612246,0.6179775280898876,0.39622641509433965,21,53,20,29,40,8.0898876404494384,8.0898876404494384,1.6179775280898876
0.14000000000000001,0.52000000000000002,89,0.5168539325842697,0.32608695652173914,0.6404494382022472,0.39622641509433965,21,53,15,31,43,8.2022471910112351,8.2022471910112351,1.640449438202247
0.14000000000000001,0.54000000000000004,89,0.5056179775280899,0.31111111111111112,0.6853932584269663,0.39622641509433965,21,53,14,31,44,8.4269662921348321,8.4269662921348321,1.6853932584269664
0.14000000000000001,0.56000000000000005,89,0.43820224719101125,0.25641025641025639,0.7528089887640449,0.45283018867924529,24,53,10,29,50,8.7640449438202239,8.7640449438202239,1.7528089887640448
0.14000000000000001,0.57999999999999996,89,0.4157303370786517,0.24324324324324326,0.7752808988764045,0.47169811320754718,25,53,9,28,52,8.8764044943820224,8.8764044943820224,1.7752808988764044
0.14000000000000001,0.59999999999999998,89,0.39325842696629215,0.25714285714285712,0.7865168539325843,0.50943396226415094,27,53,9,26,54,8.9325842696629216,8.9325842696629216,1.7865168539325844
0.14000000000000001,0.62,89,0.33707865168539325,0.29999999999999999,0.797752808988764,0.60377358490566035,32,53,9,21,59,8.9887640449438209,8.9887640449438209,1.7977528089887642
0.14000000000000001,0.64000000000000001,89,0.29213483146067415,0.26923076923076922,0.8202247191011236,0.64150943396226412,34,53,7,19,63,9.1011235955056176,9.1011235955056176,1.8202247191011236
0.14000000000000001,0.66000000000000003,89,0.23595505617977527,0.2857142857142857,0.84269662921348309,0.71698113207547165,38,53,6,15,68,9.213483146067416,9.213483146067416,1.8426966292134832
0.14000000000000001,0.68000000000000005,89,0.21348314606741572,0.26315789473684209,0.8651685393258427,0.73584905660377353,39,53,5,14,70,9.3258426966292127,9.3258426966292127,1.8651685393258426
0.14000000000000001,0.69999999999999996,89,0.21348314606741572,0.26315789473684209,0.8764044943820225,0.73584905660377353,39,53,5,14,70,9.382022471910112,9.382022471910112,1.8764044943820224
0.14000000000000001,0.71999999999999997,89,0.19101123595505617,0.23529411764705882,0.898876404494382,0.75471698113207553,40,53,4,13,72,9.4943820224719104,9.4943820224719104,1.898876404494382
0.14000000000000001,0.73999999999999999,89,0.1797752808988764,0.25,0.9101123595505618,0.77358490566037741,41,53,4,12,73,9.5505617977528097,9.5505617977528097,1.910112359550562
0.14000000000000001,0.76000000000000001,89,0.14606741573033707,0.23076923076923078,0.9101123595505618,0.81132075471698117,43,53,3,10,76,9.5505617977528097,9.5505617977528097,1.910112359550562
0.14000000000000001,0.78000000000000003,89,0.12359550561797752,0.18181818181818182,0.9662921348314607,0.83018867924528306,44,53,2,9,78,9.8314606741573041,9.8314606741573041,1.9662921348314608
0.14000000000000001,0.80000000000000004,89,0.02247191011235955,0,1,0.96226415094339623,51,53,0,2,87,10,10,2
0.14000000000000001,0.81999999999999995,89,0.02247191011235955,0,1,0.96226415094339623,51,53,0,2,87,10,10,2
0.14000000000000001,0.83999999999999997,89,0,,1,1,53,53,0,0,89,10,10,2
0.14000000000000001,0.85999999999999999,89,0,,1,1,53,53,0,0,89,10,10,2
0.14000000000000001,0.88,89,0,,1,1,53,53,0,0,89,10,10,2
0.14000000000000001,0.90000000000000002,89,0,,1,1,53,53,0,0,89,10,10,2
0.14000000000000001,0.92000000000000004,89,0,,1,1,53,53,0,0,89,10,10,2
0.14000000000000001,0.93999999999999995,89,0,,1,1,53,53,0,0,89,10,10,2
0.14000000000000001,0.95999999999999996,89,0,,1,1,53,53,0,0,89,10,10,2
0.14000000000000001,0.97999999999999998,89,0,,1,1,53,53,0,0,89,10,10,2
0.14000000000000001,1,89,0,,1,1,53,53,0,0,89,10,10,2
0.16,0.17999999999999999,89,1,0.47191011235955055,0.033707865168539325,0,0,53,42,47,0,5.1685393258426968,5.1685393258426968,1.0337078651685394
0.16,0.20000000000000001,89,0.9887640449438202,0.46590909090909088,0.0449438202247191,0,0,53,41,47,1,5.2247191011235952,5.2247191011235952,1.044943820224719
0.16,0.22,89,0.9662921348314607,0.45348837209302323,0.078651685393258425,0,0,53,39,47,3,5.393258426966292,5.393258426966292,1.0786516853932584
0.16,0.23999999999999999,89,0.9662921348314607,0.45348837209302323,0.11235955056179775,0,0,53,39,47,3,5.5617977528089888,5.5617977528089888,1.1123595505617978
0.16,0.26000000000000001,89,0.9438202247191011,0.44047619047619047,0.1348314606741573,0,0,53,37,47,5,5.6741573033707864,5.6741573033707864,1.1348314606741572
0.16,0.28000000000000003,89,0.9438202247191011,0.44047619047619047,0.14606741573033707,0,0,53,37,47,5,5.7303370786516856,5.7303370786516856,1.1460674157303372
0.16,0.29999999999999999,89,0.93258426966292129,0.43373493975903615,0.1797752808988764,0,0,53,36,47,6,5.8988764044943824,5.8988764044943824,1.1797752808988764
0.16,0.32000000000000001,89,0.93258426966292129,0.43373493975903615,0.2247191011235955,0,0,53,36,47,6,6.1235955056179776,6.1235955056179776,1.2247191011235956
0.16,0.34000000000000002,89,0.9213483146067416,0.42682926829268292,0.2808988764044944,0,0,53,35,47,7,6.404494382022472,6.404494382022472,1.2808988764044944
0.16,0.35999999999999999,89,0.9101123595505618,0.40740740740740738,0.33707865168539325,0,0,53,33,48,8,6.6853932584269664,6.6853932584269664,1.3370786516853932
0.16,0.38,89,0.88764044943820219,0.4050632911392405,0.4157303370786517,0.018867924528301886,1,53,32,47,10,7.0786516853932584,7.0786516853932584,1.4157303370786516
0.16,0.40000000000000002,89,0.8539325842696629,0.39473684210526316,0.4943820224719101,0.037735849056603772,2,53,30,46,13,7.4719101123595504,7.4719101123595504,1.49438202247191
0.16,0.41999999999999998,89,0.7640449438202247,0.41176470588235292,0.5056179775280899,0.15094339622641509,8,53,28,40,21,7.5280898876404496,7.5280898876404496,1.50561797752809
0.16,0.44,89,0.6966292134831461,0.38709677419354838,0.5168539325842697,0.18867924528301888,10,53,24,38,27,7.584269662921348,7.584269662921348,1.5168539325842696
0.16,0.46000000000000002,89,0.6179775280898876,0.40000000000000002,0.550561797752809,0.30188679245283018,16,53,22,33,34,7.7528089887640448,7.7528089887640448,1.550561797752809
0.16,0.47999999999999998,89,0.5730337078651685,0.39215686274509803,0.5955056179775281,0.35849056603773582,19,53,20,31,38,7.9775280898876408,7.9775280898876408,1.5955056179775282
0.16,0.5,89,0.550561797752809,0.40816326530612246,0.6179775280898876,0.39622641509433965,21,53,20,29,40,8.0898876404494384,8.0898876404494384,1.6179775280898876
0.16,0.52000000000000002,89,0.5168539325842697,0.32608695652173914,0.6404494382022472,0.39622641509433965,21,53,15,31,43,8.2022471910112351,8.2022471910112351,1.640449438202247
0.16,0.54000000000000004,89,0.5056179775280899,0.31111111111111112,0.6853932584269663,0.39622641509433965,21,53,14,31,44,8.4269662921348321,8.4269662921348321,1.6853932584269664
0.16,0.56000000000000005,89,0.43820224719101125,0.25641025641025639,0.7528089887640449,0.45283018867924529,24,53,10,29,50,8.7640449438202239,8.7640449438202239,1.7528089887640448
0.16,0.57999999999999996,89,0.4157303370786517,0.24324324324324326,0.7752808988764045,0.47169811320754718,25,53,9,28,52,8.8764044943820224,8.8764044943820224,1.7752808988764044
0.16,0.59999999999999998,89,0.39325842696629215,0.25714285714285712,0.7865168539325843,0.50943396226415094,27,53,9,26,54,8.9325842696629216,8.9325842696629216,1.7865168539325844
0.16,0.62,89,0.33707865168539325,0.29999999999999999,0.797752808988764,0.60377358490566035,32,53,9,21,59,8.9887640449438209,8.9887640449438209,1.7977528089887642
0.16,0.64000000000000001,89,0.29213483146067415,0.26923076923076922,0.8202247191011236,0.64150943396226412,34,53,7,19,63,9.1011235955056176,9.1011235955056176,1.8202247191011236
0.16,0.66000000000000003,89,0.23595505617977527,0.2857142857142857,0.84269662921348309,0.71698113207547165,38,53,6,15,68,9.213483146067416,9.213483146067416,1.8426966292134832
0.16,0.68000000000000005,89,0.21348314606741572,0.26315789473684209,0.8651685393258427,0.73584905660377353,39,53,5,14,70,9.3258426966292127,9.3258426966292127,1.8651685393258426
0.16,0.69999999999999996,89,0.21348314606741572,0.26315789473684209,0.8764044943820225,0.73584905660377353,39,53,5,14,70,9.382022471910112,9.382022471910112,1.8764044943820224
0.16,0.71999999999999997,89,0.19101123595505617,0.23529411764705882,0.898876404494382,0.75471698113207553,40,53,4,13,72,9.4943820224719104,9.4943820224719104,1.898876404494382
0.16,0.73999999999999999,89,0.1797752808988764,0.25,0.9101123595505618,0.77358490566037741,41,53,4,12,73,9.5505617977528097,9.5505617977528097,1.910112359550562
0.16,0.76000000000000001,89,0.14606741573033707,0.23076923076923078,0.9101123595505618,0.81132075471698117,43,53,3,10,76,9.5505617977528097,9.5505617977528097,1.910112359550562
0.16,0.78000000000000003,89,0.12359550561797752,0.18181818181818182,0.9662921348314607,0.83018867924528306,44,53,2,9,78,9.8314606741573041,9.8314606741573041,1.9662921348314608
0.16,0.80000000000000004,89,0.02247191011235955,0,1,0.96226415094339623,51,53,0,2,87,10,10,2
0.16,0.81999999999999995,89,0.02247191011235955,0,1,0.96226415094339623,51,53,0,2,87,10,10,2
0.16,0.83999999999999997,89,0,,1,1,53,53,0,0,89,10,10,2
0.16,0.85999999999999999,89,0,,1,1,53,53,0,0,89,10,10,2
0.16,0.88,89,0,,1,1,53,53,0,0,89,10,10,2
0.16,0.90000000000000002,89,0,,1,1,53,53,0,0,89,10,10,2
0.16,0.92000000000000004,89,0,,1,1,53,53,0,0,89,10,10,2
0.16,0.93999999999999995,89,0,,1,1,53,53,0,0,89,10,10,2
0.16,0.95999999999999996,89,0,,1,1,53,53,0,0,89,10,10,2
0.16,0.97999999999999998,89,0,,1,1,53,53,0,0,89,10,10,2
0.16,1,89,0,,1,1,53,53,0,0,89,10,10,2
0.17999999999999999,0.20000000000000001,89,0.9550561797752809,0.44705882352941179,0.011235955056179775,0,0,53,38,47,4,5.0561797752808992,5.0561797752808992,1.0112359550561798
0.17999999999999999,0.22,89,0.9438202247191011,0.44047619047619047,0.0449438202247191,0,0,53,37,47,5,5.2247191011235952,5.2247191011235952,1.044943820224719
0.17999999999999999,0.23999999999999999,89,0.9438202247191011,0.44047619047619047,0.078651685393258425,0,0,53,37,47,5,5.393258426966292,5.393258426966292,1.0786516853932584
0.17999999999999999,0.26000000000000001,89,0.9213483146067416,0.42682926829268292,0.10112359550561797,0,0,53,35,47,7,5.5056179775280896,5.5056179775280896,1.101123595505618
0.17999999999999999,0.28000000000000003,89,0.9213483146067416,0.42682926829268292,0.11235955056179775,0,0,53,35,47,7,5.5617977528089888,5.5617977528089888,1.1123595505617978
0.17999999999999999,0.29999999999999999,89,0.9101123595505618,0.41975308641975306,0.14606741573033707,0,0,53,34,47,8,5.7303370786516856,5.7303370786516856,1.1460674157303372
0.17999999999999999,0.32000000000000001,89,0.9101123595505618,0.41975308641975306,0.19101123595505617,0,0,53,34,47,8,5.9550561797752808,5.9550561797752808,1.1910112359550562
0.17999999999999999,0.34000000000000002,89,0.898876404494382,0.41249999999999998,0.24719101123595505,0,0,53,33,47,9,6.2359550561797752,6.2359550561797752,1.247191011235955
0.17999999999999999,0.35999999999999999,89,0.88764044943820219,0.39240506329113922,0.30337078651685395,0,0,53,31,48,10,6.5168539325842696,6.5168539325842696,1.303370786516854
0.17999999999999999,0.38,89,0.8651685393258427,0.38961038961038963,0.38202247191011235,0.018867924528301886,1,53,30,47,12,6.9101123595505616,6.9101123595505616,1.3820224719101124
0.17999999999999999,0.40000000000000002,89,0.8314606741573034,0.3783783783783784,0.4606741573033708,0.037735849056603772,2,53,28,46,15,7.3033707865168536,7.3033707865168536,1.4606741573033708
0.17999999999999999,0.41999999999999998,89,0.7415730337078652,0.39393939393939392,0.47191011235955055,0.15094339622641509,8,53,26,40,23,7.3595505617977528,7.3595505617977528,1.4719101123595506
0.17999999999999999,0.44,89,0.6966292134831461,0.38709677419354838,0.48314606741573035,0.18867924528301888,10,53,24,38,27,7.415730337078652,7.415730337078652,1.4831460674157304
0.17999999999999999,0.46000000000000002,89,0.6179775280898876,0.40000000000000002,0.5168539325842697,0.30188679245283018,16,53,22,33,34,7.584269662921348,7.584269662921348,1.5168539325842696
0.17999999999999999,0.47999999999999998,89,0.5730337078651685,0.39215686274509803,0.5617977528089888,0.35849056603773582,19,53,20,31,38,7.808988764044944,7.808988764044944,1.5617977528089888
0.17999999999999999,0.5,89,0.550561797752809,0.40816326530612246,0.5842696629213483,0.39622641509433965,21,53,20,29,40,7.9213483146067416,7.9213483146067416,1.5842696629213484
0.17999999999999999,0.52000000000000002,89,0.5168539325842697,0.32608695652173914,0.6067415730337079,0.39622641509433965,21,53,15,31,43,8.0337078651685392,8.0337078651685392,1.6067415730337078
0.17999999999999999,0.54000000000000004,89,0.5056179775280899,0.31111111111111112,0.651685393258427,0.39622641509433965,21,53,14,31,44,8.2584269662921344,8.2584269662921344,1.6516853932584268
0.17999999999999999,0.56000000000000005,89,0.43820224719101125,0.25641025641025639,0.7191011235955056,0.45283018867924529,24,53,10,29,50,8.595505617977528,8.595505617977528,1.7191011235955056
0.17999999999999999,0.57999999999999996,89,0.4157303370786517,0.24324324324324326,0.7415730337078652,0.47169811320754718,25,53,9,28,52,8.7078651685393265,8.7078651685393265,1.7415730337078652
0.17999999999999999,0.59999999999999998,89,0.39325842696629215,0.25714285714285712,0.7528089887640449,0.50943396226415094,27,53,9,26,54,8.7640449438202239,8.7640449438202239,1.7528089887640448
0.17999999999999999,0.62,89,0.33707865168539325,0.29999999999999999,0.7640449438202247,0.60377358490566035,32,53,9,21,59,8.8202247191011232,8.8202247191011232,1.7640449438202246
0.17999999999999999,0.64000000000000001,89,0.29213483146067415,0.26923076923076922,0.7865168539325843,0.64150943396226412,34,53,7,19,63,8.9325842696629216,8.9325842696629216,1.7865168539325844
0.17999999999999999,0.66000000000000003,89,0.23595505617977527,0.2857142857142857,0.8089887640449438,0.71698113207547165,38,53,6,15,68,9.0449438202247183,9.0449438202247183,1.8089887640449436
0.17999999999999999,0.68000000000000005,89,0.21348314606741572,0.26315789473684209,0.8314606741573034,0.73584905660377353,39,53,5,14,70,9.1573033707865168,9.1573033707865168,1.8314606741573034
0.17999999999999999,0.69999999999999996,89,0.21348314606741572,0.26315789473684209,0.84269662921348309,0.73584905660377353,39,53,5,14,70,9.213483146067416,9.213483146067416,1.8426966292134832
0.17999999999999999,0.71999999999999997,89,0.19101123595505617,0.23529411764705882,0.8651685393258427,0.75471698113207553,40,53,4,13,72,9.3258426966292127,9.3258426966292127,1.8651685393258426
0.17999999999999999,0.73999999999999999,89,0.1797752808988764,0.25,0.8764044943820225,0.77358490566037741,41,53,4,12,73,9.382022471910112,9.382022471910112,1.8764044943820224
0.17999999999999999,0.76000000000000001,89,0.14606741573033707,0.23076923076923078,0.8764044943820225,0.81132075471698117,43,53,3,10,76,9.382022471910112,9.382022471910112,1.8764044943820224
0.17999999999999999,0.78000000000000003,89,0.12359550561797752,0.18181818181818182,0.93258426966292129,0.83018867924528306,44,53,2,9,78,9.6629213483146064,9.6629213483146064,1.9325842696629212
0.17999999999999999,0.80000000000000004,89,0.02247191011235955,0,0.9662921348314607,0.96226415094339623,51,53,0,2,87,9.8314606741573041,9.8314606741573041,1.9662921348314608
0.17999999999999999,0.81999999999999995,89,0.02247191011235955,0,0.9662921348314607,0.96226415094339623,51,53,0,2,87,9.8314606741573041,9.8314606741573041,1.9662921348314608
0.17999999999999999,0.83999999999999997,89,0,,0.9662921348314607,1,53,53,0,0,89,9.8314606741573041,9.8314606741573041,1.9662921348314608
0.17999999999999999,0.85999999999999999,89,0,,0.9662921348314607,1,53,53,0,0,89,9.8314606741573041,9.8314606741573041,1.9662921348314608
0.17999999999999999,0.88,89,0,,0.9662921348314607,1,53,53,0,0,89,9.8314606741573041,9.8314606741573041,1.9662921348314608
0.17999999999999999,0.90000000000000002,89,0,,0.9662921348314607,1,53,53,0,0,89,9.8314606741573041,9.8314606741573041,1.9662921348314608
0.17999999999999999,0.92000000000000004,89,0,,0.9662921348314607,1,53,53,0,0,89,9.8314606741573041,9.8314606741573041,1.9662921348314608
0.17999999999999999,0.93999999999999995,89,0,,0.9662921348314607,1,53,53,0,0,89,9.8314606741573041,9.8314606741573041,1.9662921348314608
0.17999999999999999,0.95999999999999996,89,0,,0.9662921348314607,1,53,53,0,0,89,9.8314606741573041,9.8314606741573041,1.9662921348314608
0.17999999999999999,0.97999999999999998,89,0,,0.9662921348314607,1,53,53,0,0,89,9.8314606741573041,9.8314606741573041,1.9662921348314608
0.17999999999999999,1,89,0,,0.9662921348314607,1,53,53,0,0,89,9.8314606741573041,9.8314606741573041,1.9662921348314608
0.20000000000000001,0.22,89,0.9438202247191011,0.44047619047619047,0.033707865168539325,0,0,53,37,47,5,5.1685393258426968,5.1685393258426968,1.0337078651685394
0.20000000000000001,0.23999999999999999,89,0.9438202247191011,0.44047619047619047,0.06741573033707865,0,0,53,37,47,5,5.3370786516853936,5.3370786516853936,1.0674157303370788
0.20000000000000001,0.26000000000000001,89,0.9213483146067416,0.42682926829268292,0.0898876404494382,0,0,53,35,47,7,5.4494382022471912,5.4494382022471912,1.0898876404494382
0.20000000000000001,0.28000000000000003,89,0.9213483146067416,0.42682926829268292,0.10112359550561797,0,0,53,35,47,7,5.5056179775280896,5.5056179775280896,1.101123595505618
0.20000000000000001,0.29999999999999999,89,0.9101123595505618,0.41975308641975306,0.1348314606741573,0,0,53,34,47,8,5.6741573033707864,5.6741573033707864,1.1348314606741572
0.20000000000000001,0.32000000000000001,89,0.9101123595505618,0.41975308641975306,0.1797752808988764,0,0,53,34,47,8,5.8988764044943824,5.8988764044943824,1.1797752808988764
0.20000000000000001,0.34000000000000002,89,0.898876404494382,0.41249999999999998,0.23595505617977527,0,0,53,33,47,9,6.1797752808988768,6.1797752808988768,1.2359550561797754
0.20000000000000001,0.35999999999999999,89,0.88764044943820219,0.39240506329113922,0.29213483146067415,0,0,53,31,48,10,6.4606741573033704,6.4606741573033704,1.292134831460674
0.20000000000000001,0.38,89,0.8651685393258427,0.38961038961038963,0.3707865168539326,0.018867924528301886,1,53,30,47,12,6.8539325842696632,6.8539325842696632,1.3707865168539326
0.20000000000000001,0.40000000000000002,89,0.8314606741573034,0.3783783783783784,0.449438202247191,0.037735849056603772,2,53,28,46,15,7.2471910112359552,7.2471910112359552,1.449438202247191
0.20000000000000001,0.41999999999999998,89,0.7415730337078652,0.39393939393939392,0.4606741573033708,0.15094339622641509,8,53,26,40,23,7.3033707865168536,7.3033707865168536,1.4606741573033708
0.20000000000000001,0.44,89,0.6966292134831461,0.38709677419354838,0.47191011235955055,0.18867924528301888,10,53,24,38,27,7.3595505617977528,7.3595505617977528,1.4719101123595506
0.20000000000000001,0.46000000000000002,89,0.6179775280898876,0.40000000000000002,0.5056179775280899,0.30188679245283018,16,53,22,33,34,7.5280898876404496,7.5280898876404496,1.50561797752809
0.20000000000000001,0.47999999999999998,89,0.5730337078651685,0.39215686274509803,0.550561797752809,0.35849056603773582,19,53,20,31,38,7.7528089887640448,7.7528089887640448,1.550561797752809
0.20000000000000001,0.5,89,0.550561797752809,0.40816326530612246,0.5730337078651685,0.39622641509433965,21,53,20,29,40,7.8651685393258424,7.8651685393258424,1.5730337078651684
0.20000000000000001,0.52000000000000002,89,0.5168539325842697,0.32608695652173914,0.5955056179775281,0.39622641509433965,21,53,15,31,43,7.9775280898876408,7.9775280898876408,1.5955056179775282
0.20000000000000001,0.54000000000000004,89,0.5056179775280899,0.31111111111111112,0.6404494382022472,0.39622641509433965,21,53,14,31,44,8.2022471910112351,8.2022471910112351,1.640449438202247
0.20000000000000001,0.56000000000000005,89,0.43820224719101125,0.25641025641025639,0.7078651685393258,0.45283018867924529,24,53,10,29,50,8.5393258426966288,8.5393258426966288,1.7078651685393258
0.20000000000000001,0.57999999999999996,89,0.4157303370786517,0.24324324324324326,0.7303370786516854,0.47169811320754718,25,53,9,28,52,8.6516853932584272,8.6516853932584272,1.7303370786516854
0.20000000000000001,0.59999999999999998,89,0.39325842696629215,0.25714285714285712,0.7415730337078652,0.50943396226415094,27,53,9,26,54,8.7078651685393265,8.7078651685393265,1.7415730337078652
0.20000000000000001,0.62,89,0.33707865168539325,0.29999999999999999,0.7528089887640449,0.60377358490566035,32,53,9,21,59,8.7640449438202239,8.7640449438202239,1.7528089887640448
0.20000000000000001,0.64000000000000001,89,0.29213483146067415,0.26923076923076922,0.7752808988764045,0.64150943396226412,34,53,7,19,63,8.8764044943820224,8.8764044943820224,1.7752808988764044
0.20000000000000001,0.66000000000000003,89,0.23595505617977527,0.2857142857142857,0.797752808988764,0.71698113207547165,38,53,6,15,68,8.9887640449438209,8.9887640449438209,1.7977528089887642
0.20000000000000001,0.68000000000000005,89,0.21348314606741572,0.26315789473684209,0.8202247191011236,0.73584905660377353,39,53,5,14,70,9.1011235955056176,9.1011235955056176,1.8202247191011236
0.20000000000000001,0.69999999999999996,89,0.21348314606741572,0.26315789473684209,0.8314606741573034,0.73584905660377353,39,53,5,14,70,9.1573033707865168,9.1573033707865168,1.8314606741573034
0.20000000000000001,0.71999999999999997,89,0.19101123595505617,0.23529411764705882,0.8539325842696629,0.75471698113207553,40,53,4,13,72,9.2696629213483153,9.2696629213483153,1.853932584269663
0.20000000000000001,0.73999999999999999,89,0.1797752808988764,0.25,0.8651685393258427,0.77358490566037741,41,53,4,12,73,9.3258426966292127,9.3258426966292127,1.8651685393258426
0.20000000000000001,0.76000000000000001,89,0.14606741573033707,0.23076923076923078,0.8651685393258427,0.81132075471698117,43,53,3,10,76,9.3258426966292127,9.3258426966292127,1.8651685393258426
0.20000000000000001,0.78000000000000003,89,0.12359550561797752,0.18181818181818182,0.9213483146067416,0.83018867924528306,44,53,2,9,78,9.6067415730337071,9.6067415730337071,1.9213483146067414
0.20000000000000001,0.80000000000000004,89,0.02247191011235955,0,0.9550561797752809,0.96226415094339623,51,53,0,2,87,9.7752808988764048,9.7752808988764048,1.955056179775281
0.20000000000000001,0.81999999999999995,89,0.02247191011235955,0,0.9550561797752809,0.96226415094339623,51,53,0,2,87,9.7752808988764048,9.7752808988764048,1.955056179775281
0.20000000000000001,0.83999999999999997,89,0,,0.9550561797752809,1,53,53,0,0,89,9.7752808988764048,9.7752808988764048,1.955056179775281
0.20000000000000001,0.85999999999999999,89,0,,0.9550561797752809,1,53,53,0,0,89,9.7752808988764048,9.7752808988764048,1.955056179775281
0.20000000000000001,0.88,89,0,,0.9550561797752809,1,53,53,0,0,89,9.7752808988764048,9.7752808988764048,1.955056179775281
0.20000000000000001,0.90000000000000002,89,0,,0.9550561797752809,1,53,53,0,0,89,9.7752808988764048,9.7752808988764048,1.955056179775281
0.20000000000000001,0.92000000000000004,89,0,,0.9550561797752809,1,53,53,0,0,89,9.7752808988764048,9.7752808988764048,1.955056179775281
0.20000000000000001,0.93999999999999995,89,0,,0.9550561797752809,1,53,53,0,0,89,9.7752808988764048,9.7752808988764048,1.955056179775281
0.20000000000000001,0.95999999999999996,89,0,,0.9550561797752809,1,53,53,0,0,89,9.7752808988764048,9.7752808988764048,1.955056179775281
0.20000000000000001,0.97999999999999998,89,0,,0.9550561797752809,1,53,53,0,0,89,9.7752808988764048,9.7752808988764048,1.955056179775281
0.20000000000000001,1,89,0,,0.9550561797752809,1,53,53,0,0,89,9.7752808988764048,9.7752808988764048,1.955056179775281
0.22,0.23999999999999999,89,0.9213483146067416,0.42682926829268292,0.033707865168539325,0,0,53,35,47,7,5.1685393258426968,5.1685393258426968,1.0337078651685394
0.22,0.26000000000000001,89,0.898876404494382,0.41249999999999998,0.056179775280898875,0,0,53,33,47,9,5.2808988764044944,5.2808988764044944,1.0561797752808988
0.22,0.28000000000000003,89,0.898876404494382,0.41249999999999998,0.06741573033707865,0,0,53,33,47,9,5.3370786516853936,5.3370786516853936,1.0674157303370788
0.22,0.29999999999999999,89,0.88764044943820219,0.4050632911392405,0.10112359550561797,0,0,53,32,47,10,5.5056179775280896,5.5056179775280896,1.101123595505618
0.22,0.32000000000000001,89,0.88764044943820219,0.4050632911392405,0.14606741573033707,0,0,53,32,47,10,5.7303370786516856,5.7303370786516856,1.1460674157303372
0.22,0.34000000000000002,89,0.8764044943820225,0.39743589743589741,0.20224719101123595,0,0,53,31,47,11,6.01123595505618,6.01123595505618,1.202247191011236
0.22,0.35999999999999999,89,0.8651685393258427,0.37662337662337664,0.25842696629213485,0,0,53,29,48,12,6.2921348314606744,6.2921348314606744,1.2584269662921348
0.22,0.38,89,0.84269662921348309,0.37333333333333335,0.33707865168539325,0.018867924528301886,1,53,28,47,14,6.6853932584269664,6.6853932584269664,1.3370786516853932
0.22,0.40000000000000002,89,0.8089887640449438,0.3611111111111111,0.4157303370786517,0.037735849056603772,2,53,26,46,17,7.0786516853932584,7.0786516853932584,1.4157303370786516
0.22,0.41999999999999998,89,0.7415730337078652,0.39393939393939392,0.42696629213483145,0.15094339622641509,8,53,26,40,23,7.1348314606741576,7.1348314606741576,1.4269662921348316
0.22,0.44,89,0.6966292134831461,0.38709677419354838,0.43820224719101125,0.18867924528301888,10,53,24,38,27,7.191011235955056,7.191011235955056,1.4382022471910112
0.22,0.46000000000000002,89,0.6179775280898876,0.40000000000000002,0.47191011235955055,0.30188679245283018,16,53,22,33,34,7.3595505617977528,7.3595505617977528,1.4719101123595506
0.22,0.47999999999999998,89,0.5730337078651685,0.39215686274509803,0.5168539325842697,0.35849056603773582,19,53,20,31,38,7.584269662921348,7.584269662921348,1.5168539325842696
0.22,0.5,89,0.550561797752809,0.40816326530612246,0.5393258426966292,0.39622641509433965,21,53,20,29,40,7.6966292134831464,7.6966292134831464,1.5393258426966292
0.22,0.52000000000000002,89,0.5168539325842697,0.32608695652173914,0.5617977528089888,0.39622641509433965,21,53,15,31,43,7.808988764044944,7.808988764044944,1.5617977528089888
0.22,0.54000000000000004,89,0.5056179775280899,0.31111111111111112,0.6067415730337079,0.39622641509433965,21,53,14,31,44,8.0337078651685392,8.0337078651685392,1.6067415730337078
0.22,0.56000000000000005,89,0.43820224719101125,0.25641025641025639,0.6741573033707865,0.45283018867924529,24,53,10,29,50,8.3707865168539328,8.3707865168539328,1.6741573033707866
0.22,0.57999999999999996,89,0.4157303370786517,0.24324324324324326,0.6966292134831461,0.47169811320754718,25,53,9,28,52,8.4831460674157295,8.4831460674157295,1.696629213483146
0.22,0.59999999999999998,89,0.39325842696629215,0.25714285714285712,0.7078651685393258,0.50943396226415094,27,53,9,26,54,8.5393258426966288,8.5393258426966288,1.7078651685393258
0.22,0.62,89,0.33707865168539325,0.29999999999999999,0.7191011235955056,0.60377358490566035,32,53,9,21,59,8.595505617977528,8.595505617977528,1.7191011235955056
0.22,0.64000000000000001,89,0.29213483146067415,0.26923076923076922,0.7415730337078652,0.64150943396226412,34,53,7,19,63,8.7078651685393265,8.7078651685393265,1.7415730337078652
0.22,0.66000000000000003,89,0.23595505617977527,0.2857142857142857,0.7640449438202247,0.71698113207547165,38,53,6,15,68,8.8202247191011232,8.8202247191011232,1.7640449438202246
0.22,0.68000000000000005,89,0.21348314606741572,0.26315789473684209,0.7865168539325843,0.73584905660377353,39,53,5,14,70,8.9325842696629216,8.9325842696629216,1.7865168539325844
0.22,0.69999999999999996,89,0.21348314606741572,0.26315789473684209,0.797752808988764,0.73584905660377353,39,53,5,14,70,8.9887640449438209,8.9887640449438209,1.7977528089887642
0.22,0.71999999999999997,89,0.19101123595505617,0.23529411764705882,0.8202247191011236,0.75471698113207553,40,53,4,13,72,9.1011235955056176,9.1011235955056176,1.8202247191011236
0.22,0.73999999999999999,89,0.1797752808988764,0.25,0.8314606741573034,0.77358490566037741,41,53,4,12,73,9.1573033707865168,9.1573033707865168,1.8314606741573034
0.22,0.76000000000000001,89,0.14606741573033707,0.23076923076923078,0.8314606741573034,0.81132075471698117,43,53,3,10,76,9.1573033707865168,9.1573033707865168,1.8314606741573034
0.22,0.78000000000000003,89,0.12359550561797752,0.18181818181818182,0.88764044943820219,0.83018867924528306,44,53,2,9,78,9.4382022471910112,9.4382022471910112,1.8876404494382022
0.22,0.80000000000000004,89,0.02247191011235955,0,0.9213483146067416,0.96226415094339623,51,53,0,2,87,9.6067415730337071,9.6067415730337071,1.9213483146067414
0.22,0.81999999999999995,89,0.02247191011235955,0,0.9213483146067416,0.96226415094339623,51,53,0,2,87,9.6067415730337071,9.6067415730337071,1.9213483146067414
0.22,0.83999999999999997,89,0,,0.9213483146067416,1,53,53,0,0,89,9.6067415730337071,9.6067415730337071,1.9213483146067414
0.22,0.85999999999999999,89,0,,0.9213483146067416,1,53,53,0,0,89,9.6067415730337071,9.6067415730337071,1.9213483146067414
0.22,0.88,89,0,,0.9213483146067416,1,53,53,0,0,89,9.6067415730337071,9.6067415730337071,1.9213483146067414
0.22,0.90000000000000002,89,0,,0.9213483146067416,1,53,53,0,0,89,9.6067415730337071,9.6067415730337071,1.9213483146067414
0.22,0.92000000000000004,89,0,,0.9213483146067416,1,53,53,0,0,89,9.6067415730337071,9.6067415730337071,1.9213483146067414
0.22,0.93999999999999995,89,0,,0.9213483146067416,1,53,53,0,0,89,9.6067415730337071,9.6067415730337071,1.9213483146067414
0.22,0.95999999999999996,89,0,,0.9213483146067416,1,53,53,0,0,89,9.6067415730337071,9.6067415730337071,1.9213483146067414
0.22,0.97999999999999998,89,0,,0.9213483146067416,1,53,53,0,0,89,9.6067415730337071,9.6067415730337071,1.9213483146067414
0.22,1,89,0,,0.9213483146067416,1,53,53,0,0,89,9.6067415730337071,9.6067415730337071,1.9213483146067414
0.23999999999999999,0.26000000000000001,89,0.8764044943820225,0.41025641025641024,0.02247191011235955,0.018867924528301886,1,53,32,46,11,5.1123595505617976,5.1123595505617976,1.0224719101123596
0.23999999999999999,0.28000000000000003,89,0.8764044943820225,0.41025641025641024,0.033707865168539325,0.018867924528301886,1,53,32,46,11,5.1685393258426968,5.1685393258426968,1.0337078651685394
0.23999999999999999,0.29999999999999999,89,0.8651685393258427,0.40259740259740262,0.06741573033707865,0.018867924528301886,1,53,31,46,12,5.3370786516853936,5.3370786516853936,1.0674157303370788
0.23999999999999999,0.32000000000000001,89,0.8651685393258427,0.40259740259740262,0.11235955056179775,0.018867924528301886,1,53,31,46,12,5.5617977528089888,5.5617977528089888,1.1123595505617978
0.23999999999999999,0.34000000000000002,89,0.8539325842696629,0.39473684210526316,0.16853932584269662,0.018867924528301886,1,53,30,46,13,5.8426966292134832,5.8426966292134832,1.1685393258426966
0.23999999999999999,0.35999999999999999,89,0.84269662921348309,0.37333333333333335,0.2247191011235955,0.018867924528301886,1,53,28,47,14,6.1235955056179776,6.1235955056179776,1.2247191011235956
0.23999999999999999,0.38,89,0.8202247191011236,0.36986301369863012,0.30337078651685395,0.037735849056603772,2,53,27,46,16,6.5168539325842696,6.5168539325842696,1.303370786516854
0.23999999999999999,0.40000000000000002,89,0.797752808988764,0.36619718309859156,0.38202247191011235,0.056603773584905662,3,53,26,45,18,6.9101123595505616,6.9101123595505616,1.3820224719101124
0.23999999999999999,0.41999999999999998,89,0.7415730337078652,0.39393939393939392,0.39325842696629215,0.15094339622641509,8,53,26,40,23,6.9662921348314608,6.9662921348314608,1.3932584269662922
0.23999999999999999,0.44,89,0.6966292134831461,0.38709677419354838,0.4044943820224719,0.18867924528301888,10,53,24,38,27,7.0224719101123592,7.0224719101123592,1.4044943820224718
0.23999999999999999,0.46000000000000002,89,0.6179775280898876,0.40000000000000002,0.43820224719101125,0.30188679245283018,16,53,22,33,34,7.191011235955056,7.191011235955056,1.4382022471910112
0.23999999999999999,0.47999999999999998,89,0.5730337078651685,0.39215686274509803,0.48314606741573035,0.35849056603773582,19,53,20,31,38,7.415730337078652,7.415730337078652,1.4831460674157304
0.23999999999999999,0.5,89,0.550561797752809,0.40816326530612246,0.5056179775280899,0.39622641509433965,21,53,20,29,40,7.5280898876404496,7.5280898876404496,1.50561797752809
0.23999999999999999,0.52000000000000002,89,0.5168539325842697,0.32608695652173914,0.5280898876404494,0.39622641509433965,21,53,15,31,43,7.6404494382022472,7.6404494382022472,1.5280898876404494
0.23999999999999999,0.54000000000000004,89,0.5056179775280899,0.31111111111111112,0.5730337078651685,0.39622641509433965,21,53,14,31,44,7.8651685393258424,7.8651685393258424,1.5730337078651684
0.23999999999999999,0.56000000000000005,89,0.43820224719101125,0.25641025641025639,0.6404494382022472,0.45283018867924529,24,53,10,29,50,8.2022471910112351,8.2022471910112351,1.640449438202247
0.23999999999999999,0.57999999999999996,89,0.4157303370786517,0.24324324324324326,0.6629213483146067,0.47169811320754718,25,53,9,28,52,8.3146067415730336,8.3146067415730336,1.6629213483146068
0.23999999999999999,0.59999999999999998,89,0.39325842696629215,0.25714285714285712,0.6741573033707865,0.50943396226415094,27,53,9,26,54,8.3707865168539328,8.3707865168539328,1.6741573033707866
0.23999999999999999,0.62,89,0.33707865168539325,0.29999999999999999,0.6853932584269663,0.60377358490566035,32,53,9,21,59,8.4269662921348321,8.4269662921348321,1.6853932584269664
0.23999999999999999,0.64000000000000001,89,0.29213483146067415,0.26923076923076922,0.7078651685393258,0.64150943396226412,34,53,7,19,63,8.5393258426966288,8.5393258426966288,1.7078651685393258
0.23999999999999999,0.66000000000000003,89,0.23595505617977527,0.2857142857142857,0.7303370786516854,0.71698113207547165,38,53,6,15,68,8.6516853932584272,8.6516853932584272,1.7303370786516854
0.23999999999999999,0.68000000000000005,89,0.21348314606741572,0.26315789473684209,0.7528089887640449,0.73584905660377353,39,53,5,14,70,8.7640449438202239,8.7640449438202239,1.7528089887640448
0.23999999999999999,0.69999999999999996,89,0.21348314606741572,0.26315789473684209,0.7640449438202247,0.73584905660377353,39,53,5,14,70,8.8202247191011232,8.8202247191011232,1.7640449438202246
0.23999999999999999,0.71999999999999997,89,0.19101123595505617,0.23529411764705882,0.7865168539325843,0.75471698113207553,40,53,4,13,72,8.9325842696629216,8.9325842696629216,1.7865168539325844
0.23999999999999999,0.73999999999999999,89,0.1797752808988764,0.25,0.797752808988764,0.77358490566037741,41,53,4,12,73,8.9887640449438209,8.9887640449438209,1.7977528089887642
0.23999999999999999,0.76000000000000001,89,0.14606741573033707,0.23076923076923078,0.797752808988764,0.81132075471698117,43,53,3,10,76,8.9887640449438209,8.9887640449438209,1.7977528089887642
0.23999999999999999,0.78000000000000003,89,0.12359550561797752,0.18181818181818182,0.8539325842696629,0.83018867924528306,44,53,2,9,78,9.2696629213483153,9.2696629213483153,1.853932584269663
0.23999999999999999,0.80000000000000004,89,0.02247191011235955,0,0.88764044943820219,0.96226415094339623,51,53,0,2,87,9.4382022471910112,9.4382022471910112,1.8876404494382022
0.23999999999999999,0.81999999999999995,89,0.02247191011235955,0,0.88764044943820219,0.96226415094339623,51,53,0,2,87,9.4382022471910112,9.4382022471910112,1.8876404494382022
0.23999999999999999,0.83999999999999997,89,0,,0.88764044943820219,1,53,53,0,0,89,9.4382022471910112,9.4382022471910112,1.8876404494382022
0.23999999999999999,0.85999999999999999,89,0,,0.88764044943820219,1,53,53,0,0,89,9.4382022471910112,9.4382022471910112,1.8876404494382022
0.23999999999999999,0.88,89,0,,0.88764044943820219,1,53,53,0,0,89,9.4382022471910112,9.4382022471910112,1.8876404494382022
0.23999999999999999,0.90000000000000002,89,0,,0.88764044943820219,1,53,53,0,0,89,9.4382022471910112,9.4382022471910112,1.8876404494382022
0.23999999999999999,0.92000000000000004,89,0,,0.88764044943820219,1,53,53,0,0,89,9.4382022471910112,9.4382022471910112,1.8876404494382022
0.23999999999999999,0.93999999999999995,89,0,,0.88764044943820219,1,53,53,0,0,89,9.4382022471910112,9.4382022471910112,1.8876404494382022
0.23999999999999999,0.95999999999999996,89,0,,0.88764044943820219,1,53,53,0,0,89,9.4382022471910112,9.4382022471910112,1.8876404494382022
0.23999999999999999,0.97999999999999998,89,0,,0.88764044943820219,1,53,53,0,0,89,9.4382022471910112,9.4382022471910112,1.8876404494382022
0.23999999999999999,1,89,0,,0.88764044943820219,1,53,53,0,0,89,9.4382022471910112,9.4382022471910112,1.8876404494382022
0.26000000000000001,0.28000000000000003,89,0.8651685393258427,0.40259740259740262,0.011235955056179775,0.018867924528301886,1,53,31,46,12,5.0561797752808992,5.0561797752808992,1.0112359550561798
0.26000000000000001,0.29999999999999999,89,0.8539325842696629,0.39473684210526316,0.0449438202247191,0.018867924528301886,1,53,30,46,13,5.2247191011235952,5.2247191011235952,1.044943820224719
0.26000000000000001,0.32000000000000001,89,0.8539325842696629,0.39473684210526316,0.0898876404494382,0.018867924528301886,1,53,30,46,13,5.4494382022471912,5.4494382022471912,1.0898876404494382
0.26000000000000001,0.34000000000000002,89,0.8539325842696629,0.39473684210526316,0.14606741573033707,0.018867924528301886,1,53,30,46,13,5.7303370786516856,5.7303370786516856,1.1460674157303372
0.26000000000000001,0.35999999999999999,89,0.84269662921348309,0.37333333333333335,0.20224719101123595,0.018867924528301886,1,53,28,47,14,6.01123595505618,6.01123595505618,1.202247191011236
0.26000000000000001,0.38,89,0.8202247191011236,0.36986301369863012,0.2808988764044944,0.037735849056603772,2,53,27,46,16,6.404494382022472,6.404494382022472,1.2808988764044944
0.26000000000000001,0.40000000000000002,89,0.797752808988764,0.36619718309859156,0.3595505617977528,0.056603773584905662,3,53,26,45,18,6.797752808988764,6.797752808988764,1.3595505617977528
0.26000000000000001,0.41999999999999998,89,0.7415730337078652,0.39393939393939392,0.3707865168539326,0.15094339622641509,8,53,26,40,23,6.8539325842696632,6.8539325842696632,1.3707865168539326
0.26000000000000001,0.44,89,0.6966292134831461,0.38709677419354838,0.38202247191011235,0.18867924528301888,10,53,24,38,27,6.9101123595505616,6.9101123595505616,1.3820224719101124
0.26000000000000001,0.46000000000000002,89,0.6179775280898876,0.40000000000000002,0.4157303370786517,0.30188679245283018,16,53,22,33,34,7.0786516853932584,7.0786516853932584,1.4157303370786516
0.26000000000000001,0.47999999999999998,89,0.5730337078651685,0.39215686274509803,0.4606741573033708,0.35849056603773582,19,53,20,31,38,7.3033707865168536,7.3033707865168536,1.4606741573033708
0.26000000000000001,0.5,89,0.550561797752809,0.40816326530612246,0.48314606741573035,0.39622641509433965,21,53,20,29,40,7.415730337078652,7.415730337078652,1.4831460674157304
0.26000000000000001,0.52000000000000002,89,0.5168539325842697,0.32608695652173914,0.5056179775280899,0.39622641509433965,21,53,15,31,43,7.5280898876404496,7.5280898876404496,1.50561797752809
0.26000000000000001,0.54000000000000004,89,0.5056179775280899,0.31111111111111112,0.550561797752809,0.39622641509433965,21,53,14,31,44,7.7528089887640448,7.7528089887640448,1.550561797752809
0.26000000000000001,0.56000000000000005,89,0.43820224719101125,0.25641025641025639,0.6179775280898876,0.45283018867924529,24,53,10,29,50,8.0898876404494384,8.0898876404494384,1.6179775280898876
0.26000000000000001,0.57999999999999996,89,0.4157303370786517,0.24324324324324326,0.6404494382022472,0.47169811320754718,25,53,9,28,52,8.2022471910112351,8.2022471910112351,1.640449438202247
0.26000000000000001,0.59999999999999998,89,0.39325842696629215,0.25714285714285712,0.651685393258427,0.50943396226415094,27,53,9,26,54,8.2584269662921344,8.2584269662921344,1.6516853932584268
0.26000000000000001,0.62,89,0.33707865168539325,0.29999999999999999,0.6629213483146067,0.60377358490566035,32,53,9,21,59,8.3146067415730336,8.3146067415730336,1.6629213483146068
0.26000000000000001,0.64000000000000001,89,0.29213483146067415,0.26923076923076922,0.6853932584269663,0.64150943396226412,34,53,7,19,63,8.4269662921348321,8.4269662921348321,1.6853932584269664
0.26000000000000001,0.66000000000000003,89,0.23595505617977527,0.2857142857142857,0.7078651685393258,0.71698113207547165,38,53,6,15,68,8.5393258426966288,8.5393258426966288,1.7078651685393258
0.26000000000000001,0.68000000000000005,89,0.21348314606741572,0.26315789473684209,0.7303370786516854,0.73584905660377353,39,53,5,14,70,8.6516853932584272,8.6516853932584272,1.7303370786516854
0.26000000000000001,0.69999999999999996,89,0.21348314606741572,0.26315789473684209,0.7415730337078652,0.73584905660377353,39,53,5,14,70,8.7078651685393265,8.7078651685393265,1.7415730337078652
0.26000000000000001,0.71999999999999997,89,0.19101123595505617,0.23529411764705882,0.7640449438202247,0.75471698113207553,40,53,4,13,72,8.8202247191011232,8.8202247191011232,1.7640449438202246
0.26000000000000001,0.73999999999999999,89,0.1797752808988764,0.25,0.7752808988764045,0.77358490566037741,41,53,4,12,73,8.8764044943820224,8.8764044943820224,1.7752808988764044
0.26000000000000001,0.76000000000000001,89,0.14606741573033707,0.23076923076923078,0.7752808988764045,0.81132075471698117,43,53,3,10,76,8.8764044943820224,8.8764044943820224,1.7752808988764044
0.26000000000000001,0.78000000000000003,89,0.12359550561797752,0.18181818181818182,0.8314606741573034,0.83018867924528306,44,53,2,9,78,9.1573033707865168,9.1573033707865168,1.8314606741573034
0.26000000000000001,0.80000000000000004,89,0.02247191011235955,0,0.8651685393258427,0.96226415094339623,51,53,0,2,87,9.3258426966292127,9.3258426966292127,1.8651685393258426
0.26000000000000001,0.81999999999999995,89,0.02247191011235955,0,0.8651685393258427,0.96226415094339623,51,53,0,2,87,9.3258426966292127,9.3258426966292127,1.8651685393258426
0.26000000000000001,0.83999999999999997,89,0,,0.8651685393258427,1,53,53,0,0,89,9.3258426966292127,9.3258426966292127,1.8651685393258426
0.26000000000000001,0.85999999999999999,89,0,,0.8651685393258427,1,53,53,0,0,89,9.3258426966292127,9.3258426966292127,1.8651685393258426
0.26000000000000001,0.88,89,0,,0.8651685393258427,1,53,53,0,0,89,9.3258426966292127,9.3258426966292127,1.8651685393258426
0.26000000000000001,0.90000000000000002,89,0,,0.8651685393258427,1,53,53,0,0,89,9.3258426966292127,9.3258426966292127,1.8651685393258426
0.26000000000000001,0.92000000000000004,89,0,,0.8651685393258427,1,53,53,0,0,89,9.3258426966292127,9.3258426966292127,1.8651685393258426
0.26000000000000001,0.93999999999999995,89,0,,0.8651685393258427,1,53,53,0,0,89,9.3258426966292127,9.3258426966292127,1.8651685393258426
0.26000000000000001,0.95999999999999996,89,0,,0.8651685393258427,1,53,53,0,0,89,9.3258426966292127,9.3258426966292127,1.8651685393258426
0.26000000000000001,0.97999999999999998,89,0,,0.8651685393258427,1,53,53,0,0,89,9.3258426966292127,9.3258426966292127,1.8651685393258426
0.26000000000000001,1,89,0,,0.8651685393258427,1,53,53,0,0,89,9.3258426966292127,9.3258426966292127,1.8651685393258426
0.28000000000000003,0.29999999999999999,89,0.8539325842696629,0.39473684210526316,0.033707865168539325,0.018867924528301886,1,53,30,46,13,5.1685393258426968,5.1685393258426968,1.0337078651685394
0.28000000000000003,0.32000000000000001,89,0.8539325842696629,0.39473684210526316,0.078651685393258425,0.018867924528301886,1,53,30,46,13,5.393258426966292,5.393258426966292,1.0786516853932584
0.28000000000000003,0.34000000000000002,89,0.8539325842696629,0.39473684210526316,0.1348314606741573,0.018867924528301886,1,53,30,46,13,5.6741573033707864,5.6741573033707864,1.1348314606741572
0.28000000000000003,0.35999999999999999,89,0.84269662921348309,0.37333333333333335,0.19101123595505617,0.018867924528301886,1,53,28,47,14,5.9550561797752808,5.9550561797752808,1.1910112359550562
0.28000000000000003,0.38,89,0.8202247191011236,0.36986301369863012,0.2696629213483146,0.037735849056603772,2,53,27,46,16,6.3483146067415728,6.3483146067415728,1.2696629213483146
0.28000000000000003,0.40000000000000002,89,0.797752808988764,0.36619718309859156,0.34831460674157305,0.056603773584905662,3,53,26,45,18,6.7415730337078648,6.7415730337078648,1.348314606741573
0.28000000000000003,0.41999999999999998,89,0.7415730337078652,0.39393939393939392,0.3595505617977528,0.15094339622641509,8,53,26,40,23,6.797752808988764,6.797752808988764,1.3595505617977528
0.28000000000000003,0.44,89,0.6966292134831461,0.38709677419354838,0.3707865168539326,0.18867924528301888,10,53,24,38,27,6.8539325842696632,6.8539325842696632,1.3707865168539326
0.28000000000000003,0.46000000000000002,89,0.6179775280898876,0.40000000000000002,0.4044943820224719,0.30188679245283018,16,53,22,33,34,7.0224719101123592,7.0224719101123592,1.4044943820224718
0.28000000000000003,0.47999999999999998,89,0.5730337078651685,0.39215686274509803,0.449438202247191,0.35849056603773582,19,53,20,31,38,7.2471910112359552,7.2471910112359552,1.449438202247191
0.28000000000000003,0.5,89,0.550561797752809,0.40816326530612246,0.47191011235955055,0.39622641509433965,21,53,20,29,40,7.3595505617977528,7.3595505617977528,1.4719101123595506
0.28000000000000003,0.52000000000000002,89,0.5168539325842697,0.32608695652173914,0.4943820224719101,0.39622641509433965,21,53,15,31,43,7.4719101123595504,7.4719101123595504,1.49438202247191
0.28000000000000003,0.54000000000000004,89,0.5056179775280899,0.31111111111111112,0.5393258426966292,0.39622641509433965,21,53,14,31,44,7.6966292134831464,7.6966292134831464,1.5393258426966292
0.28000000000000003,0.56000000000000005,89,0.43820224719101125,0.25641025641025639,0.6067415730337079,0.45283018867924529,24,53,10,29,50,8.0337078651685392,8.0337078651685392,1.6067415730337078
0.28000000000000003,0.57999999999999996,89,0.4157303370786517,0.24324324324324326,0.6292134831460674,0.47169811320754718,25,53,9,28,52,8.1460674157303377,8.1460674157303377,1.6292134831460676
0.28000000000000003,0.59999999999999998,89,0.39325842696629215,0.25714285714285712,0.6404494382022472,0.50943396226415094,27,53,9,26,54,8.2022471910112351,8.2022471910112351,1.640449438202247
0.28000000000000003,0.62,89,0.33707865168539325,0.29999999999999999,0.651685393258427,0.60377358490566035,32,53,9,21,59,8.2584269662921344,8.2584269662921344,1.6516853932584268
0.28000000000000003,0.64000000000000001,89,0.29213483146067415,0.26923076923076922,0.6741573033707865,0.64150943396226412,34,53,7,19,63,8.3707865168539328,8.3707865168539328,1.6741573033707866
0.28000000000000003,0.66000000000000003,89,0.23595505617977527,0.2857142857142857,0.6966292134831461,0.71698113207547165,38,53,6,15,68,8.4831460674157295,8.4831460674157295,1.696629213483146
0.28000000000000003,0.68000000000000005,89,0.21348314606741572,0.26315789473684209,0.7191011235955056,0.73584905660377353,39,53,5,14,70,8.595505617977528,8.595505617977528,1.7191011235955056
0.28000000000000003,0.69999999999999996,89,0.21348314606741572,0.26315789473684209,0.7303370786516854,0.73584905660377353,39,53,5,14,70,8.6516853932584272,8.6516853932584272,1.7303370786516854
0.28000000000000003,0.71999999999999997,89,0.19101123595505617,0.23529411764705882,0.7528089887640449,0.75471698113207553,40,53,4,13,72,8.7640449438202239,8.7640449438202239,1.7528089887640448
0.28000000000000003,0.73999999999999999,89,0.1797752808988764,0.25,0.7640449438202247,0.77358490566037741,41,53,4,12,73,8.8202247191011232,8.8202247191011232,1.7640449438202246
0.28000000000000003,0.76000000000000001,89,0.14606741573033707,0.23076923076923078,0.7640449438202247,0.81132075471698117,43,53,3,10,76,8.8202247191011232,8.8202247191011232,1.7640449438202246
0.28000000000000003,0.78000000000000003,89,0.12359550561797752,0.18181818181818182,0.8202247191011236,0.83018867924528306,44,53,2,9,78,9.1011235955056176,9.1011235955056176,1.8202247191011236
0.28000000000000003,0.80000000000000004,89,0.02247191011235955,0,0.8539325842696629,0.96226415094339623,51,53,0,2,87,9.2696629213483153,9.2696629213483153,1.853932584269663
0.28000000000000003,0.81999999999999995,89,0.02247191011235955,0,0.8539325842696629,0.96226415094339623,51,53,0,2,87,9.2696629213483153,9.2696629213483153,1.853932584269663
0.28000000000000003,0.83999999999999997,89,0,,0.8539325842696629,1,53,53,0,0,89,9.2696629213483153,9.2696629213483153,1.853932584269663
0.28000000000000003,0.85999999999999999,89,0,,0.8539325842696629,1,53,53,0,0,89,9.2696629213483153,9.2696629213483153,1.853932584269663
0.28000000000000003,0.88,89,0,,0.8539325842696629,1,53,53,0,0,89,9.2696629213483153,9.2696629213483153,1.853932584269663
0.28000000000000003,0.90000000000000002,89,0,,0.8539325842696629,1,53,53,0,0,89,9.2696629213483153,9.2696629213483153,1.853932584269663
0.28000000000000003,0.92000000000000004,89,0,,0.8539325842696629,1,53,53,0,0,89,9.2696629213483153,9.2696629213483153,1.853932584269663
0.28000000000000003,0.93999999999999995,89,0,,0.8539325842696629,1,53,53,0,0,89,9.2696629213483153,9.2696629213483153,1.853932584269663
0.28000000000000003,0.95999999999999996,89,0,,0.8539325842696629,1,53,53,0,0,89,9.2696629213483153,9.2696629213483153,1.853932584269663
0.28000000000000003,0.97999999999999998,89,0,,0.8539325842696629,1,53,53,0,0,89,9.2696629213483153,9.2696629213483153,1.853932584269663
0.28000000000000003,1,89,0,,0.8539325842696629,1,53,53,0,0,89,9.2696629213483153,9.2696629213483153,1.853932584269663
0.29999999999999999,0.32000000000000001,89,0.8202247191011236,0.39726027397260272,0.0449438202247191,0.056603773584905662,3,53,29,44,16,5.2247191011235952,5.2247191011235952,1.044943820224719
0.29999999999999999,0.34000000000000002,89,0.8202247191011236,0.39726027397260272,0.10112359550561797,0.056603773584905662,3,53,29,44,16,5.5056179775280896,5.5056179775280896,1.101123595505618
0.29999999999999999,0.35999999999999999,89,0.8089887640449438,0.375,0.15730337078651685,0.056603773584905662,3,53,27,45,17,5.786516853932584,5.786516853932584,1.1573033707865168
0.29999999999999999,0.38,89,0.7865168539325843,0.37142857142857144,0.23595505617977527,0.075471698113207544,4,53,26,44,19,6.1797752808988768,6.1797752808988768,1.2359550561797754
0.29999999999999999,0.40000000000000002,89,0.7640449438202247,0.36764705882352944,0.3146067415730337,0.094339622641509441,5,53,25,43,21,6.5730337078651688,6.5730337078651688,1.3146067415730338
0.29999999999999999,0.41999999999999998,89,0.7191011235955056,0.390625,0.3258426966292135,0.16981132075471697,9,53,25,39,25,6.6292134831460672,6.6292134831460672,1.3258426966292134
0.29999999999999999,0.44,89,0.6741573033707865,0.38333333333333336,0.33707865168539325,0.20754716981132076,11,53,23,37,29,6.6853932584269664,6.6853932584269664,1.3370786516853932
0.29999999999999999,0.46000000000000002,89,0.5955056179775281,0.39622641509433965,0.3707865168539326,0.32075471698113206,17,53,21,32,36,6.8539325842696632,6.8539325842696632,1.3707865168539326
0.29999999999999999,0.47999999999999998,89,0.550561797752809,0.38775510204081631,0.4157303370786517,0.37735849056603776,20,53,19,30,40,7.0786516853932584,7.0786516853932584,1.4157303370786516
0.29999999999999999,0.5,89,0.5393258426966292,0.39583333333333331,0.43820224719101125,0.39622641509433965,21,53,19,29,41,7.191011235955056,7.191011235955056,1.4382022471910112
0.29999999999999999,0.52000000000000002,89,0.5168539325842697,0.32608695652173914,0.4606741573033708,0.39622641509433965,21,53,15,31,43,7.3033707865168536,7.3033707865168536,1.4606741573033708
0.29999999999999999,0.54000000000000004,89,0.5056179775280899,0.31111111111111112,0.5056179775280899,0.39622641509433965,21,53,14,31,44,7.5280898876404496,7.5280898876404496,1.50561797752809
0.29999999999999999,0.56000000000000005,89,0.43820224719101125,0.25641025641025639,0.5730337078651685,0.45283018867924529,24,53,10,29,50,7.8651685393258424,7.8651685393258424,1.5730337078651684
0.29999999999999999,0.57999999999999996,89,0.4157303370786517,0.24324324324324326,0.5955056179775281,0.47169811320754718,25,53,9,28,52,7.9775280898876408,7.9775280898876408,1.5955056179775282
0.29999999999999999,0.59999999999999998,89,0.39325842696629215,0.25714285714285712,0.6067415730337079,0.50943396226415094,27,53,9,26,54,8.0337078651685392,8.0337078651685392,1.6067415730337078
0.29999999999999999,0.62,89,0.33707865168539325,0.29999999999999999,0.6179775280898876,0.60377358490566035,32,53,9,21,59,8.0898876404494384,8.0898876404494384,1.6179775280898876
0.29999999999999999,0.64000000000000001,89,0.29213483146067415,0.26923076923076922,0.6404494382022472,0.64150943396226412,34,53,7,19,63,8.2022471910112351,8.2022471910112351,1.640449438202247
0.29999999999999999,0.66000000000000003,89,0.23595505617977527,0.2857142857142857,0.6629213483146067,0.71698113207547165,38,53,6,15,68,8.3146067415730336,8.3146067415730336,1.6629213483146068
0.29999999999999999,0.68000000000000005,89,0.21348314606741572,0.26315789473684209,0.6853932584269663,0.73584905660377353,39,53,5,14,70,8.4269662921348321,8.4269662921348321,1.6853932584269664
0.29999999999999999,0.69999999999999996,89,0.21348314606741572,0.26315789473684209,0.6966292134831461,0.73584905660377353,39,53,5,14,70,8.4831460674157295,8.4831460674157295,1.696629213483146
0.29999999999999999,0.71999999999999997,89,0.19101123595505617,0.23529411764705882,0.7191011235955056,0.75471698113207553,40,53,4,13,72,8.595505617977528,8.595505617977528,1.7191011235955056
0.29999999999999999,0.73999999999999999,89,0.1797752808988764,0.25,0.7303370786516854,0.77358490566037741,41,53,4,12,73,8.6516853932584272,8.6516853932584272,1.7303370786516854
0.29999999999999999,0.76000000000000001,89,0.14606741573033707,0.23076923076923078,0.7303370786516854,0.81132075471698117,43,53,3,10,76,8.6516853932584272,8.6516853932584272,1.7303370786516854
0.29999999999999999,0.78000000000000003,89,0.12359550561797752,0.18181818181818182,0.7865168539325843,0.83018867924528306,44,53,2,9,78,8.9325842696629216,8.9325842696629216,1.7865168539325844
0.29999999999999999,0.80000000000000004,89,0.02247191011235955,0,0.8202247191011236,0.96226415094339623,51,53,0,2,87,9.1011235955056176,9.1011235955056176,1.8202247191011236
0.29999999999999999,0.81999999999999995,89,0.02247191011235955,0,0.8202247191011236,0.96226415094339623,51,53,0,2,87,9.1011235955056176,9.1011235955056176,1.8202247191011236
0.29999999999999999,0.83999999999999997,89,0,,0.8202247191011236,1,53,53,0,0,89,9.1011235955056176,9.1011235955056176,1.8202247191011236
0.29999999999999999,0.85999999999999999,89,0,,0.8202247191011236,1,53,53,0,0,89,9.1011235955056176,9.1011235955056176,1.8202247191011236
0.29999999999999999,0.88,89,0,,0.8202247191011236,1,53,53,0,0,89,9.1011235955056176,9.1011235955056176,1.8202247191011236
0.29999999999999999,0.90000000000000002,89,0,,0.8202247191011236,1,53,53,0,0,89,9.1011235955056176,9.1011235955056176,1.8202247191011236
0.29999999999999999,0.92000000000000004,89,0,,0.8202247191011236,1,53,53,0,0,89,9.1011235955056176,9.1011235955056176,1.8202247191011236
0.29999999999999999,0.93999999999999995,89,0,,0.8202247191011236,1,53,53,0,0,89,9.1011235955056176,9.1011235955056176,1.8202247191011236
0.29999999999999999,0.95999999999999996,89,0,,0.8202247191011236,1,53,53,0,0,89,9.1011235955056176,9.1011235955056176,1.8202247191011236
0.29999999999999999,0.97999999999999998,89,0,,0.8202247191011236,1,53,53,0,0,89,9.1011235955056176,9.1011235955056176,1.8202247191011236
0.29999999999999999,1,89,0,,0.8202247191011236,1,53,53,0,0,89,9.1011235955056176,9.1011235955056176,1.8202247191011236
0.32000000000000001,0.34000000000000002,89,0.7752808988764045,0.40579710144927539,0.056179775280898875,0.11320754716981132,6,53,28,41,20,5.2808988764044944,5.2808988764044944,1.0561797752808988
0.32000000000000001,0.35999999999999999,89,0.7752808988764045,0.39130434782608697,0.11235955056179775,0.11320754716981132,6,53,27,42,20,5.5617977528089888,5.5617977528089888,1.1123595505617978
0.32000000000000001,0.38,89,0.7528089887640449,0.38805970149253732,0.19101123595505617,0.13207547169811321,7,53,26,41,22,5.9550561797752808,5.9550561797752808,1.1910112359550562
0.32000000000000001,0.40000000000000002,89,0.7303370786516854,0.38461538461538464,0.2696629213483146,0.15094339622641509,8,53,25,40,24,6.3483146067415728,6.3483146067415728,1.2696629213483146
0.32000000000000001,0.41999999999999998,89,0.7191011235955056,0.390625,0.2808988764044944,0.16981132075471697,9,53,25,39,25,6.404494382022472,6.404494382022472,1.2808988764044944
0.32000000000000001,0.44,89,0.6741573033707865,0.38333333333333336,0.29213483146067415,0.20754716981132076,11,53,23,37,29,6.4606741573033704,6.4606741573033704,1.292134831460674
0.32000000000000001,0.46000000000000002,89,0.5955056179775281,0.39622641509433965,0.3258426966292135,0.32075471698113206,17,53,21,32,36,6.6292134831460672,6.6292134831460672,1.3258426966292134
0.32000000000000001,0.47999999999999998,89,0.550561797752809,0.38775510204081631,0.3707865168539326,0.37735849056603776,20,53,19,30,40,6.8539325842696632,6.8539325842696632,1.3707865168539326
0.32000000000000001,0.5,89,0.5393258426966292,0.39583333333333331,0.39325842696629215,0.39622641509433965,21,53,19,29,41,6.9662921348314608,6.9662921348314608,1.3932584269662922
0.32000000000000001,0.52000000000000002,89,0.5168539325842697,0.32608695652173914,0.4157303370786517,0.39622641509433965,21,53,15,31,43,7.0786516853932584,7.0786516853932584,1.4157303370786516
0.32000000000000001,0.54000000000000004,89,0.5056179775280899,0.31111111111111112,0.4606741573033708,0.39622641509433965,21,53,14,31,44,7.3033707865168536,7.3033707865168536,1.4606741573033708
0.32000000000000001,0.56000000000000005,89,0.43820224719101125,0.25641025641025639,0.5280898876404494,0.45283018867924529,24,53,10,29,50,7.6404494382022472,7.6404494382022472,1.5280898876404494
0.32000000000000001,0.57999999999999996,89,0.4157303370786517,0.24324324324324326,0.550561797752809,0.47169811320754718,25,53,9,28,52,7.7528089887640448,7.7528089887640448,1.550561797752809
0.32000000000000001,0.59999999999999998,89,0.39325842696629215,0.25714285714285712,0.5617977528089888,0.50943396226415094,27,53,9,26,54,7.808988764044944,7.808988764044944,1.5617977528089888
0.32000000000000001,0.62,89,0.33707865168539325,0.29999999999999999,0.5730337078651685,0.60377358490566035,32,53,9,21,59,7.8651685393258424,7.8651685393258424,1.5730337078651684
0.32000000000000001,0.64000000000000001,89,0.29213483146067415,0.26923076923076922,0.5955056179775281,0.64150943396226412,34,53,7,19,63,7.9775280898876408,7.9775280898876408,1.5955056179775282
0.32000000000000001,0.66000000000000003,89,0.23595505617977527,0.2857142857142857,0.6179775280898876,0.71698113207547165,38,53,6,15,68,8.0898876404494384,8.0898876404494384,1.6179775280898876
0.32000000000000001,0.68000000000000005,89,0.21348314606741572,0.26315789473684209,0.6404494382022472,0.73584905660377353,39,53,5,14,70,8.2022471910112351,8.2022471910112351,1.640449438202247
0.32000000000000001,0.69999999999999996,89,0.21348314606741572,0.26315789473684209,0.651685393258427,0.73584905660377353,39,53,5,14,70,8.2584269662921344,8.2584269662921344,1.6516853932584268
0.32000000000000001,0.71999999999999997,89,0.19101123595505617,0.23529411764705882,0.6741573033707865,0.75471698113207553,40,53,4,13,72,8.3707865168539328,8.3707865168539328,1.6741573033707866
0.32000000000000001,0.73999999999999999,89,0.1797752808988764,0.25,0.6853932584269663,0.77358490566037741,41,53,4,12,73,8.4269662921348321,8.4269662921348321,1.6853932584269664
0.32000000000000001,0.76000000000000001,89,0.14606741573033707,0.23076923076923078,0.6853932584269663,0.81132075471698117,43,53,3,10,76,8.4269662921348321,8.4269662921348321,1.6853932584269664
0.32000000000000001,0.78000000000000003,89,0.12359550561797752,0.18181818181818182,0.7415730337078652,0.83018867924528306,44,53,2,9,78,8.7078651685393265,8.7078651685393265,1.7415730337078652
0.32000000000000001,0.80000000000000004,89,0.02247191011235955,0,0.7752808988764045,0.96226415094339623,51,53,0,2,87,8.8764044943820224,8.8764044943820224,1.7752808988764044
0.32000000000000001,0.81999999999999995,89,0.02247191011235955,0,0.7752808988764045,0.96226415094339623,51,53,0,2,87,8.8764044943820224,8.8764044943820224,1.7752808988764044
0.32000000000000001,0.83999999999999997,89,0,,0.7752808988764045,1,53,53,0,0,89,8.8764044943820224,8.8764044943820224,1.7752808988764044
0.32000000000000001,0.85999999999999999,89,0,,0.7752808988764045,1,53,53,0,0,89,8.8764044943820224,8.8764044943820224,1.7752808988764044
0.32000000000000001,0.88,89,0,,0.7752808988764045,1,53,53,0,0,89,8.8764044943820224,8.8764044943820224,1.7752808988764044
0.32000000000000001,0.90000000000000002,89,0,,0.7752808988764045,1,53,53,0,0,89,8.8764044943820224,8.8764044943820224,1.7752808988764044
0.32000000000000001,0.92000000000000004,89,0,,0.7752808988764045,1,53,53,0,0,89,8.8764044943820224,8.8764044943820224,1.7752808988764044
0.32000000000000001,0.93999999999999995,89,0,,0.7752808988764045,1,53,53,0,0,89,8.8764044943820224,8.8764044943820224,1.7752808988764044
0.32000000000000001,0.95999999999999996,89,0,,0.7752808988764045,1,53,53,0,0,89,8.8764044943820224,8.8764044943820224,1.7752808988764044
0.32000000000000001,0.97999999999999998,89,0,,0.7752808988764045,1,53,53,0,0,89,8.8764044943820224,8.8764044943820224,1.7752808988764044
0.32000000000000001,1,89,0,,0.7752808988764045,1,53,53,0,0,89,8.8764044943820224,8.8764044943820224,1.7752808988764044
0.34000000000000002,0.35999999999999999,89,0.7191011235955056,0.390625,0.056179775280898875,0.16981132075471697,9,53,25,39,25,5.2808988764044944,5.2808988764044944,1.0561797752808988
0.34000000000000002,0.38,89,0.7078651685393258,0.38095238095238093,0.1348314606741573,0.16981132075471697,9,53,24,39,26,5.6741573033707864,5.6741573033707864,1.1348314606741572
0.34000000000000002,0.40000000000000002,89,0.6853932584269663,0.37704918032786883,0.21348314606741572,0.18867924528301888,10,53,23,38,28,6.0674157303370784,6.0674157303370784,1.2134831460674156
0.34000000000000002,0.41999999999999998,89,0.6853932584269663,0.37704918032786883,0.2247191011235955,0.18867924528301888,10,53,23,38,28,6.1235955056179776,6.1235955056179776,1.2247191011235956
0.34000000000000002,0.44,89,0.651685393258427,0.37931034482758619,0.23595505617977527,0.22641509433962265,12,53,22,36,31,6.1797752808988768,6.1797752808988768,1.2359550561797754
0.34000000000000002,0.46000000000000002,89,0.5842696629213483,0.40384615384615385,0.2696629213483146,0.33962264150943394,18,53,21,31,37,6.3483146067415728,6.3483146067415728,1.2696629213483146
0.34000000000000002,0.47999999999999998,89,0.5393258426966292,0.39583333333333331,0.3146067415730337,0.39622641509433965,21,53,19,29,41,6.5730337078651688,6.5730337078651688,1.3146067415730338
0.34000000000000002,0.5,89,0.5393258426966292,0.39583333333333331,0.33707865168539325,0.39622641509433965,21,53,19,29,41,6.6853932584269664,6.6853932584269664,1.3370786516853932
0.34000000000000002,0.52000000000000002,89,0.5168539325842697,0.32608695652173914,0.3595505617977528,0.39622641509433965,21,53,15,31,43,6.797752808988764,6.797752808988764,1.3595505617977528
0.34000000000000002,0.54000000000000004,89,0.5056179775280899,0.31111111111111112,0.4044943820224719,0.39622641509433965,21,53,14,31,44,7.0224719101123592,7.0224719101123592,1.4044943820224718
0.34000000000000002,0.56000000000000005,89,0.43820224719101125,0.25641025641025639,0.47191011235955055,0.45283018867924529,24,53,10,29,50,7.3595505617977528,7.3595505617977528,1.4719101123595506
0.34000000000000002,0.57999999999999996,89,0.4157303370786517,0.24324324324324326,0.4943820224719101,0.47169811320754718,25,53,9,28,52,7.4719101123595504,7.4719101123595504,1.49438202247191
0.34000000000000002,0.59999999999999998,89,0.39325842696629215,0.25714285714285712,0.5056179775280899,0.50943396226415094,27,53,9,26,54,7.5280898876404496,7.5280898876404496,1.50561797752809
0.34000000000000002,0.62,89,0.33707865168539325,0.29999999999999999,0.5168539325842697,0.60377358490566035,32,53,9,21,59,7.584269662921348,7.584269662921348,1.5168539325842696
0.34000000000000002,0.64000000000000001,89,0.29213483146067415,0.26923076923076922,0.5393258426966292,0.64150943396226412,34,53,7,19,63,7.6966292134831464,7.6966292134831464,1.5393258426966292
0.34000000000000002,0.66000000000000003,89,0.23595505617977527,0.2857142857142857,0.5617977528089888,0.71698113207547165,38,53,6,15,68,7.808988764044944,7.808988764044944,1.5617977528089888
0.34000000000000002,0.68000000000000005,89,0.21348314606741572,0.26315789473684209,0.5842696629213483,0.73584905660377353,39,53,5,14,70,7.9213483146067416,7.9213483146067416,1.5842696629213484
0.34000000000000002,0.69999999999999996,89,0.21348314606741572,0.26315789473684209,0.5955056179775281,0.73584905660377353,39,53,5,14,70,7.9775280898876408,7.9775280898876408,1.5955056179775282
0.34000000000000002,0.71999999999999997,89,0.19101123595505617,0.23529411764705882,0.6179775280898876,0.75471698113207553,40,53,4,13,72,8.0898876404494384,8.0898876404494384,1.6179775280898876
0.34000000000000002,0.73999999999999999,89,0.1797752808988764,0.25,0.6292134831460674,0.77358490566037741,41,53,4,12,73,8.1460674157303377,8.1460674157303377,1.6292134831460676
0.34000000000000002,0.76000000000000001,89,0.14606741573033707,0.23076923076923078,0.6292134831460674,0.81132075471698117,43,53,3,10,76,8.1460674157303377,8.1460674157303377,1.6292134831460676
0.34000000000000002,0.78000000000000003,89,0.12359550561797752,0.18181818181818182,0.6853932584269663,0.83018867924528306,44,53,2,9,78,8.4269662921348321,8.4269662921348321,1.6853932584269664
0.34000000000000002,0.80000000000000004,89,0.02247191011235955,0,0.7191011235955056,0.96226415094339623,51,53,0,2,87,8.595505617977528,8.595505617977528,1.7191011235955056
0.34000000000000002,0.81999999999999995,89,0.02247191011235955,0,0.7191011235955056,0.96226415094339623,51,53,0,2,87,8.595505617977528,8.595505617977528,1.7191011235955056
0.34000000000000002,0.83999999999999997,89,0,,0.7191011235955056,1,53,53,0,0,89,8.595505617977528,8.595505617977528,1.7191011235955056
0.34000000000000002,0.85999999999999999,89,0,,0.7191011235955056,1,53,53,0,0,89,8.595505617977528,8.595505617977528,1.7191011235955056
0.34000000000000002,0.88,89,0,,0.7191011235955056,1,53,53,0,0,89,8.595505617977528,8.595505617977528,1.7191011235955056
0.34000000000000002,0.90000000000000002,89,0,,0.7191011235955056,1,53,53,0,0,89,8.595505617977528,8.595505617977528,1.7191011235955056
0.34000000000000002,0.92000000000000004,89,0,,0.7191011235955056,1,53,53,0,0,89,8.595505617977528,8.595505617977528,1.7191011235955056
0.34000000000000002,0.93999999999999995,89,0,,0.7191011235955056,1,53,53,0,0,89,8.595505617977528,8.595505617977528,1.7191011235955056
0.34000000000000002,0.95999999999999996,89,0,,0.7191011235955056,1,53,53,0,0,89,8.595505617977528,8.595505617977528,1.7191011235955056
0.34000000000000002,0.97999999999999998,89,0,,0.7191011235955056,1,53,53,0,0,89,8.595505617977528,8.595505617977528,1.7191011235955056
0.34000000000000002,1,89,0,,0.7191011235955056,1,53,53,0,0,89,8.595505617977528,8.595505617977528,1.7191011235955056
0.35999999999999999,0.38,89,0.6629213483146067,0.38983050847457629,0.078651685393258425,0.22641509433962265,12,53,23,36,30,5.393258426966292,5.393258426966292,1.0786516853932584
0.35999999999999999,0.40000000000000002,89,0.6629213483146067,0.38983050847457629,0.15730337078651685,0.22641509433962265,12,53,23,36,30,5.786516853932584,5.786516853932584,1.1573033707865168
0.35999999999999999,0.41999999999999998,89,0.6629213483146067,0.38983050847457629,0.16853932584269662,0.22641509433962265,12,53,23,36,30,5.8426966292134832,5.8426966292134832,1.1685393258426966
0.35999999999999999,0.44,89,0.6292134831460674,0.39285714285714285,0.1797752808988764,0.26415094339622641,14,53,22,34,33,5.8988764044943824,5.8988764044943824,1.1797752808988764
0.35999999999999999,0.46000000000000002,89,0.5617977528089888,0.41999999999999998,0.21348314606741572,0.37735849056603776,20,53,21,29,39,6.0674157303370784,6.0674157303370784,1.2134831460674156
0.35999999999999999,0.47999999999999998,89,0.5393258426966292,0.39583333333333331,0.25842696629213485,0.39622641509433965,21,53,19,29,41,6.2921348314606744,6.2921348314606744,1.2584269662921348
0.35999999999999999,0.5,89,0.5393258426966292,0.39583333333333331,0.2808988764044944,0.39622641509433965,21,53,19,29,41,6.404494382022472,6.404494382022472,1.2808988764044944
0.35999999999999999,0.52000000000000002,89,0.5168539325842697,0.32608695652173914,0.30337078651685395,0.39622641509433965,21,53,15,31,43,6.5168539325842696,6.5168539325842696,1.303370786516854
0.35999999999999999,0.54000000000000004,89,0.5056179775280899,0.31111111111111112,0.34831460674157305,0.39622641509433965,21,53,14,31,44,6.7415730337078648,6.7415730337078648,1.348314606741573
0.35999999999999999,0.56000000000000005,89,0.43820224719101125,0.25641025641025639,0.4157303370786517,0.45283018867924529,24,53,10,29,50,7.0786516853932584,7.0786516853932584,1.4157303370786516
0.35999999999999999,0.57999999999999996,89,0.4157303370786517,0.24324324324324326,0.43820224719101125,0.47169811320754718,25,53,9,28,52,7.191011235955056,7.191011235955056,1.4382022471910112
0.35999999999999999,0.59999999999999998,89,0.39325842696629215,0.25714285714285712,0.449438202247191,0.50943396226415094,27,53,9,26,54,7.2471910112359552,7.2471910112359552,1.449438202247191
0.35999999999999999,0.62,89,0.33707865168539325,0.29999999999999999,0.4606741573033708,0.60377358490566035,32,53,9,21,59,7.3033707865168536,7.3033707865168536,1.4606741573033708
0.35999999999999999,0.64000000000000001,89,0.29213483146067415,0.26923076923076922,0.48314606741573035,0.64150943396226412,34,53,7,19,63,7.415730337078652,7.415730337078652,1.4831460674157304
0.35999999999999999,0.66000000000000003,89,0.23595505617977527,0.2857142857142857,0.5056179775280899,0.71698113207547165,38,53,6,15,68,7.5280898876404496,7.5280898876404496,1.50561797752809
0.35999999999999999,0.68000000000000005,89,0.21348314606741572,0.26315789473684209,0.5280898876404494,0.73584905660377353,39,53,5,14,70,7.6404494382022472,7.6404494382022472,1.5280898876404494
0.35999999999999999,0.69999999999999996,89,0.21348314606741572,0.26315789473684209,0.5393258426966292,0.73584905660377353,39,53,5,14,70,7.6966292134831464,7.6966292134831464,1.5393258426966292
0.35999999999999999,0.71999999999999997,89,0.19101123595505617,0.23529411764705882,0.5617977528089888,0.75471698113207553,40,53,4,13,72,7.808988764044944,7.808988764044944,1.5617977528089888
0.35999999999999999,0.73999999999999999,89,0.1797752808988764,0.25,0.5730337078651685,0.77358490566037741,41,53,4,12,73,7.8651685393258424,7.8651685393258424,1.5730337078651684
0.35999999999999999,0.76000000000000001,89,0.14606741573033707,0.23076923076923078,0.5730337078651685,0.81132075471698117,43,53,3,10,76,7.8651685393258424,7.8651685393258424,1.5730337078651684
0.35999999999999999,0.78000000000000003,89,0.12359550561797752,0.18181818181818182,0.6292134831460674,0.83018867924528306,44,53,2,9,78,8.1460674157303377,8.1460674157303377,1.6292134831460676
0.35999999999999999,0.80000000000000004,89,0.02247191011235955,0,0.6629213483146067,0.96226415094339623,51,53,0,2,87,8.3146067415730336,8.3146067415730336,1.6629213483146068
0.35999999999999999,0.81999999999999995,89,0.02247191011235955,0,0.6629213483146067,0.96226415094339623,51,53,0,2,87,8.3146067415730336,8.3146067415730336,1.6629213483146068
0.35999999999999999,0.83999999999999997,89,0,,0.6629213483146067,1,53,53,0,0,89,8.3146067415730336,8.3146067415730336,1.6629213483146068
0.35999999999999999,0.85999999999999999,89,0,,0.6629213483146067,1,53,53,0,0,89,8.3146067415730336,8.3146067415730336,1.6629213483146068
0.35999999999999999,0.88,89,0,,0.6629213483146067,1,53,53,0,0,89,8.3146067415730336,8.3146067415730336,1.6629213483146068
0.35999999999999999,0.90000000000000002,89,0,,0.6629213483146067,1,53,53,0,0,89,8.3146067415730336,8.3146067415730336,1.6629213483146068
0.35999999999999999,0.92000000000000004,89,0,,0.6629213483146067,1,53,53,0,0,89,8.3146067415730336,8.3146067415730336,1.6629213483146068
0.35999999999999999,0.93999999999999995,89,0,,0.6629213483146067,1,53,53,0,0,89,8.3146067415730336,8.3146067415730336,1.6629213483146068
0.35999999999999999,0.95999999999999996,89,0,,0.6629213483146067,1,53,53,0,0,89,8.3146067415730336,8.3146067415730336,1.6629213483146068
0.35999999999999999,0.97999999999999998,89,0,,0.6629213483146067,1,53,53,0,0,89,8.3146067415730336,8.3146067415730336,1.6629213483146068
0.35999999999999999,1,89,0,,0.6629213483146067,1,53,53,0,0,89,8.3146067415730336,8.3146067415730336,1.6629213483146068
0.38,0.40000000000000002,89,0.5842696629213483,0.42307692307692307,0.078651685393258425,0.33962264150943394,18,53,22,30,37,5.393258426966292,5.393258426966292,1.0786516853932584
0.38,0.41999999999999998,89,0.5842696629213483,0.42307692307692307,0.0898876404494382,0.33962264150943394,18,53,22,30,37,5.4494382022471912,5.4494382022471912,1.0898876404494382
0.38,0.44,89,0.5730337078651685,0.41176470588235292,0.10112359550561797,0.33962264150943394,18,53,21,30,38,5.5056179775280896,5.5056179775280896,1.101123595505618
0.38,0.46000000000000002,89,0.5393258426966292,0.41666666666666669,0.1348314606741573,0.39622641509433965,21,53,20,28,41,5.6741573033707864,5.6741573033707864,1.1348314606741572
0.38,0.47999999999999998,89,0.5168539325842697,0.39130434782608697,0.1797752808988764,0.41509433962264153,22,53,18,28,43,5.8988764044943824,5.8988764044943824,1.1797752808988764
0.38,0.5,89,0.5168539325842697,0.39130434782608697,0.20224719101123595,0.41509433962264153,22,53,18,28,43,6.01123595505618,6.01123595505618,1.202247191011236
0.38,0.52000000000000002,89,0.4943820224719101,0.31818181818181818,0.2247191011235955,0.41509433962264153,22,53,14,30,45,6.1235955056179776,6.1235955056179776,1.2247191011235956
0.38,0.54000000000000004,89,0.4943820224719101,0.31818181818181818,0.2696629213483146,0.41509433962264153,22,53,14,30,45,6.3483146067415728,6.3483146067415728,1.2696629213483146
0.38,0.56000000000000005,89,0.42696629213483145,0.26315789473684209,0.33707865168539325,0.47169811320754718,25,53,10,28,51,6.6853932584269664,6.6853932584269664,1.3370786516853932
0.38,0.57999999999999996,89,0.4044943820224719,0.25,0.3595505617977528,0.49056603773584906,26,53,9,27,53,6.797752808988764,6.797752808988764,1.3595505617977528
0.38,0.59999999999999998,89,0.38202247191011235,0.26470588235294118,0.3707865168539326,0.52830188679245282,28,53,9,25,55,6.8539325842696632,6.8539325842696632,1.3707865168539326
0.38,0.62,89,0.33707865168539325,0.29999999999999999,0.38202247191011235,0.60377358490566035,32,53,9,21,59,6.9101123595505616,6.9101123595505616,1.3820224719101124
0.38,0.64000000000000001,89,0.29213483146067415,0.26923076923076922,0.4044943820224719,0.64150943396226412,34,53,7,19,63,7.0224719101123592,7.0224719101123592,1.4044943820224718
0.38,0.66000000000000003,89,0.23595505617977527,0.2857142857142857,0.42696629213483145,0.71698113207547165,38,53,6,15,68,7.1348314606741576,7.1348314606741576,1.4269662921348316
0.38,0.68000000000000005,89,0.21348314606741572,0.26315789473684209,0.449438202247191,0.73584905660377353,39,53,5,14,70,7.2471910112359552,7.2471910112359552,1.449438202247191
0.38,0.69999999999999996,89,0.21348314606741572,0.26315789473684209,0.4606741573033708,0.73584905660377353,39,53,5,14,70,7.3033707865168536,7.3033707865168536,1.4606741573033708
0.38,0.71999999999999997,89,0.19101123595505617,0.23529411764705882,0.48314606741573035,0.75471698113207553,40,53,4,13,72,7.415730337078652,7.415730337078652,1.4831460674157304
0.38,0.73999999999999999,89,0.1797752808988764,0.25,0.4943820224719101,0.77358490566037741,41,53,4,12,73,7.4719101123595504,7.4719101123595504,1.49438202247191
0.38,0.76000000000000001,89,0.14606741573033707,0.23076923076923078,0.4943820224719101,0.81132075471698117,43,53,3,10,76,7.4719101123595504,7.4719101123595504,1.49438202247191
0.38,0.78000000000000003,89,0.12359550561797752,0.18181818181818182,0.550561797752809,0.83018867924528306,44,53,2,9,78,7.7528089887640448,7.7528089887640448,1.550561797752809
0.38,0.80000000000000004,89,0.02247191011235955,0,0.5842696629213483,0.96226415094339623,51,53,0,2,87,7.9213483146067416,7.9213483146067416,1.5842696629213484
0.38,0.81999999999999995,89,0.02247191011235955,0,0.5842696629213483,0.96226415094339623,51,53,0,2,87,7.9213483146067416,7.9213483146067416,1.5842696629213484
0.38,0.83999999999999997,89,0,,0.5842696629213483,1,53,53,0,0,89,7.9213483146067416,7.9213483146067416,1.5842696629213484
0.38,0.85999999999999999,89,0,,0.5842696629213483,1,53,53,0,0,89,7.9213483146067416,7.9213483146067416,1.5842696629213484
0.38,0.88,89,0,,0.5842696629213483,1,53,53,0,0,89,7.9213483146067416,7.9213483146067416,1.5842696629213484
0.38,0.90000000000000002,89,0,,0.5842696629213483,1,53,53,0,0,89,7.9213483146067416,7.9213483146067416,1.5842696629213484
0.38,0.92000000000000004,89,0,,0.5842696629213483,1,53,53,0,0,89,7.9213483146067416,7.9213483146067416,1.5842696629213484
0.38,0.93999999999999995,89,0,,0.5842696629213483,1,53,53,0,0,89,7.9213483146067416,7.9213483146067416,1.5842696629213484
0.38,0.95999999999999996,89,0,,0.5842696629213483,1,53,53,0,0,89,7.9213483146067416,7.9213483146067416,1.5842696629213484
0.38,0.97999999999999998,89,0,,0.5842696629213483,1,53,53,0,0,89,7.9213483146067416,7.9213483146067416,1.5842696629213484
0.38,1,89,0,,0.5842696629213483,1,53,53,0,0,89,7.9213483146067416,7.9213483146067416,1.5842696629213484
0.40000000000000002,0.41999999999999998,89,0.5056179775280899,0.46666666666666667,0.011235955056179775,0.45283018867924529,24,53,21,24,44,5.0561797752808992,5.0561797752808992,1.0112359550561798
0.40000000000000002,0.44,89,0.5056179775280899,0.46666666666666667,0.02247191011235955,0.45283018867924529,24,53,21,24,44,5.1123595505617976,5.1123595505617976,1.0224719101123596
0.40000000000000002,0.46000000000000002,89,0.4943820224719101,0.45454545454545453,0.056179775280898875,0.47169811320754718,25,53,20,24,45,5.2808988764044944,5.2808988764044944,1.0561797752808988
0.40000000000000002,0.47999999999999998,89,0.48314606741573035,0.41860465116279072,0.10112359550561797,0.47169811320754718,25,53,18,25,46,5.5056179775280896,5.5056179775280896,1.101123595505618
0.40000000000000002,0.5,89,0.48314606741573035,0.41860465116279072,0.12359550561797752,0.47169811320754718,25,53,18,25,46,5.617977528089888,5.617977528089888,1.1235955056179776
0.40000000000000002,0.52000000000000002,89,0.4606741573033708,0.34146341463414637,0.14606741573033707,0.47169811320754718,25,53,14,27,48,5.7303370786516856,5.7303370786516856,1.1460674157303372
0.40000000000000002,0.54000000000000004,89,0.4606741573033708,0.34146341463414637,0.19101123595505617,0.47169811320754718,25,53,14,27,48,5.9550561797752808,5.9550561797752808,1.1910112359550562
0.40000000000000002,0.56000000000000005,89,0.39325842696629215,0.2857142857142857,0.25842696629213485,0.52830188679245282,28,53,10,25,54,6.2921348314606744,6.2921348314606744,1.2584269662921348
0.40000000000000002,0.57999999999999996,89,0.3707865168539326,0.27272727272727271,0.2808988764044944,0.54716981132075471,29,53,9,24,56,6.404494382022472,6.404494382022472,1.2808988764044944
0.40000000000000002,0.59999999999999998,89,0.34831460674157305,0.29032258064516131,0.29213483146067415,0.58490566037735847,31,53,9,22,58,6.4606741573033704,6.4606741573033704,1.292134831460674
0.40000000000000002,0.62,89,0.33707865168539325,0.29999999999999999,0.30337078651685395,0.60377358490566035,32,53,9,21,59,6.5168539325842696,6.5168539325842696,1.303370786516854
0.40000000000000002,0.64000000000000001,89,0.29213483146067415,0.26923076923076922,0.3258426966292135,0.64150943396226412,34,53,7,19,63,6.6292134831460672,6.6292134831460672,1.3258426966292134
0.40000000000000002,0.66000000000000003,89,0.23595505617977527,0.2857142857142857,0.34831460674157305,0.71698113207547165,38,53,6,15,68,6.7415730337078648,6.7415730337078648,1.348314606741573
0.40000000000000002,0.68000000000000005,89,0.21348314606741572,0.26315789473684209,0.3707865168539326,0.73584905660377353,39,53,5,14,70,6.8539325842696632,6.8539325842696632,1.3707865168539326
0.40000000000000002,0.69999999999999996,89,0.21348314606741572,0.26315789473684209,0.38202247191011235,0.73584905660377353,39,53,5,14,70,6.9101123595505616,6.9101123595505616,1.3820224719101124
0.40000000000000002,0.71999999999999997,89,0.19101123595505617,0.23529411764705882,0.4044943820224719,0.75471698113207553,40,53,4,13,72,7.0224719101123592,7.0224719101123592,1.4044943820224718
0.40000000000000002,0.73999999999999999,89,0.1797752808988764,0.25,0.4157303370786517,0.77358490566037741,41,53,4,12,73,7.0786516853932584,7.0786516853932584,1.4157303370786516
0.40000000000000002,0.76000000000000001,89,0.14606741573033707,0.23076923076923078,0.4157303370786517,0.81132075471698117,43,53,3,10,76,7.0786516853932584,7.0786516853932584,1.4157303370786516
0.40000000000000002,0.78000000000000003,89,0.12359550561797752,0.18181818181818182,0.47191011235955055,0.83018867924528306,44,53,2,9,78,7.3595505617977528,7.3595505617977528,1.4719101123595506
0.40000000000000002,0.80000000000000004,89,0.02247191011235955,0,0.5056179775280899,0.96226415094339623,51,53,0,2,87,7.5280898876404496,7.5280898876404496,1.50561797752809
0.40000000000000002,0.81999999999999995,89,0.02247191011235955,0,0.5056179775280899,0.96226415094339623,51,53,0,2,87,7.5280898876404496,7.5280898876404496,1.50561797752809
0.40000000000000002,0.83999999999999997,89,0,,0.5056179775280899,1,53,53,0,0,89,7.5280898876404496,7.5280898876404496,1.50561797752809
0.40000000000000002,0.85999999999999999,89,0,,0.5056179775280899,1,53,53,0,0,89,7.5280898876404496,7.5280898876404496,1.50561797752809
0.40000000000000002,0.88,89,0,,0.5056179775280899,1,53,53,0,0,89,7.5280898876404496,7.5280898876404496,1.50561797752809
0.40000000000000002,0.90000000000000002,89,0,,0.5056179775280899,1,53,53,0,0,89,7.5280898876404496,7.5280898876404496,1.50561797752809
0.40000000000000002,0.92000000000000004,89,0,,0.5056179775280899,1,53,53,0,0,89,7.5280898876404496,7.5280898876404496,1.50561797752809
0.40000000000000002,0.93999999999999995,89,0,,0.5056179775280899,1,53,53,0,0,89,7.5280898876404496,7.5280898876404496,1.50561797752809
0.40000000000000002,0.95999999999999996,89,0,,0.5056179775280899,1,53,53,0,0,89,7.5280898876404496,7.5280898876404496,1.50561797752809
0.40000000000000002,0.97999999999999998,89,0,,0.5056179775280899,1,53,53,0,0,89,7.5280898876404496,7.5280898876404496,1.50561797752809
0.40000000000000002,1,89,0,,0.5056179775280899,1,53,53,0,0,89,7.5280898876404496,7.5280898876404496,1.50561797752809
0.41999999999999998,0.44,89,0.4943820224719101,0.47727272727272729,0.011235955056179775,0.47169811320754718,25,53,21,23,45,5.0561797752808992,5.0561797752808992,1.0112359550561798
0.41999999999999998,0.46000000000000002,89,0.4943820224719101,0.45454545454545453,0.0449438202247191,0.47169811320754718,25,53,20,24,45,5.2247191011235952,5.2247191011235952,1.044943820224719
0.41999999999999998,0.47999999999999998,89,0.48314606741573035,0.41860465116279072,0.0898876404494382,0.47169811320754718,25,53,18,25,46,5.4494382022471912,5.4494382022471912,1.0898876404494382
0.41999999999999998,0.5,89,0.48314606741573035,0.41860465116279072,0.11235955056179775,0.47169811320754718,25,53,18,25,46,5.5617977528089888,5.5617977528089888,1.1123595505617978
0.41999999999999998,0.52000000000000002,89,0.4606741573033708,0.34146341463414637,0.1348314606741573,0.47169811320754718,25,53,14,27,48,5.6741573033707864,5.6741573033707864,1.1348314606741572
0.41999999999999998,0.54000000000000004,89,0.4606741573033708,0.34146341463414637,0.1797752808988764,0.47169811320754718,25,53,14,27,48,5.8988764044943824,5.8988764044943824,1.1797752808988764
0.41999999999999998,0.56000000000000005,89,0.39325842696629215,0.2857142857142857,0.24719101123595505,0.52830188679245282,28,53,10,25,54,6.2359550561797752,6.2359550561797752,1.247191011235955
0.41999999999999998,0.57999999999999996,89,0.3707865168539326,0.27272727272727271,0.2696629213483146,0.54716981132075471,29,53,9,24,56,6.3483146067415728,6.3483146067415728,1.2696629213483146
0.41999999999999998,0.59999999999999998,89,0.34831460674157305,0.29032258064516131,0.2808988764044944,0.58490566037735847,31,53,9,22,58,6.404494382022472,6.404494382022472,1.2808988764044944
0.41999999999999998,0.62,89,0.33707865168539325,0.29999999999999999,0.29213483146067415,0.60377358490566035,32,53,9,21,59,6.4606741573033704,6.4606741573033704,1.292134831460674
0.41999999999999998,0.64000000000000001,89,0.29213483146067415,0.26923076923076922,0.3146067415730337,0.64150943396226412,34,53,7,19,63,6.5730337078651688,6.5730337078651688,1.3146067415730338
0.41999999999999998,0.66000000000000003,89,0.23595505617977527,0.2857142857142857,0.33707865168539325,0.71698113207547165,38,53,6,15,68,6.6853932584269664,6.6853932584269664,1.3370786516853932
0.41999999999999998,0.68000000000000005,89,0.21348314606741572,0.26315789473684209,0.3595505617977528,0.73584905660377353,39,53,5,14,70,6.797752808988764,6.797752808988764,1.3595505617977528
0.41999999999999998,0.69999999999999996,89,0.21348314606741572,0.26315789473684209,0.3707865168539326,0.73584905660377353,39,53,5,14,70,6.8539325842696632,6.8539325842696632,1.3707865168539326
0.41999999999999998,0.71999999999999997,89,0.19101123595505617,0.23529411764705882,0.39325842696629215,0.75471698113207553,40,53,4,13,72,6.9662921348314608,6.9662921348314608,1.3932584269662922
0.41999999999999998,0.73999999999999999,89,0.1797752808988764,0.25,0.4044943820224719,0.77358490566037741,41,53,4,12,73,7.0224719101123592,7.0224719101123592,1.4044943820224718
0.41999999999999998,0.76000000000000001,89,0.14606741573033707,0.23076923076923078,0.4044943820224719,0.81132075471698117,43,53,3,10,76,7.0224719101123592,7.0224719101123592,1.4044943820224718
0.41999999999999998,0.78000000000000003,89,0.12359550561797752,0.18181818181818182,0.4606741573033708,0.83018867924528306,44,53,2,9,78,7.3033707865168536,7.3033707865168536,1.4606741573033708
0.41999999999999998,0.80000000000000004,89,0.02247191011235955,0,0.4943820224719101,0.96226415094339623,51,53,0,2,87,7.4719101123595504,7.4719101123595504,1.49438202247191
0.41999999999999998,0.81999999999999995,89,0.02247191011235955,0,0.4943820224719101,0.96226415094339623,51,53,0,2,87,7.4719101123595504,7.4719101123595504,1.49438202247191
0.41999999999999998,0.83999999999999997,89,0,,0.4943820224719101,1,53,53,0,0,89,7.4719101123595504,7.4719101123595504,1.49438202247191
0.41999999999999998,0.85999999999999999,89,0,,0.4943820224719101,1,53,53,0,0,89,7.4719101123595504,7.4719101123595504,1.49438202247191
0.41999999999999998,0.88,89,0,,0.4943820224719101,1,53,53,0,0,89,7.4719101123595504,7.4719101123595504,1.49438202247191
0.41999999999999998,0.90000000000000002,89,0,,0.4943820224719101,1,53,53,0,0,89,7.4719101123595504,7.4719101123595504,1.49438202247191
0.41999999999999998,0.92000000000000004,89,0,,0.4943820224719101,1,53,53,0,0,89,7.4719101123595504,7.4719101123595504,1.49438202247191
0.41999999999999998,0.93999999999999995,89,0,,0.4943820224719101,1,53,53,0,0,89,7.4719101123595504,7.4719101123595504,1.49438202247191
0.41999999999999998,0.95999999999999996,89,0,,0.4943820224719101,1,53,53,0,0,89,7.4719101123595504,7.4719101123595504,1.49438202247191
0.41999999999999998,0.97999999999999998,89,0,,0.4943820224719101,1,53,53,0,0,89,7.4719101123595504,7.4719101123595504,1.49438202247191
0.41999999999999998,1,89,0,,0.4943820224719101,1,53,53,0,0,89,7.4719101123595504,7.4719101123595504,1.49438202247191
0.44,0.46000000000000002,89,0.48314606741573035,0.44186046511627908,0.033707865168539325,0.47169811320754718,25,53,19,24,46,5.1685393258426968,5.1685393258426968,1.0337078651685394
0.44,0.47999999999999998,89,0.47191011235955055,0.40476190476190477,0.078651685393258425,0.47169811320754718,25,53,17,25,47,5.393258426966292,5.393258426966292,1.0786516853932584
0.44,0.5,89,0.47191011235955055,0.40476190476190477,0.10112359550561797,0.47169811320754718,25,53,17,25,47,5.5056179775280896,5.5056179775280896,1.101123595505618
0.44,0.52000000000000002,89,0.4606741573033708,0.34146341463414637,0.12359550561797752,0.47169811320754718,25,53,14,27,48,5.617977528089888,5.617977528089888,1.1235955056179776
0.44,0.54000000000000004,89,0.4606741573033708,0.34146341463414637,0.16853932584269662,0.47169811320754718,25,53,14,27,48,5.8426966292134832,5.8426966292134832,1.1685393258426966
0.44,0.56000000000000005,89,0.39325842696629215,0.2857142857142857,0.23595505617977527,0.52830188679245282,28,53,10,25,54,6.1797752808988768,6.1797752808988768,1.2359550561797754
0.44,0.57999999999999996,89,0.3707865168539326,0.27272727272727271,0.25842696629213485,0.54716981132075471,29,53,9,24,56,6.2921348314606744,6.2921348314606744,1.2584269662921348
0.44,0.59999999999999998,89,0.34831460674157305,0.29032258064516131,0.2696629213483146,0.58490566037735847,31,53,9,22,58,6.3483146067415728,6.3483146067415728,1.2696629213483146
0.44,0.62,89,0.33707865168539325,0.29999999999999999,0.2808988764044944,0.60377358490566035,32,53,9,21,59,6.404494382022472,6.404494382022472,1.2808988764044944
0.44,0.64000000000000001,89,0.29213483146067415,0.26923076923076922,0.30337078651685395,0.64150943396226412,34,53,7,19,63,6.5168539325842696,6.5168539325842696,1.303370786516854
0.44,0.66000000000000003,89,0.23595505617977527,0.2857142857142857,0.3258426966292135,0.71698113207547165,38,53,6,15,68,6.6292134831460672,6.6292134831460672,1.3258426966292134
0.44,0.68000000000000005,89,0.21348314606741572,0.26315789473684209,0.34831460674157305,0.73584905660377353,39,53,5,14,70,6.7415730337078648,6.7415730337078648,1.348314606741573
0.44,0.69999999999999996,89,0.21348314606741572,0.26315789473684209,0.3595505617977528,0.73584905660377353,39,53,5,14,70,6.797752808988764,6.797752808988764,1.3595505617977528
0.44,0.71999999999999997,89,0.19101123595505617,0.23529411764705882,0.38202247191011235,0.75471698113207553,40,53,4,13,72,6.9101123595505616,6.9101123595505616,1.3820224719101124
0.44,0.73999999999999999,89,0.1797752808988764,0.25,0.39325842696629215,0.77358490566037741,41,53,4,12,73,6.9662921348314608,6.9662921348314608,1.3932584269662922
0.44,0.76000000000000001,89,0.14606741573033707,0.23076923076923078,0.39325842696629215,0.81132075471698117,43,53,3,10,76,6.9662921348314608,6.9662921348314608,1.3932584269662922
0.44,0.78000000000000003,89,0.12359550561797752,0.18181818181818182,0.449438202247191,0.83018867924528306,44,53,2,9,78,7.2471910112359552,7.2471910112359552,1.449438202247191
0.44,0.80000000000000004,89,0.02247191011235955,0,0.48314606741573035,0.96226415094339623,51,53,0,2,87,7.415730337078652,7.415730337078652,1.4831460674157304
0.44,0.81999999999999995,89,0.02247191011235955,0,0.48314606741573035,0.96226415094339623,51,53,0,2,87,7.415730337078652,7.415730337078652,1.4831460674157304
0.44,0.83999999999999997,89,0,,0.48314606741573035,1,53,53,0,0,89,7.415730337078652,7.415730337078652,1.4831460674157304
0.44,0.85999999999999999,89,0,,0.48314606741573035,1,53,53,0,0,89,7.415730337078652,7.415730337078652,1.4831460674157304
0.44,0.88,89,0,,0.48314606741573035,1,53,53,0,0,89,7.415730337078652,7.415730337078652,1.4831460674157304
0.44,0.90000000000000002,89,0,,0.48314606741573035,1,53,53,0,0,89,7.415730337078652,7.415730337078652,1.4831460674157304
0.44,0.92000000000000004,89,0,,0.48314606741573035,1,53,53,0,0,89,7.415730337078652,7.415730337078652,1.4831460674157304
0.44,0.93999999999999995,89,0,,0.48314606741573035,1,53,53,0,0,89,7.415730337078652,7.415730337078652,1.4831460674157304
0.44,0.95999999999999996,89,0,,0.48314606741573035,1,53,53,0,0,89,7.415730337078652,7.415730337078652,1.4831460674157304
0.44,0.97999999999999998,89,0,,0.48314606741573035,1,53,53,0,0,89,7.415730337078652,7.415730337078652,1.4831460674157304
0.44,1,89,0,,0.48314606741573035,1,53,53,0,0,89,7.415730337078652,7.415730337078652,1.4831460674157304
0.46000000000000002,0.47999999999999998,89,0.449438202247191,0.42499999999999999,0.0449438202247191,0.50943396226415094,27,53,17,23,49,5.2247191011235952,5.2247191011235952,1.044943820224719
0.46000000000000002,0.5,89,0.449438202247191,0.42499999999999999,0.06741573033707865,0.50943396226415094,27,53,17,23,49,5.3370786516853936,5.3370786516853936,1.0674157303370788
0.46000000000000002,0.52000000000000002,89,0.43820224719101125,0.35897435897435898,0.0898876404494382,0.50943396226415094,27,53,14,25,50,5.4494382022471912,5.4494382022471912,1.0898876404494382
0.46000000000000002,0.54000000000000004,89,0.43820224719101125,0.35897435897435898,0.1348314606741573,0.50943396226415094,27,53,14,25,50,5.6741573033707864,5.6741573033707864,1.1348314606741572
0.46000000000000002,0.56000000000000005,89,0.38202247191011235,0.29411764705882354,0.20224719101123595,0.54716981132075471,29,53,10,24,55,6.01123595505618,6.01123595505618,1.202247191011236
0.46000000000000002,0.57999999999999996,89,0.3595505617977528,0.28125,0.2247191011235955,0.56603773584905659,30,53,9,23,57,6.1235955056179776,6.1235955056179776,1.2247191011235956
0.46000000000000002,0.59999999999999998,89,0.33707865168539325,0.29999999999999999,0.23595505617977527,0.60377358490566035,32,53,9,21,59,6.1797752808988768,6.1797752808988768,1.2359550561797754
0.46000000000000002,0.62,89,0.3258426966292135,0.31034482758620691,0.24719101123595505,0.62264150943396224,33,53,9,20,60,6.2359550561797752,6.2359550561797752,1.247191011235955
0.46000000000000002,0.64000000000000001,89,0.29213483146067415,0.26923076923076922,0.2696629213483146,0.64150943396226412,34,53,7,19,63,6.3483146067415728,6.3483146067415728,1.2696629213483146
0.46000000000000002,0.66000000000000003,89,0.23595505617977527,0.2857142857142857,0.29213483146067415,0.71698113207547165,38,53,6,15,68,6.4606741573033704,6.4606741573033704,1.292134831460674
0.46000000000000002,0.68000000000000005,89,0.21348314606741572,0.26315789473684209,0.3146067415730337,0.73584905660377353,39,53,5,14,70,6.5730337078651688,6.5730337078651688,1.3146067415730338
0.46000000000000002,0.69999999999999996,89,0.21348314606741572,0.26315789473684209,0.3258426966292135,0.73584905660377353,39,53,5,14,70,6.6292134831460672,6.6292134831460672,1.3258426966292134
0.46000000000000002,0.71999999999999997,89,0.19101123595505617,0.23529411764705882,0.34831460674157305,0.75471698113207553,40,53,4,13,72,6.7415730337078648,6.7415730337078648,1.348314606741573
0.46000000000000002,0.73999999999999999,89,0.1797752808988764,0.25,0.3595505617977528,0.77358490566037741,41,53,4,12,73,6.797752808988764,6.797752808988764,1.3595505617977528
0.46000000000000002,0.76000000000000001,89,0.14606741573033707,0.23076923076923078,0.3595505617977528,0.81132075471698117,43,53,3,10,76,6.797752808988764,6.797752808988764,1.3595505617977528
0.46000000000000002,0.78000000000000003,89,0.12359550561797752,0.18181818181818182,0.4157303370786517,0.83018867924528306,44,53,2,9,78,7.0786516853932584,7.0786516853932584,1.4157303370786516
0.46000000000000002,0.80000000000000004,89,0.02247191011235955,0,0.449438202247191,0.96226415094339623,51,53,0,2,87,7.2471910112359552,7.2471910112359552,1.449438202247191
0.46000000000000002,0.81999999999999995,89,0.02247191011235955,0,0.449438202247191,0.96226415094339623,51,53,0,2,87,7.2471910112359552,7.2471910112359552,1.449438202247191
0.46000000000000002,0.83999999999999997,89,0,,0.449438202247191,1,53,53,0,0,89,7.2471910112359552,7.2471910112359552,1.449438202247191
0.46000000000000002,0.85999999999999999,89,0,,0.449438202247191,1,53,53,0,0,89,7.2471910112359552,7.2471910112359552,1.449438202247191
0.46000000000000002,0.88,89,0,,0.449438202247191,1,53,53,0,0,89,7.2471910112359552,7.2471910112359552,1.449438202247191
0.46000000000000002,0.90000000000000002,89,0,,0.449438202247191,1,53,53,0,0,89,7.2471910112359552,7.2471910112359552,1.449438202247191
0.46000000000000002,0.92000000000000004,89,0,,0.449438202247191,1,53,53,0,0,89,7.2471910112359552,7.2471910112359552,1.449438202247191
0.46000000000000002,0.93999999999999995,89,0,,0.449438202247191,1,53,53,0,0,89,7.2471910112359552,7.2471910112359552,1.449438202247191
0.46000000000000002,0.95999999999999996,89,0,,0.449438202247191,1,53,53,0,0,89,7.2471910112359552,7.2471910112359552,1.449438202247191
0.46000000000000002,0.97999999999999998,89,0,,0.449438202247191,1,53,53,0,0,89,7.2471910112359552,7.2471910112359552,1.449438202247191
0.46000000000000002,1,89,0,,0.449438202247191,1,53,53,0,0,89,7.2471910112359552,7.2471910112359552,1.449438202247191
0.47999999999999998,0.5,89,0.4044943820224719,0.3888888888888889,0.02247191011235955,0.52830188679245282,28,53,14,22,53,5.1123595505617976,5.1123595505617976,1.0224719101123596
0.47999999999999998,0.52000000000000002,89,0.39325842696629215,0.31428571428571428,0.0449438202247191,0.52830188679245282,28,53,11,24,54,5.2247191011235952,5.2247191011235952,1.044943820224719
0.47999999999999998,0.54000000000000004,89,0.39325842696629215,0.31428571428571428,0.0898876404494382,0.52830188679245282,28,53,11,24,54,5.4494382022471912,5.4494382022471912,1.0898876404494382
0.47999999999999998,0.56000000000000005,89,0.34831460674157305,0.25806451612903225,0.15730337078651685,0.56603773584905659,30,53,8,23,58,5.786516853932584,5.786516853932584,1.1573033707865168
0.47999999999999998,0.57999999999999996,89,0.33707865168539325,0.23333333333333334,0.1797752808988764,0.56603773584905659,30,53,7,23,59,5.8988764044943824,5.8988764044943824,1.1797752808988764
0.47999999999999998,0.59999999999999998,89,0.3146067415730337,0.25,0.19101123595505617,0.60377358490566035,32,53,7,21,61,5.9550561797752808,5.9550561797752808,1.1910112359550562
0.47999999999999998,0.62,89,0.30337078651685395,0.25925925925925924,0.20224719101123595,0.62264150943396224,33,53,7,20,62,6.01123595505618,6.01123595505618,1.202247191011236
0.47999999999999998,0.64000000000000001,89,0.2808988764044944,0.23999999999999999,0.2247191011235955,0.64150943396226412,34,53,6,19,64,6.1235955056179776,6.1235955056179776,1.2247191011235956
0.47999999999999998,0.66000000000000003,89,0.2247191011235955,0.25,0.24719101123595505,0.71698113207547165,38,53,5,15,69,6.2359550561797752,6.2359550561797752,1.247191011235955
0.47999999999999998,0.68000000000000005,89,0.20224719101123595,0.22222222222222221,0.2696629213483146,0.73584905660377353,39,53,4,14,71,6.3483146067415728,6.3483146067415728,1.2696629213483146
0.47999999999999998,0.69999999999999996,89,0.20224719101123595,0.22222222222222221,0.2808988764044944,0.73584905660377353,39,53,4,14,71,6.404494382022472,6.404494382022472,1.2808988764044944
0.47999999999999998,0.71999999999999997,89,0.1797752808988764,0.1875,0.30337078651685395,0.75471698113207553,40,53,3,13,73,6.5168539325842696,6.5168539325842696,1.303370786516854
0.47999999999999998,0.73999999999999999,89,0.16853932584269662,0.20000000000000001,0.3146067415730337,0.77358490566037741,41,53,3,12,74,6.5730337078651688,6.5730337078651688,1.3146067415730338
0.47999999999999998,0.76000000000000001,89,0.14606741573033707,0.23076923076923078,0.3146067415730337,0.81132075471698117,43,53,3,10,76,6.5730337078651688,6.5730337078651688,1.3146067415730338
0.47999999999999998,0.78000000000000003,89,0.12359550561797752,0.18181818181818182,0.3707865168539326,0.83018867924528306,44,53,2,9,78,6.8539325842696632,6.8539325842696632,1.3707865168539326
0.47999999999999998,0.80000000000000004,89,0.02247191011235955,0,0.4044943820224719,0.96226415094339623,51,53,0,2,87,7.0224719101123592,7.0224719101123592,1.4044943820224718
0.47999999999999998,0.81999999999999995,89,0.02247191011235955,0,0.4044943820224719,0.96226415094339623,51,53,0,2,87,7.0224719101123592,7.0224719101123592,1.4044943820224718
0.47999999999999998,0.83999999999999997,89,0,,0.4044943820224719,1,53,53,0,0,89,7.0224719101123592,7.0224719101123592,1.4044943820224718
0.47999999999999998,0.85999999999999999,89,0,,0.4044943820224719,1,53,53,0,0,89,7.0224719101123592,7.0224719101123592,1.4044943820224718
0.47999999999999998,0.88,89,0,,0.4044943820224719,1,53,53,0,0,89,7.0224719101123592,7.0224719101123592,1.4044943820224718
0.47999999999999998,0.90000000000000002,89,0,,0.4044943820224719,1,53,53,0,0,89,7.0224719101123592,7.0224719101123592,1.4044943820224718
0.47999999999999998,0.92000000000000004,89,0,,0.4044943820224719,1,53,53,0,0,89,7.0224719101123592,7.0224719101123592,1.4044943820224718
0.47999999999999998,0.93999999999999995,89,0,,0.4044943820224719,1,53,53,0,0,89,7.0224719101123592,7.0224719101123592,1.4044943820224718
0.47999999999999998,0.95999999999999996,89,0,,0.4044943820224719,1,53,53,0,0,89,7.0224719101123592,7.0224719101123592,1.4044943820224718
0.47999999999999998,0.97999999999999998,89,0,,0.4044943820224719,1,53,53,0,0,89,7.0224719101123592,7.0224719101123592,1.4044943820224718
0.47999999999999998,1,89,0,,0.4044943820224719,1,53,53,0,0,89,7.0224719101123592,7.0224719101123592,1.4044943820224718
0.5,0.52000000000000002,89,0.38202247191011235,0.29411764705882354,0.02247191011235955,0.52830188679245282,28,53,10,24,55,5.1123595505617976,5.1123595505617976,1.0224719101123596
0.5,0.54000000000000004,89,0.38202247191011235,0.29411764705882354,0.06741573033707865,0.52830188679245282,28,53,10,24,55,5.3370786516853936,5.3370786516853936,1.0674157303370788
0.5,0.56000000000000005,89,0.34831460674157305,0.25806451612903225,0.1348314606741573,0.56603773584905659,30,53,8,23,58,5.6741573033707864,5.6741573033707864,1.1348314606741572
0.5,0.57999999999999996,89,0.33707865168539325,0.23333333333333334,0.15730337078651685,0.56603773584905659,30,53,7,23,59,5.786516853932584,5.786516853932584,1.1573033707865168
0.5,0.59999999999999998,89,0.3146067415730337,0.25,0.16853932584269662,0.60377358490566035,32,53,7,21,61,5.8426966292134832,5.8426966292134832,1.1685393258426966
0.5,0.62,89,0.30337078651685395,0.25925925925925924,0.1797752808988764,0.62264150943396224,33,53,7,20,62,5.8988764044943824,5.8988764044943824,1.1797752808988764
0.5,0.64000000000000001,89,0.2808988764044944,0.23999999999999999,0.20224719101123595,0.64150943396226412,34,53,6,19,64,6.01123595505618,6.01123595505618,1.202247191011236
0.5,0.66000000000000003,89,0.2247191011235955,0.25,0.2247191011235955,0.71698113207547165,38,53,5,15,69,6.1235955056179776,6.1235955056179776,1.2247191011235956
0.5,0.68000000000000005,89,0.20224719101123595,0.22222222222222221,0.24719101123595505,0.73584905660377353,39,53,4,14,71,6.2359550561797752,6.2359550561797752,1.247191011235955
0.5,0.69999999999999996,89,0.20224719101123595,0.22222222222222221,0.25842696629213485,0.73584905660377353,39,53,4,14,71,6.2921348314606744,6.2921348314606744,1.2584269662921348
0.5,0.71999999999999997,89,0.1797752808988764,0.1875,0.2808988764044944,0.75471698113207553,40,53,3,13,73,6.404494382022472,6.404494382022472,1.2808988764044944
0.5,0.73999999999999999,89,0.16853932584269662,0.20000000000000001,0.29213483146067415,0.77358490566037741,41,53,3,12,74,6.4606741573033704,6.4606741573033704,1.292134831460674
0.5,0.76000000000000001,89,0.14606741573033707,0.23076923076923078,0.29213483146067415,0.81132075471698117,43,53,3,10,76,6.4606741573033704,6.4606741573033704,1.292134831460674
0.5,0.78000000000000003,89,0.12359550561797752,0.18181818181818182,0.34831460674157305,0.83018867924528306,44,53,2,9,78,6.7415730337078648,6.7415730337078648,1.348314606741573
0.5,0.80000000000000004,89,0.02247191011235955,0,0.38202247191011235,0.96226415094339623,51,53,0,2,87,6.9101123595505616,6.9101123595505616,1.3820224719101124
0.5,0.81999999999999995,89,0.02247191011235955,0,0.38202247191011235,0.96226415094339623,51,53,0,2,87,6.9101123595505616,6.9101123595505616,1.3820224719101124
0.5,0.83999999999999997,89,0,,0.38202247191011235,1,53,53,0,0,89,6.9101123595505616,6.9101123595505616,1.3820224719101124
0.5,0.85999999999999999,89,0,,0.38202247191011235,1,53,53,0,0,89,6.9101123595505616,6.9101123595505616,1.3820224719101124
0.5,0.88,89,0,,0.38202247191011235,1,53,53,0,0,89,6.9101123595505616,6.9101123595505616,1.3820224719101124
0.5,0.90000000000000002,89,0,,0.38202247191011235,1,53,53,0,0,89,6.9101123595505616,6.9101123595505616,1.3820224719101124
0.5,0.92000000000000004,89,0,,0.38202247191011235,1,53,53,0,0,89,6.9101123595505616,6.9101123595505616,1.3820224719101124
0.5,0.93999999999999995,89,0,,0.38202247191011235,1,53,53,0,0,89,6.9101123595505616,6.9101123595505616,1.3820224719101124
0.5,0.95999999999999996,89,0,,0.38202247191011235,1,53,53,0,0,89,6.9101123595505616,6.9101123595505616,1.3820224719101124
0.5,0.97999999999999998,89,0,,0.38202247191011235,1,53,53,0,0,89,6.9101123595505616,6.9101123595505616,1.3820224719101124
0.5,1,89,0,,0.38202247191011235,1,53,53,0,0,89,6.9101123595505616,6.9101123595505616,1.3820224719101124
0.52000000000000002,0.54000000000000004,89,0.3595505617977528,0.3125,0.0449438202247191,0.56603773584905659,30,53,10,22,57,5.2247191011235952,5.2247191011235952,1.044943820224719
0.52000000000000002,0.56000000000000005,89,0.3258426966292135,0.27586206896551724,0.11235955056179775,0.60377358490566035,32,53,8,21,60,5.5617977528089888,5.5617977528089888,1.1123595505617978
0.52000000000000002,0.57999999999999996,89,0.3146067415730337,0.25,0.1348314606741573,0.60377358490566035,32,53,7,21,61,5.6741573033707864,5.6741573033707864,1.1348314606741572
0.52000000000000002,0.59999999999999998,89,0.30337078651685395,0.25925925925925924,0.14606741573033707,0.62264150943396224,33,53,7,20,62,5.7303370786516856,5.7303370786516856,1.1460674157303372
0.52000000000000002,0.62,89,0.29213483146067415,0.26923076923076922,0.15730337078651685,0.64150943396226412,34,53,7,19,63,5.786516853932584,5.786516853932584,1.1573033707865168
0.52000000000000002,0.64000000000000001,89,0.2696629213483146,0.25,0.1797752808988764,0.660377358490566,35,53,6,18,65,5.8988764044943824,5.8988764044943824,1.1797752808988764
0.52000000000000002,0.66000000000000003,89,0.2247191011235955,0.25,0.20224719101123595,0.71698113207547165,38,53,5,15,69,6.01123595505618,6.01123595505618,1.202247191011236
0.52000000000000002,0.68000000000000005,89,0.20224719101123595,0.22222222222222221,0.2247191011235955,0.73584905660377353,39,53,4,14,71,6.1235955056179776,6.1235955056179776,1.2247191011235956
0.52000000000000002,0.69999999999999996,89,0.20224719101123595,0.22222222222222221,0.23595505617977527,0.73584905660377353,39,53,4,14,71,6.1797752808988768,6.1797752808988768,1.2359550561797754
0.52000000000000002,0.71999999999999997,89,0.1797752808988764,0.1875,0.25842696629213485,0.75471698113207553,40,53,3,13,73,6.2921348314606744,6.2921348314606744,1.2584269662921348
0.52000000000000002,0.73999999999999999,89,0.16853932584269662,0.20000000000000001,0.2696629213483146,0.77358490566037741,41,53,3,12,74,6.3483146067415728,6.3483146067415728,1.2696629213483146
0.52000000000000002,0.76000000000000001,89,0.14606741573033707,0.23076923076923078,0.2696629213483146,0.81132075471698117,43,53,3,10,76,6.3483146067415728,6.3483146067415728,1.2696629213483146
0.52000000000000002,0.78000000000000003,89,0.12359550561797752,0.18181818181818182,0.3258426966292135,0.83018867924528306,44,53,2,9,78,6.6292134831460672,6.6292134831460672,1.3258426966292134
0.52000000000000002,0.80000000000000004,89,0.02247191011235955,0,0.3595505617977528,0.96226415094339623,51,53,0,2,87,6.797752808988764,6.797752808988764,1.3595505617977528
0.52000000000000002,0.81999999999999995,89,0.02247191011235955,0,0.3595505617977528,0.96226415094339623,51,53,0,2,87,6.797752808988764,6.797752808988764,1.3595505617977528
0.52000000000000002,0.83999999999999997,89,0,,0.3595505617977528,1,53,53,0,0,89,6.797752808988764,6.797752808988764,1.3595505617977528
0.52000000000000002,0.85999999999999999,89,0,,0.3595505617977528,1,53,53,0,0,89,6.797752808988764,6.797752808988764,1.3595505617977528
0.52000000000000002,0.88,89,0,,0.3595505617977528,1,53,53,0,0,89,6.797752808988764,6.797752808988764,1.3595505617977528
0.52000000000000002,0.90000000000000002,89,0,,0.3595505617977528,1,53,53,0,0,89,6.797752808988764,6.797752808988764,1.3595505617977528
0.52000000000000002,0.92000000000000004,89,0,,0.3595505617977528,1,53,53,0,0,89,6.797752808988764,6.797752808988764,1.3595505617977528
0.52000000000000002,0.93999999999999995,89,0,,0.3595505617977528,1,53,53,0,0,89,6.797752808988764,6.797752808988764,1.3595505617977528
0.52000000000000002,0.95999999999999996,89,0,,0.3595505617977528,1,53,53,0,0,89,6.797752808988764,6.797752808988764,1.3595505617977528
0.52000000000000002,0.97999999999999998,89,0,,0.3595505617977528,1,53,53,0,0,89,6.797752808988764,6.797752808988764,1.3595505617977528
0.52000000000000002,1,89,0,,0.3595505617977528,1,53,53,0,0,89,6.797752808988764,6.797752808988764,1.3595505617977528
0.54000000000000004,0.56000000000000005,89,0.29213483146067415,0.30769230769230771,0.06741573033707865,0.660377358490566,35,53,8,18,63,5.3370786516853936,5.3370786516853936,1.0674157303370788
0.54000000000000004,0.57999999999999996,89,0.2808988764044944,0.28000000000000003,0.0898876404494382,0.660377358490566,35,53,7,18,64,5.4494382022471912,5.4494382022471912,1.0898876404494382
0.54000000000000004,0.59999999999999998,89,0.2808988764044944,0.28000000000000003,0.10112359550561797,0.660377358490566,35,53,7,18,64,5.5056179775280896,5.5056179775280896,1.101123595505618
0.54000000000000004,0.62,89,0.2696629213483146,0.29166666666666669,0.11235955056179775,0.67924528301886788,36,53,7,17,65,5.5617977528089888,5.5617977528089888,1.1123595505617978
0.54000000000000004,0.64000000000000001,89,0.24719101123595505,0.27272727272727271,0.1348314606741573,0.69811320754716977,37,53,6,16,67,5.6741573033707864,5.6741573033707864,1.1348314606741572
0.54000000000000004,0.66000000000000003,89,0.2247191011235955,0.25,0.15730337078651685,0.71698113207547165,38,53,5,15,69,5.786516853932584,5.786516853932584,1.1573033707865168
0.54000000000000004,0.68000000000000005,89,0.20224719101123595,0.22222222222222221,0.1797752808988764,0.73584905660377353,39,53,4,14,71,5.8988764044943824,5.8988764044943824,1.1797752808988764
0.54000000000000004,0.69999999999999996,89,0.20224719101123595,0.22222222222222221,0.19101123595505617,0.73584905660377353,39,53,4,14,71,5.9550561797752808,5.9550561797752808,1.1910112359550562
0.54000000000000004,0.71999999999999997,89,0.1797752808988764,0.1875,0.21348314606741572,0.75471698113207553,40,53,3,13,73,6.0674157303370784,6.0674157303370784,1.2134831460674156
0.54000000000000004,0.73999999999999999,89,0.16853932584269662,0.20000000000000001,0.2247191011235955,0.77358490566037741,41,53,3,12,74,6.1235955056179776,6.1235955056179776,1.2247191011235956
0.54000000000000004,0.76000000000000001,89,0.14606741573033707,0.23076923076923078,0.2247191011235955,0.81132075471698117,43,53,3,10,76,6.1235955056179776,6.1235955056179776,1.2247191011235956
0.54000000000000004,0.78000000000000003,89,0.12359550561797752,0.18181818181818182,0.2808988764044944,0.83018867924528306,44,53,2,9,78,6.404494382022472,6.404494382022472,1.2808988764044944
0.54000000000000004,0.80000000000000004,89,0.02247191011235955,0,0.3146067415730337,0.96226415094339623,51,53,0,2,87,6.5730337078651688,6.5730337078651688,1.3146067415730338
0.54000000000000004,0.81999999999999995,89,0.02247191011235955,0,0.3146067415730337,0.96226415094339623,51,53,0,2,87,6.5730337078651688,6.5730337078651688,1.3146067415730338
0.54000000000000004,0.83999999999999997,89,0,,0.3146067415730337,1,53,53,0,0,89,6.5730337078651688,6.5730337078651688,1.3146067415730338
0.54000000000000004,0.85999999999999999,89,0,,0.3146067415730337,1,53,53,0,0,89,6.5730337078651688,6.5730337078651688,1.3146067415730338
0.54000000000000004,0.88,89,0,,0.3146067415730337,1,53,53,0,0,89,6.5730337078651688,6.5730337078651688,1.3146067415730338
0.54000000000000004,0.90000000000000002,89,0,,0.3146067415730337,1,53,53,0,0,89,6.5730337078651688,6.5730337078651688,1.3146067415730338
0.54000000000000004,0.92000000000000004,89,0,,0.3146067415730337,1,53,53,0,0,89,6.5730337078651688,6.5730337078651688,1.3146067415730338
0.54000000000000004,0.93999999999999995,89,0,,0.3146067415730337,1,53,53,0,0,89,6.5730337078651688,6.5730337078651688,1.3146067415730338
0.54000000000000004,0.95999999999999996,89,0,,0.3146067415730337,1,53,53,0,0,89,6.5730337078651688,6.5730337078651688,1.3146067415730338
0.54000000000000004,0.97999999999999998,89,0,,0.3146067415730337,1,53,53,0,0,89,6.5730337078651688,6.5730337078651688,1.3146067415730338
0.54000000000000004,1,89,0,,0.3146067415730337,1,53,53,0,0,89,6.5730337078651688,6.5730337078651688,1.3146067415730338
0.56000000000000005,0.57999999999999996,89,0.24719101123595505,0.31818181818181818,0.02247191011235955,0.71698113207547165,38,53,7,15,67,5.1123595505617976,5.1123595505617976,1.0224719101123596
0.56000000000000005,0.59999999999999998,89,0.24719101123595505,0.31818181818181818,0.033707865168539325,0.71698113207547165,38,53,7,15,67,5.1685393258426968,5.1685393258426968,1.0337078651685394
0.56000000000000005,0.62,89,0.24719101123595505,0.31818181818181818,0.0449438202247191,0.71698113207547165,38,53,7,15,67,5.2247191011235952,5.2247191011235952,1.044943820224719
0.56000000000000005,0.64000000000000001,89,0.23595505617977527,0.2857142857142857,0.06741573033707865,0.71698113207547165,38,53,6,15,68,5.3370786516853936,5.3370786516853936,1.0674157303370788
0.56000000000000005,0.66000000000000003,89,0.2247191011235955,0.25,0.0898876404494382,0.71698113207547165,38,53,5,15,69,5.4494382022471912,5.4494382022471912,1.0898876404494382
0.56000000000000005,0.68000000000000005,89,0.20224719101123595,0.22222222222222221,0.11235955056179775,0.73584905660377353,39,53,4,14,71,5.5617977528089888,5.5617977528089888,1.1123595505617978
0.56000000000000005,0.69999999999999996,89,0.20224719101123595,0.22222222222222221,0.12359550561797752,0.73584905660377353,39,53,4,14,71,5.617977528089888,5.617977528089888,1.1235955056179776
0.56000000000000005,0.71999999999999997,89,0.1797752808988764,0.1875,0.14606741573033707,0.75471698113207553,40,53,3,13,73,5.7303370786516856,5.7303370786516856,1.1460674157303372
0.56000000000000005,0.73999999999999999,89,0.16853932584269662,0.20000000000000001,0.15730337078651685,0.77358490566037741,41,53,3,12,74,5.786516853932584,5.786516853932584,1.1573033707865168
0.56000000000000005,0.76000000000000001,89,0.14606741573033707,0.23076923076923078,0.15730337078651685,0.81132075471698117,43,53,3,10,76,5.786516853932584,5.786516853932584,1.1573033707865168
0.56000000000000005,0.78000000000000003,89,0.12359550561797752,0.18181818181818182,0.21348314606741572,0.83018867924528306,44,53,2,9,78,6.0674157303370784,6.0674157303370784,1.2134831460674156
0.56000000000000005,0.80000000000000004,89,0.02247191011235955,0,0.24719101123595505,0.96226415094339623,51,53,0,2,87,6.2359550561797752,6.2359550561797752,1.247191011235955
0.56000000000000005,0.81999999999999995,89,0.02247191011235955,0,0.24719101123595505,0.96226415094339623,51,53,0,2,87,6.2359550561797752,6.2359550561797752,1.247191011235955
0.56000000000000005,0.83999999999999997,89,0,,0.24719101123595505,1,53,53,0,0,89,6.2359550561797752,6.2359550561797752,1.247191011235955
0.56000000000000005,0.85999999999999999,89,0,,0.24719101123595505,1,53,53,0,0,89,6.2359550561797752,6.2359550561797752,1.247191011235955
0.56000000000000005,0.88,89,0,,0.24719101123595505,1,53,53,0,0,89,6.2359550561797752,6.2359550561797752,1.247191011235955
0.56000000000000005,0.90000000000000002,89,0,,0.24719101123595505,1,53,53,0,0,89,6.2359550561797752,6.2359550561797752,1.247191011235955
0.56000000000000005,0.92000000000000004,89,0,,0.24719101123595505,1,53,53,0,0,89,6.2359550561797752,6.2359550561797752,1.247191011235955
0.56000000000000005,0.93999999999999995,89,0,,0.24719101123595505,1,53,53,0,0,89,6.2359550561797752,6.2359550561797752,1.247191011235955
0.56000000000000005,0.95999999999999996,89,0,,0.24719101123595505,1,53,53,0,0,89,6.2359550561797752,6.2359550561797752,1.247191011235955
0.56000000000000005,0.97999999999999998,89,0,,0.24719101123595505,1,53,53,0,0,89,6.2359550561797752,6.2359550561797752,1.247191011235955
0.56000000000000005,1,89,0,,0.24719101123595505,1,53,53,0,0,89,6.2359550561797752,6.2359550561797752,1.247191011235955
0.57999999999999996,0.59999999999999998,89,0.2247191011235955,0.29999999999999999,0.011235955056179775,0.73584905660377353,39,53,6,14,69,5.0561797752808992,5.0561797752808992,1.0112359550561798
0.57999999999999996,0.62,89,0.2247191011235955,0.29999999999999999,0.02247191011235955,0.73584905660377353,39,53,6,14,69,5.1123595505617976,5.1123595505617976,1.0224719101123596
0.57999999999999996,0.64000000000000001,89,0.2247191011235955,0.29999999999999999,0.0449438202247191,0.73584905660377353,39,53,6,14,69,5.2247191011235952,5.2247191011235952,1.044943820224719
0.57999999999999996,0.66000000000000003,89,0.21348314606741572,0.26315789473684209,0.06741573033707865,0.73584905660377353,39,53,5,14,70,5.3370786516853936,5.3370786516853936,1.0674157303370788
0.57999999999999996,0.68000000000000005,89,0.19101123595505617,0.23529411764705882,0.0898876404494382,0.75471698113207553,40,53,4,13,72,5.4494382022471912,5.4494382022471912,1.0898876404494382
0.57999999999999996,0.69999999999999996,89,0.19101123595505617,0.23529411764705882,0.10112359550561797,0.75471698113207553,40,53,4,13,72,5.5056179775280896,5.5056179775280896,1.101123595505618
0.57999999999999996,0.71999999999999997,89,0.16853932584269662,0.20000000000000001,0.12359550561797752,0.77358490566037741,41,53,3,12,74,5.617977528089888,5.617977528089888,1.1235955056179776
0.57999999999999996,0.73999999999999999,89,0.15730337078651685,0.21428571428571427,0.1348314606741573,0.79245283018867929,42,53,3,11,75,5.6741573033707864,5.6741573033707864,1.1348314606741572
0.57999999999999996,0.76000000000000001,89,0.14606741573033707,0.23076923076923078,0.1348314606741573,0.81132075471698117,43,53,3,10,76,5.6741573033707864,5.6741573033707864,1.1348314606741572
0.57999999999999996,0.78000000000000003,89,0.12359550561797752,0.18181818181818182,0.19101123595505617,0.83018867924528306,44,53,2,9,78,5.9550561797752808,5.9550561797752808,1.1910112359550562
0.57999999999999996,0.80000000000000004,89,0.02247191011235955,0,0.2247191011235955,0.96226415094339623,51,53,0,2,87,6.1235955056179776,6.1235955056179776,1.2247191011235956
0.57999999999999996,0.81999999999999995,89,0.02247191011235955,0,0.2247191011235955,0.96226415094339623,51,53,0,2,87,6.1235955056179776,6.1235955056179776,1.2247191011235956
0.57999999999999996,0.83999999999999997,89,0,,0.2247191011235955,1,53,53,0,0,89,6.1235955056179776,6.1235955056179776,1.2247191011235956
0.57999999999999996,0.85999999999999999,89,0,,0.2247191011235955,1,53,53,0,0,89,6.1235955056179776,6.1235955056179776,1.2247191011235956
0.57999999999999996,0.88,89,0,,0.2247191011235955,1,53,53,0,0,89,6.1235955056179776,6.1235955056179776,1.2247191011235956
0.57999999999999996,0.90000000000000002,89,0,,0.2247191011235955,1,53,53,0,0,89,6.1235955056179776,6.1235955056179776,1.2247191011235956
0.57999999999999996,0.92000000000000004,89,0,,0.2247191011235955,1,53,53,0,0,89,6.1235955056179776,6.1235955056179776,1.2247191011235956
0.57999999999999996,0.93999999999999995,89,0,,0.2247191011235955,1,53,53,0,0,89,6.1235955056179776,6.1235955056179776,1.2247191011235956
0.57999999999999996,0.95999999999999996,89,0,,0.2247191011235955,1,53,53,0,0,89,6.1235955056179776,6.1235955056179776,1.2247191011235956
0.57999999999999996,0.97999999999999998,89,0,,0.2247191011235955,1,53,53,0,0,89,6.1235955056179776,6.1235955056179776,1.2247191011235956
0.57999999999999996,1,89,0,,0.2247191011235955,1,53,53,0,0,89,6.1235955056179776,6.1235955056179776,1.2247191011235956
0.59999999999999998,0.62,89,0.21348314606741572,0.31578947368421051,0.011235955056179775,0.75471698113207553,40,53,6,13,70,5.0561797752808992,5.0561797752808992,1.0112359550561798
0.59999999999999998,0.64000000000000001,89,0.21348314606741572,0.31578947368421051,0.033707865168539325,0.75471698113207553,40,53,6,13,70,5.1685393258426968,5.1685393258426968,1.0337078651685394
0.59999999999999998,0.66000000000000003,89,0.20224719101123595,0.27777777777777779,0.056179775280898875,0.75471698113207553,40,53,5,13,71,5.2808988764044944,5.2808988764044944,1.0561797752808988
0.59999999999999998,0.68000000000000005,89,0.19101123595505617,0.23529411764705882,0.078651685393258425,0.75471698113207553,40,53,4,13,72,5.393258426966292,5.393258426966292,1.0786516853932584
0.59999999999999998,0.69999999999999996,89,0.19101123595505617,0.23529411764705882,0.0898876404494382,0.75471698113207553,40,53,4,13,72,5.4494382022471912,5.4494382022471912,1.0898876404494382
0.59999999999999998,0.71999999999999997,89,0.16853932584269662,0.20000000000000001,0.11235955056179775,0.77358490566037741,41,53,3,12,74,5.5617977528089888,5.5617977528089888,1.1123595505617978
0.59999999999999998,0.73999999999999999,89,0.15730337078651685,0.21428571428571427,0.12359550561797752,0.79245283018867929,42,53,3,11,75,5.617977528089888,5.617977528089888,1.1235955056179776
0.59999999999999998,0.76000000000000001,89,0.14606741573033707,0.23076923076923078,0.12359550561797752,0.81132075471698117,43,53,3,10,76,5.617977528089888,5.617977528089888,1.1235955056179776
0.59999999999999998,0.78000000000000003,89,0.12359550561797752,0.18181818181818182,0.1797752808988764,0.83018867924528306,44,53,2,9,78,5.8988764044943824,5.8988764044943824,1.1797752808988764
0.59999999999999998,0.80000000000000004,89,0.02247191011235955,0,0.21348314606741572,0.96226415094339623,51,53,0,2,87,6.0674157303370784,6.0674157303370784,1.2134831460674156
0.59999999999999998,0.81999999999999995,89,0.02247191011235955,0,0.21348314606741572,0.96226415094339623,51,53,0,2,87,6.0674157303370784,6.0674157303370784,1.2134831460674156
0.59999999999999998,0.83999999999999997,89,0,,0.21348314606741572,1,53,53,0,0,89,6.0674157303370784,6.0674157303370784,1.2134831460674156
0.59999999999999998,0.85999999999999999,89,0,,0.21348314606741572,1,53,53,0,0,89,6.0674157303370784,6.0674157303370784,1.2134831460674156
0.59999999999999998,0.88,89,0,,0.21348314606741572,1,53,53,0,0,89,6.0674157303370784,6.0674157303370784,1.2134831460674156
0.59999999999999998,0.90000000000000002,89,0,,0.21348314606741572,1,53,53,0,0,89,6.0674157303370784,6.0674157303370784,1.2134831460674156
0.59999999999999998,0.92000000000000004,89,0,,0.21348314606741572,1,53,53,0,0,89,6.0674157303370784,6.0674157303370784,1.2134831460674156
0.59999999999999998,0.93999999999999995,89,0,,0.21348314606741572,1,53,53,0,0,89,6.0674157303370784,6.0674157303370784,1.2134831460674156
0.59999999999999998,0.95999999999999996,89,0,,0.21348314606741572,1,53,53,0,0,89,6.0674157303370784,6.0674157303370784,1.2134831460674156
0.59999999999999998,0.97999999999999998,89,0,,0.21348314606741572,1,53,53,0,0,89,6.0674157303370784,6.0674157303370784,1.2134831460674156
0.59999999999999998,1,89,0,,0.21348314606741572,1,53,53,0,0,89,6.0674157303370784,6.0674157303370784,1.2134831460674156
0.62,0.64000000000000001,89,0.20224719101123595,0.27777777777777779,0.02247191011235955,0.75471698113207553,40,53,5,13,71,5.1123595505617976,5.1123595505617976,1.0224719101123596
0.62,0.66000000000000003,89,0.20224719101123595,0.27777777777777779,0.0449438202247191,0.75471698113207553,40,53,5,13,71,5.2247191011235952,5.2247191011235952,1.044943820224719
0.62,0.68000000000000005,89,0.19101123595505617,0.23529411764705882,0.06741573033707865,0.75471698113207553,40,53,4,13,72,5.3370786516853936,5.3370786516853936,1.0674157303370788
0.62,0.69999999999999996,89,0.19101123595505617,0.23529411764705882,0.078651685393258425,0.75471698113207553,40,53,4,13,72,5.393258426966292,5.393258426966292,1.0786516853932584
0.62,0.71999999999999997,89,0.16853932584269662,0.20000000000000001,0.10112359550561797,0.77358490566037741,41,53,3,12,74,5.5056179775280896,5.5056179775280896,1.101123595505618
0.62,0.73999999999999999,89,0.15730337078651685,0.21428571428571427,0.11235955056179775,0.79245283018867929,42,53,3,11,75,5.5617977528089888,5.5617977528089888,1.1123595505617978
0.62,0.76000000000000001,89,0.14606741573033707,0.23076923076923078,0.11235955056179775,0.81132075471698117,43,53,3,10,76,5.5617977528089888,5.5617977528089888,1.1123595505617978
0.62,0.78000000000000003,89,0.12359550561797752,0.18181818181818182,0.16853932584269662,0.83018867924528306,44,53,2,9,78,5.8426966292134832,5.8426966292134832,1.1685393258426966
0.62,0.80000000000000004,89,0.02247191011235955,0,0.20224719101123595,0.96226415094339623,51,53,0,2,87,6.01123595505618,6.01123595505618,1.202247191011236
0.62,0.81999999999999995,89,0.02247191011235955,0,0.20224719101123595,0.96226415094339623,51,53,0,2,87,6.01123595505618,6.01123595505618,1.202247191011236
0.62,0.83999999999999997,89,0,,0.20224719101123595,1,53,53,0,0,89,6.01123595505618,6.01123595505618,1.202247191011236
0.62,0.85999999999999999,89,0,,0.20224719101123595,1,53,53,0,0,89,6.01123595505618,6.01123595505618,1.202247191011236
0.62,0.88,89,0,,0.20224719101123595,1,53,53,0,0,89,6.01123595505618,6.01123595505618,1.202247191011236
0.62,0.90000000000000002,89,0,,0.20224719101123595,1,53,53,0,0,89,6.01123595505618,6.01123595505618,1.202247191011236
0.62,0.92000000000000004,89,0,,0.20224719101123595,1,53,53,0,0,89,6.01123595505618,6.01123595505618,1.202247191011236
0.62,0.93999999999999995,89,0,,0.20224719101123595,1,53,53,0,0,89,6.01123595505618,6.01123595505618,1.202247191011236
0.62,0.95999999999999996,89,0,,0.20224719101123595,1,53,53,0,0,89,6.01123595505618,6.01123595505618,1.202247191011236
0.62,0.97999999999999998,89,0,,0.20224719101123595,1,53,53,0,0,89,6.01123595505618,6.01123595505618,1.202247191011236
0.62,1,89,0,,0.20224719101123595,1,53,53,0,0,89,6.01123595505618,6.01123595505618,1.202247191011236
0.64000000000000001,0.66000000000000003,89,0.1797752808988764,0.3125,0.02247191011235955,0.79245283018867929,42,53,5,11,73,5.1123595505617976,5.1123595505617976,1.0224719101123596
0.64000000000000001,0.68000000000000005,89,0.16853932584269662,0.26666666666666666,0.0449438202247191,0.79245283018867929,42,53,4,11,74,5.2247191011235952,5.2247191011235952,1.044943820224719
0.64000000000000001,0.69999999999999996,89,0.16853932584269662,0.26666666666666666,0.056179775280898875,0.79245283018867929,42,53,4,11,74,5.2808988764044944,5.2808988764044944,1.0561797752808988
0.64000000000000001,0.71999999999999997,89,0.14606741573033707,0.23076923076923078,0.078651685393258425,0.81132075471698117,43,53,3,10,76,5.393258426966292,5.393258426966292,1.0786516853932584
0.64000000000000001,0.73999999999999999,89,0.1348314606741573,0.25,0.0898876404494382,0.83018867924528306,44,53,3,9,77,5.4494382022471912,5.4494382022471912,1.0898876404494382
0.64000000000000001,0.76000000000000001,89,0.12359550561797752,0.27272727272727271,0.0898876404494382,0.84905660377358494,45,53,3,8,78,5.4494382022471912,5.4494382022471912,1.0898876404494382
0.64000000000000001,0.78000000000000003,89,0.10112359550561797,0.22222222222222221,0.14606741573033707,0.86792452830188682,46,53,2,7,80,5.7303370786516856,5.7303370786516856,1.1460674157303372
0.64000000000000001,0.80000000000000004,89,0.02247191011235955,0,0.1797752808988764,0.96226415094339623,51,53,0,2,87,5.8988764044943824,5.8988764044943824,1.1797752808988764
0.64000000000000001,0.81999999999999995,89,0.02247191011235955,0,0.1797752808988764,0.96226415094339623,51,53,0,2,87,5.8988764044943824,5.8988764044943824,1.1797752808988764
0.64000000000000001,0.83999999999999997,89,0,,0.1797752808988764,1,53,53,0,0,89,5.8988764044943824,5.8988764044943824,1.1797752808988764
0.64000000000000001,0.85999999999999999,89,0,,0.1797752808988764,1,53,53,0,0,89,5.8988764044943824,5.8988764044943824,1.1797752808988764
0.64000000000000001,0.88,89,0,,0.1797752808988764,1,53,53,0,0,89,5.8988764044943824,5.8988764044943824,1.1797752808988764
0.64000000000000001,0.90000000000000002,89,0,,0.1797752808988764,1,53,53,0,0,89,5.8988764044943824,5.8988764044943824,1.1797752808988764
0.64000000000000001,0.92000000000000004,89,0,,0.1797752808988764,1,53,53,0,0,89,5.8988764044943824,5.8988764044943824,1.1797752808988764
0.64000000000000001,0.93999999999999995,89,0,,0.1797752808988764,1,53,53,0,0,89,5.8988764044943824,5.8988764044943824,1.1797752808988764
0.64000000000000001,0.95999999999999996,89,0,,0.1797752808988764,1,53,53,0,0,89,5.8988764044943824,5.8988764044943824,1.1797752808988764
0.64000000000000001,0.97999999999999998,89,0,,0.1797752808988764,1,53,53,0,0,89,5.8988764044943824,5.8988764044943824,1.1797752808988764
0.64000000000000001,1,89,0,,0.1797752808988764,1,53,53,0,0,89,5.8988764044943824,5.8988764044943824,1.1797752808988764
0.66000000000000003,0.68000000000000005,89,0.14606741573033707,0.23076923076923078,0.02247191011235955,0.81132075471698117,43,53,3,10,76,5.1123595505617976,5.1123595505617976,1.0224719101123596
0.66000000000000003,0.69999999999999996,89,0.14606741573033707,0.23076923076923078,0.033707865168539325,0.81132075471698117,43,53,3,10,76,5.1685393258426968,5.1685393258426968,1.0337078651685394
0.66000000000000003,0.71999999999999997,89,0.1348314606741573,0.25,0.056179775280898875,0.83018867924528306,44,53,3,9,77,5.2808988764044944,5.2808988764044944,1.0561797752808988
0.66000000000000003,0.73999999999999999,89,0.12359550561797752,0.27272727272727271,0.06741573033707865,0.84905660377358494,45,53,3,8,78,5.3370786516853936,5.3370786516853936,1.0674157303370788
0.66000000000000003,0.76000000000000001,89,0.11235955056179775,0.29999999999999999,0.06741573033707865,0.86792452830188682,46,53,3,7,79,5.3370786516853936,5.3370786516853936,1.0674157303370788
0.66000000000000003,0.78000000000000003,89,0.10112359550561797,0.22222222222222221,0.12359550561797752,0.86792452830188682,46,53,2,7,80,5.617977528089888,5.617977528089888,1.1235955056179776
0.66000000000000003,0.80000000000000004,89,0.02247191011235955,0,0.15730337078651685,0.96226415094339623,51,53,0,2,87,5.786516853932584,5.786516853932584,1.1573033707865168
0.66000000000000003,0.81999999999999995,89,0.02247191011235955,0,0.15730337078651685,0.96226415094339623,51,53,0,2,87,5.786516853932584,5.786516853932584,1.1573033707865168
0.66000000000000003,0.83999999999999997,89,0,,0.15730337078651685,1,53,53,0,0,89,5.786516853932584,5.786516853932584,1.1573033707865168
0.66000000000000003,0.85999999999999999,89,0,,0.15730337078651685,1,53,53,0,0,89,5.786516853932584,5.786516853932584,1.1573033707865168
0.66000000000000003,0.88,89,0,,0.15730337078651685,1,53,53,0,0,89,5.786516853932584,5.786516853932584,1.1573033707865168
0.66000000000000003,0.90000000000000002,89,0,,0.15730337078651685,1,53,53,0,0,89,5.786516853932584,5.786516853932584,1.1573033707865168
0.66000000000000003,0.92000000000000004,89,0,,0.15730337078651685,1,53,53,0,0,89,5.786516853932584,5.786516853932584,1.1573033707865168
0.66000000000000003,0.93999999999999995,89,0,,0.15730337078651685,1,53,53,0,0,89,5.786516853932584,5.786516853932584,1.1573033707865168
0.66000000000000003,0.95999999999999996,89,0,,0.15730337078651685,1,53,53,0,0,89,5.786516853932584,5.786516853932584,1.1573033707865168
0.66000000000000003,0.97999999999999998,89,0,,0.15730337078651685,1,53,53,0,0,89,5.786516853932584,5.786516853932584,1.1573033707865168
0.66000000000000003,1,89,0,,0.15730337078651685,1,53,53,0,0,89,5.786516853932584,5.786516853932584,1.1573033707865168
0.68000000000000005,0.69999999999999996,89,0.1348314606741573,0.25,0.011235955056179775,0.83018867924528306,44,53,3,9,77,5.0561797752808992,5.0561797752808992,1.0112359550561798
0.68000000000000005,0.71999999999999997,89,0.12359550561797752,0.27272727272727271,0.033707865168539325,0.84905660377358494,45,53,3,8,78,5.1685393258426968,5.1685393258426968,1.0337078651685394
0.68000000000000005,0.73999999999999999,89,0.11235955056179775,0.29999999999999999,0.0449438202247191,0.86792452830188682,46,53,3,7,79,5.2247191011235952,5.2247191011235952,1.044943820224719
0.68000000000000005,0.76000000000000001,89,0.11235955056179775,0.29999999999999999,0.0449438202247191,0.86792452830188682,46,53,3,7,79,5.2247191011235952,5.2247191011235952,1.044943820224719
0.68000000000000005,0.78000000000000003,89,0.10112359550561797,0.22222222222222221,0.10112359550561797,0.86792452830188682,46,53,2,7,80,5.5056179775280896,5.5056179775280896,1.101123595505618
0.68000000000000005,0.80000000000000004,89,0.02247191011235955,0,0.1348314606741573,0.96226415094339623,51,53,0,2,87,5.6741573033707864,5.6741573033707864,1.1348314606741572
0.68000000000000005,0.81999999999999995,89,0.02247191011235955,0,0.1348314606741573,0.96226415094339623,51,53,0,2,87,5.6741573033707864,5.6741573033707864,1.1348314606741572
0.68000000000000005,0.83999999999999997,89,0,,0.1348314606741573,1,53,53,0,0,89,5.6741573033707864,5.6741573033707864,1.1348314606741572
0.68000000000000005,0.85999999999999999,89,0,,0.1348314606741573,1,53,53,0,0,89,5.6741573033707864,5.6741573033707864,1.1348314606741572
0.68000000000000005,0.88,89,0,,0.1348314606741573,1,53,53,0,0,89,5.6741573033707864,5.6741573033707864,1.1348314606741572
0.68000000000000005,0.90000000000000002,89,0,,0.1348314606741573,1,53,53,0,0,89,5.6741573033707864,5.6741573033707864,1.1348314606741572
0.68000000000000005,0.92000000000000004,89,0,,0.1348314606741573,1,53,53,0,0,89,5.6741573033707864,5.6741573033707864,1.1348314606741572
0.68000000000000005,0.93999999999999995,89,0,,0.1348314606741573,1,53,53,0,0,89,5.6741573033707864,5.6741573033707864,1.1348314606741572
0.68000000000000005,0.95999999999999996,89,0,,0.1348314606741573,1,53,53,0,0,89,5.6741573033707864,5.6741573033707864,1.1348314606741572
0.68000000000000005,0.97999999999999998,89,0,,0.1348314606741573,1,53,53,0,0,89,5.6741573033707864,5.6741573033707864,1.1348314606741572
0.68000000000000005,1,89,0,,0.1348314606741573,1,53,53,0,0,89,5.6741573033707864,5.6741573033707864,1.1348314606741572
0.69999999999999996,0.71999999999999997,89,0.12359550561797752,0.27272727272727271,0.02247191011235955,0.84905660377358494,45,53,3,8,78,5.1123595505617976,5.1123595505617976,1.0224719101123596
0.69999999999999996,0.73999999999999999,89,0.11235955056179775,0.29999999999999999,0.033707865168539325,0.86792452830188682,46,53,3,7,79,5.1685393258426968,5.1685393258426968,1.0337078651685394
0.69999999999999996,0.76000000000000001,89,0.11235955056179775,0.29999999999999999,0.033707865168539325,0.86792452830188682,46,53,3,7,79,5.1685393258426968,5.1685393258426968,1.0337078651685394
0.69999999999999996,0.78000000000000003,89,0.10112359550561797,0.22222222222222221,0.0898876404494382,0.86792452830188682,46,53,2,7,80,5.4494382022471912,5.4494382022471912,1.0898876404494382
0.69999999999999996,0.80000000000000004,89,0.02247191011235955,0,0.12359550561797752,0.96226415094339623,51,53,0,2,87,5.617977528089888,5.617977528089888,1.1235955056179776
0.69999999999999996,0.81999999999999995,89,0.02247191011235955,0,0.12359550561797752,0.96226415094339623,51,53,0,2,87,5.617977528089888,5.617977528089888,1.1235955056179776
0.69999999999999996,0.83999999999999997,89,0,,0.12359550561797752,1,53,53,0,0,89,5.617977528089888,5.617977528089888,1.1235955056179776
0.69999999999999996,0.85999999999999999,89,0,,0.12359550561797752,1,53,53,0,0,89,5.617977528089888,5.617977528089888,1.1235955056179776
0.69999999999999996,0.88,89,0,,0.12359550561797752,1,53,53,0,0,89,5.617977528089888,5.617977528089888,1.1235955056179776
0.69999999999999996,0.90000000000000002,89,0,,0.12359550561797752,1,53,53,0,0,89,5.617977528089888,5.617977528089888,1.1235955056179776
0.69999999999999996,0.92000000000000004,89,0,,0.12359550561797752,1,53,53,0,0,89,5.617977528089888,5.617977528089888,1.1235955056179776
0.69999999999999996,0.93999999999999995,89,0,,0.12359550561797752,1,53,53,0,0,89,5.617977528089888,5.617977528089888,1.1235955056179776
0.69999999999999996,0.95999999999999996,89,0,,0.12359550561797752,1,53,53,0,0,89,5.617977528089888,5.617977528089888,1.1235955056179776
0.69999999999999996,0.97999999999999998,89,0,,0.12359550561797752,1,53,53,0,0,89,5.617977528089888,5.617977528089888,1.1235955056179776
0.69999999999999996,1,89,0,,0.12359550561797752,1,53,53,0,0,89,5.617977528089888,5.617977528089888,1.1235955056179776
0.71999999999999997,0.73999999999999999,89,0.10112359550561797,0.33333333333333331,0.011235955056179775,0.8867924528301887,47,53,3,6,80,5.0561797752808992,5.0561797752808992,1.0112359550561798
0.71999999999999997,0.76000000000000001,89,0.10112359550561797,0.33333333333333331,0.011235955056179775,0.8867924528301887,47,53,3,6,80,5.0561797752808992,5.0561797752808992,1.0112359550561798
0.71999999999999997,0.78000000000000003,89,0.0898876404494382,0.25,0.06741573033707865,0.8867924528301887,47,53,2,6,81,5.3370786516853936,5.3370786516853936,1.0674157303370788
0.71999999999999997,0.80000000000000004,89,0.02247191011235955,0,0.10112359550561797,0.96226415094339623,51,53,0,2,87,5.5056179775280896,5.5056179775280896,1.101123595505618
0.71999999999999997,0.81999999999999995,89,0.02247191011235955,0,0.10112359550561797,0.96226415094339623,51,53,0,2,87,5.5056179775280896,5.5056179775280896,1.101123595505618
0.71999999999999997,0.83999999999999997,89,0,,0.10112359550561797,1,53,53,0,0,89,5.5056179775280896,5.5056179775280896,1.101123595505618
0.71999999999999997,0.85999999999999999,89,0,,0.10112359550561797,1,53,53,0,0,89,5.5056179775280896,5.5056179775280896,1.101123595505618
0.71999999999999997,0.88,89,0,,0.10112359550561797,1,53,53,0,0,89,5.5056179775280896,5.5056179775280896,1.101123595505618
0.71999999999999997,0.90000000000000002,89,0,,0.10112359550561797,1,53,53,0,0,89,5.5056179775280896,5.5056179775280896,1.101123595505618
0.71999999999999997,0.92000000000000004,89,0,,0.10112359550561797,1,53,53,0,0,89,5.5056179775280896,5.5056179775280896,1.101123595505618
0.71999999999999997,0.93999999999999995,89,0,,0.10112359550561797,1,53,53,0,0,89,5.5056179775280896,5.5056179775280896,1.101123595505618
0.71999999999999997,0.95999999999999996,89,0,,0.10112359550561797,1,53,53,0,0,89,5.5056179775280896,5.5056179775280896,1.101123595505618
0.71999999999999997,0.97999999999999998,89,0,,0.10112359550561797,1,53,53,0,0,89,5.5056179775280896,5.5056179775280896,1.101123595505618
0.71999999999999997,1,89,0,,0.10112359550561797,1,53,53,0,0,89,5.5056179775280896,5.5056179775280896,1.101123595505618
0.73999999999999999,0.76000000000000001,89,0.0898876404494382,0.375,0,0.90566037735849059,48,53,3,5,81,5,5,1
0.73999999999999999,0.78000000000000003,89,0.078651685393258425,0.2857142857142857,0.056179775280898875,0.90566037735849059,48,53,2,5,82,5.2808988764044944,5.2808988764044944,1.0561797752808988
0.73999999999999999,0.80000000000000004,89,0.02247191011235955,0,0.0898876404494382,0.96226415094339623,51,53,0,2,87,5.4494382022471912,5.4494382022471912,1.0898876404494382
0.73999999999999999,0.81999999999999995,89,0.02247191011235955,0,0.0898876404494382,0.96226415094339623,51,53,0,2,87,5.4494382022471912,5.4494382022471912,1.0898876404494382
0.73999999999999999,0.83999999999999997,89,0,,0.0898876404494382,1,53,53,0,0,89,5.4494382022471912,5.4494382022471912,1.0898876404494382
0.73999999999999999,0.85999999999999999,89,0,,0.0898876404494382,1,53,53,0,0,89,5.4494382022471912,5.4494382022471912,1.0898876404494382
0.73999999999999999,0.88,89,0,,0.0898876404494382,1,53,53,0,0,89,5.4494382022471912,5.4494382022471912,1.0898876404494382
0.73999999999999999,0.90000000000000002,89,0,,0.0898876404494382,1,53,53,0,0,89,5.4494382022471912,5.4494382022471912,1.0898876404494382
0.73999999999999999,0.92000000000000004,89,0,,0.0898876404494382,1,53,53,0,0,89,5.4494382022471912,5.4494382022471912,1.0898876404494382
0.73999999999999999,0.93999999999999995,89,0,,0.0898876404494382,1,53,53,0,0,89,5.4494382022471912,5.4494382022471912,1.0898876404494382
0.73999999999999999,0.95999999999999996,89,0,,0.0898876404494382,1,53,53,0,0,89,5.4494382022471912,5.4494382022471912,1.0898876404494382
0.73999999999999999,0.97999999999999998,89,0,,0.0898876404494382,1,53,53,0,0,89,5.4494382022471912,5.4494382022471912,1.0898876404494382
0.73999999999999999,1,89,0,,0.0898876404494382,1,53,53,0,0,89,5.4494382022471912,5.4494382022471912,1.0898876404494382
0.76000000000000001,0.78000000000000003,89,0.078651685393258425,0.2857142857142857,0.056179775280898875,0.90566037735849059,48,53,2,5,82,5.2808988764044944,5.2808988764044944,1.0561797752808988
0.76000000000000001,0.80000000000000004,89,0.02247191011235955,0,0.0898876404494382,0.96226415094339623,51,53,0,2,87,5.4494382022471912,5.4494382022471912,1.0898876404494382
0.76000000000000001,0.81999999999999995,89,0.02247191011235955,0,0.0898876404494382,0.96226415094339623,51,53,0,2,87,5.4494382022471912,5.4494382022471912,1.0898876404494382
0.76000000000000001,0.83999999999999997,89,0,,0.0898876404494382,1,53,53,0,0,89,5.4494382022471912,5.4494382022471912,1.0898876404494382
0.76000000000000001,0.85999999999999999,89,0,,0.0898876404494382,1,53,53,0,0,89,5.4494382022471912,5.4494382022471912,1.0898876404494382
0.76000000000000001,0.88,89,0,,0.0898876404494382,1,53,53,0,0,89,5.4494382022471912,5.4494382022471912,1.0898876404494382
0.76000000000000001,0.90000000000000002,89,0,,0.0898876404494382,1,53,53,0,0,89,5.4494382022471912,5.4494382022471912,1.0898876404494382
0.76000000000000001,0.92000000000000004,89,0,,0.0898876404494382,1,53,53,0,0,89,5.4494382022471912,5.4494382022471912,1.0898876404494382
0.76000000000000001,0.93999999999999995,89,0,,0.0898876404494382,1,53,53,0,0,89,5.4494382022471912,5.4494382022471912,1.0898876404494382
0.76000000000000001,0.95999999999999996,89,0,,0.0898876404494382,1,53,53,0,0,89,5.4494382022471912,5.4494382022471912,1.0898876404494382
0.76000000000000001,0.97999999999999998,89,0,,0.0898876404494382,1,53,53,0,0,89,5.4494382022471912,5.4494382022471912,1.0898876404494382
0.76000000000000001,1,89,0,,0.0898876404494382,1,53,53,0,0,89,5.4494382022471912,5.4494382022471912,1.0898876404494382
0.78000000000000003,0.80000000000000004,89,0.02247191011235955,0,0.033707865168539325,0.96226415094339623,51,53,0,2,87,5.1685393258426968,5.1685393258426968,1.0337078651685394
0.78000000000000003,0.81999999999999995,89,0.02247191011235955,0,0.033707865168539325,0.96226415094339623,51,53,0,2,87,5.1685393258426968,5.1685393258426968,1.0337078651685394
0.78000000000000003,0.83999999999999997,89,0,,0.033707865168539325,1,53,53,0,0,89,5.1685393258426968,5.1685393258426968,1.0337078651685394
0.78000000000000003,0.85999999999999999,89,0,,0.033707865168539325,1,53,53,0,0,89,5.1685393258426968,5.1685393258426968,1.0337078651685394
0.78000000000000003,0.88,89,0,,0.033707865168539325,1,53,53,0,0,89,5.1685393258426968,5.1685393258426968,1.0337078651685394
0.78000000000000003,0.90000000000000002,89,0,,0.033707865168539325,1,53,53,0,0,89,5.1685393258426968,5.1685393258426968,1.0337078651685394
0.78000000000000003,0.92000000000000004,89,0,,0.033707865168539325,1,53,53,0,0,89,5.1685393258426968,5.1685393258426968,1.0337078651685394
0.78000000000000003,0.93999999999999995,89,0,,0.033707865168539325,1,53,53,0,0,89,5.1685393258426968,5.1685393258426968,1.0337078651685394
0.78000000000000003,0.95999999999999996,89,0,,0.033707865168539325,1,53,53,0,0,89,5.1685393258426968,5.1685393258426968,1.0337078651685394
0.78000000000000003,0.97999999999999998,89,0,,0.033707865168539325,1,53,53,0,0,89,5.1685393258426968,5.1685393258426968,1.0337078651685394
0.78000000000000003,1,89,0,,0.033707865168539325,1,53,53,0,0,89,5.1685393258426968,5.1685393258426968,1.0337078651685394
0.80000000000000004,0.81999999999999995,89,0,,0,1,53,53,0,0,89,5,5,1
0.80000000000000004,0.83999999999999997,89,0,,0,1,53,53,0,0,89,5,5,1
0.80000000000000004,0.85999999999999999,89,0,,0,1,53,53,0,0,89,5,5,1
0.80000000000000004,0.88,89,0,,0,1,53,53,0,0,89,5,5,1
0.80000000000000004,0.90000000000000002,89,0,,0,1,53,53,0,0,89,5,5,1
0.80000000000000004,0.92000000000000004,89,0,,0,1,53,53,0,0,89,5,5,1
0.80000000000000004,0.93999999999999995,89,0,,0,1,53,53,0,0,89,5,5,1
0.80000000000000004,0.95999999999999996,89,0,,0,1,53,53,0,0,89,5,5,1
0.80000000000000004,0.97999999999999998,89,0,,0,1,53,53,0,0,89,5,5,1
0.80000000000000004,1,89,0,,0,1,53,53,0,0,89,5,5,1
0.81999999999999995,0.83999999999999997,89,0,,0,1,53,53,0,0,89,5,5,1
0.81999999999999995,0.85999999999999999,89,0,,0,1,53,53,0,0,89,5,5,1
0.81999999999999995,0.88,89,0,,0,1,53,53,0,0,89,5,5,1
0.81999999999999995,0.90000000000000002,89,0,,0,1,53,53,0,0,89,5,5,1
0.81999999999999995,0.92000000000000004,89,0,,0,1,53,53,0,0,89,5,5,1
0.81999999999999995,0.93999999999999995,89,0,,0,1,53,53,0,0,89,5,5,1
0.81999999999999995,0.95999999999999996,89,0,,0,1,53,53,0,0,89,5,5,1
0.81999999999999995,0.97999999999999998,89,0,,0,1,53,53,0,0,89,5,5,1
0.81999999999999995,1,89,0,,0,1,53,53,0,0,89,5,5,1
0.83999999999999997,0.85999999999999999,89,0,,0,1,53,53,0,0,89,5,5,1
0.83999999999999997,0.88,89,0,,0,1,53,53,0,0,89,5,5,1
0.83999999999999997,0.90000000000000002,89,0,,0,1,53,53,0,0,89,5,5,1
0.83999999999999997,0.92000000000000004,89,0,,0,1,53,53,0,0,89,5,5,1
0.83999999999999997,0.93999999999999995,89,0,,0,1,53,53,0,0,89,5,5,1
0.83999999999999997,0.95999999999999996,89,0,,0,1,53,53,0,0,89,5,5,1
0.83999999999999997,0.97999999999999998,89,0,,0,1,53,53,0,0,89,5,5,1
0.83999999999999997,1,89,0,,0,1,53,53,0,0,89,5,5,1
0.85999999999999999,0.88,89,0,,0,1,53,53,0,0,89,5,5,1
0.85999999999999999,0.90000000000000002,89,0,,0,1,53,53,0,0,89,5,5,1
0.85999999999999999,0.92000000000000004,89,0,,0,1,53,53,0,0,89,5,5,1
0.85999999999999999,0.93999999999999995,89,0,,0,1,53,53,0,0,89,5,5,1
0.85999999999999999,0.95999999999999996,89,0,,0,1,53,53,0,0,89,5,5,1
0.85999999999999999,0.97999999999999998,89,0,,0,1,53,53,0,0,89,5,5,1
0.85999999999999999,1,89,0,,0,1,53,53,0,0,89,5,5,1
0.88,0.90000000000000002,89,0,,0,1,53,53,0,0,89,5,5,1
0.88,0.92000000000000004,89,0,,0,1,53,53,0,0,89,5,5,1
0.88,0.93999999999999995,89,0,,0,1,53,53,0,0,89,5,5,1
0.88,0.95999999999999996,89,0,,0,1,53,53,0,0,89,5,5,1
0.88,0.97999999999999998,89,0,,0,1,53,53,0,0,89,5,5,1
0.88,1,89,0,,0,1,53,53,0,0,89,5,5,1
0.90000000000000002,0.92000000000000004,89,0,,0,1,53,53,0,0,89,5,5,1
0.90000000000000002,0.93999999999999995,89,0,,0,1,53,53,0,0,89,5,5,1
0.90000000000000002,0.95999999999999996,89,0,,0,1,53,53,0,0,89,5,5,1
0.90000000000000002,0.97999999999999998,89,0,,0,1,53,53,0,0,89,5,5,1
0.90000000000000002,1,89,0,,0,1,53,53,0,0,89,5,5,1
0.92000000000000004,0.93999999999999995,89,0,,0,1,53,53,0,0,89,5,5,1
0.92000000000000004,0.95999999999999996,89,0,,0,1,53,53,0,0,89,5,5,1
0.92000000000000004,0.97999999999999998,89,0,,0,1,53,53,0,0,89,5,5,1
0.92000000000000004,1,89,0,,0,1,53,53,0,0,89,5,5,1
0.93999999999999995,0.95999999999999996,89,0,,0,1,53,53,0,0,89,5,5,1
0.93999999999999995,0.97999999999999998,89,0,,0,1,53,53,0,0,89,5,5,1
0.93999999999999995,1,89,0,,0,1,53,53,0,0,89,5,5,1
0.95999999999999996,0.97999999999999998,89,0,,0,1,53,53,0,0,89,5,5,1
0.95999999999999996,1,89,0,,0,1,53,53,0,0,89,5,5,1
0.97999999999999998,1,89,0,,0,1,53,53,0,0,89,5,5,1
