schema_version,sample_id,blind_order,question_id,split,retrieval_strategy,k,question,benchmark_status,benchmark_answer,retrieved_context_json,annotation_guideline_version,annotation_guideline_sha256,annotator_id,manual_label,rationale,annotation_timestamp
phase03-semantic-confirmation-blinded-v1,eda6fe14bc0868e50be1a1613d49d54e00bf834275401357622f148f2cd28ab8,1,TRAIN_Q083,validation,bm25,3,"When click test connection, the older JDBC driver version shows in the SystemOut.log file



When I click a test connection to a datasource, in the SystemOut.log file I can see the below information...

     [8/11/16 5:31:28:494 EDT] 00000088 DSConfigurati I   DSRA8205I: JDBC driver name  : Oracle JDBC driver  
     [8/11/16 5:31:28:495 EDT] 00000088 DSConfigurati I   DSRA8206I: JDBC driver version  : 9.2.0.1.0  
     [8/11/16 5:31:28:496 EDT] 00000088 DSConfigurati I   DSRA8025I: Successfully connected to DataSource.  
     [8/11/16 5:31:28:608 EDT] 00000088 DSConfigurati I   DSRA8203I: Database product name : Oracle  
     [8/11/16 5:31:28:608 EDT] 00000088 DSConfigurati I   DSRA8204I: Database product version : Oracle Database 12c Enterprise Edition Release 12.1.0.2.0 - 64bit Production With the Partitioning, Automatic Storage Management, OLAP, Advanced Analytics

Where is WAS getting this information from?

We are using WAS ND v8.5.5.0. We are running Oracle Database 12c Enterprise Edition Release 12.1.0.2.0 - 64bit Production. The JDBC driver is ojdbc6.jar - Oracle 11.1.0.7.0-Production JDBC 4.0 compiled with JDK6.

There is another older driver ojdbc14.jar

When I do a test connection, I can see the JDBC Driver version is 9.2.0.1.0, but in the JDBC providers I have specified ojdbc6.jar. so it should show 11.1.0.7.0 but it is showing 9.2.0.1.0. why it is showing 9.2.0.1.0?

If we keep only ojdbc6.jar and do a test connection it is giving the correct JDBC Drivers version as it is same with ojdbc6.jar. But when we keep both ojdbc6.jar and ojdbc14.jar it is not giving the correct JDBC Driver version looks it is giving ojdbc14.jar version.

JDBC providers are pointed to ojdbc6.jar, but why it is showing a different JDBC driver version?",answerable_with_reference,"When multiple versions of the JDBC driver are configured in WebSphere Application Server, irrespective of the scopes, there is a possibility of a collision of the classes and we cannot predict from which version of the driver jar the class got loaded.","[{""char_end"":1638,""char_start"":850,""chunk_id"":""cdb89f4066a1990cee9363d791cc8ce8e979292ac676e3f89ecd746e4edfe497"",""document_id"":""techqa-doc:corpus/swg21597550.txt"",""filename"":""swg21597550.txt"",""rank"":1,""text"":""Identity Manager requires the JDBC driver must be matched with the database server level. The driver must be updated with the Oracle 10.x driver. Replace the ojdbc14.jar file in ISIM_HOME/lib with the JAR file provided by the Oracle Version 10.x installation, and then restart the WebSphere Application Server. The JDBC driver level used by the WebSphere Application Server is printed in the SystemOut.log at server startup. This is an example log record in SystemOut.log for the Oracle 9.x JDBC driver, which is the wrong driver: [12/6/07 10:32:02:369 EST] 00000156 DSConfigurati I DSRA8205I: JDBC driver name : Oracle JDBC driver [12/6/07 10:32:02:372 EST] 00000156 DSConfigurati I DSRA8206I: JDBC driver version : 9.2.0.7.0 This is an example log record in SystemOut.log for the Oracle""},{""char_end"":1882,""char_start"":1502,""chunk_id"":""be7b700de7a0509273eb71e0434ce91831888252217166b6d1756de3a777767b"",""document_id"":""techqa-doc:corpus/swg21597550.txt"",""filename"":""swg21597550.txt"",""rank"":2,""text"":""2 EST] 00000156 DSConfigurati I DSRA8206I: JDBC driver version : 9.2.0.7.0 This is an example log record in SystemOut.log for the Oracle 10.x JDBC driver, which is the correct driver: [12/6/07 10:54:41:913 EST] 00000024 InternalOracl I DSRA8205I: JDBC driver name : Oracle JDBC driver [12/6/07 10:54:41:918 EST] 00000024 InternalOracl I DSRA8206I: JDBC driver version : 10.2.0.1.0""},{""char_end"":1515,""char_start"":812,""chunk_id"":""ec9fe42e18d4fadcff879b3b6410e473b07061aaef9797d5e4c0f772dce5922d"",""document_id"":""techqa-doc:corpus/swg21673205.txt"",""filename"":""swg21673205.txt"",""rank"":3,""text"":"": 000000ea DSConfigurati I DSRA8203I: Database product name : Oracle 000000ea DSConfigurati I DSRA8204I: Database product version : 11.2.0.3.0 000000ea DSConfigurati I DSRA8205I: JDBC driver name : Oracle 000000ea DSConfigurati I DSRA8206I: JDBC driver version : 5.1.0.000026 (F000026.U000003) 000000ea DSConfigurati I DSRA8030I: Successfully connected to DataSource, with 1 warnings. To get description of the warning being encountered, go to Troubleshooting > 'Logs and Trace' > ServerName > 'Change log Detail levels', and enable trace by adding the following string in the properties section: *=info:WAS.j2c=all:RRA=all:Transaction=all For details on changing the logging level, you may refer to the""}]",phase03-sufficiency-annotation-v1,f2fe3f7f29b834d78fd7c79bf4d4a94faee43c658d89c48e386854123066802b,,,,
phase03-semantic-confirmation-blinded-v1,cf93cbd8cd9ea9c338d09cb9b1deb8f37fbd29f01da07e2af3067e072915d230,2,TRAIN_Q045,train,hybrid,5,"Unable to add the document using content Navigator. We are getting the following error code. CIWEB1158.

The user is unable to add the document using content Navigator. We are getting the following error code. CIWEB1158. ",answerable_with_reference,User does not have Create_Instance right on the security permission of the ReferentialContainmentRelationship and DynamicReferentialContainmentRelationship classes and cannot create these objects when adding documents.,"[{""char_end"":795,""char_start"":0,""chunk_id"":""9f87ea44474b8bcf83546bf0802ca958cbed0cae2d7c23c53e708d6916efc2f5"",""document_id"":""techqa-doc:corpus/swg21964458.txt"",""filename"":""swg21964458.txt"",""rank"":1,""text"":""Title: IBM Unable to Add Document Using Entry Template in IBM Content Navigator - United States Text: ICN Content Navigator Entry Templates AddOn Add-on FNRCR0081E CIWEB1016 TECHNOTE (TROUBLESHOOTING) PROBLEM(ABSTRACT) Users receive a CIWEB1016 error when trying to add a document using an Entry Template in IBM Content Navigator (ICN). SYMPTOM * Users receive a CIWEB1016 error when trying to add a document using an Entry Template in IBM Content Navigator. * In the SystemOut.log an exception will be recorded: com.filenet.api.exception.EngineRuntimeException: FNRCR0081E: RETRIEVE_PROPERTY_NOT_DEFINED: The property EntryTemplateObjectStoreName is not defined. See this link [http://www-01.ibm.com/support/knowledgecenter/SSEUEX_2.0.2/com.ibm.installingeuc.doc/eucts003.dita?lang=en] for more""},{""char_end"":1969,""char_start"":993,""chunk_id"":""f0c44fb78888608b83dc65de92d1f090002e2e4c006348adaea4fce498b71b33"",""document_id"":""techqa-doc:corpus/swg1IO25314.txt"",""filename"":""swg1IO25314.txt"",""rank"":2,""text"":""%2FContent+Navigator&fixids=3.0.1-ICN-AIX&source=SAR] APAR STATUS * CLOSED AS PROGRAM ERROR. ERROR DESCRIPTION * IBM Content Navigator fails to upload .rar file via drag'n'drop method. Browser affected: Chrome The error shown is: CIWEB2053 The following item cannot be added to the repository: failed_item. Explanation This error can occur for one of the following reasons: You are trying to add a document that was moved or deleted. You are trying to add a document that was renamed. You are trying to add a document that is corrupted. You are trying to add a document that is open in another application. You are trying to add a folder to the repository. You do not have the appropriate permissions on the operating system to access the document. LOCAL FIX * Use a different browser for drag 'n' drop. PROBLEM SUMMARY * With Chrome browser, using drag and drop to add documents sometimes results in an error for some file types. The error message is \""CIWEB2053 The following""},{""char_end"":1458,""char_start"":576,""chunk_id"":""142d65923077a6a50e792f4b1d6cc26e17994757326b8fdfd9b142f16ea24b1a"",""document_id"":""techqa-doc:corpus/swg21962240.txt"",""filename"":""swg21962240.txt"",""rank"":3,""text"":""000000): ViewOnePlatform.navigator.streamer> Sending error Error: Invalid document ID specified to client <ip addreess> CAUSE IBM Content Navigator is missing parameters for the IBM Daeja viewer streaming. ENVIRONMENT IBM Content Navigator 2.0.3. DIAGNOSING THE PROBLEM Review the streamer log: <Content Navigator Install path>/ECMClient/config/streamer.log Look for the error: 'Error: Invalid document ID specified to client'. RESOLVING THE PROBLEM 1. Log into IBM Content Navigator Admin Desktop. 2. Go to the 'Daeja ViewONE' node. 3. Click on the tab 'Document Streaming'. 4. Under 'Additional settings' click new. 5. Add the following parameters and values: docIdPrototype=${originalDocURL} modifiedDocumentCheckMethod=uniqueid 6. Save and Close. 7. Log out of Navigator and log back into Navigator to test. note: You may need to stop the navigator jvm and clear the application""},{""char_end"":1171,""char_start"":0,""chunk_id"":""31a7ba96bcf8d193037d4832768c612600e776bba5658af98ea3309c1dd0ac0d"",""document_id"":""techqa-doc:corpus/swg21985619.txt"",""filename"":""swg21985619.txt"",""rank"":4,""text"":""Title: IBM Adding documents using IBM Content Navigator fails when using 'https' and File Tracker is enabled - United States Text: ICN; Content Navigator; https; Add Document; File Tracker; Session management; SSL ID tracking TECHNOTE (TROUBLESHOOTING) PROBLEM(ABSTRACT) When adding documents via IBM Content Navigator, if SSL is used and File Tracker is enabled, the operation fails. We are using WebSphere Application Server. SYMPTOM The UI does not show any errors but the screen will refresh after clicking the button to add document. RESOLVING THE PROBLEM 1. Log in to the WebSphere Application Server administrative console. 2. Navigate to following pages and make sure 'Enable SSL ID tracking' is not enabled for the navigator application. By default, this is not checked. * Servers > Server Types > WebSphere application servers > the server where you deployed IBM Content Navigator > Session management * Applications > Application Types > WebSphere enterprise applications > navigator > Session management * Applications > Application Types > WebSphere enterprise applications > navigator > Manage Modules > navigator.war > Session management 3. Restart the web""},{""char_end"":1090,""char_start"":0,""chunk_id"":""2987eab6241d1bdc458d9978c1473d645707a5a91feb367eac2b838d443b09bd"",""document_id"":""techqa-doc:corpus/swg21599812.txt"",""filename"":""swg21599812.txt"",""rank"":5,""text"":""Title: IBM Content Navigator known limitation: Adding a document or folder to a repository by dragging it from an external location is not supported by some browsers - United States Text: TECHNOTE (TROUBLESHOOTING) PROBLEM(ABSTRACT) You cannot add a document or folder to a repository by dragging either item from an external location. SYMPTOM Dragging a document is not supported by some browsers If you are using Microsoft Internet Explorer 8 or Internet Explorer 9, you cannot add a document or documents by dragging them from an external location, such as your computer desktop, to a repository. If you want to add documents by dragging them from an external location to the repository, you can use one of the following web browsers: * Mozilla Firefox * Apple Safari * Internet Explorer 10 or later * Google Chrome Important: Ensure that you are using a supported web browser for the version of IBM Content Navigator that you are using. For the latest support information, see the Hardware and software requirements for IBM Content Navigator [http://www.ibm.com/support/docview.wss?uid=""}]",phase03-sufficiency-annotation-v1,f2fe3f7f29b834d78fd7c79bf4d4a94faee43c658d89c48e386854123066802b,,,,
phase03-semantic-confirmation-blinded-v1,4dc3d82a0d018774038bbf8a19e5bb2c610e4d78126a234bd0f4c14b647901c6,3,TRAIN_Q202,train,dense,3,"How to find if Table was Created as NOT LOGGED INITIALLY?

How to find if Table was Created as NOT LOGGED INITIALLY? ",answerable_with_reference,"We can use either of the following methods to Check if Table was created as 'Not Logged Initially'
1)Using db2cat,

db2cat -db <dbname> -n <TableName> -s <Schema> -t | grep ""Table not logged""
Which can confirm if given table was created as NLI or not.

Sample Output 
----------------------
Connecting to the Database.
Connect to Database Successful.
Table not logged : 0
----------------------
Table not Logged showing '0' represent Table was not created as NLI, if it returns '1' then that is table was created as NLI.

2)Using db2look 
Using db2look command to get DDL information on the table which would show you if 
the table was created as ""NOT LOGGED INITIALLY"" 

Example: 
db2look -d <database_name> -t <table_name> -e -o <output_file_name.out>","[{""char_end"":774,""char_start"":0,""chunk_id"":""78b65b5296bb37ddf0327b701e5a635c9593664de9beb2b5e5f41145557a73fd"",""document_id"":""techqa-doc:corpus/swg21984463.txt"",""filename"":""swg21984463.txt"",""rank"":1,""text"":""Title: IBM Finding if Table created as NOT LOGGED INITIALLY - United States Text: TECHNOTE (FAQ) QUESTION How to find if Table was Created as NOT LOGGED INITIALLY? ANSWER We can use either of the following methods to Check if Table was created as 'Not Logged Initially' 1)Using db2cat, db2cat -db <dbname> -n <TableName> -s <Schema> -t | grep \""Table not logged\"" Which can confirm if given table was created as NLI or not. Sample Output ---------------------- Connecting to the Database. Connect to Database Successful. Table not logged : 0 ---------------------- Table not Logged showing '0' represent Table was not created as NLI, if it returns '1' then that is table was created as NLI. 2)Using db2look Using db2look command to get DDL information on the table which would""},{""char_end"":832,""char_start"":0,""chunk_id"":""997d59fcf7f6467036cb1c67aba8a74d89fdfe3b0a44a5406081f93ba55c2696"",""document_id"":""techqa-doc:corpus/swg21397932.txt"",""filename"":""swg21397932.txt"",""rank"":2,""text"":""Title: IBM Checking whether a DB2 LUW table was first created as NOT LOGGED INITIALLY - United States Text: db2look; not logged initially; syscat.tables; log_attribute TECHNOTE (FAQ) QUESTION How can I find out if a table was initially created using the \""NOT LOGGED INITIALLY\"" option? ANSWER In DB2 V8.1 the LOG_ATTRIBUTE column in the SYSCAT.TABLES table was used to check if a table was created as NOT LOGGED INITIALLY. In DB2 V9.x this column is no longer being used and will always have a value of 0. Instead, you can use the db2look command to get DDL information on the table which would show you if the table was created as \""NOT LOGGED INITIALLY\"" Example: db2look -d <database_name> -t <table_name> -e -o <output_file_name.out> RELATED INFORMATION DB2 V9.5 SYSCAT.TABLES catalog view [http://publib.boulder.ibm.com/infocenter""},{""char_end"":1417,""char_start"":592,""chunk_id"":""1b63c3cd21051f1d3a5ced628784e113e58e1a83914e3fa48a81d35e4d94ad27"",""document_id"":""techqa-doc:corpus/swg21984463.txt"",""filename"":""swg21984463.txt"",""rank"":3,""text"":""represent Table was not created as NLI, if it returns '1' then that is table was created as NLI. 2)Using db2look Using db2look command to get DDL information on the table which would show you if the table was created as \""NOT LOGGED INITIALLY\"" Example: db2look -d <database_name> -t <table_name> -e -o <output_file_name.out> NOTE: Table Alter with ACTIVATE NOT LOGGED INITIALLY will not be listed in these above commands as it will activate NLI only for current Unit of work. NOTE:In DB2 V8 the LOG_ATTRIBUTE column in the SYSCAT.TABLES table was used to check if a table was created as NOT LOGGED INITIALLY. But Starting from DB2 V9 this column is no longer being used and will always have a value of 0. RELATED INFORMATION NOT LOGGED INITIALLY [http://www.ibm.com/support/knowledgecenter/SSAE4W_7.1.0/com.ibm.etools.iseries.""}]",phase03-sufficiency-annotation-v1,f2fe3f7f29b834d78fd7c79bf4d4a94faee43c658d89c48e386854123066802b,,,,
phase03-semantic-confirmation-blinded-v1,b528df4ff32618c267526e307c263815b2a19af755bc09b8a760ce26d761bbbb,4,TRAIN_Q189,validation,hybrid,10,"Is using a monitored JBoss server with ITCAM supported in a Windows Service?

Is using a monitored JBoss server with ITCAM supported in a Windows Service? ",answerable_with_reference,The JBoss service is not available to run as a Windows service when configured with the ITCAM for J2EE agent/DC,"[{""char_end"":912,""char_start"":0,""chunk_id"":""1e9f5fb3d0ea8b199db68b0d6310c559f19e86509e00a75862632c6c8eb01e3b"",""document_id"":""techqa-doc:corpus/swg21967756.txt"",""filename"":""swg21967756.txt"",""rank"":1,""text"":""Title: IBM Is using a monitored JBoss Application Server with ITCAM for J2EE supported in a Windows service? - United States Text: J2EE JBoss server Windows service LA2 fix TECHNOTE (FAQ) THIS DOCUMENT APPLIES ONLY TO THE FOLLOWING LANGUAGE VERSION(S): US English QUESTION Is using a monitored JBoss Application Server with ITCAM for J2EE supported in a Windows service? ANSWER When you configure the JBoss Application Service to run as a Windows service, you will download the JBoss native connectors [http://jbossweb.jboss.org/downloads/jboss-native-2-0-10] and modify the service.bat file. The JBoss service is not available to run as a Windows service when configured with the ITCAM for J2EE agent/DC because this involves changes to the JBoss native connector files and this is currently not supported. Additionally, there's no option to specify the Service name when configuring the JBoss server during the""},{""char_end"":826,""char_start"":0,""chunk_id"":""d82dc59d298e689064e7a2ecd966ac1fa3f679f1e059724f29cd0f7080a27ad3"",""document_id"":""techqa-doc:corpus/swg21966304.txt"",""filename"":""swg21966304.txt"",""rank"":2,""text"":""Title: IBM Monitoring JBOSS AS 6 - United States Text: JBOSS6; CAMJ2ALL CAMJ2JBDC TECHNOTE (FAQ) QUESTION Is there a way to use ITCAM for J2EE to monitor JBOSS AS 6? ANSWER JBOSS AS 6 (not to be confused with JBOSS EAP 6.x family) is not supported by the native data collector (DC) provided by ITCAM for J2EE. You will not be able to successfully configure a JBOSS DC. However, you can consider an alternative option in order to get some basic monitoring for JBOSS: Configure DC by selecting J2SE data collector instead of JBOSS. In addition, after the standard configuration has been successfully completed, the following manual changes are needed: 1) For the JMX infrastracture to initialize correctly, please add two JVM options to your JBOSS startup script: -Djboss.platform.mbeanserver -Djavax.management.builder.initial=""},{""char_end"":843,""char_start"":0,""chunk_id"":""fec3da9a91dc6971ec75b93efed3a75ad2c3906df12f0ed9f39fb513f7a7931b"",""document_id"":""techqa-doc:corpus/swg21385138.txt"",""filename"":""swg21385138.txt"",""rank"":3,""text"":""Title: IBM ITCAM for JBOSS DC uses Web Service listening port at startup - United States Text: ITCAMfJ2EE; JBOSS; Data Collector; firewall; CAMJ2ALL; CAMJ2JBDC TECHNOTE (TROUBLESHOOTING) PROBLEM(ABSTRACT) During the ITCAM for J2EE for JBOSS Data Collector startup, the Managing Server tries to connect to a port outside the 8200-8399 default range (typically to port 8083). Is this expected? SYMPTOM When starting the Data Collector with the JBOSS application server, the Managing Server tries to connect to the JBOSS RMI port 8083. If you have a firewall in between and port 8083 is not opened, the Data Collector will not join the kernel. RESOLVING THE PROBLEM Even though the datacollector.properties file contains the default entries: probe.rmi.port=8200-8299 probe.controller.rmi.port=8300-8399 and these ranges of ports are opened in the""},{""char_end"":863,""char_start"":0,""chunk_id"":""e6fad4d70a7fb99041e75dd4401dd505bbbbe085d867d4e84cfea003716464b8"",""document_id"":""techqa-doc:corpus/swg21423874.txt"",""filename"":""swg21423874.txt"",""rank"":4,""text"":""Title: IBM ITCAM for J2EE JBOSS V5 DC Configuration. - United States Text: ITCAMforJ2EE JBOSS TECHNOTE (TROUBLESHOOTING) THIS DOCUMENT APPLIES ONLY TO THE FOLLOWING LANGUAGE VERSION(S): US English PROBLEM(ABSTRACT) Trying to configure the JBoss DC, V6.1.0.4 with IFix's 2,3 and 4 installed and JBOSS V5. The configuration fails, with the message: Cannot connect to the JBoss server. Make sure that the JBoss is running or check whether the Server Host/Port specified are correct. Please be sure of that JNP service is not only bound on localhost and JNP service should be able to be connected via domain name like testdomain.com:1099. SYMPTOM The configuration fails, with the message: Cannot connect to the JBoss server. CAUSE The problem was that the DC configuration tool tries to connect to the JBoss server's JNP service on port 1099, using the real hostname""},{""char_end"":1432,""char_start"":692,""chunk_id"":""207a36233927a8a736385e7cca51e73858e69d2c72686fb78e8aa70d2f2db6b2"",""document_id"":""techqa-doc:corpus/swg21967756.txt"",""filename"":""swg21967756.txt"",""rank"":5,""text"":""2EE agent/DC because this involves changes to the JBoss native connector files and this is currently not supported. Additionally, there's no option to specify the Service name when configuring the JBoss server during the configuration steps. If you are using JBoss AS 7.1 or JBoss EAP 6.1.0 or 6.2.0 or 6.3.0, then you will need the to use the latest patch first, [https://developer.ibm.com/answers/questions/208313/how-do-i-download-the-new-itcam-for-j2ee-711-la-if.html]then run the standalone.bat (or domain.bat) program from the command-line after successful configuration. Note: If you have a Tomcat server, then you will be able to use that server in a Service, the technote is here. [http://www.ibm.com/support/docview.wss?uid=swg219""},{""char_end"":594,""char_start"":0,""chunk_id"":""1d5c2c44936f6646ec81977aab66093801167b8f08bc40ba1c32a7d98f59358c"",""document_id"":""techqa-doc:corpus/swg21965198.txt"",""filename"":""swg21965198.txt"",""rank"":6,""text"":""Title: IBM ITCAM for J2EE 7.1.1 JBOSS: EJB - Web Applications Workspaces empty - United States Text: itcam j2ee jboss CAMJ2ALL CAMJ2TEPDATA CAMJ2AGENT TECHNOTE (TROUBLESHOOTING) PROBLEM(ABSTRACT) Cannot see the 'EJB - Web Applications Workspace' in our TEPS after configuring the ITCAM J2EE 7.1.1 JBOSS Agent RESOLVING THE PROBLEM 1. In the JBOSS startup script if you find the following java property please remove it and then restart the JBOSS server. -Dcom.sun.management.jmxremote 2. See if this property is there If not then add it. -Djboss.platform.mbeanserver PRODUCT ALIAS/SYNONYM itcam""},{""char_end"":727,""char_start"":0,""chunk_id"":""c09aabfd03c8c05cb0cc2a25898ffbe91fade55536971744ebd525fa2dd4f27e"",""document_id"":""techqa-doc:corpus/swg21968173.txt"",""filename"":""swg21968173.txt"",""rank"":7,""text"":""Title: IBM ITCAM J2EE 7.1.1 JBOSS data collector(DC) to ITCAM Managing Server(MS) connection lost - United States Text: ITCAM J2EE JBOSS TECHNOTE (TROUBLESHOOTING) THIS DOCUMENT APPLIES ONLY TO THE FOLLOWING LANGUAGE VERSION(S): US English PROBLEM(ABSTRACT) The connection from the JBOSS DC to the Managing server was working then after some time the connection is no longer working. SYMPTOM The following will show in the JBOSS server logs, 2015-09-14 06:31:11,366 INFO [STDOUT] Mon Sep 14 06:31:11 EDT 2015: Managed Kernels: 10.106.72.29:9120 2015-09-14 06:31:11,413 ERROR [STDERR] java.lang.ClassNotFoundException: null (no security manager: RMI classloader disabled) 2015-09-14 06:31:11,413 ERROR [STDERR] at sun.rmi.server""},{""char_end"":638,""char_start"":0,""chunk_id"":""c874e19a07b193810105e0cf5ade0ea270676eed240a3bb8f8941100b285c494"",""document_id"":""techqa-doc:corpus/swg21391112.txt"",""filename"":""swg21391112.txt"",""rank"":8,""text"":""Title: IBM ITCAM for J2EE JBOSS Application Server configuration - United States Text: ITCAM J2EE JBOSS Jboss manual configuration TECHNOTE (FAQ) THIS DOCUMENT APPLIES ONLY TO THE FOLLOWING LANGUAGE VERSION(S): US English QUESTION What is the procedure for manually configuring the ITCAM for J2EE Data Collector running JBOSS application server? ANSWER Please see the attached document. It describes the steps to do manual configuration of the JBoss App Server. Manual configuration steps for ITCAMfJ2 for JBoss.doc [/support/docview.wss?uid=swg21391112&aid=2] [/support/docview.wss?uid=swg21391112&aid=1] PRODUCT ALIAS/SYNONYM ITCAMfJ2EE""},{""char_end"":916,""char_start"":0,""chunk_id"":""7ee5ad3ce2c24b9d639d02b3199d5bf0c4e14e30fb27bdce25b2a9725743e5f8"",""document_id"":""techqa-doc:corpus/swg21444226.txt"",""filename"":""swg21444226.txt"",""rank"":9,""text"":""Title: IBM Using HP's SiteScope and ITCAM for Application Diagnostics. - United States Text: ITCAMAD71 ITCAMAD ITCAM Application Diagnostics SiteScope JVM monitoring products CAMADALL CAMADINST TECHNOTE (FAQ) THIS DOCUMENT APPLIES ONLY TO THE FOLLOWING LANGUAGE VERSION(S): US English QUESTION Is using SiteScope with ITCAM supported? ANSWER ITCAM is not designed to work with other monitoring products on the same JVM. However, specifically in the case of HP's SiteScope product, ITCAM will work with SiteScope as long as these versions are being used: SiteScope v11 with ITCAM for WAS 6.1 FP5 + IF11 or higher SiteScope v11 with ITCAM for AD 7.1 FP1 or higher. This is still not supported software so use at your own risk. We've done some limited testing in our labs with the above versions of SiteScope v11 and ITCAM for AD 7.1 on AIX 6.1. Default customization were used in both products and both products worked""},{""char_end"":835,""char_start"":0,""chunk_id"":""3e0a4e091360713b4fcc20195eb981b7e1752da01fc514a98391a7da0dd390d1"",""document_id"":""techqa-doc:corpus/swg1IZ89708.txt"",""filename"":""swg1IZ89708.txt"",""rank"":10,""text"":""Title: IBM IZ89708: ABILITY TO STITCH ITCAM FOR AD DATA TO ITCAM FOR SOA - United States Text: SUBSCRIBE You can track all active APARs for this component. APAR STATUS * CLOSED AS PROGRAM ERROR. ERROR DESCRIPTION * Support transaction tracking of web service requests between WebSphere Application Server and WebSphere Message Broker where the web service client is monitored by ITCAM for AD FITS MR1015106556 Description ============================= Ability to stitch ITCAM for AD data to ITCAM for SOA data in TT Topology View when using the Apache AXIS2 SOAP engine Customer would like to see an end to end view of a transaction that passes through the following components . [MQ on Z] ---> [MQ on Distributed] ---> [MB on Distributed*] ---(SOAP calls)---> [Apache Axis2 SOAP engine in embedded HTTP server in WAS ] ---(SOAP calls)""}]",phase03-sufficiency-annotation-v1,f2fe3f7f29b834d78fd7c79bf4d4a94faee43c658d89c48e386854123066802b,,,,
phase03-semantic-confirmation-blinded-v1,b184152b107ecc9fd52c272b42fd6997b3dce4ec37acdeb60be506a7383869f1,5,TRAIN_Q274,train,hybrid,1,"Error when using profilePath parameter with BPMConfig to create a profile

When creating a profile using the BPMConfig command and the -profilePath parameter to define a custom directory to store the profile data, the creation fails with the following error message if the directory already exists (even if it is empty):
com.ibm.bpm.config.BPMConfig.main(): The profile path <profile_path> must not exist.....",answerable_with_reference,Note: If you are creating the profile makes sure a profilePath value does not exist.,"[{""char_end"":2480,""char_start"":1901,""chunk_id"":""7d674238f7bc652a5182e29470641eed6e7b429ecd8627b176840370d2c5adcf"",""document_id"":""techqa-doc:corpus/swg1JR51714.txt"",""filename"":""swg1JR51714.txt"",""rank"":1,""text"":""********************************************** * PROBLEM DESCRIPTION: When you create a profile by using * * the BPMConfig command and the profile * * path already exists, the validation * * fails with the following error * * message even if the directory is * * empty: * * com.ibm.bpm.config.BPMConfig.main(): * * The profile path <profilePath> must * * not exist. * * com.ibm.bpm.config.util.ConfigException * * : The profile path <profilePath> must * * not exist. * * at * * com.ibm.bpm.config.BPMConfig.createDmgr * * Profile(BPMConfig.java:1833) * * at * * com.ibm.bpm.confi""}]",phase03-sufficiency-annotation-v1,f2fe3f7f29b834d78fd7c79bf4d4a94faee43c658d89c48e386854123066802b,,,,
phase03-semantic-confirmation-blinded-v1,4edea6e1f4731951270f71ee770e48bc1ecdaa187eacf4d62ccb676210e40725,6,TRAIN_Q136,train,dense,10,"Unexpected instance name for SQL Server agent after FP10



Hello,

on a new server I have installed SQL Server agent 6.31 FP10 and then tried to create an instance. On the server we run a single instance of SQL Server (default instance) so I would expect it to be discovered with the server hostname as it was in the past. But the ""Configure Database Agents” pane discovers and shows one instance with name “MSSQLSERVER” instead of the machine hostname.

There are no errors in the OQ_LocalConfig.log file. Why does it happen ?",answerable_with_reference,"Abstract: Default instance of SQL Server is identified as 'MSSQLSERVER' 
instead of hostname.
Additional Information: The default instance of SQL server used to get 
configured with hostname and not MSSQLSERVER. 
In an environment, where there was default instance and 
a named instance having same name as hostname had issues 
in configuration.","[{""char_end"":1054,""char_start"":0,""chunk_id"":""b1a9498a597bce72e8e9c9c1ad5bc7e8c027a74fc23bdf8d6af20708c342b353"",""document_id"":""techqa-doc:corpus/swg22000832.txt"",""filename"":""swg22000832.txt"",""rank"":1,""text"":""Title: IBM Why does the Microsoft SQL Server agent identify the default instance as MSSQLSERVER instead of host name? - United States Text: KOQ; OQ; MSSQLSERVER TECHNOTE (FAQ) QUESTION Why does the Microsoft SQL Server agent identify the default instance as MSSQLSERVER instead of host name? ANSWER For Microsoft SQL Server agent V06.31.08.00 and earlier, the agent was designed to name the default instance with the host name. You could also create a second named instance on the Microsoft SQL Server with the instance name same as the host name. When you installed the two instances of the Microsoft SQL Server on the same machine, one as the default instance and other as the named instance with the same name as the host name, the Microsoft SQL Server agent could not separately identify the presence of both the instances. The agent acknowledged only one instance for the agent configuration. Example Consider that a host machine with the name \""PTD09480\"" had following two instances of Microsoft SQL Server installed on it: Default instance with the""},{""char_end"":1768,""char_start"":808,""chunk_id"":""0f3133d7afbca3da432f7121de2041dd98b46d2d191a541d3ce36c5dc8522fb4"",""document_id"":""techqa-doc:corpus/swg22000832.txt"",""filename"":""swg22000832.txt"",""rank"":2,""text"":""both the instances. The agent acknowledged only one instance for the agent configuration. Example Consider that a host machine with the name \""PTD09480\"" had following two instances of Microsoft SQL Server installed on it: Default instance with the name MSSQLSERVER and a named instance with the name PTD09480. · The Microsoft SQL Server agent (V06.31.08.00 and earlier) identified the default instance as the host name, that is \""PTD09480\"" · The agent identified the named instance as PTD09480 Because both instances were being identified with same name, the agent was unable to differentiate between the instances. For the Microsoft SQL Server agent V06.31.08.01 and later, the agent design was modified. The agent now identifies the default instance as MSSQLSERVER. This name is unique for a particular host. Remember: For the Microsoft SQL Server agent version 06.31.08.01 and later, because the name of the default instance was changed from host name to MSSQ""},{""char_end"":2141,""char_start"":1565,""chunk_id"":""bac46b951adf37dd2155dfc316124431155b046fdfbabf739139a792c63d6104"",""document_id"":""techqa-doc:corpus/swg22000832.txt"",""filename"":""swg22000832.txt"",""rank"":3,""text"":""LSERVER. This name is unique for a particular host. Remember: For the Microsoft SQL Server agent version 06.31.08.01 and later, because the name of the default instance was changed from host name to MSSQLSERVER, the previously configured default instance does not work as expected. When you upgrade the agent version from V06.31.08.00 or earlier, to any later version (fix pack or interim fix), you must unconfigure the default instance (that has the same name as the host name), and reconfigure the default instance with the name as MSSQLSERVER. PRODUCT ALIAS/SYNONYM SQL Agt""},{""char_end"":953,""char_start"":0,""chunk_id"":""5cb03e609ee9157e01347ddc0614652d765869b11793ccdf71195a2a653bc8f9"",""document_id"":""techqa-doc:corpus/swg21616976.txt"",""filename"":""swg21616976.txt"",""rank"":4,""text"":""Title: IBM MS SQL agent unable to discover MS SQL instance - United States Text: itm; oq; koq; no data; 5724B96MOTR02; 5724B96MOTR TECHNOTE (TROUBLESHOOTING) PROBLEM(ABSTRACT) The MS SQL server and the monitoring agent is installed, but the agent configuration cannot discover the MS SQL instance on the host. SYMPTOM When configuring the MS SQL agent, the MS SQL server is not discovered. CAUSE The MS SQL Server is not compatible with the agent. RESOLVING THE PROBLEM The most common reasons why the agent is unable to discover the MS SQL instance are the following: * The bit level of the monitoring agent and the SQL server are not compatible. Following combinations are valid: both are 32bit or both are 64bit or the agent is 32bit and the MS SQL server is 64bit * The version of the SQL server is not supported with the installed version of the agent. Check the OQ_LocalConfig.log to see if the agent is finding the correct SQL server, for example""},{""char_end"":743,""char_start"":0,""chunk_id"":""b16e709d6adbd5adc36e33816bc5d95d16649265a1aab8b90d21f4eb1a303950"",""document_id"":""techqa-doc:corpus/swg21617663.txt"",""filename"":""swg21617663.txt"",""rank"":5,""text"":""Title: IBM Not able to configure OQ agent 64bit - United States Text: ITM TM KOQ SQL MSSQL GKSI; 5724B96MOTR TECHNOTE (TROUBLESHOOTING) PROBLEM(ABSTRACT) Agent doesn't show instance in server list while configuring the agent locally via MTEMS. SYMPTOM OQ_LocalConfig.log contains: 1382 Checking SQL instances for 64 bit 1472 ***Error: Registry : 'Software\\Microsoft\\Microsoft SQL Server\\Instance Names\\SQL' not found, return code for RegOpenKeyEx is 2 1396 OPEN_FAILED: Open key failed 1433 Scanning Done RESOLVING THE PROBLEM This problem occurs when OQ agent 64bit is being configured to monitor 32bit SQL server Basically SQL Agent 32bit can monitor both 32 and 64bit SQL Servers, However 64bit SQL Agent can monitor only 64 bit SQL Server.""},{""char_end"":1680,""char_start"":663,""chunk_id"":""0061ce20403c66471bca9cd3cefea34a96b98c669653ed16c86ceca16a804d8b"",""document_id"":""techqa-doc:corpus/swg1IV00459.txt"",""filename"":""swg1IV00459.txt"",""rank"":6,""text"":""instance, the problematic instance and next coming instances of same version doesn't show in server list. 3.Now server list will show all the instances except problematic instances. Detailed Recreation Procedure: 1.Change the registry path of one of installed instance e.g Change the data value of one of the instance available in following path in registry key. HKEY_LOCAL_MACHINE\\\\Software\\\\Microsoft\\\\Microsoft SQL Server \\\\Instance Names\\\\SQL 2.Double click on SQL template in the IBM Monitoring GUI 3.Check the list of server instances in \""configure Database Agent\"" dialog entries Related Files and Output: \""OQ_LocalConfig.log\"" log files in the directory %CANDLE_HOME%\\TMAITM6\\logs LOCAL FIX * Not available PROBLEM SUMMARY * ISSUE RELATED TO CONFIGURING THE AGENT LOCALLY. PROBLEM CONCLUSION * The agent will now show all instances in server list while configuring the agent locally whose all registry keys are present in the registry. The fix for this APAR is contained in the following maintenance packages: |""},{""char_end"":891,""char_start"":0,""chunk_id"":""79f9b913ba32efc1d709ce3505af2b23f7f84fda14c812309b09635794cb0ecb"",""document_id"":""techqa-doc:corpus/swg1IV36658.txt"",""filename"":""swg1IV36658.txt"",""rank"":7,""text"":""Title: IBM IV36658: AGENT CONFIGURATION CAUSES INCORRECT KOQ_NAMED_INSTANCE SETTING - United States Text: A FIX IS AVAILABLE ITCAM for Microsoft (R) App : SQL Server 6.3.0-TIV-ITM_SQL-IF0004 [http://www-01.ibm.com/support/docview.wss?uid=swg24036766] SUBSCRIBE You can track all active APARs for this component. APAR STATUS * CLOSED AS PROGRAM ERROR. ERROR DESCRIPTION * Severity: 3 Approver: Hua Ming Zhong Compid: 5724B96MO Abstract: Agent configuration results in incorrect KOQ_NAMED_INSTANCE setting Environment: All windows versions All Microsoft SQL Server versions Microsoft SQL Server Agent 6.3 Problem Description: After the monitoring agent for Microsoft SQL Server is configured and started for the default instance, the agent displays no data in Tivoli Enterprise Portal. Detailed Re-creation Procedure: 1) Install SQL Server Agent 6.3. 2) Remove registry key: HKEY_LOCAL_MACHINE""},{""char_end"":922,""char_start"":0,""chunk_id"":""79b5cf958b4e5b96754d7c178f685e340cf5a8f5d4ca4804c743e0fa1dc40552"",""document_id"":""techqa-doc:corpus/swg1IV00459.txt"",""filename"":""swg1IV00459.txt"",""rank"":8,""text"":""Title: IBM IV00459: THE AGENT DOESN?T SHOW ALL INSTANCES IN SERVER LIST WHILE CONFIGURING THE AGENT LOCALLY. - United States Text: A FIX IS AVAILABLE ITCAM for Microsoft (R) App : SQL Server 6.2.3-TIV-ITM_SQL-IF0004 [http://www-01.ibm.com/support/docview.wss?uid=swg24031902] SUBSCRIBE You can track all active APARs for this component. APAR STATUS * CLOSED AS PROGRAM ERROR. ERROR DESCRIPTION * Environment: All windows versions All Microsoft SQL Server versions Microsoft SQL Server Agent 6.2.1. Problem Description: 1.Generally all the instances of SQL server of same version should be displayed in server list. 2.But due to incorrect registry key path of the instance, the problematic instance and next coming instances of same version doesn't show in server list. 3.Now server list will show all the instances except problematic instances. Detailed Recreation Procedure: 1.Change the registry path of one of installed""},{""char_end"":1760,""char_start"":814,""chunk_id"":""1d286a08b56c9efd7f5f2d2618380cf2124053f6e5c4fa18eff044d09123c9ad"",""document_id"":""techqa-doc:corpus/swg1IV69741.txt"",""filename"":""swg1IV69741.txt"",""rank"":9,""text"":""2. Create an instance of the MSSQL Agent 3. From the instance right click and select Advanced->Edit Variables. Add Variable CT_CMSLIST for example and change the hostname to an IP address: #192.168.2.10 for example. Press ok to implement the change. Use Regedit to review the registry for the instance. Note CT_CMSLIST is set correctly to the IP address. 4. Right click on the template and select Advanced->Configure Advanced or select Configure using Defaults Next select the instance and press the Edit button. Change some value on the screen, then press OK, you may have to press ok twice. 5. Use Regedit again to review the instance registry values. Note the CT_CMSLIST has returned to the hostname value. 6. Reconfig the instance and the registry values are again present and correct. LOCAL FIX * After a template is changed reconfigure all instances of the agent to pickup the new changes and retain the changes from Override Local Settings""},{""char_end"":1033,""char_start"":0,""chunk_id"":""af4100e2fefb0bbff536cb1897d5856d2bb9df5a56d68f9ce2fb46dd5bb735c0"",""document_id"":""techqa-doc:corpus/swg21988664.txt"",""filename"":""swg21988664.txt"",""rank"":10,""text"":""Title: IBM SQL Agent is not collecting data in cluster environment - United States Text: 5724B96MO TECHNOTE (TROUBLESHOOTING) PROBLEM(ABSTRACT) When the default instance is configured in a cluster environment, the MS SQL Server agent does not collect data. SYMPTOM - Data for default instance is not being collected - Agent services are restarted. CAUSE The MS SQL Server agent uses the Windows Management Instrumentation (WMI) query to get the status of the MS SQL Server service. This query takes the name of MS SQL server service as a input. When the default instance is in a cluster environment, the service is created with the default instance name, which is MSSQLSERVER. So to get the status of the MS SQL Server service, 'MSSQLSERVER' should be provided as a input to the WMI query. But, agent uses the cluster name to query the status of the default instance. Hence, the WMI query fails to return the status of the default instance. Note: This issue does not occur when a named instance is configured in a cluster environment""}]",phase03-sufficiency-annotation-v1,f2fe3f7f29b834d78fd7c79bf4d4a94faee43c658d89c48e386854123066802b,,,,
phase03-semantic-confirmation-blinded-v1,3b22b0863df06fd1444984e148ebf5fc9abd82e5ce872dc816c609184d08f4da,7,DEV_Q253,validation,hybrid,10,"Want to find out if Microsoft Edge is supported with ICC?

Want to find out Microsoft Edge is supported with ICC? ",answerable_with_reference,Microsoft Edge is supported starting with IBM Content Collector 4.0.1 Fix Pack 2.,"[{""char_end"":808,""char_start"":0,""chunk_id"":""543832c46a38934627dd47ab3bb52ebd92dec88d7cd8b387c3d8acee7cb9b710"",""document_id"":""techqa-doc:corpus/swg22016051.txt"",""filename"":""swg22016051.txt"",""rank"":1,""text"":""Title: IBM Issues with Microsoft Edge and Cognos Analytics - United States Text: TECHNOTE (FAQ) QUESTION The compatibility tool website shows that MS Edge is not supported. Since IE is now phased out, what is the expected timeframe for Cognos to be compatible with the new browser? CAUSE Microsoft Edge is not supported ANSWER Microsoft Edge is not supported as of the time of writing this document. A list of current supported browsers can be found here... http://www-01.ibm.com/support/docview.wss?uid=swg27047186 [http://www-01.ibm.com/support/docview.wss?uid=swg27047186] There is no given time for when this will be supported. However you can vote on the following RFE for this to be a potential future enhancement... https://www.ibm.com/developerworks/rfe/execute?use_case=viewChangeRequest&CR_ID=78839""},{""char_end"":517,""char_start"":0,""chunk_id"":""9d9995607309d36119d1f6fa7eb4eb63afb9a47cdbe26aaedbb1133f7115dc5d"",""document_id"":""techqa-doc:corpus/swg21992262.txt"",""filename"":""swg21992262.txt"",""rank"":2,""text"":""Title: IBM Support of ARA 5.0 for Windows 10 browser called \""Edge\"" - United States Text: edge; microsoft; browser; compatibility; ARA; IE TECHNOTE (TROUBLESHOOTING) PROBLEM(ABSTRACT) Our IT is planning to move to Windows 10 with the browser Edge. Does ARA 5.0 support the new browser? RESOLVING THE PROBLEM As of October 2016: Only IE 11 is supported in the present releases. My understanding is that there may yet be a long tail of IE 11 support from Microsoft, especially in corporate environments, so we have time.""},{""char_end"":1124,""char_start"":0,""chunk_id"":""ce00e7aa692db6b79d852dd4ff9c0fab44e4363094ecc22150c73f79e6384e13"",""document_id"":""techqa-doc:corpus/swg21976776.txt"",""filename"":""swg21976776.txt"",""rank"":3,""text"":""Title: IBM Microsoft Edge Browser support with ECM client products - United States Text: Edge; browser TECHNOTE (TROUBLESHOOTING) PROBLEM(ABSTRACT) This technote describes Microsoft Edge support with ECM client products including IBM Content Navigator, Workplace (Application Engine) and WorkplaceXT. The Microsoft Edge browser represents an evolutionary change from previous Internet Explorer browser editions. One of the more significant changes is the removal of ActiveX controls which among other things allows for Java plugins to enhance browser capabilities. This has varying levels of impact on ECM client products. The Edge browser can be used with ICN 2.0.3 FP6 and later releases. The following issues and limitations were found during the qualification: Daeja ViewONE viewers - The Daeja ViewONE Professional viewer is Java applet based and will not run with the Edge browser. The only supported Daeja viewer with the Edge Browser is the Daeja ViewONE Virtual viewer. CM8 viewers - The CM8 applet viewer is Java applet based and will not run with the Edge browser. Alternatives are to use either Internet Explorer""},{""char_end"":738,""char_start"":0,""chunk_id"":""85df2529a68fa7ae3290f309354a8d82ace890ce0aa258ec02d1100f759946a5"",""document_id"":""techqa-doc:corpus/swg21972840.txt"",""filename"":""swg21972840.txt"",""rank"":4,""text"":""Title: IBM Plug-in and Rich Text support for Microsoft Edge - United States Text: applet; browser FLASH (ALERT) ABSTRACT The Microsoft Edge browser does not support plug-ins or Rich Text functionality. CONTENT The Microsoft Edge browser does not support plug-ins. All the IBM Maximo 7.6 applets (Direct print, Workflow designer, Asset Topology viewer, and Graphical Scheduler) cannot be used with the Edge browser. Use an alternative browser such as Internet Explorer 11 until IBM Maximo 7.6 is updated to add this support. One of the components that Maximo depends on for Rich Text support is not supported for the Edge browser. Use an alternative browser such as Internet Explorer 11 until IBM Maximo 7.6 is updated to add this support.""},{""char_end"":1934,""char_start"":883,""chunk_id"":""ca1bad79de94fe2bea40cb88fc4279a902801521aea7def3035b1bae13d629db"",""document_id"":""techqa-doc:corpus/swg21964330.txt"",""filename"":""swg21964330.txt"",""rank"":5,""text"":""bar while in Tablet mode and select 'Show all notification icons'. Microsoft Edge is not a supported browser. Microsoft Edge, which replaced Internet Explorer as the default browser in Windows 10, is not an officially supported browser for use with IBM Endpoint Manager for Remote Control. The Edge browser does not support ActiveX controls and browser plug-ins. Use a supported browser, such as Internet Explorer or Mozilla Firefox, to run on-demand remote control sessions. Using the Edge browser to run on-demand remote control sessions does work if a Java Runtime (JRE) is installed on the Windows 10 system. Operating system is reported as Windows 8.1 instead of Windows 10. In the controller window and the target UI, when you click the system information icon, the operating system is reported as Windows 8.1 in the sysinfo.txt file. Similarly, the server UI also reports the OS for Window 10 targets as Windows 8.1. For example, on the 'Create new session' page. Note: The same limitations that are documented for Windows 8 Metro UI in the IBM""},{""char_end"":2376,""char_start"":1460,""chunk_id"":""17e847d56e5e03bf3399c24c4f948c5ff47b0bea5fbe3251985aa40063eb8393"",""document_id"":""techqa-doc:corpus/swg21963922.txt"",""filename"":""swg21963922.txt"",""rank"":6,""text"":""Plug-in and IBM Client Application Access supported on Windows 10? Yes. Notes Browser Plug- in 9.0.1 Fix Pack 5 introduces support for Windows 10. I BM Client Application Access 1.0.0.1 introduces support for Windows 10. Q3. Is Domino supported on Windows 10? No. Windows 10 is a client operating system and is not supported for Domino servers. Q4. Is the Microsoft Edge browser supported? Yes. If Microsoft Edge is set as the default browser, then Notes will open Web URLs in Edge. (Note: This specific functionality also currently works in both Notes Browser Plug-in and IBM Client Application Access, but not yet in iNotes.) Q5. What steps do I take to install Notes on Windows 10? No specific steps are required for installing Notes on Windows 10. Follow the Notes 9.0.1 install instructions as detailed in \""Notes Client Installation and Upgrade [http://www-12.lotus.com/ldd/doc/domino_notes/9.0/help9_admin.nsf/""},{""char_end"":21598,""char_start"":20545,""chunk_id"":""4035c96ad846fad88cf4850cf2b784810eb58e90281616954877641e7d0dedf5"",""document_id"":""techqa-doc:corpus/swg27042658.txt"",""filename"":""swg27042658.txt"",""rank"":7,""text"":""Exchange Server 2010 SP2 * .NET Framework 2.0 (or later) * Microsoft Internet Explorer 8, 9, or 10 * Microsoft Exchange Server 2013 SP1 * Microsoft Internet Explorer 9, 10 or 11 * Google Chrome 13 * Microsoft Edge * Microsoft Exchange Server 2016 * Microsoft Internet Explorer 10 or 11 * Microsoft Edge The following restrictions apply: * IBM Content Collector OWA support does not work with if the option \""Use the blind and low vision experience\"" in the OWA settings is used. * IBM Content Collector OWA support works only with OWA Premium Mode. * IBM Content Collector OWA support on Exchange 2010 supports only the Internet Explorer browser and not Apple Safari, Mozilla Firefox, and so on although Microsoft OWA 2010 supports other browsers. * IBM Content Collector OWA support on Exchange 2013 supports the Google Chrome browser in Apple Mac OS X 10.9.x (32-bit and 64-bit) * Microsoft Edge is supported starting with IBM Content Collector 4.0.1 Fix Pack 2 * IBM Content Collector OWA support on Exchange 2016 is supported starting from IBM Content""},{""char_end"":5946,""char_start"":5150,""chunk_id"":""c49851a3f44bb2ce0e6f9ea46ea1c3213b0a1b7195e71832b1a1a954766a85e5"",""document_id"":""techqa-doc:corpus/swg27044995.txt"",""filename"":""swg27044995.txt"",""rank"":8,""text"":""%2FPortal%2FIndex] The IBM Client Success Portal is your “one-stop shop” for Customer Support related information. 2. Did you know that Microsoft Edge Browser supports ECM client products? [http://www-01.ibm.com/support/docview.wss?uid=swg21976776&acss=danl_2848_web] This technote describes Microsoft Edge support with ECM client products including IBM Content Navigator, Workplace (Application Engine) and WorkplaceXT. Back to top Education 1. Do you want to learn about Performance and Scalability in relation with IBM Daeja ViewONE Virtual 4.1.5? [http://www-01.ibm.com/support/docview.wss?uid=swg21975859&acss=danl_2848_web] This technical note explains the scalability information for IBM® DaejaTM ViewONE Virtual. Both the vertical and horizontal scalability characteristics of IBM® DaejaT""},{""char_end"":6049,""char_start"":5237,""chunk_id"":""6f78d914ec5b946559d5f0a8674fe021cd7e14f8e37e1896b40f33f1fae2a3b1"",""document_id"":""techqa-doc:corpus/swg27048005.txt"",""filename"":""swg27048005.txt"",""rank"":9,""text"":""on how to subscribe to valuable product information notifications. 2. Did you know that Microsoft Edge Browser supports ECM client products? [http://www-01.ibm.com/support/docview.wss?uid=swg21976776&acss=danl_2848_web] This technote describes Microsoft Edge support with ECM client products including IBM Content Navigator, Workplace (Application Engine) and WorkplaceXT. Back to top Education 1. Do you want to learn about Performance and Scalability in relation with IBM Daeja ViewONE Virtual 4.1.5? [http://www-01.ibm.com/support/docview.wss?uid=swg21975859&acss=danl_2848_web] This technical note explains the scalability information for IBM® DaejaTM ViewONE Virtual. Both the vertical and horizontal scalability characteristics of IBM® DaejaTM ViewONE® Virtual 4.1.5 were tested with a workload that models""},{""char_end"":1844,""char_start"":1009,""chunk_id"":""dd97a56a0af415485c18821a4e65d653885847df00076e0a19415c105b08340a"",""document_id"":""techqa-doc:corpus/swg1HE12666.txt"",""filename"":""swg1HE12666.txt"",""rank"":10,""text"":""Environment: ICC 4.0.1 FP4 Outlook 2016 (16.0.7329.1051) 32 Bit ICC Outlook Extension Version: 4.0.1.4 As per ICC prerequisites .NET Framework 4.5 or later is supported. With latest Windows 10 build, .NET Framework 4.7 is shipped. Outlook Extension installer is currently unable to detect the .NET framework version 4.7. LOCAL FIX * Contact IBM Support for fix PROBLEM SUMMARY * When installing ICC OE 4.0.1.4 on a Windows 10 Build 1703, following error message is observed on the welcome screen: Warning .Net 4.5.1 framework cannot be found. The Outlook Extension for IBM Content Collector cannot be installed, as .NET Framework 4.5.1 is not installed. Environment: ICC 4.0.1 FP4 Outlook 2016 (16.0.7329.1051) 32 Bit ICC Outlook Extension Version: 4.0.1.4 As per ICC prerequisites .NET Framework 4.5 or later is supported. With latest""}]",phase03-sufficiency-annotation-v1,f2fe3f7f29b834d78fd7c79bf4d4a94faee43c658d89c48e386854123066802b,,,,
phase03-semantic-confirmation-blinded-v1,f7fb11a28a2a1f744a54692ef60b68315895d1011fbb95fc04067e79dba0bf60,8,TRAIN_Q587,train,bm25,10,"Why can't I connect to HTTPS server using Installation Manager 1.7.2?



When using IBM Installation Manager 1.7.2 to connect to a HTTPS server, I get the following message:

The following repositories are not connected: https://www.ibm.com/software/repositorymanager/service/com.ibm. websphere.ND.v85/8.5.5.2.

When I try to hit the URL, I get a 404 error.",answerable_with_reference,"IBM Installation Manager has added support for the TLS protocol in versions 1.8 and 1.7.4. Versions of the Installation Manager that are 1.7.3.1 or older, require SSL security protocol to connect to a HTTPS server. 
To resolve the issue, update IBM Installation Manager to version 1.7.4, 1.8 or newer.","[{""char_end"":562,""char_start"":0,""chunk_id"":""c9232875c7ed32a1c6b862d01298652f3fe3d50d4c28be8eddbb0ac6337c7425"",""document_id"":""techqa-doc:corpus/isg3T1014912.txt"",""filename"":""isg3T1014912.txt"",""rank"":1,""text"":""Title: IBM Why do I get \""Can't connect to service\"" when installing LSF and using lspasswd? - United States Text: lspasswd error cmd TECHNOTE (TROUBLESHOOTING) PROBLEM(ABSTRACT) Why do I get \""Can't connect to service\"" when installing LSF and using lspasswd? RESOLVING THE PROBLEM Why do I get \""Can't connect to service\"" when installing LSF and using lspasswd?The problem is most probably because of the permission to open passwd.lsfuser on NFS. Cross reference information Segment Product Component Platform Version Edition IBM Spectrum Computing IBM Spectrum LSF""},{""char_end"":1039,""char_start"":0,""chunk_id"":""712ae617b3911ec33100f31bf758c7a46055f59b060c2967ab94b73ad8de6dd9"",""document_id"":""techqa-doc:corpus/swg21477853.txt"",""filename"":""swg21477853.txt"",""rank"":2,""text"":""Title: IBM \""Login in failed for user\"" error when connecting a client to the Modeler Server running on Windows with a non-Admin profile. - United States Text: TECHNOTE (TROUBLESHOOTING) PROBLEM(ABSTRACT) Can the profile logon locally to the server when it is not part of the Admin group? I have installed Modeler on my workstation and am attempting to connect to a Modeler Server installed on Windows. When I connect using a profile in the Administrators group on the server I can connect without problems. When I login using a valid Windows profile for the server that is not part of the Administrators group I get an error \""Login failed for User...\"". The server_logging.log file on the Modeler server also indicates that the logon failed. If I put the same profile into the Administrators group I can log in fine. Why can't I connect to the server with a non-Administrator profile? RESOLVING THE PROBLEM Modeler Server uses the operating system on the server machine to authenticate users when connecting to the server. Once connected all""},{""char_end"":709,""char_start"":0,""chunk_id"":""2106dc7612a9d47110b7ce646b4ed7987479f4b8a0716e936f9673bee313ac75"",""document_id"":""techqa-doc:corpus/swg21689284.txt"",""filename"":""swg21689284.txt"",""rank"":3,""text"":""Title: IBM Why do I get a \""HTTP 404 - File not found\"" when I attempt to connect to my LCMS site? - United States Text: TECHNOTE (FAQ) QUESTION Why do I get a \""HTTP 404 - File not found\"" when I attempt to connect to my LCMS site? ANSWER The 404 error indicates that the URL does not exist. If you have entered the correct server/instance name, the most probable cause is that the site is running on a port other than port 80. If this is the case, check what port the server is on and enter the URL as, e.g.: \""http://<yourserver.domain>:8080/<lcmsname>\"". Cross reference information Segment Product Component Platform Version Edition Smarter Workforce IBM Kenexa LCMS Premier on Cloud HISTORICAL NUMBER 10101509""},{""char_end"":2173,""char_start"":1567,""chunk_id"":""de556f624728c8ae0807181332a51f17cbf7cb230fc55c6f19640c76a6c1b94c"",""document_id"":""techqa-doc:corpus/swg27043960.txt"",""filename"":""swg27043960.txt"",""rank"":4,""text"":""'Requested' [http://www.ibm.com/support/docview.wss?uid=swg21689296] * Why do I get a \""HTTP 404 - File not found\"" when I attempt to connect to my LCMS site? [http://www.ibm.com/support/docview.wss?uid=swg21689284] * Why doesn't my content expand to the full width of the content frame after I've increased the width of the LO viewer? [http://www.ibm.com/support/docview.wss?uid=swg21689285] * Why do users have to login to the LCMS twice to get into the application? [http://www.ibm.com/support/docview.wss?uid=swg21690050] * How do I move a Theme to another LCMS Premier site ? [http://www.ibm.com/support""},{""char_end"":984,""char_start"":0,""chunk_id"":""359ccac862c17199a224daff1f7a63d8510e5198ec081a31a31004f953916c6a"",""document_id"":""techqa-doc:corpus/swg1PM21560.txt"",""filename"":""swg1PM21560.txt"",""rank"":5,""text"":""Title: IBM PM21560: WAS IMPORT OFFERING.SERVICE.REPOSITORIES PROPERTY NOT DEFINED; INSTALLATION MANAGER CANNOT CONNECT TO WEB SERVICE REPOSITORY - United States Text: SUBSCRIBE You can track all active APARs for this component. APAR STATUS * CLOSED AS PROGRAM ERROR. ERROR DESCRIPTION * WebSphere Application Server V7.0 uses the IBM Installation Manager to install and update Feature Packs for the product. The Installation Manager utility is capable of connecting to repositories available on ibm.com to look for product updates. Installation Manager will connect to ibm.com if its list of repositories contains a URL pointing to ibm.com. When Installation Manager connects to the repositories on ibm.com, it may report that it is unable to connect to certain online repositories. For example, it may show a message such as the following: Update Packages The following repositories are not connected: http://public.dhe.ibm.com/software/websphere/resositories/ [http://public.dhe.ibm""},{""char_end"":814,""char_start"":0,""chunk_id"":""e09372a54cd28aa05f6af01e5e3831ebc9fd2c8e928805e2ea091561034cd83b"",""document_id"":""techqa-doc:corpus/swg21498660.txt"",""filename"":""swg21498660.txt"",""rank"":6,""text"":""Title: IBM OmniFind Enterprise Edition: SharePoint crawler gives 'Unable to connect to server' - United States Text: OEE; SharePoint TECHNOTE (TROUBLESHOOTING) PROBLEM(ABSTRACT) I am using OmniFind Enterprise Edition and I have installed fix pack 2. Now I am trying to create a crawler against SharePoint 2007. As I go through the crawler setup Wizard, after I enter the Web service URL and port number, I get the following error message: FFQED0002E Unable to connect to server http://test.ibm.com/_vti_bin/ESSPServices.asmx with user xyz\\userid. SYMPTOM You are entering a Web service URL similar to the following: http://test.ibm.com/_vti_bin/ESSPServices.asmx RESOLVING THE PROBLEM The Web service URL to use during crawler creation should be similar to the following: http://test.ibm.com/ If that does not work""},{""char_end"":1097,""char_start"":0,""chunk_id"":""8f7076e7911578102219348b7ff255111704cbfef343e9765fda3437edfa8999"",""document_id"":""techqa-doc:corpus/swg21420545.txt"",""filename"":""swg21420545.txt"",""rank"":7,""text"":""Title: IBM Resolving connectivity problems when using IBM Installation Manager to install WebSphere Process Server (WPS) Version 7.0 - United States Text: wps; installation; proxy; installation manager; internet; hang; freeze TECHNOTE (FAQ) QUESTION How can I install WebSphere Process Server with IBM Installation Manager if I do not have an Internet connection or if my server uses a proxy? ANSWER IBM Installation Manager generally requires connectivity to the Internet to be able to connect to the live repositories and retrieve information regarding the current features/fixes available for a particular product installation. In cases where there is no internet connectivity, Installation Manager hangs during start up trying to access the http://public.dhe.ibm.com/software/websphere/repositories/ [http://public.dhe.ibm.com/software/websphere/repositories/] URL. This behavior includes cases when the server where installation is being attempted is behind a firewall and requires proxy server information to access the Internet. Using IBM Installation Manager without an Internet connection""},{""char_end"":828,""char_start"":0,""chunk_id"":""75354a3d7000bad8a675427937cf93323220e3b0c40a62e39796c2f4782416f3"",""document_id"":""techqa-doc:corpus/swg21688071.txt"",""filename"":""swg21688071.txt"",""rank"":8,""text"":""Title: IBM Installation Manager 1.7.3.1 or older cannot connect to HTTPS servers that have SSL security protocol disabled - United States Text: TECHNOTE (TROUBLESHOOTING) PROBLEM(ABSTRACT) When using IBM Installation Manager to connect to a HTTPS server, if the server has SSL disabled, versions of IBM Installation Manager older than 1.8 will not be able to connect to it RESOLVING THE PROBLEM IBM Installation Manager has added support for the TLS protocol in versions 1.8 and 1.7.4. Versions of the Installation Manager that are 1.7.3.1 or older, require SSL security protocol to connect to a HTTPS server. To resolve the issue, update IBM Installation Manager to version 1.7.4, 1.8 or newer. RELATED INFORMATION Installation Manager and Packaging Utility downloads [http://www-01.ibm.com/support/docview.wss?uid=swg27025142]""},{""char_end"":936,""char_start"":0,""chunk_id"":""65b459670aef7780df9d99831974b6f52ad7ccdac267b3d3c5c8df18f6787a74"",""document_id"":""techqa-doc:corpus/swg21693315.txt"",""filename"":""swg21693315.txt"",""rank"":9,""text"":""Title: IBM Product updates are not found using IBM Installation Manager 1.7.3.1 or older - United States Text: Installation Manager; Repository; Connection FLASH (ALERT) ABSTRACT When using older IBM Installation Manager versions to search for products or product updates, you may get errors related to repositories under https://www.ibm.com/ [https://www.ibm.com/] not connected. CONTENT The IBM Update Site requires the use of the TLS protocol but the TLS protocol is not supported by IBM Installation Manager 1.7.3.1 or older. These older versions require SSL security protocol to connect to a HTTPS server. IBM Installation Manager versions 1.7.4, 1.8 and newer support the TLS protocol. To resolve repository connection problems, upgrade the IBM Installation Manager to version 1.7.4, 1.8 or newer. RELATED INFORMATION Installation Manager and Packaging Utility downloads [http://www-01.ibm.com/support/docview.wss?uid=swg27025142]""},{""char_end"":940,""char_start"":0,""chunk_id"":""3bedbe0525044b3cd326dc3a6bec08d7db8d945e28c175a53c014210968feb4e"",""document_id"":""techqa-doc:corpus/swg21688067.txt"",""filename"":""swg21688067.txt"",""rank"":10,""text"":""Title: IBM Product updates not found when using IBM Installation Manager 1.7.3.1 or older - United States Text: TECHNOTE (TROUBLESHOOTING) PROBLEM(ABSTRACT) When using IBM Installation Manager to search for product updates, latest updates may not be detected. You may get errors related to some repositories under https://www.ibm.com/ [https://www.ibm.com/] not connected CAUSE The IBM Update Site currently requires the use of the TLS protocol but the TLS protocol is not supported by IBM Installation Manager 1.7.3.1 or older. RESOLVING THE PROBLEM IBM Installation Manager has added support for the TLS protocol in versions 1.8 and 1.7.4. Versions of the Installation Manager that are 1.7.3.1 or older, require SSL security protocol to connect to a HTTPS server. To resolve the issue, update IBM Installation Manager to version 1.7.4, 1.8 or newer. Most users will want to update to version 1.8. Users on platforms that are not supported""}]",phase03-sufficiency-annotation-v1,f2fe3f7f29b834d78fd7c79bf4d4a94faee43c658d89c48e386854123066802b,,,,
phase03-semantic-confirmation-blinded-v1,c2c1cc650a03fb134098fba52f857b11c0665fd54873d7fea1f8d119a9bf0c99,9,TRAIN_Q065,validation,hybrid,5,"For Solaris how to write verbose gc output to a log file other than the native_stdout?

A customer asked why no gc logs generated even if they use the -Xverbosegc option. So How can I write verbose gc output to a log file other than the native_stdout for SunOS? ",answerable_with_reference,"Add the following parameters to the generic JVM arguments:

-XX:+PrintGCDetails 
-XX:+PrintGCDateStamps 
-XX:+PrintHeapAtGC 
-Xloggc:/tmp/gc.log","[{""char_end"":672,""char_start"":0,""chunk_id"":""5820ba32b9afb8243163c0d07978ce9855302bd26aff96dd85f1b0ea59f0c006"",""document_id"":""techqa-doc:corpus/swg21636533.txt"",""filename"":""swg21636533.txt"",""rank"":1,""text"":""Title: IBM Writing Verbose GC To A Specified Log In Solaris and HP-UX - United States Text: verbosegc log rotation HP Solaris JVM rotate file TECHNOTE (FAQ) QUESTION How can I write verbose gc output to a log file other than the native_stdout? CAUSE By default, Solaris and HP-UX do not write verbose GC to a log file. This must be configured. ANSWER WAS 8.5.0.2 (and higher), WAS 8.0.0.6 (and higher), WAS 7.0.0.27 (and higher): Solaris: Add the following parameters to the generic JVM arguments: -XX:+PrintGCDetails -XX:+PrintGCDateStamps -XX:+PrintHeapAtGC -Xloggc:/tmp/gc.log To enable log file rotation: -XX:+UseGCLogFileRotation -XX:NumberOfGCLogFiles=10 -XX:GCLogFi""},{""char_end"":759,""char_start"":0,""chunk_id"":""152800bf2f3d7d6c6e82832e7d10741962ac530b42ceab02edba4c405cb47d16"",""document_id"":""techqa-doc:corpus/swg21384096.txt"",""filename"":""swg21384096.txt"",""rank"":2,""text"":""Title: IBM Writing Verbose GC to a Specified Log -Xverbosegclog in AIX, Linux and Windows - United States Text: verbose GC; verbose garbage collection; nativestd_err.log; verbose log app server appserver was TECHNOTE (FAQ) QUESTION How do you get verbose GC output to another log besides native_stderr? CAUSE Verbose GC data is captured by default in the native_stderr.log for AIX®, Windows® and Linux® and native_stdout.log for Solaris and HP. Note: For writing verbose gc to a specified log in Solaris and HP-UX, please see this link [https://www-304.ibm.com/support/docview.wss?uid=swg21636533]. At present there is no capability to rotate native_stderr logs in WebSphere. Therefore you can use -Xverbosegclog to minimize the size/contents of the native_st""},{""char_end"":946,""char_start"":0,""chunk_id"":""0d190cf6c159e489f769b59bf4d7fe575d43df8bd69f2d62262a327fb1be160d"",""document_id"":""techqa-doc:corpus/swg21222436.txt"",""filename"":""swg21222436.txt"",""rank"":3,""text"":""Title: IBM MustGather: How to enable Verbose GC Logging - United States Text: Verbose GC MustGather Garbage Collection; MustGatherDocument TECHNOTE (TROUBLESHOOTING) PROBLEM(ABSTRACT) Verbose GC logging gives an insight into the actions that the Garbage Collector is taking. This allows an application to be monitored and better tuned for performance, in addition to being vital for diagnosing memory problems. However, Verbose GC logging is not enabled by default. RESOLVING THE PROBLEM Enabling the generation of Verbose GC logging is done using the following command line option: -verbose:gc This causes the Verbose GC logging to be written to stderr. It is also possible to direct the Verbose GC logging output to a single file using the following command line option: -Xverbosegclog:[DIR_PATH][FILE_NAME] where: [DIR_PATH] is the directory where the file should be written [FILE_NAME] is the name of the file to write the logging to eg. java""},{""char_end"":4499,""char_start"":3659,""chunk_id"":""ec67b8fdf951dfca5cec24e4296239aff498c7c127d6721f8d995a3aeadb86ca"",""document_id"":""techqa-doc:corpus/swg21393519.txt"",""filename"":""swg21393519.txt"",""rank"":4,""text"":""and can be done by 1 of the following ways: * Enabling the generation of Verbose GC logging is done to direct the Verbose GC logging output to a single file using the following command line option: -Xverbosegclog:[DIR_PATH][FILE_NAME] Where: [DIR_PATH] is the directory where the file should be written [FILE_NAME] is the name of the file to write the logging to For example: java -Xverbosegclog:/u/myuser/verbose_output.xml * The logging can also be done in a circular fashion to a series of files, this is carried out using the following command line option: -Xverbosegclog:[DIR_PATH][FILE_NAME],X,Y Where: [DIR_PATH] is the directory where the file should be written [FILE_NAME] is the name of the file to write the logging to X is the number of files to write to Y is the number of GC cycles a file should contain The parameter needs to""},{""char_end"":4492,""char_start"":3656,""chunk_id"":""b8a77b526eb8dcda687659339d3299fa1163f8e8cf5e3528b8615809c26c14a9"",""document_id"":""techqa-doc:corpus/swg21264612.txt"",""filename"":""swg21264612.txt"",""rank"":5,""text"":""to being vital for diagnosing memory problems. However, Verbose GC logging is not enabled by default, and can be done by one of the following ways. * Enabling the generation of Verbose GC logging is done to direct the Verbose GC logging output to a single file using the following command line option: -Xverbosegclog:[DIR_PATH][FILE_NAME] Where: [DIR_PATH] is the directory where the file should be written [FILE_NAME] is the name of the file to write the logging to For example: java -Xverbosegclog:C:\\temp\\verbose_output.xml * The logging can also be done in a circular fashion to a series of files, this is carried out using the following command line option: -Xverbosegclog:[DIR_PATH][FILE_NAME],X,Y Where: [DIR_PATH] is the directory where the file should be written [FILE_NAME] is the name of the file to write the logging to X is""}]",phase03-sufficiency-annotation-v1,f2fe3f7f29b834d78fd7c79bf4d4a94faee43c658d89c48e386854123066802b,,,,
phase03-semantic-confirmation-blinded-v1,4fcf9d10d46cf04b356372d19401ce80f6f0052f1faec25fa69ecb3663674de0,10,TRAIN_Q395,train,dense,10,"Does ITCAM for HTTP Server 7.1 FP4 work with IBM HTTP Server (IHS) 8.5.5.10 on AIX 7.2.x ?

Does ITCAM for HTTP Server 7.1 FP4 work with IBM HTTP Server (IHS) 8.5.5.10 on AIX 7.2.x ? ",answerable_with_reference,IBM HTTP Server 8.5.5.9 contains all applicable security fixes in Apache HTTP Server versions up through 2.2.31.,"[{""char_end"":637,""char_start"":0,""chunk_id"":""704eaf6fe4dc866466f5723bfbbe1f7e5e892cae034b1003493e302555a5708c"",""document_id"":""techqa-doc:corpus/swg21902175.txt"",""filename"":""swg21902175.txt"",""rank"":1,""text"":""Title: IBM ITCAM for J2EE 7.1.1 Support for WLS 12.1.1 statement. - United States Text: 5724N95WL WebLogic 12c 12.0 J2EE agent CAMJ2ALL CAMJ2INST TEMA TECHNOTE (FAQ) THIS DOCUMENT APPLIES ONLY TO THE FOLLOWING LANGUAGE VERSION(S): US English QUESTION Does ITCAM for J2EE 7.1.1 support WLS 12.1.1? CAUSE According to the Software Product Compatibility Report for ITCAM for J2EE 7.1.1- http://www-969.ibm.com/software/reports/compatibility/clarity-reports/report/html/prereqsForProduct?deliverableId=1369837892213&osPlatforms=AIX|HP|Linux|Solaris|Windows&duComponentIds=S000&mandatoryCapIds=62|26&optionalCapIds=30|132|223 [http://www-969.""},{""char_end"":2794,""char_start"":2530,""chunk_id"":""f1ed0685758781fe8310e56c330305e9311d79780c99b376bdf4d84e18373595"",""document_id"":""techqa-doc:corpus/swg22001710.txt"",""filename"":""swg22001710.txt"",""rank"":2,""text"":""ss?uid=swg21432428]. If you want to see the silent configuration [http://www-01.ibm.com/support/docview.wss?uid=swg22001711], please see this technote [http://www-01.ibm.com/support/docview.wss?uid=swg22001711]. PRODUCT ALIAS/SYNONYM ITCAM for HTTP Server ITCAM4AD""},{""char_end"":1016,""char_start"":715,""chunk_id"":""8bd528fc898735971fb83c9bff11c68851dd8dddfb9082afc43c2339a736bf04"",""document_id"":""techqa-doc:corpus/swg21444226.txt"",""filename"":""swg21444226.txt"",""rank"":3,""text"":""own risk. We've done some limited testing in our labs with the above versions of SiteScope v11 and ITCAM for AD 7.1 on AIX 6.1. Default customization were used in both products and both products worked successfully with each other. PRODUCT ALIAS/SYNONYM ITCAMAD71 ITCAMAD ITCAM Application Diagnostics""},{""char_end"":916,""char_start"":0,""chunk_id"":""7ee5ad3ce2c24b9d639d02b3199d5bf0c4e14e30fb27bdce25b2a9725743e5f8"",""document_id"":""techqa-doc:corpus/swg21444226.txt"",""filename"":""swg21444226.txt"",""rank"":4,""text"":""Title: IBM Using HP's SiteScope and ITCAM for Application Diagnostics. - United States Text: ITCAMAD71 ITCAMAD ITCAM Application Diagnostics SiteScope JVM monitoring products CAMADALL CAMADINST TECHNOTE (FAQ) THIS DOCUMENT APPLIES ONLY TO THE FOLLOWING LANGUAGE VERSION(S): US English QUESTION Is using SiteScope with ITCAM supported? ANSWER ITCAM is not designed to work with other monitoring products on the same JVM. However, specifically in the case of HP's SiteScope product, ITCAM will work with SiteScope as long as these versions are being used: SiteScope v11 with ITCAM for WAS 6.1 FP5 + IF11 or higher SiteScope v11 with ITCAM for AD 7.1 FP1 or higher. This is still not supported software so use at your own risk. We've done some limited testing in our labs with the above versions of SiteScope v11 and ITCAM for AD 7.1 on AIX 6.1. Default customization were used in both products and both products worked""},{""char_end"":903,""char_start"":450,""chunk_id"":""ac14569bdc896f8ebdc473908e6c552a4cbfa8b2a94b65ae6cfbef0a8f0c9948"",""document_id"":""techqa-doc:corpus/swg1PM65060.txt"",""filename"":""swg1PM65060.txt"",""rank"":5,""text"":""938] 7.1.0.3-TIV-ITCAMAD-IF0004: ITCAM for Application Diagnostics V7.1 FP3 IF6 [http://www-01.ibm.com/support/docview.wss?uid=swg24034668] 7.1.0.3-TIV-ITCAMAD-IF0008: ITCAM for Application Diagnostics V7.1 FP3 IF8 [http://www-01.ibm.com/support/docview.wss?uid=swg24037994] ITCAM for J2EE V7.1.1 Fixes [http://www-01.ibm.com/support/docview.wss?uid=swg24040521] 7.1.0-TIV-ITCAMAD-FP0004: ITCAM for Application Diagnostics V7.1 Fix Pack 4 [http://www-01""},{""char_end"":510,""char_start"":0,""chunk_id"":""e32cd73db17a174c42ebbcbaaa5be72d319ea05bd230273f2a8e558488e6cdfd"",""document_id"":""techqa-doc:corpus/swg1PM72517.txt"",""filename"":""swg1PM72517.txt"",""rank"":6,""text"":""Title: IBM PM72517: AGENT CAN'T CONNECT TO WAS XD MONITORING ON AIX 6.1 AND WAS 8. - United States Text: FIXES ARE AVAILABLE 7.1.0.3-TIV-ITCAMAD-IF0005: ITCAM for Application Diagnostics V7.1 FP3 IF5 [http://www-01.ibm.com/support/docview.wss?uid=swg24033938] 7.1.0.3-TIV-ITCAMAD-IF0004: ITCAM for Application Diagnostics V7.1 FP3 IF6 [http://www-01.ibm.com/support/docview.wss?uid=swg24034668] 7.1.0.3-TIV-ITCAMAD-IF0008: ITCAM for Application Diagnostics V7.1 FP3 IF8 [http://www-01.ibm.com/support/docview.w""},{""char_end"":2858,""char_start"":2319,""chunk_id"":""b1dfb58f1cea4e7f561aad21172c651de1fd026c66800f168dd452f86acb1370"",""document_id"":""techqa-doc:corpus/swg21656198.txt"",""filename"":""swg21656198.txt"",""rank"":7,""text"":""_on?lang=en] [http://publib.boulder.ibm.com/infocenter/tivihelp/v24r1/topic/com.ibm.itcamt.doc_7.4.0.0/ITCAMTRANS_download.htm] Several sources of information are available: * System Requirements and Prerequisites [https://www.ibm.com/developerworks/community/blogs/0587adbc-8477-431f-8c68-9226adea11ed/entry/itcam_for_transactions_blog_on?lang=en] * Download Information [https://www.ibm.com/support/knowledgecenter/en/SS5MD2_7.4.0.1/com.ibm.itcamt.doc/ITCAMTRANS_download.htm] * [https://www.ibm.com/support/knowledgecenter/en/SS5MD2_7.4""},{""char_end"":1640,""char_start"":1192,""chunk_id"":""a19721839e2728248b961eb1bfe537502cf2628000a08906fd2b2c32fde7471d"",""document_id"":""techqa-doc:corpus/swg1PM31400.txt"",""filename"":""swg1PM31400.txt"",""rank"":8,""text"":""V7.1 FP3 IF4 [http://www-01.ibm.com/support/docview.wss?uid=swg24033735] 7.1.0.3-TIV-ITCAMAD-IF0005: ITCAM for Application Diagnostics V7.1 FP3 IF5 [http://www-01.ibm.com/support/docview.wss?uid=swg24033938] 7.1.0.3-TIV-ITCAMAD-IF0004: ITCAM for Application Diagnostics V7.1 FP3 IF6 [http://www-01.ibm.com/support/docview.wss?uid=swg24034668] 7.1.0.3-TIV-ITCAMAD-IF0008: ITCAM for Application Diagnostics V7.1 FP3 IF8 [http://www-01.ibm.com/support""},{""char_end"":1210,""char_start"":774,""chunk_id"":""6e5fc0dad67a3d61dd95dc7118c56268b328694d00398253bddd9bbd6b104ad9"",""document_id"":""techqa-doc:corpus/swg1PM49946.txt"",""filename"":""swg1PM49946.txt"",""rank"":9,""text"":""33735] 7.1.0.3-TIV-ITCAMAD-IF0005: ITCAM for Application Diagnostics V7.1 FP3 IF5 [http://www-01.ibm.com/support/docview.wss?uid=swg24033938] 7.1.0.3-TIV-ITCAMAD-IF0004: ITCAM for Application Diagnostics V7.1 FP3 IF6 [http://www-01.ibm.com/support/docview.wss?uid=swg24034668] 7.1.0.3-TIV-ITCAMAD-IF0008: ITCAM for Application Diagnostics V7.1 FP3 IF8 [http://www-01.ibm.com/support/docview.wss?uid=swg24037994] 7.1.0-TIV-ITCAMAD-FP0004""},{""char_end"":878,""char_start"":411,""chunk_id"":""141e24976b8c3f0743cd3a70345c8dbe9a41b6e286363856d98f224f945ff16b"",""document_id"":""techqa-doc:corpus/swg1PM17147.txt"",""filename"":""swg1PM17147.txt"",""rank"":10,""text"":"": ITCAM for Application Diagnostics V7.1 FP2 IF1 [http://www-01.ibm.com/support/docview.wss?uid=swg24029067] 7.1.0.2-TIV-ITCAMAD-IF0006: ITCAM for Application Diagnostics V7.1 FP2 IF6 [http://www-01.ibm.com/support/docview.wss?uid=swg24031010] 7.1.0.2-TIV-ITCAMAD-IF0007: ITCAM for Application Diagnostics V7.1 FP2 IF7 [http://www-01.ibm.com/support/docview.wss?uid=swg24031710] 7.1.0.2-TIV-ITCAMAD-IF0010: ITCAM for Application Diagnostics V7.1 FP2 IF10 [http://www-""}]",phase03-sufficiency-annotation-v1,f2fe3f7f29b834d78fd7c79bf4d4a94faee43c658d89c48e386854123066802b,,,,
phase03-semantic-confirmation-blinded-v1,81f81db8a5958fb61c4c714d9fce212e1df24c25df5ef3937dcb7fc0a311ab81,11,TRAIN_Q084,train,dense,3,"Help with Security Bulletin: IBM MQ Clients connecting to an MQ Queue Manager can cause a SIGSEGV in the AMQRMPPA channel process terminating it (CVE-2018-1371)

I need to understand details regarding Security Bulletin: IBM MQ Clients connecting to an MQ Queue Manager can cause a SIGSEGV in the AMQRMPPA channel process terminating it (CVE-2018-1371). Where can I find this information?
",answerable_with_reference,"CVEID: CVE-2018-1371 [http://cve.mitre.org/cgi-bin/cvename.cgi?name=CVE-2018-1371]
DESCRIPTION: An IBM MQ client connecting to an MQ queue manager can cause a SIGSEGV in the amqrmppa channel process terminating it.
CVSS Base Score: 6.5
CVSS Temporal Score: See https://exchange.xforce.ibmcloud.com/vulnerabilities/137771 [https://exchange.xforce.ibmcloud.com/vulnerabilities/137771] for the current score
CVSS Environmental Score*: Undefined
CVSS Vector: (CVSS:3.0/AV:N/AC:L/PR:L/UI:N/S:U/C:N/I:N/A:H)","[{""char_end"":735,""char_start"":0,""chunk_id"":""09150957573bb45365c1a98b61c77ccccb19f32f01d0ce05afd5eae757babd42"",""document_id"":""techqa-doc:corpus/swg22012983.txt"",""filename"":""swg22012983.txt"",""rank"":1,""text"":""Title: IBM Security Bulletin: IBM MQ clients connecting to an MQ queue manager can cause a SIGSEGV in the amqrmppa channel process terminating it. (CVE-2018-1371) - United States Text: SECURITY BULLETIN SUMMARY An IBM MQ client connecting to an MQ queue manager can cause a SIGSEGV in the queue manager's amqrmppa channel process, terminating it. VULNERABILITY DETAILS CVEID: CVE-2018-1371 [http://cve.mitre.org/cgi-bin/cvename.cgi?name=CVE-2018-1371] DESCRIPTION: An IBM MQ client connecting to an MQ queue manager can cause a SIGSEGV in the amqrmppa channel process terminating it. CVSS Base Score: 6.5 CVSS Temporal Score: See https://exchange.xforce.ibmcloud.com/vulnerabilities/137771 [https://exchange.xforce.ibmcloud.com/vulnera""},{""char_end"":818,""char_start"":0,""chunk_id"":""eaf7ec80680f7c31dfce991786ccac87218453d7a55df1b204d2f92531086023"",""document_id"":""techqa-doc:corpus/swg22005415.txt"",""filename"":""swg22005415.txt"",""rank"":2,""text"":""Title: IBM Security Bulletin: IBM MQ termination of a client application causes denial of service (CVE-2017-1235) - United States Text: SECURITY BULLETIN SUMMARY Termination during an MQGET call of a client application running on a channel with SHARECNV=1, could cause a SIGSEGV and termination of the channel agent process. VULNERABILITY DETAILS CVEID: CVE-2017-1235 [http://cve.mitre.org/cgi-bin/cvename.cgi?name=CVE-2017-1235] DESCRIPTION: IBM MQ could allow an authenticated user to cause a premature termination of a client application thread, which could potentially cause denial of service. CVSS Base Score: 3.1 CVSS Temporal Score: See https://exchange.xforce.ibmcloud.com/vulnerabilities/123914 [https://exchange.xforce.ibmcloud.com/vulnerabilities/123914] for the current score CVSS Environmental Score*: Und""},{""char_end"":896,""char_start"":0,""chunk_id"":""b3ce825f472ecbe00cb8179284a8d5ad5addb626fdb0345d78f4d075d8acc7f2"",""document_id"":""techqa-doc:corpus/swg22004378.txt"",""filename"":""swg22004378.txt"",""rank"":3,""text"":""Title: IBM Security Bulletin: IBM MQ is affected by a potential denial of service to channel processes (CVE-2017-1557) - United States Text: SECURITY BULLETIN SUMMARY An IBM MQ application with authority to connect to a remote queue manager could send a malicious request that could cause undefined behaviour within the channel process servicing that connection, including a loss of service for other connections being serviced by the same channel process. VULNERABILITY DETAILS CVEID:CVE-2017-1557 [http://cve.mitre.org/cgi-bin/cvename.cgi?name=CVE-2017-1557] DESCRIPTION:IBM MQ could allow an authenticated user with authority to send a specially crafted request that could cause a channel process to cease processing further requests. CVSS Base Score: 4.3 CVSS Temporal Score: Seehttps://exchange.xforce.ibmcloud.com/vulnerabilities/131547 [https://exchange.xforce.ibmcloud.com/vulnerabilities""}]",phase03-sufficiency-annotation-v1,f2fe3f7f29b834d78fd7c79bf4d4a94faee43c658d89c48e386854123066802b,,,,
phase03-semantic-confirmation-blinded-v1,0e9cb4fe78397e93c644c94f4ad514ff2505289615a139ca9f4760219427b5c8,12,TRAIN_Q222,train,bm25,3,"Composite Platform Installation Tool (CPIT) does not support IBM Tivoli Directory Server (ITDS) 6.3 on Red Hat Enterprise Linux



When use the CPIT to install the FileNet P8 platform, the installation is not successful and the error occurs at ITDS installation, refer to the detailed error in cpit_install_stderr.txt:

OUTPUT>========================================== OUTPUT>Setting Directories... OUTPUT>Mon Aug 11 08:20:00 SGT 2014 OUTPUT>/opt/IBM/cpit/decompressed/TDS/tdsV6.3/tds ERROR>./install_tds.bin: line 1956: warning: here-document at line 1956 delimited by end-of-file (wanted `/dev/null') OUTPUT>ERROR: /opt/IBM/ldap/V6.3/sbin/idsldif2db not found. TDS installation failed. Process completed with exit code: 1 ERROR in InvokeScripts-function - Terminate the remaining scripts. ***Aborting InvokeScripts-Install function.",answerable_with_reference,Tivoli Directory Server 6.3 installation using GUI installation program is not supported on RHEL 6.,"[{""char_end"":662,""char_start"":0,""chunk_id"":""d7f9bb968fb0ef2ec621ac0ce4f704c0ea531d590fe87b93e1b5bb3e8d92bd6f"",""document_id"":""techqa-doc:corpus/swg21683906.txt"",""filename"":""swg21683906.txt"",""rank"":1,""text"":""Title: IBM Composite Platform Installation Tool (CPIT) does not support IBM Tivoli Directory Server (ITDS) 6.3 on Red Hat Enterprise Linux (RHEL) 6.1. - United States Text: CPIT; Linux; idsldif2db TECHNOTE (TROUBLESHOOTING) PROBLEM(ABSTRACT) When use the CPIT to install the FileNet P8 platform, the installation is not successful and the error occurs at ITDS installation, refer to the detailed error in cpit_install_stderr.txt: OUTPUT>========================================== OUTPUT>Setting Directories... OUTPUT>Mon Aug 11 08:20:00 SGT 2014 OUTPUT>/opt/IBM/cpit/decompressed/TDS/tdsV6.3/tds ERROR>./install_tds.bin: line 1956: warning: here-document at line""},{""char_end"":1220,""char_start"":541,""chunk_id"":""8556b05ec123591f6295966286e12790c46b553c4d5f7e4817ec555d7de1aff4"",""document_id"":""techqa-doc:corpus/swg21683906.txt"",""filename"":""swg21683906.txt"",""rank"":2,""text"":""2014 OUTPUT>/opt/IBM/cpit/decompressed/TDS/tdsV6.3/tds ERROR>./install_tds.bin: line 1956: warning: here-document at line 1956 delimited by end-of-file (wanted `/dev/null') OUTPUT>ERROR: /opt/IBM/ldap/V6.3/sbin/idsldif2db not found. TDS installation failed. Process completed with exit code: 1 ERROR in InvokeScripts-function - Terminate the remaining scripts. ***Aborting InvokeScripts-Install function. DIAGNOSING THE PROBLEM From the error, it seems like a file is missing from the package (see\""/opt/IBM/ldap/V6.3/sbin/idsldif2db not found. TDS installation failed.\""). If review the installTDS63.sh shell script, the script uses the following method to install ITDS: =========""},{""char_end"":948,""char_start"":0,""chunk_id"":""6f623cd0cccc0fe1ae44ad280cfe64799870bc77f58ac52da8aaf04328ab623d"",""document_id"":""techqa-doc:corpus/swg27020324.txt"",""filename"":""swg27020324.txt"",""rank"":3,""text"":""Title: IBM During single-server installation of FileNet P8 Platform, you must close the Tivoli Directory Server administration window to prevent time-out errors - United States Text: RELEASE NOTES ABSTRACT On an AIX platform without a Common Desktop Environment (CDE), if you use VNC to connect to the X desktop to launch the Composite Platform Installation Tool (CPIT) in interactive or silent mode, you might experience a time-out error. CONTENT The Installation Complete window in CPIT displays this message: Errors occurred during the installation. See the installation log for more information. The IBM/cpit/cpit_install_log_5.0.0.txt log displays a message similar to: ***IllegalThreadStateException - Timeout Error in monitorProcess: (12/23) installCE.sh. java.lang.IllegalThreadStateException: process hasn't exited ERROR in InvokeScripts-function - Terminate the remaining scripts. ***Aborting InvokeScripts-Install function. Causes During""}]",phase03-sufficiency-annotation-v1,f2fe3f7f29b834d78fd7c79bf4d4a94faee43c658d89c48e386854123066802b,,,,
phase03-semantic-confirmation-blinded-v1,ca55bf410d0386ce61d05d2677a9e3f4dae8f0362d227ae4e2ba7ffbf23ddfac,13,TRAIN_Q135,train,bm25,3,"WAS runtime classpath does not match WAS Server Runtime library in RAD

 I've run into a classpath problem in WAS 8.0 for my web application. The problem is that it compiles fine i RAD but I get a NoClassDefFoundError in Runtime.  ",answerable_with_reference,"Some of the Java methods found in the JARs in the server's plugin directory are available to be called, but some of them are considered internal use only and an exception is thrown if you try to call them from user code.","[{""char_end"":1966,""char_start"":1377,""chunk_id"":""aff82cde65b3302d4e532aff0ad3cf835feeccc084a6580870d236b6d475ca39"",""document_id"":""techqa-doc:corpus/swg21251332.txt"",""filename"":""swg21251332.txt"",""rank"":1,""text"":""in RAD, the following method can add an available runtime library back to the .classpath. Server runtime entries are entered into the .classpath file by choosing a server target. For a J2EE application, go to the EAR level. Select Project > Properties > Server, choose a target runtime, and make sure the Include child project is selected. Click Apply. In cases where WAS v6 runtime is the only one available and was removed from the Libraries, a new target server for WebSphere 6.0 Runtime can be created by clicking the New button. This feature is available as of the version 7.0 of RAD.""},{""char_end"":1585,""char_start"":583,""chunk_id"":""076a705f4f28346aab3a6f81706d1b4c3eb44594027e617ab85c4be9c0ce8408"",""document_id"":""techqa-doc:corpus/swg21251332.txt"",""filename"":""swg21251332.txt"",""rank"":2,""text"":""Websphere 6.0 Runtime.\"" If you select the entry and remove it, there is no way to add it back. You cannot add a library because WAS v6 is missing here. If a J2EE project has WebSphere Process Server (WPS) as runtime, and is exported from WebSphere Integration Developer (WID) and imported in a RAD-only environment, viewing Project > Properties throws errors. CAUSE Adding WebSphere® 6.0 Runtime library to Libraries in JavaTM Build Path is not an available feature in IBM® Rational® Application Developer for WebSphere Software (RAD) version 6.x. RESOLVING THE PROBLEM Server runtime entries should not be removed from the Libraries tab of the JavaTM Build Path properties. In cases where they are removed or in instances where a project is imported from WID targeting a runtime not available in RAD, the following method can add an available runtime library back to the .classpath. Server runtime entries are entered into the .classpath file by choosing a server target. For a J2EE application, go to""},{""char_end"":995,""char_start"":0,""chunk_id"":""c31ac438a9bc522fa74a2730a0e0e1e35ac2b413cb8bb4863baf8b28dacdbb47"",""document_id"":""techqa-doc:corpus/swg1PK05782.txt"",""filename"":""swg1PK05782.txt"",""rank"":3,""text"":""Title: IBM PK05782: WEBSPHERE RAPID DEPLOY GENERATES INCORRECT LOOSECONFIG.XMI FILE FOR WEB LIBRARY PROJECTS - United States Text: SUBSCRIBE You can track all active APARs for this component. APAR STATUS * CLOSED AS PROGRAM ERROR. ERROR DESCRIPTION * WebSphere Rapid Deploy generates an incorrect Looseconfig.xmi file when Web projects specify Web Library Projects in RAD 6. This means that the Library Projects are not actually on the WebSphere Classpath at runtime. In this case it manifested as a failure to find a JSP helper class when the JSP was compiled at runtime PK05702 is the WebSphere Application Server equivalent APAR LOCAL FIX * There is a temporary fix available from RAD support. PROBLEM SUMMARY * WebSphere Rapid Deploy generates an incorrect Looseconfig.xmi f ile when Web projects specify Web Library Projects in RAD 6. This means that the Library Projects are not actually on the Web Sphere Classpath at runtime. In this case it manifested as a fai lure to find a JSP helper""}]",phase03-sufficiency-annotation-v1,f2fe3f7f29b834d78fd7c79bf4d4a94faee43c658d89c48e386854123066802b,,,,
phase03-semantic-confirmation-blinded-v1,5226d94e6667eeb70198ddaa3d9951858fd7c00e3c6c90309f1265d0b9f542c2,14,TRAIN_Q415,train,bm25,1,"Unable to login to FileNet Workplace XT 1.1.5.x. Getting error, Problem initializing encryption/decryption with keyID.



We are having issue while trying to login Workplace XT. Getting the error message below as soon as I hit after giving credentials.

Error Message: com.filenet.wcm.api.EncryptionException: Problem initializing encryption/decryption with keyId 7d3f93e3, size 256 bits. java.home=/opt/IBM/WebSphere/AppServer/java/jre. Cause: java.security. InvalidKeyException: Illegal key size or default parameters

IBM WAS 8.5.5.9 Workplace XT 1.1.5",answerable_with_reference,This behavior occurs if Workplace XT is configured to use Maximum strength keys (>128bit) during installation.,"[{""char_end"":901,""char_start"":0,""chunk_id"":""b64931c4e6726b5e9bd1087ae5e6b077173caf0a215359be7239c74ecb06e0d9"",""document_id"":""techqa-doc:corpus/swg21446945.txt"",""filename"":""swg21446945.txt"",""rank"":1,""text"":""Title: IBM Getting Credentials Error: 0x80040794 when trying to login to FileNet Content Manager Workplace using Application Integration from Microsoft Office applications and from eForms Designer. - United States Text: encryption problem Encryption Exception App Int TECHNOTE (TROUBLESHOOTING) PROBLEM(ABSTRACT) Trying to login to Workplace thru Application Integration, produced Credentials Error: 0x80040794. SYMPTOM The Application Integration dialog box showed the following error: Credentials Error: 0x80040794 - User Login Failed! The Application Integration log showed the following error: ERROR http-8080-Processor22 com.filenet.wcm.api.EncryptionException - [throw] Problem initializing encryption/decryption with keyId c708ec77, size 448 bits. java.home=C:\\Program Files\\Java\\j2re1.4.2_08. Cause: java.lang.SecurityException: Unsupported keysize or algorithm parameters com.filenet.wcm.api.""}]",phase03-sufficiency-annotation-v1,f2fe3f7f29b834d78fd7c79bf4d4a94faee43c658d89c48e386854123066802b,,,,
phase03-semantic-confirmation-blinded-v1,552288ad728189fc50e7719a08d69cd7069c50000bafa3f14944506371f0ab2e,15,TRAIN_Q544,train,bm25,5,"Unable to login to TEP with TEPS LDAP authentication

TEPS LDAP has been configured correctly. User id can be searched successfully in eWAS.

The login appears to be attempting to authenticate with the HUB TEMS rather than going through Websphere to contact the LDAP server.",answerable_with_reference,"remove the TEPS variable 'KFW_AUTHORIZATION_USE_EWAS' from the KFWENV, then restart the TEPS and verify that all users can log in.","[{""char_end"":839,""char_start"":0,""chunk_id"":""7d2814b9184cbf8a6d83838de3ce4ea1909ea1a4157933348c66c798a9e70b40"",""document_id"":""techqa-doc:corpus/swg21377702.txt"",""filename"":""swg21377702.txt"",""rank"":1,""text"":""Title: IBM tacmd login fails when TEMS is configured with LDAP authentication - United States Text: TEMSLDAP LDAPTEMS ITMLDAP directory server KUIC0006E TECHNOTE (TROUBLESHOOTING) PROBLEM(ABSTRACT) User attempts to do \""tacmd login\"" to login to the TEMS, and has LDAP authentication enabled, but the login fails. RESOLVING THE PROBLEM The tacmd command acts as a SOAP client when logging-in to the TEMS, connecting to the SOAP server on the Hub TEMS. There could be problems either in the SOAP configuration, or in the TEMS LDAP configuration information. 1. To confirm their SOAP configuration, review the kshxhubs.xml file on the Hub TEMS. For example, on a UNIX/Linux Hub TEMS, this file would be at: <InstallDirectory>/tables/<Hub_Name>/HTML/kshxhubs.xml Confirm it's setup correctly to allow those users to login via SOAP. If necessary""},{""char_end"":738,""char_start"":0,""chunk_id"":""38afc77e6e09eae7f1715d3815f7f4c800a3fb430a361e95ad1a347137fd9032"",""document_id"":""techqa-doc:corpus/swg21688718.txt"",""filename"":""swg21688718.txt"",""rank"":2,""text"":""Title: IBM TEP Login is failing for some LDAP users - United States Text: KFW_AUTHORIZATION_USE_EWAS; TEPS; Login ; LDAP ADO; status 1021 TECHNOTE (TROUBLESHOOTING) PROBLEM(ABSTRACT) The TEPS is configured to use LDAP (e.g. Microsoft Active Directory ) for user authentication. Some LDAP user are able to login successfully, but some users are not able to login, why? SYMPTOM For some users that try to log into the TEPS, the following error is seen: \""KFWITM393E User ID or password is invalid\"" The TEPS logs shows the error: KFW1002I Starting Service: 'Startup Complete v2.0' (Thursday, August 28, 2014, 3:12:36 PM-{252C}ctserver.cpp,520, \""CTServer::startServerDll\"") KFW1003I Started Service: 'Startup Complete v2.0' (Thursday, August 28""},{""char_end"":852,""char_start"":0,""chunk_id"":""fd53cce440ca206451c5ad80301873c52dd705780cde08520f882c5689e02f0a"",""document_id"":""techqa-doc:corpus/swg1IZ43325.txt"",""filename"":""swg1IZ43325.txt"",""rank"":3,""text"":""Title: IBM IZ43325: UNABLE TO START TEPS AFTER RECONFIGURE. JVM FAILED TO START. - United States Text: SUBSCRIBE You can track all active APARs for this component. APAR STATUS * CLOSED AS PROGRAM ERROR. ERROR DESCRIPTION * Environment: ITM 6.2 FP1 and above. Install component, TEPS component. Problem Description: When the TEPS is configured to use LDAP authentication and to use DB2 for the database, the JVM is not started and authentication fails. This is caused by the KFW_STARTJVM variable being set to NO in the config/kcqenv file. Detailed Recreation Procedure: Install TEPS Configured TEPS without LDAP enabled. Start TEPS/TEP You are able to login via desktop client Stop TEPS Configure LDAP via MTEMS GUI Start TEPS, LDAP configuration fails. Stop TEPS Reconfigure TEPS with LDAP settings via command line. Start TEPS/TEP Unable to login via""},{""char_end"":1130,""char_start"":402,""chunk_id"":""74b8c62e24b39452ffd5e72f0f28ef1e70e87c43929685b1a562b9af0b1b75e3"",""document_id"":""techqa-doc:corpus/swg1IZ75855.txt"",""filename"":""swg1IZ75855.txt"",""rank"":4,""text"":""-TIV-ITM-FP0006) [http://www-01.ibm.com/support/docview.wss?uid=swg24030135] SUBSCRIBE You can track all active APARs for this component. APAR STATUS * CLOSED AS PROGRAM ERROR. ERROR DESCRIPTION * Problem Description: Authentication fails when running TEMS as non-root Environment: ITM 6.2.1 IF02 and IF04 environment. Hub TEMS on RHEL with LDAP authentication enabled setperm runs OK to lock down the Hub TEMS and run as non-root user. RTEMS, Agents, etc... appear to be working OK and connect to the ITM environment, but Hub TEMS appears unable to authenticate users that either login to TEPS or run tacmd commands. From Hub TEMS logs: (4BBB167C.0000-22:kdspac1.c,1570,\""VPA1_CreatePath\"") VPA1_CreatePath failure detected 1021.""},{""char_end"":810,""char_start"":0,""chunk_id"":""ee4b7290c7c3e56cf83552b26f8fffd14db6fa63d034ba536589b01515e1dc76"",""document_id"":""techqa-doc:corpus/swg21429502.txt"",""filename"":""swg21429502.txt"",""rank"":5,""text"":""Title: IBM Error KFWITM393E when logging onto TEP with LDAP authentication enabled - United States Text: ITM; 5724C04PS; IBM Tivoli Monitoring; ITM 6; TEPS; Character not mapped to negotiated transmission code set; LDAP portal user authentication login TECHNOTE (TROUBLESHOOTING) PROBLEM(ABSTRACT) This Technote deals with an issue where a customer with LDAP authentication set up encounters errors when users attempt to logon to the TEP SYMPTOM Users attempting to log into the TEP client receive the following error: \""KFWITM393E User ID or password is invalid.\"" DIAGNOSING THE PROBLEM Customer should review the TEPS logs for the following error: (4B5E276B.0006-1BE4:ctpropertysequence.cpp,661,\""CTPropertySequence::Dump \"") -----> -2102 = \""Character not mapped to negotiated transmission code set - ASCII\"" (4B""}]",phase03-sufficiency-annotation-v1,f2fe3f7f29b834d78fd7c79bf4d4a94faee43c658d89c48e386854123066802b,,,,
phase03-semantic-confirmation-blinded-v1,2692c4c063d3071909c7738eb8cd0568247758ce84451442a42506451a789ccf,16,DEV_Q175,validation,hybrid,1,"Would like to know if WebSphere Extreme Scale  is leap year and leap second compliant. Is there any documentation that talks about this?

Would like to know if WebSphere Extreme Scale is leap year  compliant. Is there any documentation that talks about this? ",answerable_with_reference,WebSphere Application Server and the SDK are leap year compliant.,"[{""char_end"":1098,""char_start"":0,""chunk_id"":""845e353829c5c61882b03cef3259d08b1cc24204dc73f8f875fb383b4e8d6d31"",""document_id"":""techqa-doc:corpus/swg21976215.txt"",""filename"":""swg21976215.txt"",""rank"":1,""text"":""Title: IBM WebSphere eXtreme Scale Is Leap Year Compliant - United States Text: TECHNOTE (FAQ) QUESTION We have had questions from clients asking if WebSphere eXtreme Scale is Leap Year Compliant, and if any problems are expected stemming from WebSphere eXtreme Scale or associated IBM products due to Leap Year. There are no known or expected problems. (Details below) ANSWER WebSphere eXtreme Scale and the SDK are leap year and leap second compliant. IBM Java (SDK/JDK) has been doing leap year and leap second testing/verification since 1996, including the non-leap year 2000 without a problem. Leap years and leap seconds in Java are explicitly supported by the public class GregorianCalendar class. This Java class is tested in every release of Java as is part of Java's core functionality. Any Java code that uses the GregorianCalendar class will calculate and determine if a year is a leap year or not. WebSphere eXtreme Scale does not perform explicit testing for leap year and leap second compliance since it runs on top of the Java SDK which already provides this verification for us. We""}]",phase03-sufficiency-annotation-v1,f2fe3f7f29b834d78fd7c79bf4d4a94faee43c658d89c48e386854123066802b,,,,
phase03-semantic-confirmation-blinded-v1,aa28f13127898a415d4cbbb126a5505b15028042b9f53d71d8f0d71a3b55c2ae,17,TRAIN_Q298,train,hybrid,3,"Can I see the exact number of PVU used in our VM environment

Hi,

Happy new year!

Can I see the exact number of PVU used in our VM environment, if yes, how to check? I want to be sure that we are using correct number of PVU we have license for.

We have installed Datastage on a windows 2016 standard server with 2 processor and 2 cores per processor assigned to this virtual server. The blade server that is used by this datastage server has 2 processors, 6 cores each.

After configuring ILMT for the first time, the metric reports showed 120 PVU per core, so a total of 480 full capacity. Then we defined VM manager, and now reports show a PVU total of 840 full capacity and 480 sub capacity.",answerable_with_reference,"pvu_full_capacity.csv - PVU full capacity license metric results 
 * pvu_sub_capacity.csv - PVU subcapacity license metric results","[{""char_end"":975,""char_start"":0,""chunk_id"":""d4fd92d63b9c00aeaca14f2585097b5a022128e2231380725f36b0b53c139e65"",""document_id"":""techqa-doc:corpus/swg21597279.txt"",""filename"":""swg21597279.txt"",""rank"":1,""text"":""Title: IBM LMT/TAD4D reports incorrect number of processors for a PVU product. - United States Text: TECHNOTE (TROUBLESHOOTING) PROBLEM(ABSTRACT) The number of processors reported by the Processors panel for the machines where the product is installed is higher than the value on Current Capacity (Manage Software Inventory) panel. SYMPTOM A given PVU product is being detected by a certain number of agents with the total of X cores. On Current Capacity (Manage Software Inventory) panel the number of cores reported for these agents is lower than X. CAUSE The number of cores for which a customer is being charged may be capped as explained here: Virtualization Capacity Licensing for IBM Power Systems PowerVM Virtualization ftp://ftp.software.ibm.com/software/passportadvantage/SubCapacity/Scenarios_Power_Systems.pdf [ftp://ftp.software.ibm.com/software/passportadvantage/SubCapacity/Scenarios_Power_Systems.pdf] RESOLVING THE PROBLEM Check if any of the rules explained""},{""char_end"":1040,""char_start"":0,""chunk_id"":""2b86e79504b683707a23c3a4cba5e15ee05c990de072949df882a158fd1752d7"",""document_id"":""techqa-doc:corpus/swg1IZ89531.txt"",""filename"":""swg1IZ89531.txt"",""rank"":2,""text"":""Title: IBM IZ89531: DEACTIVATINF CORES ON IBM HS22 BLADESERVER WITH 2 QUAD CORE XEON 55XX PROCESSORS - United States Text: APAR STATUS * CLOSED AS FIXED IF NEXT. ERROR DESCRIPTION * Deactivating Processor Cores is not reflected in License Metric Tool Limited the number of available cores to four. Waited for several days allowing LMT to do its periodic aggregation, but LMT is still counting 8x70=560 PVU s for this server. We see a change in the number of logical pcores on the partition (from16 to 8), but no effect on the PVU calculation. Found defect in the code that is causing the machine capacity to be wrongly calculated. This is a defect on LMT server side in the aggregation process. LOCAL FIX PROBLEM SUMMARY * On the physical machine without any virtualization in case when number of logical processors is bigger than the number of physical cores the machine subcapacity is set to the number of logical processors instead of number of physical processor cores. This can happen only on physical server with no virtualization and""},{""char_end"":914,""char_start"":0,""chunk_id"":""9057737409c425b1feed034a1b015ba750e6e2616e1d7755374672ec719bf0c0"",""document_id"":""techqa-doc:corpus/swg21570558.txt"",""filename"":""swg21570558.txt"",""rank"":3,""text"":""Title: IBM Correct understanding of CSV-version of PVU reports. - United States Text: PVU; CSV; values; subcapacity; full capacity; limit TECHNOTE (FAQ) QUESTION How to correctly interpret the values visible in the CSV version of PVU reports generated by LMT tool ? CAUSE The PVU repots in CSV format can be misinterpreted by some customers. ANSWER Please review the data in the attached document. Please note the values in column N (Server PVU Subcapacity) - they do not refer to the specific network addresses/nodes displayed in column O (Network Address), but to the servers defined in column H (Server ID). If it was otherwise the sum of PVU values for the specific product would be exactly 10000 (sum of all the values in the N column), while it is 1400 (column G - Product PVU Subcapacity). The same applies to columns K, L and M. ILMT/TAD4D tool does not provide the functionality to generate a report for a""}]",phase03-sufficiency-annotation-v1,f2fe3f7f29b834d78fd7c79bf4d4a94faee43c658d89c48e386854123066802b,,,,
phase03-semantic-confirmation-blinded-v1,3ef362591f0dbdf11ba5447d8e49bf90209ac2dec6d6b80b2d45e30846a141da,18,DEV_Q211,train,bm25,1,"You want to know how to make persistent the events that indicate when a queue manager has started and stopped.

You want to know how to make persistent the events that indicate when a queue manager has started and stopped.",answerable_with_reference,"First, a baseline scenario is described in which when using the defaults, there is only 1 record in the SYSTEM.ADMIN.QMGR.EVENT queue, regardless of how many times you restart the queue manager.


Second, a modification is done to the SYSTEM.ADMIN.QMGR.EVENT queue to indicate that the default persistence is enabled, and thus, subsequent events from the stop/start of the queue manager will be kept in the queue.
alter ql(SYSTEM.ADMIN.QMGR.EVENT) defpsist(YES)","[{""char_end"":944,""char_start"":0,""chunk_id"":""980a4fd1a0a8cab44c1073090ea4590cacf28a841d13e5c77498e9c40c53c05e"",""document_id"":""techqa-doc:corpus/swg27050154.txt"",""filename"":""swg27050154.txt"",""rank"":1,""text"":""Title: IBM How to make persistent the events for starting and stopping an MQ queue manager - United States Text: WHITE PAPER ABSTRACT This techdoc provides all the necessary steps to help you monitor the queue SYSTEM.ADMIN.QMGR.EVENT to audit the start and the stop for a MQ queue manager. CONTENT First, a baseline scenario is described in which when using the defaults, there is only 1 record in the SYSTEM.ADMIN.QMGR.EVENT queue, regardless of how many times you restart the queue manager. Second, a modification is done to the SYSTEM.ADMIN.QMGR.EVENT queue to indicate that the default persistence is enabled, and thus, subsequent events from the stop/start of the queue manager will be kept in the queue. alter ql(SYSTEM.ADMIN.QMGR.EVENT) defpsist(YES) Caveat: If you want to have persistent messages in the SYSTEM.ADMIN.QMGR.EVENT queue you will need to have discipline and a procedure to get and remove the messages, otherwise, the queue""}]",phase03-sufficiency-annotation-v1,f2fe3f7f29b834d78fd7c79bf4d4a94faee43c658d89c48e386854123066802b,,,,
phase03-semantic-confirmation-blinded-v1,d3e2cbf8c76e99239f7ed4a3ac22fb1d6e0aa1858d61abd43caccb65b5ff259e,19,TRAIN_Q124,validation,hybrid,10,"Portal v8.5 install fails with INSTCONFFAILED - No Portral logs are written

If you are trying to install Portal v8.5 on WAS 8.5.5.5 or less it may fail when running the manageprofiles.sh. You will get this exception; SEVERE
com.ibm.ws.profile.cli.WSProfileCLIAugmentProfileInvoker
executeWSProfileAccordingToMode
1
INSTCONFFAILED: Profile augmentation failed. For more
information, consult
/opt/IBM/WebSphere/AppServer8/logs/manageprofiles/portal01_create.log.",answerable_with_reference,"The parsing code is updated so the problem no longer occurs.
   
   The fix for this APAR is currently targeted for inclusion in
   fix pack 8.5.5.6.","[{""char_end"":1119,""char_start"":0,""chunk_id"":""a73f652e4c6681dc614da7a5ed9fc7cc22808d93abd24ebcfe3cb2a4f2f1e827"",""document_id"":""techqa-doc:corpus/swg21635341.txt"",""filename"":""swg21635341.txt"",""rank"":1,""text"":""Title: IBM Portal 8 installation unable to detect the WebSphere Application Server - United States Text: portal reinstall fails; install into existing WAS fails TECHNOTE (TROUBLESHOOTING) PROBLEM The IBM Installation Manager is unable to detect that a WebSphere Application Server exists when attempting to install Portal. SYMPTOM This issue seems to manifest when an existing Portal has been uninstalled and WebSphere Application Server is not uninstalled. When Portal install is attempted again, but this time to install into the existing WebSphere Application Server then Installation Manager will throw an excecption that notes that it is unable to detect WebSphere Application Server on the system We have also seen an issue where the install fails indicating the version of WAS detected is insufficient and we see an exception like this in IIM logs: 49 INFO 00:03.14 This Cumulative Fix requires that IBM WebSphere Portal Server version 8.0.0.0 be previously installed. You must first install the base release and then update it with the Cumulative Fix. You cannot install them at the same time. 50 ERROR 00:03.15""},{""char_end"":2330,""char_start"":1808,""chunk_id"":""5a752887719e2d510cde4adf1037adb0a4e7c47545626d87106cfa1757de453d"",""document_id"":""techqa-doc:corpus/swg1PI09576.txt"",""filename"":""swg1PI09576.txt"",""rank"":2,""text"":""1 -templatePath C:\\WebSphere85\\AppServer\\profileTemplates\\default -serverName Server1 INSTCONFFAILED: The profile could not be created. For more information, consult the C:\\WebSphere85\\AppServer\\logs\\manageprofiles\\Server1_create.log file. This problem is recreatable on all platforms. LOCAL FIX * No work-around PROBLEM SUMMARY * **************************************************************** * USERS AFFECTED: All users of IBM WebSphere Application * * Server V8.5 * ***************************************************""},{""char_end"":749,""char_start"":0,""chunk_id"":""68b2ea7a457dc514ac6b2a5ac471cf00b172b595207252d622d641f8738f79c0"",""document_id"":""techqa-doc:corpus/swg21620581.txt"",""filename"":""swg21620581.txt"",""rank"":3,""text"":""Title: IBM Portal 8 installation fails with CRIMA1076E and adminPassword empty - United States Text: CRIMA1076E; manageprofiles.sh; manageprofiles.bat; cw_profile; com.ibm.websphere.cw.profile.create TECHNOTE (TROUBLESHOOTING) PROBLEM When installing WebSphere Portal v8, the installation fails when creating the cw_profile (Config Wizard). SYMPTOM In the IBM Installation Manager log, the failure will occur here: =========================== ERROR CRIMA1076E 12:45.50 Error executing the /opt/IBM/WebSphere/AppServer/bin/manageprofiles.sh command: status=1. For more information, see the agent log file: /var/ibm/logs/native/20121211_0900b.log The installation operation failed due to an error executing the exec command. An issue has occurred with""},{""char_end"":1089,""char_start"":603,""chunk_id"":""2a976a9b36bd9aa2f296533358de2be06856a84117aea8034eed63ff4d920c3d"",""document_id"":""techqa-doc:corpus/swg21613065.txt"",""filename"":""swg21613065.txt"",""rank"":4,""text"":""\\bin\\manageprofiles.bat\"" operation (status=1). See agent output log for more information: C:\\ProgramData\\IBM\\Installation Manager\\logs\\native\\20120925_1317.log ======================================== Checking the respective native log shows this: ======================================== INSTCONFFAILED: The profile could not be created. For more information, consult the C:\\IBM\\WebSphere\\AppServer\\logs\\manageprofiles\\wp_profile_create.log file. ======================================""},{""char_end"":2089,""char_start"":1173,""chunk_id"":""cdb3b4d85a075ad8b32fe16efc764e7fbbf9c0d5531bc5081452c582b52caa54"",""document_id"":""techqa-doc:corpus/swg1PI89379.txt"",""filename"":""swg1PI89379.txt"",""rank"":5,""text"":""/WebSphere&product=ibm/WebSphere/WebSphere+Portal&release=A] ll&platform=All&function=aparId&apars=PI83476 PROBLEM CONCLUSION * To install Portal Remote Search into a WAS v9 profile, point IBM Installation Manager to the repositories for (1) Portal Remote Search v8.5 GM image and (2) Portal Remote Search Cumulative Fix 15. The installer will then recognize WAS v9 as a valid target for installation. You can either install Portal Remote Search into an existing WAS installation or install WAS and Portal Remote Search at the same time. Installing Portal Remote Search into a WAS v8.5.5 profile still works as well. TEMPORARY FIX COMMENTS APAR INFORMATION * APAR NUMBER PI89379 * REPORTED COMPONENT NAME WEBSPHERE PORTA * REPORTED COMPONENT ID 5724E7600 * REPORTED RELEASE 850 * STATUS CLOSED PER * PE NoPE * HIPER NoHIPER * SPECIAL ATTENTION NoSpecatt / Xsystem * SUBMITTED DATE 2017-10-25 * CLOSED DATE 2017-12-22""},{""char_end"":1810,""char_start"":784,""chunk_id"":""e2d4cc63c9f634046b3eef10e61676593117608cc56e3c8763ef16b3cd76512d"",""document_id"":""techqa-doc:corpus/swg21962645.txt"",""filename"":""swg21962645.txt"",""rank"":6,""text"":""2901]. Collecting Portal Installation Information Portal v8.5 Installation includes the following steps: 1. Installation of the install tool, named as IBM Installation Manager or shortly, IIM. 2. Adding the repositories for Portal and pre-requisites (WebSphere AppServer, WAS fixes, Portal Server and the Offering) for installing Portal. 3. Determining if this will be a base, full or custom installation. 4. Creating/adding nodes to a cluster. 5. Installing Upgrades (Cumulative Fixes, interim fixes, etc.) Option A: Automated collection of troubleshooting data Note: This method can only be used if the installation has progressed to the point that the Portal profile (wp_profile) has been created. If wp_profile (default location: WebSphere/wp_profile) has not yet been created, please proceed to the Manual Collection section below. Automated log collection is the recommended method for improving accuracy of the data collection. Follow the steps below to run the wpcollector tool for automated log collection. 1. Run the""},{""char_end"":1036,""char_start"":0,""chunk_id"":""e0df935b9c4459aa50c7785fee1c6c2a2c91da42da41acb8e698b6186f7bfa59"",""document_id"":""techqa-doc:corpus/swg21685680.txt"",""filename"":""swg21685680.txt"",""rank"":7,""text"":""Title: IBM Base version of Portal 8.5 install fails noting a cumulative fix conflict during silent install - United States Text: base install fails; CF conflict TECHNOTE (TROUBLESHOOTING) PROBLEM Attempts to install the Base version of Portal 8.5 using a response file fails as it notes that the cumulative fix fails as it requires the Base version SYMPTOM The IBM Installation Manger throws the following exception: This Cumulative Fix requires that IBM WebSphere Portal Server version 8.5.0.0 be previously installed. You must first install the base release and then update it with the Cumulative Fix. You cannot install them at the same time. CAUSE The class that triggers the message about not being able to install a CF is found in a plugin shipped with each install image: wp.im.wpcf.warning_8.5.0.<qualifier>.jar (The qualifier is different in each image and is based on the date the jar was built.) The version of this plugin shipped with CFs should trigger the message whereas the version shipped with the base v8.5 code should""},{""char_end"":1125,""char_start"":0,""chunk_id"":""820fa5d75b678ccc7c5c0cf250bf6d8183be87ef47158dca1a479cf3a802891d"",""document_id"":""techqa-doc:corpus/swg21499913.txt"",""filename"":""swg21499913.txt"",""rank"":8,""text"":""Title: IBM Successful installation is reported after profile creation failure - United States Text: ibpma75relnotes; mon75relnotes TECHNOTE (TROUBLESHOOTING) PROBLEM(ABSTRACT) If the profile creation step fails during a custom installation, the failure is not recognized by Installation Manager, which reports a successful installation. This problem occurs only on Windows platforms. SYMPTOM The failure of the profile creation step is indicated in the profile creation log. For example, you might see the following error: INSTCONFFAILED: Profile augmentation failed. ENVIRONMENT This note applies to IBM Business Process Manager Advanced - Process Server, IBM Business Monitor, and WebSphere Enterprise Service Bus. RESOLVING THE PROBLEM Check the profile creation log, which is located in the <installroot>/logs/manageprofiles directory to determine the cause of the error. Then, complete one of the following steps: * Delete the profile that contains the error. Then, use the manageprofiles command or the Profile Management Tool to create a new profile. * Install the product with a custom installation, but do not create""},{""char_end"":1169,""char_start"":0,""chunk_id"":""9833caf6d3f3c564aa6994562e83e1ef098b41f00bae05c85b26ac18412394f7"",""document_id"":""techqa-doc:corpus/swg21621811.txt"",""filename"":""swg21621811.txt"",""rank"":9,""text"":""Title: IBM Cumulative fix upgrade fails on secondary node with \""Installation Manager cannot add feature Portal Server Profile\"" - United States Text: cf upgrade fails; silent install failture; silent cf install TECHNOTE (TROUBLESHOOTING) PROBLEM Cumulative fix upgrade fails on secondary node with \""Installation Manager cannot add feature Portal Server Profile\"" SYMPTOM During steps to install Cumulative fix in IBM Installation Manager, the following error is encountered: ERROR: Installation Manager cannot add feature Portal Server Profile during the Update or Rollback. CAUSE This exception is generated when attempting a silent install of the cumulative fix to a binary install of Portal. IBM Installation Manager does not register that a profile exists and because this is an update, adding the feature portal.profile is not allowed thus the exception is thrown and the upgrade is unable to proceed. ENVIRONMENT Portal 8.0 + Cumulative fix DIAGNOSING THE PROBLEM Reviewing the sample response file that comes with the cumulative fix, we can see that the portal.profile is to be added <offering id='com.ibm.websphere.PORTAL.SERVER.v80' profile='IBM WebSphere Portal""},{""char_end"":1494,""char_start"":814,""chunk_id"":""d2360aad01c987b60e883d7cb6e714bde59a210079acdbba2de7cf61ccaaad28"",""document_id"":""techqa-doc:corpus/swg21227729.txt"",""filename"":""swg21227729.txt"",""rank"":10,""text"":""errors that can occur are: * From the log.txt file: (Jan 11, 2006 11:05:36 AM), Install, com.ibm.ws.install.ni.ismp.actions.ISMPConfigManagerLaunchAction, msg1, INSTCONFSUCCESS: Post-installation configuration is successful. (Jan 11, 2006 11:05:48 AM), Install, com.ibm.ws.install.ni.ismp.actions.ISMPWSProfileLaunchAction, err, INSTCONFFAILED: Cannot complete required configuration actions after the installation. The configuration failed. The installation is not successful. Refer to /opt/IBM/WebSphere/AppServer/logs/wasprofile/wasprofile_create_default.log for more details. (Jan 11, 2006 11:05:48 AM), Install, com.ibm.ws.install.ni.ismp.actions.ISMPLogFileAction, msg1, The""}]",phase03-sufficiency-annotation-v1,f2fe3f7f29b834d78fd7c79bf4d4a94faee43c658d89c48e386854123066802b,,,,
phase03-semantic-confirmation-blinded-v1,7f6b63eba6cfdad25421d5c16950ebd64d8aa494e2f7b1ee20f067ad630acd75,20,DEV_Q007,train,bm25,1,"Which Socket Gateway should I be using with Netcool Omnibus (NOI) ?

Which Socket Gateway should I be using with Netcool Omnibus (NOI) ?

There are 2 versions of the gateway; nco-g-socket-java-2_0 and nco-g-socket-10_0 Users may be confused what version they should download or use ",answerable_with_reference,"A new version of the Netcool/OMNIbus Socket Gateway will be available to download from August 6, 2015.","[{""char_end"":776,""char_start"":0,""chunk_id"":""d0b00d170ada0de41729f00a8e634d5d620db8a4e06570f7eb3511a81e903150"",""document_id"":""techqa-doc:corpus/swg21625776.txt"",""filename"":""swg21625776.txt"",""rank"":1,""text"":""Title: IBM Netcool/OMNIbus Integrations Release Notice - Socket Gateway (nco-g-socket-java-2_0) - United States Text: release note; downloads; nco-g-socket-java; Java Gateway for Socket NEWS ABSTRACT A new version of the Netcool/OMNIbus Socket Gateway will be available to download from August 6, 2015. CONTENT You can access the latest version of the guide written for this gateway on the IBM Knowledge Center: www.ibm.com/support/knowledgecenter/SSSHTQ/omnibus/gateways/socketjavagw/wip/concept/socketjavagw_instl_cnfgr_gateway.html [http://www.ibm.com/support/knowledgecenter/SSSHTQ/omnibus/gateways/socketjavagw/wip/concept/socketjavagw_instl_cnfgr_gateway.html] You can download the installation package from the IBM Passport Advantage website: www.ibm.com/software/howto""}]",phase03-sufficiency-annotation-v1,f2fe3f7f29b834d78fd7c79bf4d4a94faee43c658d89c48e386854123066802b,,,,
phase03-semantic-confirmation-blinded-v1,25790c8f31b10afa5e4bde963056e2cad56f28c2e5dd937da780fb5f19870535,21,TRAIN_Q230,train,dense,5,"Does IBM MQ Server installation include a Java Runtime Engine (JRE) and what is it used for?

Does IBM MQ Server installation include a Java Runtime Engine (JRE)?",answerable_with_reference,"This page gives you access to the details of the levels of JRE and GSKit included with various maintenance levels of IBM MQ, by version.","[{""char_end"":3152,""char_start"":2318,""chunk_id"":""4f3b9e99510f36b753a979f4a93402d4c118ff799a150fb92801afae632288fb"",""document_id"":""techqa-doc:corpus/swg27041968.txt"",""filename"":""swg27041968.txt"",""rank"":1,""text"":""IBM has tested the resource adapter IVT on the application servers listed below * Glassfish V4 * Wildfly V8 Java Runtime The Java Runtime (JRE) that is used to run the application server must be one that is supported with the MQ Client V8. These are listed in the IBM System Requirements for IBM MQ v8 [http://www-969.ibm.com/software/reports/compatibility/clarity-reports/report/html/softwareReqsForProductByComponent?deliverableId=1350550241693&duComponent=Miscellaneous_569814401AEF11E38F7D228059AF1569#sw-2]. (Follow the 'Java' link listed under the Supported Software tab). Connectivity to IBM MQ V8 queue managers The full range of JMS 2.0 functionality is available when connecting to a Version 8 queue manager using the Version 8 resource adapter that has been deployed into a Java EE 7 application server. If you are using an""},{""char_end"":3481,""char_start"":2487,""chunk_id"":""bbf3d93de2701642911cd1f03f73c817b962f7356783a551440c332a3142a916"",""document_id"":""techqa-doc:corpus/swg24044791.txt"",""filename"":""swg24044791.txt"",""rank"":2,""text"":""only), COBOL, Java and JMS. » Applications running within application servers that are certified as having passed the JEE 7 Compatibility Test Suite can use the IBM MQ resource adapter provided in the SupportPac. For more information see IBM MQ resource adapter v9.1 statement of support. Note: An application running on an IBM MQ client can connect to more than one queue manager concurrently, or use a queue manager name with an asterisk (*) on an MQCONN or MQCONNX call. If you want to link to the queue manager libraries instead of the client libraries, you have to modify the application to enable this. Skill Level Required Users should be familiar with the IBM MQ product family in general and have particular skills on the platform for which this client is intended. Details Author: IBM MQ Development, Hursley Category: 3 Released: 23Jul18 Current Version: 9.1.0.0 »Please note that the version number shown in the right-hand pane is the version of the IBM MQ product that this Support""},{""char_end"":1834,""char_start"":865,""chunk_id"":""949def1ca47e42f693fe02514c362a969602238eb230ff32b12a3ae4e1e17c77"",""document_id"":""techqa-doc:corpus/swg27023099.txt"",""filename"":""swg27023099.txt"",""rank"":3,""text"":"": * Server * Daemon * Java Client * C Client * MQ Explorer plug-in The Daemon and C client are not restricted to running on the reference platforms; they can also run on any platform where a suitable Linux kernel and libraries are available. The IBM service team may request that a problem be reproduced on a reference platform. Java Client Java Client The Java client is not restricted to running on the reference platforms; it can also run on any platform where a suitable Java runtime is available. The IBM service team may request that a problem be reproduced on a reference platform. The client can be run on the following Java runtimes: * JSE 1.4.2 or above that is \""Java Compatible\"". * Java Micro Edition (JME) CLDC 1.1 MIDP 2.0 or later that is Java Powered. * Java Micro Edition (JME) CDC 1.1 Foundation profile 1.1 or later that is Java Powered. * In addition to running in a basic JRE the non-MIDP client is packaged as an OSGi bundle and can be run in an OS""},{""char_end"":4131,""char_start"":3385,""chunk_id"":""d085b19c28930ee976252f468b393ef918b6ff865b0b5d45d3eaa261d3a5fa3d"",""document_id"":""techqa-doc:corpus/swg1IT18078.txt"",""filename"":""swg1IT18078.txt"",""rank"":4,""text"":""As of MQ v8.0, the MQ classes for JMS are provided in an additional form within the MQ installation structure, that being within the single .jar file: com.ibm.mq.allclient.jar The intention of this .jar file is that it provides the same function as that provided in the traditional set of .jar files, those being the files: com.ibm.mq.commonservices.jar com.ibm.mq.headers.jar com.ibm.mq.jar com.ibm.mq.jmqi.jar com.ibm.mqjms.jar com.ibm.mq.pcf.jar com.ibm.mq.traceControl.jar However a defect in the build system used to construct the \""com.ibm.mq.allclient.jar\"" resulted in the contents of the .jar file's META-INF directory not having identical content to the above .jar files. The file which differed within the .jar archive was a file called:""},{""char_end"":4478,""char_start"":3915,""chunk_id"":""77ae0c2da72f59af409b934a15793aa45b82d010c0f1e5f1f9a3b7f6a891622a"",""document_id"":""techqa-doc:corpus/swg24040040.txt"",""filename"":""swg24040040.txt"",""rank"":5,""text"":""/swg/selectFixes?product=ibm/WebSphere/WebSphere+MQ&release=8.0.0.2&platform=All&function=fixId&fixids=8.0.0.2-WS-MQ-Java-InstallRA&useReleaseAsTarget=true&includeSupersedes=0] for use with any JEE 7.0 compliant application server * The IBM MQ V8.0.0.3 Resource Adapter [https://www.ibm.com/support/fixcentral/swg/selectFixes?product=ibm/WebSphere/WebSphere+MQ&release=8.0.0.3&platform=All&function=fixId&fixids=8.0.0.3-WS-MQ-Java-InstallRA&useReleaseAsTarget=true&includeSupersedes=0] for use with any JEE 7.0 compliant application server * The IBM MQ V8.0.0.2 C""}]",phase03-sufficiency-annotation-v1,f2fe3f7f29b834d78fd7c79bf4d4a94faee43c658d89c48e386854123066802b,,,,
phase03-semantic-confirmation-blinded-v1,6f4babf91e3ab2c4e8f7fac37ec306d3c08fb6a327502a10776463b25903ae6d,22,TRAIN_Q397,train,hybrid,5,"Will Web GUI for Netcool/OMNIbus Be Affected by the Up Coming Leap Second?

As Januaray 01 2017, a Leap Second will be added to adjust the time. We would like to know if this one second adjustment will have an affect on WebGUI for Netcool/OMNIbus. ",answerable_with_reference,"The addition of Leap Second has no impact to WebGUI functionality. Therefore, preventive maintenance is not necessary.","[{""char_end"":472,""char_start"":0,""chunk_id"":""1dadaaae9b691a78b280c0159ee3cdef228935aae243263226c90f4e59c155dd"",""document_id"":""techqa-doc:corpus/swg21700534.txt"",""filename"":""swg21700534.txt"",""rank"":1,""text"":""Title: IBM Impact of the addition of Leap Second time on WebGUI - United States Text: adjust; timezone; tz TECHNOTE (FAQ) QUESTION What is the impact of the addition of Leap Second on WebGUI? CAUSE Every few years, a one-second adjustment is added to Coordinated Universal Time (UTC) in order to keep its time of day close to the mean solar time. ANSWER The addition of Leap Second has no impact to WebGUI functionality. Therefore, preventive maintenance is not necessary.""},{""char_end"":1703,""char_start"":684,""chunk_id"":""2ef3fc9d1ab55e30f46533a309910a1db3515ffbe749d89d86cf505e23deed24"",""document_id"":""techqa-doc:corpus/swg21993349.txt"",""filename"":""swg21993349.txt"",""rank"":2,""text"":""11. Running earlier firmware versions will result in event time stamps showing one extra second after conversion from system time to local time. The sensor will experience no other functional impact from the leap second. Security Network Intrusion Prevention System (GX) * NTP users are unaffected as the time will be updated by the NTP server. * There is currently no patch to adjust the time for non-NTP users. This will result in event time stamps showing one extra second after conversion from system time to local time. The sensor will experience no other functional impact from the leap second. Security Network Active Bypass This system is not impacted by the leap second. See the information that is provided in Technote 1903782: Network Active Bypass support for Leap Second [http://www.ibm.com/support/docview.wss?uid=swg21903782]. Security SiteProtector System Support for the leap second occurs at the operating system level. See Microsoft's Support for the leap second [https://support.microsoft.com/en-us/""},{""char_end"":1081,""char_start"":0,""chunk_id"":""0f983c348a5c64756b072507efaafd4c417e1be4ff905d8be65133c9cb81cb64"",""document_id"":""techqa-doc:corpus/swg21993495.txt"",""filename"":""swg21993495.txt"",""rank"":3,""text"":""Title: IBM Effect of Leap Second with Sterling Gentran:Server products - United States Text: leap second; leap seconds TECHNOTE (FAQ) QUESTION How will the occurrence of Leap Second impact Gentran software? CAUSE A leap second is a one second adjustment that is applied to UTC time to remain consistent with atomic time. Occasionally a second is added or removed from a day so that time differences between the two time measurements never exceed 0.9 seconds. On December 31, 2016, during the last second of the day, a new leap second will be added to global time. ANSWER During numerous validations that are performed over the years, we have not encountered an issue. There have been several leap seconds over the years through the history of Sterling Gentran:Server (that is, Dec 2008, June 2012, June 2015) and customers have never encountered an issue in their production environments. Cross reference information Segment Product Component Platform Version Edition Commerce Sterling Gentran for z/OS Documentation z/OS 6.6, 6.5 Commerce Sterling Gentran:Director Windows 5.5, 5.""},{""char_end"":796,""char_start"":0,""chunk_id"":""216fca52d2c4004a0546d1d48a39ec4dd8f5b93d0ce14b1b19fb2f31e5b95286"",""document_id"":""techqa-doc:corpus/swg21991256.txt"",""filename"":""swg21991256.txt"",""rank"":4,""text"":""Title: IBM Leap seconds in Connect:Direct? - United States Text: TECHNOTE (FAQ) QUESTION Do leap seconds affect Connect:Direct? CAUSE A leap second is a one second adjustment that is applied to UTC time to remain consistent with atomic time. Occasionally a second is added or removed from a day so that time differences between the two time measurements never exceed 0.9 seconds. On December 31, 2016, during the last second of the day, a new leap second will be added to global time. ANSWER During numerous validations performed over the years, we have not encountered this issue. There has been several leap seconds over the years through the history of Connect:Direct (i.e. Dec 2008, June 2012, June 2015) however our customers have never encountered an issue in their production environments.""},{""char_end"":994,""char_start"":0,""chunk_id"":""027d40397951083afdd0162cd9e276acf416bb80ea7540d8bc1677a23df96576"",""document_id"":""techqa-doc:corpus/swg21902261.txt"",""filename"":""swg21902261.txt"",""rank"":5,""text"":""Title: IBM Will the Leap Second 2015 update have any impact with FileNet Content Manager? - United States Text: leap second; UTC clock; UTC; CPE TECHNOTE (FAQ) QUESTION Will the Leap Second 2015 update have any impact with FileNet Content Manager? CAUSE A leap second will be inserted at the end of June 30, 2015 at 23:59:60 UTC. ANSWER A leap second is a one-second adjustment that is occasionally applied to Coordinated Universal Time (UTC) in order to keep its time of day close to the mean solar time. Without such a correction, time reckoned by Earth's rotation drifts away from atomic time because of irregularities in the Earth's rate of rotation. Since this system of correction was implemented in 1972, 25 such leap seconds have been inserted. The most recent one happened on June 30, 2012 at 23:59:60 UTC. A leap second will again be inserted at the end of June 30, 2015 at 23:59:60 UTC. The Leap Second adjustment in the UTC clock on June 30th, 2015 should have no impact on any File""}]",phase03-sufficiency-annotation-v1,f2fe3f7f29b834d78fd7c79bf4d4a94faee43c658d89c48e386854123066802b,,,,
phase03-semantic-confirmation-blinded-v1,38efdb97ed6c3ba01d1da05dbf008d65dbfa7c7fb1bd475f55ce880be4832ac1,23,TRAIN_Q016,train,bm25,5,"What can be done about ""Too many open files"" messages in the DASH systemOut?

What can be done about ""Too many open files"" messages in the DASH systemOut log? ",answerable_with_reference,"The command ulimit -Xa will display all current settings that are set for the current login session, where X represents the hard (H) or soft (S) limits to be displayed. By default, if no value is supplied for X, soft limits will be displayed. However if a process is already running, it may have a different ulimit configurations than the current shell that you run the ulimit -a command in.","[{""char_end"":874,""char_start"":0,""chunk_id"":""1a07e0f30bb4620b57b0169c5d484278f28b72095714edee3658e641fc8bdfc4"",""document_id"":""techqa-doc:corpus/swg21968787.txt"",""filename"":""swg21968787.txt"",""rank"":1,""text"":""Title: IBM DASH Services Stops Automatically After Few hours. \""Too many open files\"" - United States Text: DASHL2; JazzSM; too many open files; ulimit; open files; descriptors TECHNOTE (TROUBLESHOOTING) PROBLEM(ABSTRACT) The Dashboard Application Services Hub (DASH) - JazzSM service shuts down automatically after running for a few hours. The systemOut log has messages indicating: \""Too many open files\"" CAUSE The open files ulimit option is set too low for the OS user that run the DASH server process DIAGNOSING THE PROBLEM The SystemOut may contain messages like: ### [9/30/15 9:09:07:765 EDT] 000000a6 HttpMethodDir I org.apache.commons.httpclient.HttpMethodDirector executeWithRetry I/O exception (java.net.SocketException) caught when processing request: Too many open files ### Check the ulimit settings for the user. Execute the following on the command line: ulimit""},{""char_end"":688,""char_start"":0,""chunk_id"":""79bbcbf4e4a7994b1791c74fe95677b512bd81c132c0cea2197edc8bc2fc5028"",""document_id"":""techqa-doc:corpus/swg21393774.txt"",""filename"":""swg21393774.txt"",""rank"":2,""text"":""Title: IBM Resource manager - \""Too many open files\"" error message - United States Text: TECHNOTE (TROUBLESHOOTING) PROBLEM(ABSTRACT) What is the possible cause for the error message \""Too many open files\"" on the resource manager? SYMPTOM Documents are not storing on the resource manager and a set of error messages similar to the following are found in the resource manager log file. ICMRM:ERROR 2008-09-11 16:52:56.122000 context: [WebContainer : 310] - java.io.FileNotFoundException: /lbosf01/lbosdata/00001/42/L1.A1001001A08I11A95134B84725.V1 (Too many open files) - getInputStream(FileSystem.java:311) java.io.FileNotFoundException: /lbosf01/lbosdata/00001/42/L1.A1001001A08I11A95134B""},{""char_end"":883,""char_start"":0,""chunk_id"":""c42f52bb6fc85b64958daf6f39644618de3b7358417fc2a325e2ebd06ce09208"",""document_id"":""techqa-doc:corpus/swg21547126.txt"",""filename"":""swg21547126.txt"",""rank"":3,""text"":""Title: IBM java.net.SocketException: Too many open files in system received in system log (SCI67669) - United States Text: STERLINGPRI TECHNOTE (TROUBLESHOOTING) PROBLEM(ABSTRACT) java.net.SocketException: Too many open files in system received in system log (SCI67669) SYMPTOM ERROR Got IOException in URL.send java.net.SocketException: Too many open files in system CAUSE The maximum number of allowed file descriptors is not high enough. RESOLVING THE PROBLEM The allowable file descriptors for the Gentran Integration Suite (GIS) user must be increased.? Per session, this can be done with ulimit. By default, most linux systems are only set to 1024 per user.? A permanent way to make this change (and our recommended method) is to edit /etc/security/limits.conf, giving the GIS user 8192 for the soft limit. More information about system-wide file descriptor settings: The? /pro""},{""char_end"":857,""char_start"":0,""chunk_id"":""588693405f8db40ba3d3434a48734941bc2ed1099bab54dc254dfe02eba88a01"",""document_id"":""techqa-doc:corpus/swg21991460.txt"",""filename"":""swg21991460.txt"",""rank"":4,""text"":""Title: IBM How to solve \""Too many open files\"" error in ISIM Virtual Appliance - United States Text: isim va isim7 performance open files ulimit TECHNOTE (TROUBLESHOOTING) PROBLEM(ABSTRACT) ISIM 7 VA can fail with error \""Too many open files\"" in the logs. This can be caused by system admin who changes ISIM configuration looking for better performance. SYMPTOM ISIM 7 VA fails with error \""Too many open files\"" in the log files. Then the server goes down and it becomes unresponsive. Error example: Caused by: java.io.FileNotFoundException: /opt/ibm/WebSphere/AppServer/plugins/org.apache.tuscany.sdo.sca.core. model/geronimo-tuscany-implementation-web-1.5.1-SNAPSHOT.jar (Too many open files) CAUSE The error is caused by the Operating System that actually has too many open files for the current user. The root caused can be the ISIM administrator trying to""},{""char_end"":1469,""char_start"":607,""chunk_id"":""a5662a27e990ac646f52fc5ca1e575e9183c5c66f3fc3c8a3d73bf48dc8cdff4"",""document_id"":""techqa-doc:corpus/swg1JR51223.txt"",""filename"":""swg1JR51223.txt"",""rank"":5,""text"":"".SocketException: Too many open files java.io.IOException: Signals that an I/O exception of some sort has occurred. Reason: Too many open files Java? virtual machine (JVM) is trying to get a handle on the ?IBM/BPM/profiles/<profileName>/searchIndex/artifact/<clusterNam e>\\bpm.lock file. Depending on what IBM BPM was trying to do at the time, various other error messages might occur that are related to too many files being open in the JVM. PRODUCTS AFFECTED: IBM Business Process Manager (BPM) Advanced IBM BPM Standard IBM BPM Express LOCAL FIX PROBLEM SUMMARY * File descriptor leaks on the bpm.lock file causes an error about there being too many files open. PROBLEM CONCLUSION * A fix is available for IBM BPM V8.5.0.1 and V8.5.5.0 that ensures only one cluster member has write access to the index directory at a time. On Fix Central (http://www.ibm.com/""}]",phase03-sufficiency-annotation-v1,f2fe3f7f29b834d78fd7c79bf4d4a94faee43c658d89c48e386854123066802b,,,,
phase03-semantic-confirmation-blinded-v1,ded82457a24686bb335433c5f44bae340788e4337d3238da8108987f23053437,24,TRAIN_Q031,train,dense,10,"Request fails with ""non idempotent request method - RFC 2616 sec 10.3. ""

When a request is routed through DataPower and a redirect is done on a POST, the redirect will fail in DataPower and we can expect the following message to be logged in the error message: ""non idempotent request method - RFC 2616 sec 10.3.""  How do I solve the problem?",answerable_with_reference,"To resolve the issue, the IBM WebSphere DataPower SOA appliance web application firewall can be configured to handle these ""302 Redirects"".","[{""char_end"":890,""char_start"":0,""chunk_id"":""11bef257598b55fd90011e0a44eae0525799867962ae11b9294d125858080c8e"",""document_id"":""techqa-doc:corpus/swg21318593.txt"",""filename"":""swg21318593.txt"",""rank"":1,""text"":""Title: IBM Handling 302 redirect error message in a Web Application Firewall - United States Text: HTTP; Redirect; 302; non idempotent TECHNOTE (TROUBLESHOOTING) PROBLEM(ABSTRACT) DataPower is preventing POST based HTTP redirect in accordance with RFC and displays this as part of the error in the logs: Redirect and failed due to non idempotent request method. (RFC 2616 sec 10.3) SYMPTOM This technote pertains to the following errors. Example 1: This example shows the service getting the following message: a Backside header failed to parse due to: Failed to establish a backside connection with a HTTP Redirect and failed due to non idempotent request method. (RFC 2616 sec 10.3) message. web-application-firewall (CookieEncrypt): Backside header failed to parse due to: Failed to establish a backside connection 12:20:53 webapp-firewall warn 60452 10.176.3.97 HTTP Redirect from 'http""},{""char_end"":2362,""char_start"":1585,""chunk_id"":""75a0bf4037ac7d21160dc06b9a95604da947af49972aa4f20bf160962e361e4d"",""document_id"":""techqa-doc:corpus/swg21318593.txt"",""filename"":""swg21318593.txt"",""rank"":2,""text"":""- RFC 2616 sec 10.3. Wed May 21 2008 10:39:11 [mpgw][error] mpgw(ECP-MPGW): tid(369602)[9.65.237.170]: Backside header failed to parse due to: Failed to establish a backside connection CAUSE 302,HTTP Redirect and failed due to non idempotent request method - RFC 2616 sec 10.3 message. This is caused by the adherence to the HTTP RFC 2616 by the Datapower Appliance. For additional information on the RFC you may see this page RFC2616 [http://www.w3.org/Protocols/rfc2616/rfc2616.html] ENVIRONMENT WebSphere DataPower XI50 and XS40 DIAGNOSING THE PROBLEM Backside header failed to parse due to: Failed to establish a backside connection failed due to non idempotent request method. (RFC 2616 sec 10.3) RESOLVING THE PROBLEM To resolve the issue, the IBM WebSphere DataPower SOA""},{""char_end"":1298,""char_start"":728,""chunk_id"":""715513ff1a51a797159e882173e69799e9e3f49a29a5f157ecc1604f6c6873af"",""document_id"":""techqa-doc:corpus/swg21318593.txt"",""filename"":""swg21318593.txt"",""rank"":3,""text"":""crypt): Backside header failed to parse due to: Failed to establish a backside connection 12:20:53 webapp-firewall warn 60452 10.176.3.97 HTTP Redirect from 'http://10.176.3.97:8080/cgi-bin/WebObjects.exe/IndvGate.woa/5/wo/2jHo28 QYOlhC2RZ1XQ15DE5OKo8/0.1.2.27.3.SecureSignOn.1' failed due to non idempotent request method. (RFC 2616 sec 10.3) Example 2: This example shows an HTTP response code 302,HTTP Redirect and failed due to non idempotent request method - RFC 2616 sec 10.3 message. Wed May 21 2008 10:39:11 [mpgw][info] mpgw(ECP-MPGW): tid(369602)[9.65.237.170]""},{""char_end"":817,""char_start"":0,""chunk_id"":""cf549abddf8b9a561c9be6a3afdad05ba1ecaffc22d2751e320995bee7013f08"",""document_id"":""techqa-doc:corpus/swg21286764.txt"",""filename"":""swg21286764.txt"",""rank"":4,""text"":""Title: IBM How to configure redirects with DataPower for a simple XML Firewall (not a Web Application Firewall) - United States Text: datapower; xml firewall; firewall; redirect; web application firewall; web application; mpg; multi-protocol; web service proxy; wsp; ws-proxy; 7993; 7993; 7993; machine type 7993; 9003; 9004; 9235 TECHNOTE (FAQ) QUESTION How can an XML Firewall be configured to respond to errors with a redirect (HTTP 302 or 307 response code)? CAUSE HTTP redirect response from backend or remote server. A message similar to the following may be found in the system logs: HTTP Redirect from 'http://remote_ip:port/uri' failed due to non idempotent request method - RFC 2616 sec 10.3. ANSWER Within a Web Application Firewall, a special option is available to send redirects to a client. An XML Fire""},{""char_end"":2544,""char_start"":1555,""chunk_id"":""7e877fc34960ec6a34edd2048b042643f2cd719266fbeb976b8a9dc5aa94eaad"",""document_id"":""techqa-doc:corpus/swg21426008.txt"",""filename"":""swg21426008.txt"",""rank"":5,""text"":"", so the LTPA cookie can be consumed by the caller. The LTPA cookie generated by DataPower in Set-Cookie will have the following attributes: * domain: not set path: not set secure: not set HttpOnly: not set For customers who provide their own Set-Cookie for LTPA handling, this could potentially lead to two LTPA cookies in the Set-Cookie header for the response. DIAGNOSING THE PROBLEM Examine the Set-Cookie header in the response using packet capture or probe and check if two LTPA cookies are present. RESOLVING THE PROBLEM In the Post Processing action, use a custom stylesheet to remove the LTPA Set-Cookie generated by the DataPower appliance before any custom processing takes place. Modify the custom Set-Cookie for LTPA to utilize the new Set-Cookie generated by DataPower firmware. For this option, if you wish to change any of the attributes set by DataPower (as listed above), a custom stylesheet is required. Alternately, upgrade firmware to include APAR IC81690 [http://www-""},{""char_end"":1674,""char_start"":1210,""chunk_id"":""8f1ebb7afabebecee877240b0b43dab76539879460431bf588cc16e95baf5b0e"",""document_id"":""techqa-doc:corpus/swg21318593.txt"",""filename"":""swg21318593.txt"",""rank"":6,""text"":""message. Wed May 21 2008 10:39:11 [mpgw][info] mpgw(ECP-MPGW): tid(369602)[9.65.237.170]: HTTP response code 302 for 'http://9.65.237.170:8080/forum/ucplogin.php?mode=login' Wed May 21 2008 10:39:11 [mpgw][warn] mpgw(ECP-MPGW): tid(369602)[9.65.237.170]: HTTP Redirect from 'http://9.65.237.170:8080/forum/ucplogin.php?mode=login' failed due to non idempotent request method - RFC 2616 sec 10.3. Wed May 21 2008 10:39:11 [mpgw][error] mpgw(ECP-MPGW): tid(369602)[9""},{""char_end"":1426,""char_start"":733,""chunk_id"":""d69a0b2640dd00b88a5e5cd3f35bab93337677fb22200fba55b1e6e3a80954ed"",""document_id"":""techqa-doc:corpus/swg21645780.txt"",""filename"":""swg21645780.txt"",""rank"":7,""text"":""the failure may have occurred on the request. In this case, the extension function dp:responding() may be helpful, so you can create a conditional based on this value to set the header correctly. Based on whether the error rule is triggered by a request or a response, the Content-Type header can be set using either the dp:set-request-header or dp-set-response-header extension elements. The DataPower Information Center contains documentation on the extension function dp:responding() [http://pic.dhe.ibm.com/infocenter/wsdatap/v5r0m0/index.jsp?topic=%2Fcom.ibm.dp.xb.doc%2Fextensionfunctions78.htm&resultof%3D%2522%2564%2570%253a%2572%2565%2573%2570%256f%256e%2564%2569%256e%2567%2522%2520]""},{""char_end"":3511,""char_start"":3104,""chunk_id"":""611918abb432b2a36986a70df577eece254276e10da1b0145d70ebe7acbb32d8"",""document_id"":""techqa-doc:corpus/swg21699700.txt"",""filename"":""swg21699700.txt"",""rank"":8,""text"":""7234 section 4.4 [https://tools.ietf.org/html/rfc7234#section-4.4] states \""A cache MUST invalidate the effective Request URI as well as the URI(s) in the Location and Content-Location response header fields (if present) when a non-error status code is received in response to an unsafe request method.\"" With the option enabled, DataPower does not invalidate existing cached entries on PUT and POST requests.""},{""char_end"":1418,""char_start"":632,""chunk_id"":""bc53448ce68f2464a268c90dc20b9301cb9a35058f480b92f65bf07f8f8a4a0d"",""document_id"":""techqa-doc:corpus/swg21286764.txt"",""filename"":""swg21286764.txt"",""rank"":9,""text"":""/uri' failed due to non idempotent request method - RFC 2616 sec 10.3. ANSWER Within a Web Application Firewall, a special option is available to send redirects to a client. An XML Firewall service does not have this option available by default. Therefore, to have a service send redirects to a client, you can configure your WebSphere DataPower SOA Appliance as described below: 1. Create an XML Firewall. 2. Create a policy and configure your request rule. 3. Create a new rule which is an error rule. 4. This rule contains a match, a transformation, and a result action. It should look like this: [/support/docview.wss?uid=swg21286764&aid=1] [/support/docview.wss?uid=swg21286764&aid=1] 5. 6. The XSL transform is where you set the HTTP response code to 302 or 307 and the \""Location\""""},{""char_end"":2379,""char_start"":1415,""chunk_id"":""652b2a79a7bec9f030e8d9ad88bab2f9dd256bc30bfabd6e1d2d727676c883e6"",""document_id"":""techqa-doc:corpus/swg1IT02803.txt"",""filename"":""swg1IT02803.txt"",""rank"":10,""text"":""?uid=swg24037488] SUBSCRIBE You can track all active APARs for this component. APAR STATUS * CLOSED AS PROGRAM ERROR. ERROR DESCRIPTION * Upon clicking ?F5? key within front side client browser to refresh webpage, the backend HTTP server might return HTTP 304 No Modified response. If \""Process Message Whose Body Is Empty\"" option is on, and DataPower receives HTTP 304 response, the request will fail and an error like below will be logged. network error 615792663 1.1.1.1 0x80e006bf xmlfirewall (sampleXMLFW): A timeout occurred when reading or writing through the default identity processor. LOCAL FIX * Set \""Process Message Whose Body Is Empty\"" = OFF to avoid triggering this timeout. PROBLEM SUMMARY * Affected are Datapower configurations with XML Firewall service. When the service receives a legitimate HTTP response with no body from its backend (for example with HTTP status codes 1xx, 204 or 304), the service will not recognize the back-side transaction""}]",phase03-sufficiency-annotation-v1,f2fe3f7f29b834d78fd7c79bf4d4a94faee43c658d89c48e386854123066802b,,,,
phase03-semantic-confirmation-blinded-v1,bed016bb8dfbb492766ad56e283e25d2366c29fbc883cf2d8fa949d76260b88c,25,TRAIN_Q402,train,dense,3,"Why am I getting StaleConnectionException on WebSphere side while Oracle is throwing 'OALL8 is in an inconsistent state'?



In the WebSphere Application Server SystemOut.log file we see this message:

     ConnectionEve A   J2CA0056I: TheConnection Manager received a fatal connection error from the Resource Adapter for resource jdbc/<data source name>.  The exception which was received is com.ibm.websphere.ce.cm.StaleConnectionException: OALL8 is in an inconsistent state:java.sql.SQLException: OALL8 is in an inconsistent state.

How can this be resolved?",answerable_with_reference,"In WebSphere Application Server, the StaleConnectionException is issued when the database vendor issues an exception indicating that a connection currently in the connection pool is no longer valid.","[{""char_end"":2276,""char_start"":1284,""chunk_id"":""fee29fd4818e07142f3ad4d3306f5162f8c1d5bb343b4767fe07ee36e794f94f"",""document_id"":""techqa-doc:corpus/swg21422177.txt"",""filename"":""swg21422177.txt"",""rank"":1,""text"":""stamp] 000030bf WSRdbXaResour E DSRA0302E: XAException occurred. Error code is: XAER_RMFAIL (-7). Exception is: <null> [Time stamp] 000030bf ConnectionEve A J2CA0056I: The Connection Manager received a fatal connection error from the Resource Adapter for resource <data source name>. The exception which was received is oracle.jdbc.xa.OracleXAException CAUSE The XA error above indicates a problem related to the connection pool of one of the data sources configured in IBM WebSphere that allows the CE server to access an Oracle database. RESOLVING THE PROBLEM Please refer to the link below to an IBM Websphere troubleshooting technote that relates to this topic. In the technote linked below, scroll down to the section \""Troubleshooting stale connection problems\"". There you will find detailed information about troubleshooting and resolving this type of issue, specifically implement the Pretest connection configuration change. If these types of error persist, please refer to the techno""},{""char_end"":782,""char_start"":0,""chunk_id"":""52e0de0a4a4bd139a953948d58f20dcbe7eba35437ab90c3dc01267149b6fc52"",""document_id"":""techqa-doc:corpus/swg21456175.txt"",""filename"":""swg21456175.txt"",""rank"":2,""text"":""Title: IBM Stale Connection exception because of default commit while using Stored Procedures - United States Text: Stale Connection Exception; StaleConnectionException; Websphere JCC driver -4499 db2/z zOS; 0x2413; 0x2408 TECHNOTE (TROUBLESHOOTING) PROBLEM(ABSTRACT) Websphere Application aborts after calling z/OS stored procedure because of stale connection exceptions. SYMPTOM StaleConnectionException may be seen after upgrade JCC driver. Websphere log file: SystemOut.log:[10/6/10 17:29:01:089 MST] 0000005e ConnectionEve A J2CA0056I: The Connection Manager received a fatal connection error from the Resource Adapter for resource jdbc/db2xa/ear/PUX1Q/DB_MIND. The exception which was received is com.ibm.websphere.ce.cm. StaleConnectionException: [jcc][t4][2028][11149][3.58.""},{""char_end"":2436,""char_start"":1501,""chunk_id"":""f0564c63866657c9b4596dd9a3fae603c11ce091b610aefb16f8c431757029d2"",""document_id"":""techqa-doc:corpus/swg21632918.txt"",""filename"":""swg21632918.txt"",""rank"":3,""text"":""--------------- During the prepareStatement() call from JDBC adapter, the oracle jdbc driver throws a XA Error and the reason is the \""Resource manager is unavailable.\"". Upon the XA exception, WebSphere RRA component treats it as a fatal connection error, marks the connection as stale and based on the purge policy (Entire Pool), purges the connection pool. At the same time, connection handle is also closed. com.ibm.websphere.ce.cm.ObjectClosedException: DSRA9110E: Connection is closed. : This exception is an outcome of the OracleXAException as the connection handle is closed upon detecting a fatal connection error and in the prepareStatemen() exception handling logic when WAS detect the state of the connection as closed, its throw an ObjectClosedException. After the XAException and the connection handle being closed,JDBC adapter tries to use same connection that is closed and this again results in an ObjectClosedException.""}]",phase03-sufficiency-annotation-v1,f2fe3f7f29b834d78fd7c79bf4d4a94faee43c658d89c48e386854123066802b,,,,
phase03-semantic-confirmation-blinded-v1,fb64c0c20fc2e1a9e0e96ae35205cec2607c1bff72e03c070cc9a9fc7ab4ae64,26,TRAIN_Q439,train,bm25,1,"Stored Procedure in WTX



Hi All,

Can anyone please share the example/steps/document link on how to call Stored Procedure in Input Card of a Map? The Stored Procedure will return multiple rows and columns and we need to map those rows in Output as well. Please enlighten if someone has worked on this?",answerable_with_reference,SYS_REFCURSOR is not a valid datatype as a return from an Oracle stored procedure call using the WTX / ITX Oracle adapter.,"[{""char_end"":951,""char_start"":0,""chunk_id"":""bae52db94f1f17fd078607ce22f357864d2cf33a9a3a784af4e27807e8b0e5f3"",""document_id"":""techqa-doc:corpus/swg21694280.txt"",""filename"":""swg21694280.txt"",""rank"":1,""text"":""Title: IBM Oracle stored procedure returns only 1 of multiple rows when called from WTX 64 bit ODBC Adapter on Linux or Unix - United States Text: TECHNOTE (TROUBLESHOOTING) PROBLEM(ABSTRACT) When using a WebSphere Transformation Extender (WTX) map with the ODBC Adapter and the DataDirect Oracle Wire Protocol driver to call a stored procedure that returns multiple rows, you may find that a map returns all rows when using the WTX Design Studio on Windows but the map may return only one of the multiple rows on Linux or Unix. Note: The following error may also occur if the \""ProcedureRetResults\"" setting for the DataDirect ODBC Oracle Wire Protocol data source has not been enabled. PLS-00306: wrong number or types of arguments in call to '<stored_procedure_name>' SYMPTOM The ODBC Adapter output contains only 1 of the multiple rows expected from the stored procedure. Note: The following error may also occur if the \""ProcedureRetResults\"" setting""}]",phase03-sufficiency-annotation-v1,f2fe3f7f29b834d78fd7c79bf4d4a94faee43c658d89c48e386854123066802b,,,,
phase03-semantic-confirmation-blinded-v1,5146a785c5680aca82aedf3519501da5b3b28a75097ad70f8c8f588e39b9aac1,27,TRAIN_Q490,validation,bm25,1,"TWS / DWC and WebSphere 8.5.5.4+

WebSphere for TWS & DWC were upgraded to 8.5.5.4 on most servers in a particular environment. However, any TWS servers that still had 8.5.5.2, could no longer be seen by the new DWC / WAS 8.5.5.4 servers. Those lower WAS version engines could not be added to the DWC.

Errors seen are:

     AWSUI0833E The operation could not be completed. There has been a communication failure. 
     The internal message is: AWSJCO005E WebSphere Application Server has given the following error: Error getting WsnNameService properties. ",answerable_with_reference,You can solve this problem by configuring your TWS engines to use TLS instead of SSL :,"[{""char_end"":824,""char_start"":0,""chunk_id"":""7e5babd00d302c9e27831459de43769c8229aca2b1d37baf4f15e90445d1171e"",""document_id"":""techqa-doc:corpus/swg1IV43935.txt"",""filename"":""swg1IV43935.txt"",""rank"":1,""text"":""Title: IBM IV43935: AWSBIO027E OBJECT NOT FOUND ERROR WHEN USING DWC OR CONMAN TO RETRIEVE JOB PROPERTIES FROM AN ALTERNATE PLAN - United States Text: SUBSCRIBE You can track all active APARs for this component. APAR STATUS * CLOSED AS PROGRAM ERROR. ERROR DESCRIPTION * Using TWS 8.6.0.02 and DWC 8.6.0.02 when using an Alternate Plan, if you select Job -> More Options -> Properties the following error is returned: . AWSUI0833E The operation could not be completed. There has been a communication failure. The internal message is: AWSJSY101E The Symphony plan operation \""readFromScribner\"" could not be completed because the requested Symphony plan object was not found. The internal error message is: \""AWSBIO027E The object \""TWD90016\"" could not be found.\"". . Also, from conman: . $ conman \""set 1 & sj mdm00_da00#0AAAAAAAA""}]",phase03-sufficiency-annotation-v1,f2fe3f7f29b834d78fd7c79bf4d4a94faee43c658d89c48e386854123066802b,,,,
phase03-semantic-confirmation-blinded-v1,18db4ec1724c473256f0914ee060a93766998c8774912bf2ded1a1e71b5ba246,28,TRAIN_Q437,train,hybrid,5,"Is WAS TE v7.0.0.41 available for RAD?

Is WebSphere Application Server 7.0 Test Environment Extension (WTE) v 7.0.0.41 available for Rational Application Developer for WebSphere Software (RAD) ? ",answerable_with_reference,"This download includes the following update to the WebSphere Application Server v7.0 Test Environment extension included with Rational Software Delivery Platform products:


 * IBM WebSphere Application Server Version 7 Fix Pack 41 also known as version 7.0.0.41.","[{""char_end"":921,""char_start"":0,""chunk_id"":""cd070eb4a011d2ab8989f1de28a567b393136a15e364fb9b2a8fffb88a63ed70"",""document_id"":""techqa-doc:corpus/swg24042177.txt"",""filename"":""swg24042177.txt"",""rank"":1,""text"":""Title: IBM WebSphere Application Server 7.0 Test Environment Extension 7.0.0.41 - United States Text: ifix; interim fix; i-fix; fix; patch; update; fixes; upgrade DOWNLOADABLE FILES ABSTRACT IBM WebSphere Application Server 7 Fix Pack 41 (7.0.0.41) is available as an installed test environment extension DOWNLOAD DESCRIPTION This download includes the following update to the WebSphere Application Server v7.0 Test Environment extension included with Rational Software Delivery Platform products: * IBM WebSphere Application Server Version 7 Fix Pack 41 also known as version 7.0.0.41. For more information, see the WebSphere Application Server readme [http://www-01.ibm.com/support/docview.wss?uid=swg27004980#ver70]. * WebSphere Application Server Feature Pack for Web 2.0 1.0.1.1 * WebSphere Application Server Feature Pack for Mobile 1.1.0.1 (Note: This feature pack is available only when installing with version 8.""},{""char_end"":2086,""char_start"":1459,""chunk_id"":""84544e4f071a6ea67726bbdb05afa3764766a733f0102f003838e57c4a2fcbef"",""document_id"":""techqa-doc:corpus/swg1PI27533.txt"",""filename"":""swg1PI27533.txt"",""rank"":2,""text"":""guring the WAS 7.0 server, ensure \""Add WebSphere Application Server Version 7.0 configuration to the workspace\"" is unchecked. 2) Manually add the WAS 7.0 server runtime environment by navigating to Window > Preferences > Server > Runtime Environments > Add. NOTE: if you opt to create a profile during the installation of RAD & WTE, the workaround above may not apply. PROBLEM SUMMARY * **************************************************************** * USERS AFFECTED: * * All users of the v7 WebSphere Test Environment in Rational * * Application Developer for WebSphere Software v9.1.0.x * **********************************""},{""char_end"":2494,""char_start"":1368,""chunk_id"":""4c0b1c72ecabb31b66b30b3942650bacc380d5e014a511102ad4b70272f59498"",""document_id"":""techqa-doc:corpus/swg21509406.txt"",""filename"":""swg21509406.txt"",""rank"":3,""text"":""you plan to continue to use the RAD environment. For reference, the following information is relevant to the information contained in the InfoSphere MDM Server Workbench User Guide, but was not all included in the final version: When installing into IBM Rational Application Developer for WebSphere (RAD) or IBM Rational Software Architect for WebSphere (RSA), ensure the following are installed: - Java EE and Web services development tools feature - Data tools feature - Tools for IBM WebSphere Application Server, version 6.1 feature - In addition, when installing RAD, ensure that the Extensibility -> Jet Transformation Authoring and Runtime feature is also installed For WebSphere Application Server 6.1, the following are also required: - IBM WebSphere Application Server Version 6.1 Test Environment For WebSphere Application Server 7.0, the following are also required: - Tools for IBM WebSphere Application Server Version 7 feature - IBM WebSphere Application Server Version 7 Test Environment For Oracle WebLogic Server 10.3g, the following are also required: - Oracle WebLogic Server Tools - Oracle WebLogic Server""},{""char_end"":795,""char_start"":0,""chunk_id"":""710855ff074dd528e5f7df6a2a33bc5fd0f377c6fc02daa9b2824b1e4f3b48fd"",""document_id"":""techqa-doc:corpus/swg24025152.txt"",""filename"":""swg24025152.txt"",""rank"":4,""text"":""Title: IBM WebSphere Application Server 7.0 Test Environment Extension Update v7.0.0.7 - United States Text: RAD; RADWS; RSAS; RSAWS; RBD; WAS; 7007; 7.0.0.7 DOWNLOADABLE FILES ABSTRACT IBM® WebSphere® Application Server Version 7 Fix Pack 7, also known as Version 7.0.0.7, for an installed test environment extension. DOWNLOAD DESCRIPTION This update applies IBM WebSphere Application Server Version 7 Fix Pack 7, also known as Version 7.0.0.7, to the WebSphere Application Server v7.0 Test Environment extension included with Rational Software Delivery Platform products. For details about this update, such as known issues, view the WebSphere Application Server 7.0.0.7 readme at http://www-1.ibm.com/support/docview.wss?rs=180&uid=swg27017010 [http://www-1.ibm.com/support/docview.wss?rs=180""},{""char_end"":913,""char_start"":0,""chunk_id"":""0f187e96d12d5c0ae58b1d91942ccfd5156f2499d4cba3a504fd7727fa8d5724"",""document_id"":""techqa-doc:corpus/swg24037638.txt"",""filename"":""swg24037638.txt"",""rank"":5,""text"":""Title: IBM WebSphere Application Server 7.0 Test Environment Extension 7.0.0.31u1 - United States Text: ifix; interim fix; i-fix; fix; patch; update; fixes; upgrade DOWNLOADABLE FILES ABSTRACT IBM WebSphere Application Server 7 Fix Pack 31 (7.0.0.31) is available as an installed test environment extension. DOWNLOAD DESCRIPTION This download includes the following update to the WebSphere Application Server v7.0 Test Environment extension included with Rational Software Delivery Platform products: * IBM WebSphere Application Server Version 7 Fix Pack 31 also known as version 7.0.0.31. For more information, see the WebSphere Application Server readme [http://www-01.ibm.com/support/docview.wss?uid=swg27004980#ver70]. * WebSphere Application Server Feature Pack for Web 2.0 1.0.1.1 * WebSphere Application Server Feature Pack for Mobile 1.1.0.1 (Note: This feature pack is available only when installing with""}]",phase03-sufficiency-annotation-v1,f2fe3f7f29b834d78fd7c79bf4d4a94faee43c658d89c48e386854123066802b,,,,
phase03-semantic-confirmation-blinded-v1,3a9107abbe16508e6acb4a81f3d530410d3aaa3ae1a296afb9b07a9a48170815,29,DEV_Q242,train,bm25,1,"IBM Support Assistant data collector for BPM

What can I use to obtain some standard information in order to debug my IBM Business Process Manager environment? ",answerable_with_reference,The new data collector in IBM Business Process Manager V8.5 is designed for ease of use to gather some of the standard information that is needed to debug IBM Business Process Manager issues.,"[{""char_end"":1038,""char_start"":0,""chunk_id"":""1c90bbda8267c44b5bb2658dad8a61e98648fc7e697823ed0309aa839d56135f"",""document_id"":""techqa-doc:corpus/swg21641516.txt"",""filename"":""swg21641516.txt"",""rank"":1,""text"":""Title: IBM A new IBM Support Assistant data collector exists in the IBM Business Process Manager (BPM) Version 8.5 products - United States Text: ISA data collection datacollection logs bpmdc isadc NEWS ABSTRACT The new data collector in IBM Business Process Manager V8.5 is designed for ease of use to gather some of the standard information that is needed to debug IBM Business Process Manager issues. This command-line tool can gather log file or configuration information and upload it to a Problem Management Record (PMR). This collector is also included in IBM Business Process Manager V8.0.1 Fix Pack 3. CONTENT The script gathers various product information, compresses it into a .zip file, and can optionally send the compressed file to IBM for a PMR. You can also use this tool to compress the data without sending it to IBM. The command is profile_root/bin/bpmdc The profile_root variable is the base profile directory for the profile from which you want to get data. Common Examples To gather the logs and upload them to ECURe""}]",phase03-sufficiency-annotation-v1,f2fe3f7f29b834d78fd7c79bf4d4a94faee43c658d89c48e386854123066802b,,,,
phase03-semantic-confirmation-blinded-v1,25027f039b5a198b89446fb85bf75c1ce4e8c318e3b7199caf1cddf2cb30c070,30,TRAIN_Q471,train,hybrid,3,"Why can't I search groups after upgrading to WebSphere Application Server 8.5.5.10?

Why can't I search groups after upgrading to WebSphere Application Server 8.5.5.10?",answerable_with_reference,"PI69518 resolves the following problem:

ERROR DESCRIPTION: 
After upgrade to 8.5.5.10, there are cases when group 
search fails from ""Users and Groups"" -> ""Administrative 
Groups"" panel. When it happens in GUI, the same issue 
happens with AdminTask listRegistryGroups command.","[{""char_end"":582,""char_start"":0,""chunk_id"":""ec2ed203a8c472ffe66721b3391011e06734ce448abe92e1b28aed4c48559eb4"",""document_id"":""techqa-doc:corpus/swg1PI69518.txt"",""filename"":""swg1PI69518.txt"",""rank"":1,""text"":""Title: IBM PI69518: GROUP SEARCH FAILS WITH A CLASSCAST EXCEPTION AFTER UPGRADE TO 8.5.5.10 - United States Text: FIXES ARE AVAILABLE PI69518:group search fails with a classcast exception after upgrade to 8.5.5.10 [http://www-01.ibm.com/support/docview.wss?uid=swg24042833] 8.5.5.11: WebSphere Application Server V8.5.5 Fix Pack 11 [http://www-01.ibm.com/support/docview.wss?uid=swg24043005] 8.5.5.12: WebSphere Application Server V8.5.5 Fix Pack 12 [http://www-01.ibm.com/support/docview.wss?uid=swg24043844] 8.5.5.13: WebSphere Application Server V8.5.5 Fix Pack 13 [http://www-01""},{""char_end"":602,""char_start"":0,""chunk_id"":""ec0dc4b1e11cbb939562ffd9cb71754dc1fc0f1fff6df3faee25039f53e479c8"",""document_id"":""techqa-doc:corpus/swg1PI52860.txt"",""filename"":""swg1PI52860.txt"",""rank"":2,""text"":""Title: IBM PI52860: IN CONSOLE \""ADMINISTRATIVE USER GROUPS\"" PANEL, GROUP SEARCH DOES NOT SHOW ANY HITS BUT THERE ARE VALID GROUPS - United States Text: FIXES ARE AVAILABLE 8.5.5.10: WebSphere Application Server V8.5.5 Fix Pack 10 [http://www-01.ibm.com/support/docview.wss?uid=swg24042150] 8.5.5.11: WebSphere Application Server V8.5.5 Fix Pack 11 [http://www-01.ibm.com/support/docview.wss?uid=swg24043005] 8.5.5.12: WebSphere Application Server V8.5.5 Fix Pack 12 [http://www-01.ibm.com/support/docview.wss?uid=swg24043844] 8.5.5.13: WebSphere Application Server V8.5.5 Fix Pack 13 [http://www-01.ibm""},{""char_end"":787,""char_start"":0,""chunk_id"":""1c73ac11a491792e4ad740ed9f8a1577c606cf919bd5accc8743719f82da4e75"",""document_id"":""techqa-doc:corpus/swg24042833.txt"",""filename"":""swg24042833.txt"",""rank"":3,""text"":""Title: IBM PI69518:group search fails with a classcast exception after upgrade to 8.5.5.10 - United States Text: PI69518; PI69518; PI69518 DOWNLOADABLE FILES ABSTRACT group search fails with a classcast exception after upgrade to 8.5.5.10 DOWNLOAD DESCRIPTION PI69518 resolves the following problem: ERROR DESCRIPTION: After upgrade to 8.5.5.10, there are cases when group search fails from \""Users and Groups\"" -> \""Administrative Groups\"" panel. When it happens in GUI, the same issue happens with AdminTask listRegistryGroups command. Seeing the following in systemout.log: [9/20/16 15:37:21:077 EDT] 00000076 GroupDetailAc W listRegistryGroups: Command not successful: java.lang.ClassCastException: javax.management.ObjectName incompatible with javax.management.AttributeList ***********""}]",phase03-sufficiency-annotation-v1,f2fe3f7f29b834d78fd7c79bf4d4a94faee43c658d89c48e386854123066802b,,,,
phase03-semantic-confirmation-blinded-v1,91dcdc61ba27acbeb0a060ea8fda4449702d92e01bf62388be946e7f6fac6b8e,31,DEV_Q176,validation,hybrid,1,"Would like to know if WebSphere Extreme Scale  is leap year and leap second compliant. Is there any documentation that talks about this?

Would like to know if WebSphere Extreme Scale is leap second compliant. Is there any documentation that talks about this? ",answerable_with_reference,WebSphere Application Server and the SDK are leap year compliant.,"[{""char_end"":1098,""char_start"":0,""chunk_id"":""845e353829c5c61882b03cef3259d08b1cc24204dc73f8f875fb383b4e8d6d31"",""document_id"":""techqa-doc:corpus/swg21976215.txt"",""filename"":""swg21976215.txt"",""rank"":1,""text"":""Title: IBM WebSphere eXtreme Scale Is Leap Year Compliant - United States Text: TECHNOTE (FAQ) QUESTION We have had questions from clients asking if WebSphere eXtreme Scale is Leap Year Compliant, and if any problems are expected stemming from WebSphere eXtreme Scale or associated IBM products due to Leap Year. There are no known or expected problems. (Details below) ANSWER WebSphere eXtreme Scale and the SDK are leap year and leap second compliant. IBM Java (SDK/JDK) has been doing leap year and leap second testing/verification since 1996, including the non-leap year 2000 without a problem. Leap years and leap seconds in Java are explicitly supported by the public class GregorianCalendar class. This Java class is tested in every release of Java as is part of Java's core functionality. Any Java code that uses the GregorianCalendar class will calculate and determine if a year is a leap year or not. WebSphere eXtreme Scale does not perform explicit testing for leap year and leap second compliance since it runs on top of the Java SDK which already provides this verification for us. We""}]",phase03-sufficiency-annotation-v1,f2fe3f7f29b834d78fd7c79bf4d4a94faee43c658d89c48e386854123066802b,,,,
phase03-semantic-confirmation-blinded-v1,7b1c93ebfcdb23f618b82cca09de324933f42060d99e6eb23bbbeba5cdd6d495,32,TRAIN_Q341,train,bm25,1,"How to check IBM Java ORB build version in WebSphere Application Server?

Just a simple question: How to check IBM Java ORB build version in WebSphere Application Server? ",answerable_with_reference,<washome>/java/bin/java -Xbootclasspath/p:<washome>/java/jre/lib/ext/ibmorb.jar com.ibm.rmi.util.Version,"[{""char_end"":8068,""char_start"":7359,""chunk_id"":""458502c19136b3e87b8637a71ab7d19fb88967383ed2b84ede00337222af6504"",""document_id"":""techqa-doc:corpus/swg21157005.txt"",""filename"":""swg21157005.txt"",""rank"":1,""text"":""Collect the following file: orbtrace.txt * How to check IBM® JavaTM ORB build version in WebSphere® Application Server. * <washome>/java/bin/java -Xbootclasspath/p:<washome>/java/jre/lib/ext/ibmorb.jar com.ibm.rmi.util.Version * Follow instructions to send diagnostic information to IBM support [http://www.ibm.com/support/docview.wss?uid=swg21153852] [http://www.ibm.com/support/docview.wss?rs=180&uid=swg21153852] For a listing of all technotes, downloads, and educational materials specific to the ORB component, search the WebSphere Application Server support site [http://www.ibm.com/support/entry/portal/Overview/Software/WebSphere/WebSphere_Application_Server]. Related information [http://www.ibm.com/""}]",phase03-sufficiency-annotation-v1,f2fe3f7f29b834d78fd7c79bf4d4a94faee43c658d89c48e386854123066802b,,,,
phase03-semantic-confirmation-blinded-v1,1c51d5e4f51ebe3037ecad90e0832364249f347de7b4d43d2a2a38284ac007bf,33,TRAIN_Q368,train,dense,10,"Does ITCAM for MQ monitoring agent (kmq) use SYSTEM.MQXR.COMMAND.QUEUE causing Unknown Object Name [2085] event?



Using the ITCAM MQ Monitoring agent, we have a situation that generates alerts when a 2085 event (object unknown) occurs. We have recently seen alerts for the queue SYSTEM.MQXR.COMMAND.QUEUE
We found following technote:
Unknown Object Name [2085], SYSTEM.MQXR.COMMAND.QUEUE
http://www-01.ibm.com/support/docview.wss?uid=swg21681687

This technote does not mention Tivoli monitoring product, and only mentions monitoring products such as Nastel and InfraRed360.
Does Tivoli monitoring agent for WebSphere MQ use the SYSTEM.MQXR.COMMAND.QUEUE? We are try to find out which application is causing the 2085 event.",answerable_with_reference,"Use the runmqsc display connection command to find the process id (PID) and application name. 

Using the above example of the queue Q1, this is the complete command to invoke under runmqsc: 


display conn(*) where(objname eq Q1) all","[{""char_end"":653,""char_start"":0,""chunk_id"":""e39f6143ee9bd2baed0cd636ddc18d216fb41af6c5004a1fddf3deb830d5ddc5"",""document_id"":""techqa-doc:corpus/swg1IV86027.txt"",""filename"":""swg1IV86027.txt"",""rank"":1,""text"":""Title: IBM IV86027: UNKNOWN OBJECT NAME EVENT IS GENERATED DUE TO KMQ.IRA.AGENT.QUEUE - United States Text: DIRECT LINKS TO FIXES 7.3.0.2-TIV-XEforMsg-LA0002 [http://www.ibm.com/support/fixcentral/quickorder?product=ibm%2FTivoli%2FTivoli+Composite+Application+Manager+for+Applications&fixids=7.3.0.2-TIV-XEforMsg-LA0002&source=SAR] ITCAM Agent for WebSphere MQ Version 7.3.0 Fix Pack 02 for Power Linux LE [http://www-01.ibm.com/support/docview.wss?uid=swg24044437] SUBSCRIBE You can track all active APARs for this component. APAR STATUS * CLOSED AS FIXED IF NEXT. ERROR DESCRIPTION * If local events is enabled for a monitoring qmgr, every time when m""},{""char_end"":1189,""char_start"":592,""chunk_id"":""f51fff36a8724d306d6b4eb81282249295e8fef4f2093499622ee9257b0d5493"",""document_id"":""techqa-doc:corpus/swg27048602.txt"",""filename"":""swg27048602.txt"",""rank"":2,""text"":""d=swg27048600 [http://www.ibm.com/support/docview.wss?uid=swg27048600] Installation of ITCAM Agents 7.3 in Windows to monitor MQ queue managers IBM Techdoc: 7048600 http://www.ibm.com/support/docview.wss?uid=swg27048601 [http://www.ibm.com/support/docview.wss?uid=swg27048601] Installation of ITM Agents 6.0.3.2 and ITCAM MQ Agents 7.3 in Linux IBM Techdoc: 7048601 File: ITM and ITCAM - summary of commands for monitoring MQ queue managers.pdf ITM and ITCAM - summary of commands for monitoring MQ queue managers.pdf [/support/docview.wss?uid=swg27048602&aid=2]ITM and ITCAM - summary of commands""},{""char_end"":783,""char_start"":0,""chunk_id"":""3c578360002554e83f9404aad588e31cc75296c59ef971fe254e2bb7702bffe6"",""document_id"":""techqa-doc:corpus/swg21681687.txt"",""filename"":""swg21681687.txt"",""rank"":3,""text"":""Title: IBM Unknown Object Name [2085], SYSTEM.MQXR.COMMAND.QUEUE - United States Text: TECHNOTE (FAQ) QUESTION You see the following record added to the WebSphere MQ event messages queue 'SYSTEM.ADMIN.QMGR.EVENT'. [timestamp] Unknown Object Name [2085] Event Type: Queue Manager Queue Manager Name: QMGR Appl Type: Unix Appl Name: amqpcsea Queue Name: SYSTEM.MQXR.COMMAND.QUEUE CAUSE a) The queue SYSTEM.MQXR.COMMAND.QUEUE is used by the MQ Telemetry component. A typical scenario for its usage is this: The MQ command server, amqpcsea, reads PCF messages from the SYSTEM.ADMIN.COMMAND.QUEUE and if the PCF message is related to Telemetry, then the PCF message is forwarded to the SYSTEM.MQXR.COMMAND.QUEUE for the MQ Telemetry component to handle. . b) This queue is used by certain""},{""char_end"":801,""char_start"":0,""chunk_id"":""8f181eb5b7859cb8c68a1986952d35f2e5fc07fdeb93fee11272c02111378ede"",""document_id"":""techqa-doc:corpus/swg27048601.txt"",""filename"":""swg27048601.txt"",""rank"":4,""text"":""Title: IBM Installation of ITM Agents 6.0.3.2 and ITCAM MQ Agents 7.3 in Linux - United States Text: WHITE PAPER ABSTRACT The purpose of this document is to provide a tutorial for installation of IBM Tivoli Monitoring 6.3.0.2 and IBM Tivoli Composite Application Manager (ITCAM) for Applications 7.3 in a Linux machine. CONTENT The overall objective is to have ITM and ITCAM services monitoring MQ queue managers in Windows and in Linux, and additional tutorials will provide steps for other components. The Tivoli agents in Linux will connect to the \""Tivoli Enterprise Monitoring Server - TEMS\"" that was setup in the following techdoc: http://www.ibm.com/support/docview.wss?uid=swg27048598 [http://www.ibm.com/support/docview.wss?uid=swg27048598] Installation of ITM 6.0.3.2 in Windows to monitor MQ""},{""char_end"":799,""char_start"":0,""chunk_id"":""062fa532aa1fde4dd3d73e080f1eaf97b1cd3df2d3c5c8210d343ba74575e109"",""document_id"":""techqa-doc:corpus/swg27048572.txt"",""filename"":""swg27048572.txt"",""rank"":5,""text"":""Title: IBM Webcast Replay: Using ITCAM to monitor MQ queue managers in Linux and Windows - United States Text: wste_webcast; WSTE; Support Technical Exchange; education; presentation; webcast; STEwebcastDocument; Monitoring; MQ; Linux; Windows WEBCAST ABSTRACT This WebSphere Support Technical Exchange is designed to present an introduction on basic installation of IBM Tivoli Monitoring (ITM) and IBM Tivoli Composite Application Manager (ITCAM) Agents for WebSphere Messaging to monitor MQ queue managers in Linux and Windows. Level of Difficulty: Beginner Presenter: Angel Rivera Date: 14 Sep 2016 PRESENTATION [http://www.ibm.com/i/v16/icons/weblecture.gif]WSTE-2016-09-14-MQ-monitoring-ITCAM-Rivera-v2.pdf [/support/docview.wss?uid=swg27048572&aid=2]WSTE-2016-09-14-MQ-monitoring-ITCAM-Rivera-""},{""char_end"":913,""char_start"":0,""chunk_id"":""70ed9856c0025df70820eb5f27476ff37e146dfcf9c6041604f7f777c6baf496"",""document_id"":""techqa-doc:corpus/swg27048600.txt"",""filename"":""swg27048600.txt"",""rank"":6,""text"":""Title: IBM Installation of ITCAM Agents 7.3 in Windows to monitor MQ queue managers - United States Text: WHITE PAPER ABSTRACT The purpose of this document is to provide a tutorial for installation of IBM Tivoli Composite Application Manager (ITCAM) for Applications 7.3 in a Windows 7 machine. CONTENT The overall objective is to have ITM and ITCAM services monitoring MQ queue managers in Windows and in Linux, and additional tutorials will provide steps for other components. This document is the continuation of the related document: http://www.ibm.com/support/docview.wss?uid=swg27048598 [http://www.ibm.com/support/docview.wss?uid=swg27048598] Installation of ITM 6.0.3.2 in Windows to monitor MQ queue managers In order to keep the overall scenario as simple as possible, only the most essential components will be installed. Therefore, this tutorial does not show other ITCAM components; of course, if you""},{""char_end"":927,""char_start"":0,""chunk_id"":""eb50b7b7fab905a08678ece8c80fd62906514fd1f2f9d5649c1d5ba09408b620"",""document_id"":""techqa-doc:corpus/swg1IT18829.txt"",""filename"":""swg1IT18829.txt"",""rank"":7,""text"":""Title: IBM IT18829: PUREAPPLICATION SYSTEM: ITCAM FOR MQ AGENT DOES NOT SHOW IN THE TIVOLI ENDPOINT PORTAL SERVER (TEPS) CONSOLE - United States Text: A FIX IS AVAILABLE IBM PureApplication System Version 2.2.3.0 [http://www-01.ibm.com/support/docview.wss?uid=swg24043076] SUBSCRIBE You can track all active APARs for this component. APAR STATUS * CLOSED AS PROGRAM ERROR. ERROR DESCRIPTION * When deploying the System Monitoring shared service along with the System Monitoring for WebSphere MQ shared service, we would expect to see the ITCAM for MQ agent in the TEPS console of the System Monitoring shared service for every virtual machine that has the MQ software component installed on it. However we do not see the ITCAM for MQ agent. The configuration of the MQ agent automatically uses IPv6 and cannot connect to the system monitoring when using externally managed cloud groups. LOCAL FIX * Contact IBM Support for work""},{""char_end"":698,""char_start"":0,""chunk_id"":""3ad0cfd27398fc771ca17fab772346c6bec66c83d5fdc99baa1eb3835cd9df5c"",""document_id"":""techqa-doc:corpus/swg27048602.txt"",""filename"":""swg27048602.txt"",""rank"":8,""text"":""Title: IBM ITM and ITCAM - summary of commands for monitoring MQ queue managers - United States Text: WHITE PAPER ABSTRACT The objective of this document is to provide a summary of the ITM and ITCAM commands and GUI screen images to monitor MQ queue managers CONTENT It provides a summary of the commands mentioned in the following related techdocs: http://www.ibm.com/support/docview.wss?uid=swg27048598 [http://www.ibm.com/support/docview.wss?uid=swg27048598] Installation of ITM 6.0.3.2 in Windows to monitor MQ queue managers IBM Techdoc: 7048598 http://www.ibm.com/support/docview.wss?uid=swg27048600 [http://www.ibm.com/support/docview.wss?uid=swg27048600] Installation of ITCAM Agents 7.3 in""},{""char_end"":2061,""char_start"":1352,""chunk_id"":""b7a05033c2bfa40c47d0e61e620dcf24b64dad5a8678b4982b4d4f44c884cebe"",""document_id"":""techqa-doc:corpus/swg27048601.txt"",""filename"":""swg27048601.txt"",""rank"":9,""text"":""V06.30.02.00 Tivoli Enterprise Services User Interface Extensions V06.30.02.00 Chapter 4: Configuration of the ITM Linux OS Agent to connect to TEMS in Windows Chapter 5: Installing ITCAM 7.3 MQ Agents - IBM Tivoli Monitoring components Tivoli Enterprise Services User Interface Extensions V06.30.02.00 WebSphere MQ Configuration Agent V07.30.01.00 WebSphere MQ Monitoring Agent V07.30.01.00 Chapter 6: Configuration of the MQ Agents File: Installation of ITM Agents 6.0.3.2 and ITCAM MQ Agents 7.3 in Linux.pdf Installation of ITM Agents 6.0.3.2 and ITCAM MQ Agents 7.3 in Linux.pdf [/support/docview.wss?uid=swg27048601&aid=2]Installation of ITM Agents 6.0.3.2 and ITCAM MQ Agents 7.3 in Linux.pdf [/support""},{""char_end"":1782,""char_start"":1488,""chunk_id"":""1b6a7203ba2aa4b9ffd229a9e90541867cc3a28491d03d503d69300ebe4af31f"",""document_id"":""techqa-doc:corpus/swg27048600.txt"",""filename"":""swg27048600.txt"",""rank"":10,""text"":""view.wss?uid=swg27048600&aid=2]Installation of ITCAM Agents 7.3 in Windows to monitor MQ queue managers.pdf [/support/docview.wss?uid=swg27048600&aid=1] Cross reference information Segment Product Component Platform Version Edition Business Integration IBM MQ PRODUCT ALIAS/SYNONYM IBMMQ WMQ MQ""}]",phase03-sufficiency-annotation-v1,f2fe3f7f29b834d78fd7c79bf4d4a94faee43c658d89c48e386854123066802b,,,,
phase03-semantic-confirmation-blinded-v1,f2cef7623e3ac370cb4007741b53d6e89a975cd27583a82df99c8c5084896042,34,TRAIN_Q048,train,hybrid,10,"How to change the maximun string length for properties in ACCE



HI I am trying to change the maximum string length in ACCE like we will do in FEM but in the more Tab I am not seeing the option

Please guide me",answerable_with_reference,"Follow the below steps to update the property definition properties on ACCE: 




 1. Launch ACCE 
 2. Expand the object stores folder and click the object store to open the Object store tab 
 3. Expand the Data Design folder and Classes folder. Click the document class to open Document Class tab 
 4. From Properties tab, open Property Definitions drop down and select the property definition you want to modify 
 5. ACCE will open that property definition in a new Properties tab 
 6. Modify the property definition as required 
 7. Go back to the Class Definition tab and click Save","[{""char_end"":1431,""char_start"":745,""chunk_id"":""d6cdf9c56e241c1e4eb4b9731af932b6870717497e813d337abd8aa6d97cff42"",""document_id"":""techqa-doc:corpus/swg21385713.txt"",""filename"":""swg21385713.txt"",""rank"":1,""text"":"", or exceeds the maximum length allowed.\"" CAUSE The string being passed into the setStringProperty function has the length bigger than the Maximum String Length set for that property (in characters). RESOLVING THE PROBLEM Use one of the methods below to fix the problem. * Increase the Maximum String Length for the property using FileNet® Enterprise Manager (FEM). Here are the steps : 1. Launch FEM and go to Property Templates. 2. Right click on the property and select Properties. 3. Go to 'More' tab, and enter a value in the Maximum String Length input box. * Or limit the length of the string value passed into the setStringProperty() function to the length set for the property.""},{""char_end"":579,""char_start"":0,""chunk_id"":""638980203c5a95b07cda9b575a31394f6b301839634d0c744d2f9ac4190a611b"",""document_id"":""techqa-doc:corpus/swg21698917.txt"",""filename"":""swg21698917.txt"",""rank"":2,""text"":""Title: IBM How to enable \""Use Long Column Width\"" on a string property in IBM FileNet Content Engine - United States Text: string property use long column width TECHNOTE (FAQ) QUESTION I have a long string property. I want to enable the “Use Long Column Width” option in FileNet Enterprise Manager (FEM), but it is grayed out. How do I enable it? CAUSE \""Use Long Column Width\"" is grayed out on existing properties. ANSWER When creating the string property in FEM, click the \""More\"" button and select \""Use Long Column Width\"" Note: This option is only available on property creation.""},{""char_end"":958,""char_start"":0,""chunk_id"":""4e0c1fba3f5b91928840889395098b50c6d11f66060d0c5ba0dd85f9212047be"",""document_id"":""techqa-doc:corpus/swg1IV19717.txt"",""filename"":""swg1IV19717.txt"",""rank"":3,""text"":""Title: IBM IV19717: UNABLE TO INCREASE THE LENGTH OF TICKET.DESCRIPTION - United States Text: SUBSCRIBE You can track all active APARs for this component. APAR STATUS * CLOSED AS USER ERROR. ERROR DESCRIPTION * I'm trying to Increase the Attribute Length for TICKET.DESCRIPTION in MAM 7.5 from 100 -> 250. This is not for a PMR am testing the latest version of the TSRM / Omnibus Integration. Making the change in Database Configuration seems to go fine. ConfigDB runs with no error. Checking the TICKET object and associated objects (INCIDENT, PROBLEM, SR) shows the change is OK. Checking the DB2 Control Center also shows the change is OK. Now when I add a string of length > 100 but <250 to the Description Attribute I get the following error in both the UI and the Integration Framework in all the Ticket based applications- the below example is from an Inbound Transaction in Incident: [22/02/12 18:12:19:223 GMT] 00000073 SystemOut O 22 Feb 2012 18:12""},{""char_end"":1009,""char_start"":0,""chunk_id"":""67a09336060df2b44fc1cf80fa54865c7684bc6052cd8280a10e9d32679557f9"",""document_id"":""techqa-doc:corpus/swg21084092.txt"",""filename"":""swg21084092.txt"",""rank"":4,""text"":""Title: IBM ICM attributes: Error DGL5390A minimum string length violation despite actual min constraint - United States Text: 5390; DGL5390A; varchar; min; length; PLSUtilICM.checkAttributes(); check attributes; minimum; Varchar; String TECHNOTE (FAQ) QUESTION My attribute defined in my item type or component type has a minimum string length constraint set lower or equal to my value, but I still get Error \""DGL5390A: Attribute named 'myAttribute' contains a string of length 'actual string length', which violates the minimum required length of 'some value' specified in the attribute definition.\"" from my VARCHAR attribute. What can I do? ANSWER Variable length character strings (VARCHAR) Minimum and maximum VARCHAR string lengths are enforced based on the original attribute definitions that were defined before the item type that uses it was defined. Adjustments to the minimum and maximum properties for attributes added to item type and component type definitions for variable length strings (VARCHA""},{""char_end"":1065,""char_start"":0,""chunk_id"":""73809c263484722a33f1809c58ed071f4ef3beff011b03de23c29a01e66f5c7d"",""document_id"":""techqa-doc:corpus/swg21978402.txt"",""filename"":""swg21978402.txt"",""rank"":5,""text"":""Title: IBM How to modify the length of property in FileNet Content Engine - FileNet Enterprise Manager (FEM)? - United States Text: update length of property template; FEM TECHNOTE (FAQ) QUESTION Can we use FEM to modify the length of the property from string (12) to string (16) that has a database of large object store more than 500,000,000 entries? CAUSE To modify the length of the property that has a large object store, it is recommended to use FEM. You do not have to increase the transaction time out on the application server for the database. It is very rare that there would exist such a deep and wide class hierarchy so as to cause a transaction to time out during propagation. If the property that is going to be altered is single indexed or even a generated column index should have no impact of the time required to increase the column length. Increasing a column length in the database is just a database metadata change for the column, not dependent on number of rows. The column length increase (in the database) would be performed as part of the""},{""char_end"":776,""char_start"":0,""chunk_id"":""b6fcfe76eb7a728b11e07e0ca3177676c8866a9659fe6e2b2812bc9b040f91d4"",""document_id"":""techqa-doc:corpus/swg21680952.txt"",""filename"":""swg21680952.txt"",""rank"":6,""text"":""Title: IBM The Property Definition window in Administrative Console for Content Engine (ACCE) does not show the same properties as in FileNet Enterprise Manager (FEM). - United States Text: TECHNOTE (FAQ) QUESTION The Property Definition window ((from Document Class > Property Definitions tab > [property link])) in Administrative Console for Content Engine (ACCE) does not show the same properties as in FileNet Enterprise Manager (FEM). How do I view the properties of a Property Definition in ACCE? ANSWER Property Definition properties can be viewed as follows: 1. Using ACCE, open the Class Definition 2. Click Properties tab 3. Open Property Definitions drop down and select property to modify. 4. ACCE will open the property in separate tab listing all the properties.""},{""char_end"":1065,""char_start"":0,""chunk_id"":""dbc4bc8313e1d4384357960e48809108f90d12232247b45760bba0b1aab8825d"",""document_id"":""techqa-doc:corpus/swg21696083.txt"",""filename"":""swg21696083.txt"",""rank"":7,""text"":""Title: IBM How to overwrite property definition properties in a class via IBM Administration Console for Content Platform Engine (ACCE)? - United States Text: ACCE; CE; Property; FEM TECHNOTE (FAQ) QUESTION With IBM FileNet Enterprise Manager (FEM), we can follow the steps below to overwrite the property definition in a document class 1. Launch FEM 2. Expand the object store and document class tree. Right click on the document class and select \""Properties\"" 3. Go to \""Properties Definitions\"" tab, highlight the property definition and click \""Edit\"" 4. Make the modification and click OK 5. Click OK again to save the change How to perform the same operation with FileNet Content Engine - ACCE? ANSWER Follow the below steps to update the property definition properties on ACCE: 1. Launch ACCE 2. Expand the object stores folder and click the object store to open the Object store tab 3. Expand the Data Design folder and Classes folder. Click the document class to open Document Class tab 4. From Properties tab, open Property Definitions drop down and select the""},{""char_end"":988,""char_start"":0,""chunk_id"":""8f6bbf6d0b33e57b3bdf04d548ee190f0cc3f178d53d9b19a5e0f92ffc9cb0bd"",""document_id"":""techqa-doc:corpus/swg21959272.txt"",""filename"":""swg21959272.txt"",""rank"":8,""text"":""Title: IBM How to update the Properties such as Choice List in Document Class using ACCE? - United States Text: TECHNOTE (TROUBLESHOOTING) PROBLEM(ABSTRACT) How to update the choice list properties but instead of using FEM, using ACCE? CAUSE FEM and ACCE UI are so much difference. FEM is removed starting CPE 5.2.1, the users may not know the ACCE operations that are equivalent in FEM RESOLVING THE PROBLEM Using FEM: 1. Bring up FEM 2. Navigate to Object Stores > select the object store 3. Navigate to Document Class > select the class required to update the choice list 4. Right click on the selected document class > select Properties required to edit the choice list 5. Click on the Properties Definition > select the property definition required to edit the choice list 6. Click on the Edit tab > click on More tab 7. Look for the Choice List field > click on the arrow down button to select the desired choice list 8. Click on OK, then OK to save it. Using ACCE: 1. Bring up ACCE""},{""char_end"":3244,""char_start"":2225,""chunk_id"":""574ae35c6906848b960db936861a465fc8e519b6607acf18fa284a0e80ab7b72"",""document_id"":""techqa-doc:corpus/swg21634811.txt"",""filename"":""swg21634811.txt"",""rank"":9,""text"":"") For ListOfString, <n> must be chosen to be no larger than 8151, because the index length limit is 8KB and there is some system overhead, and there are two additional columns being added. Similar steps would be executed for a single-valued property column. In the case of a single column index, the limit for <n> is 8189. 2. For properties that need to be indexed, strictly speaking, the Content Engine multi-valued Property Definition length should be restricted in the Administration tools (FEM / ACCE) to less than or equal to 2717 characters. This is because the generated column will become 2717 * 3 = 8151 bytes which is the maximum allowed in the ListOfString example. For single-valued properties the maximum will be slightly higher (2729) if there are no additional columns added to the index. However in practice, for many languages, 3 bytes per character for all string characters will not be required. It is up to the site if the character limit can be relaxed. There would be an error trying to insert too""},{""char_end"":1208,""char_start"":0,""chunk_id"":""34eba2bbd29807f3041b090db0c2dc954ed288b4390ef44dc724459733754b3c"",""document_id"":""techqa-doc:corpus/swg21385716.txt"",""filename"":""swg21385716.txt"",""rank"":10,""text"":""Title: IBM Error when changing the maximum string length of a document class property using IBM FileNet Enterprise Manager - United States Text: document class; maximum string length; content engine; ce; filenet enterprise manager; fem TECHNOTE (TROUBLESHOOTING) PROBLEM(ABSTRACT) Administrators get a FileNet Content Engine Administration Error Message using IBM FileNet Enterprise Manager when changing the maximum string length of a document class property and are unable to change the property. Error Message: An automation operation threw a dispatch exception, code=0. The operation violates a contraint of the implementation. SYMPTOM Error Message: An automation operation threw a dispatch exception, code=0. The operation violates a constraint of the implementation. * Document class property's Maximum String Length cannot be changed. * Document class property is a string data type CAUSE The Document Class Property was inherited from a parent Document Class. Changes to the property must be done in the Document Class where it is defined and not in Document Classes that inherit the property. DIAGNOSING THE PROBLEM Check the Property Definitions tab of the Document Class where the change is being""}]",phase03-sufficiency-annotation-v1,f2fe3f7f29b834d78fd7c79bf4d4a94faee43c658d89c48e386854123066802b,,,,
phase03-semantic-confirmation-blinded-v1,981525566db75ff417b34e811fa6e3795f60c6ca55aa42f1eb7a7c7a0e9f8654,35,TRAIN_Q488,validation,dense,5,"Does DB2 DBMS implement NIST FIPS 140-2 validated cryptographic modules to provision digital signatures?



V-58159 - SV-72589r1_rule says ""The DBMS must implement NIST FIPS 140-2 validated cryptographic modules to provision digital signatures."" 
Does DB2 UDB version 8  implement NIST FIPS 140-2 validated cryptographic modules to provision digital signatures?",answerable_with_reference,DB2 uses encryption modules which are FIPS 140-2 certified.,"[{""char_end"":956,""char_start"":0,""chunk_id"":""91d322e32193bcfb5927d243137f60be58f71d61495cf240718207f1e8e32e28"",""document_id"":""techqa-doc:corpus/swg21617590.txt"",""filename"":""swg21617590.txt"",""rank"":1,""text"":""Title: IBM The db2ssh tool and FIPS - United States Text: TECHNOTE (TROUBLESHOOTING) PROBLEM(ABSTRACT) The db2ssh tool is used to secure inter-node communication in DB2® pureScale® clusters. It uses cryptography to secure this communication. In environments where the use of cryptography must be FIPS 140 compliant, additional db2ssh configuration is required. SYMPTOM The db2ssh tool was introduced in DB2 Version 10.1 Fix Pack 2 and is applicable only to DB2 pureScale environments. The db2ssh tool uses cryptography to secure certain types of communication between members in a DB2 pureScale cluster. The cryptographic modules are capable of operating in a mode that strictly enforces FIPS 140 compliance (\""FIPS mode\""). Operating in FIPS mode can, in some circumstances, impose a performance penalty; therefore FIPS mode is not the default for db2ssh. In environments where strict FIPS 140 compliance is required, db2ssh can be configured for \""FIPS mode""},{""char_end"":7409,""char_start"":6591,""chunk_id"":""2b996737df92a5707aad40c67804c8540ca367deaa6f8e5489755044d1d7f8d8"",""document_id"":""techqa-doc:corpus/swg21370360.txt"",""filename"":""swg21370360.txt"",""rank"":2,""text"":""067639I27128O83-N645003S02002M45-Y392065M40520S51#GA] unless a support extension has been purchased. The policy statement for DB2 for Linux, UNIX, and Windows fix packs, special builds, Total Content Ownership agreements and IBM Software Premium Services is located in technote 1180416 [http://www.ibm.com/support/docview.wss?uid=swg21180416]. I AM USING DB2 UDB V8.X AS PART OF A BUNDLE, AM I STILL SUPPORTED DB2 UDB V8.x will continue to be supported if it is being used according to the terms of the license agreement (i.e. limited use) of a bundled product for as long as the bundled product remains in support. For specific details on the terms of the license for DB2 UDB V8.x within a bundled scenario, please review the license agreement included with the product that bundled DB2 UDB V8.x DO CERTIFICATIONS FOR""},{""char_end"":844,""char_start"":0,""chunk_id"":""a71291649386669c0e56b93eb82fc44ea8dc66b75202326493cff3d67d46ffb7"",""document_id"":""techqa-doc:corpus/swg21237078.txt"",""filename"":""swg21237078.txt"",""rank"":3,""text"":""Title: IBM DB2 UDB Version 8, v10.5 compliance with FIPS 140-2 standard - United States Text: TECHNOTE (FAQ) QUESTION Is DB2 v8, v10.5 compliant to FIPS 140-2 ?. ANSWER Is DB2 v10.5 compliant with FIPS 140-2? Q: Is DB2 vulnerable to the problem described below? V-58165 DBMS main in the middle attack [https://www.stigviewer.com/stig/database_security_requirements_guide/2015-06-23/finding/V-58165] \""One class of man-in-the-middle, or session hijacking, attack involves the adversary guessing at valid session identifiers based on patterns in identifiers already known. The preferred technique for thwarting guesses at Session IDs is the generation of unique session identifiers using a FIPS 140-2 approved random number generator. However, it is recognized that available DBMS products do not all implement the preferred technique yet may have""},{""char_end"":8050,""char_start"":7187,""chunk_id"":""d59e6f567d38218d774fdd5663752dc3400e644c2be03bdac7a3535362c5e565"",""document_id"":""techqa-doc:corpus/swg21370360.txt"",""filename"":""swg21370360.txt"",""rank"":4,""text"":""remains in support. For specific details on the terms of the license for DB2 UDB V8.x within a bundled scenario, please review the license agreement included with the product that bundled DB2 UDB V8.x DO CERTIFICATIONS FOR DB2 UDB V8 STILL EXIST AFTER EOS? The certifications for DB2 UDB V8 (700,701,703) were retired on December 31, 2010 and are no longer available. View the current DB2 certifications on the IBM DB2 Certifications page [http://www.ibm.com/certify/certs/dm_index.shtml]. HOW DO I OBTAIN DB2 UDB V8 IF I STILL NEED IT? Q: I need to download and install the base product of DB2 UDB V8 for a migration test environment. I can't find where to download the original base (GA) product and I do not have the physical CDs anymore. How can I obtain it? A: The DB2 UDB Version 8 server editions are not available for purchase or download. The images have""},{""char_end"":1361,""char_start"":575,""chunk_id"":""d1c33650d55bf778c7804e4a7f7f531b8c9af41946b8d894ebfc4a3135667aee"",""document_id"":""techqa-doc:corpus/swg21370360.txt"",""filename"":""swg21370360.txt"",""rank"":5,""text"":""21370360]- selected tab, TAB NAVIGATION * What are the end of support dates for DB2 UDB V8 ? * Where are the DB2 UDB V8.x end of support dates listed? * How do I purchase a Support Extension? * What DB2 UDB V8.2 servers are affected? * Does the client also go out of support? * How do I know if my DB2 Universal JDBC driver is supported? * What if I have a special build or an older fixpak? Am I still supported? * I am using DB2 UDB V8 as part of a bundle, am I still supported? * Do certifications for DB2 UDB V8 still exist after EOS? * How do I obtain the DB2 UDB V8 base for a test environment? DB2 end of support date [http://www.ibm.com/support/docview.wss?uid=swg21168270] page contains the list of end of support dates for DB2 versions. US Withdrawal Announcement 907-125 [http""}]",phase03-sufficiency-annotation-v1,f2fe3f7f29b834d78fd7c79bf4d4a94faee43c658d89c48e386854123066802b,,,,
phase03-semantic-confirmation-blinded-v1,eba348b8b4945e52d43691d659c151e6744faa56dc630dda00409417736bf6c4,36,TRAIN_Q477,train,hybrid,5,"On 30th June, could the Leap Second cause Linux to freeze and impact my MQ?

On 30th June, could the Leap Second cause Linux to freeze and impact my MQ? ",answerable_with_reference,"In the past, the addition of leap seconds caused some systems running older Linux kernels to fail. IBM MQ and WebSphere MQ queue managers running on these systems generated repeated FDC files showing Probe Id XY348010 or XC272003 from xcsCreateThread, with error code xecP_E_NO_RESOURCE. Other FDCs are also possible.","[{""char_end"":1670,""char_start"":730,""chunk_id"":""07e0c7c716171788a9be49967f6f7463f03b42ca552c0470e39a564a985208d6"",""document_id"":""techqa-doc:corpus/swg21602521.txt"",""filename"":""swg21602521.txt"",""rank"":1,""text"":""P) daemon will schedule a leap second [http://en.wikipedia.org/wiki/Leap_second] to occur at midnight, making the final minute of the day 61 seconds long. Prior leap second insertions, including the 30 June 2016 leap second, caused some Linux systems to exhibit unexplained high CPU usage. IBM MQ and WebSphere MQ use the Native POSIX Thread Library (NPTL) which relies on futuxes (\""fast userspace mutexes\"") for synchronization between threads. Futexes can exhibit high CPU spins after leap seconds on Linux kernel versions 2.6.22 through 3.5-rc7, inclusive, although some Linux distributions shipped patches for kernels in this range: * * Leap Second to be added on December 31st 2016 * * * * General information on Leap Second 2016 * * Fixes and workarounds to avoid issues caused by Leap Second 2015 * * * * Addition of leap second causes spuriously high CPU usage and futex lockups Contact your Linux vendor to check the status of other""},{""char_end"":894,""char_start"":0,""chunk_id"":""ed13a69eb4a0ca0bea1e701f22c4a5bad4c4de54d9b7426388d01292a71ef661"",""document_id"":""techqa-doc:corpus/swg21961159.txt"",""filename"":""swg21961159.txt"",""rank"":2,""text"":""Title: IBM Leap Second - Sterling Application Impact - United States Text: TECHNOTE (TROUBLESHOOTING) PROBLEM(ABSTRACT) Does leap second affect OMS? Leap second will be inserted on June 30th 2015, will this cause problems with OMS? RESOLVING THE PROBLEM Order Management System uses Unix time and Unix time is defined as the number of seconds since Jan 1st 1970, 00:00 UTC, but without leap seconds. Unix time does not have any way to represent the leap second so instead it uses the same second twice. For example, this is how Unix time looked on January 1st 2009: UTC Unix clock 2008-12-31 23:59:59 1230767999 2008-12-31 23:59:60 1230768000 <--leap second 2009-01-01 00:00:00 1230768000 2009-01-01 00:00:01 1230768001 For applications there is no way to differentiate between the two distinct times but Unix clock implementations handle this problem using Network Time Protocol (NTP). So leap""},{""char_end"":914,""char_start"":0,""chunk_id"":""32fb9b6b7cb0d57ab984885f9f326c073e07bd0d88c429ffec0de5fc359804ee"",""document_id"":""techqa-doc:corpus/swg21602521.txt"",""filename"":""swg21602521.txt"",""rank"":3,""text"":""Title: IBM Leap Second bug in older Linux kernels may affect IBM MQ and WebSphere MQ - United States Text: FLASH (ALERT) ABSTRACT Leap seconds are a periodic one-second adjustment of Coordinated Universal Time (UTC) required to keep a system's time of day close to the mean solar time. A leap second is scheduled for 31 December 2016 at 23h 59m 60s UTC. In the past, the addition of leap seconds caused some systems running older Linux kernels to fail. IBM MQ and WebSphere MQ queue managers running on these systems generated repeated FDC files showing Probe Id XY348010 or XC272003 from xcsCreateThread, with error code xecP_E_NO_RESOURCE. Other FDCs are also possible. CONTENT On 31 December 2016, the Network Time Protocol (NTP) daemon will schedule a leap second [http://en.wikipedia.org/wiki/Leap_second] to occur at midnight, making the final minute of the day 61 seconds long. Prior leap second insertions,""},{""char_end"":1124,""char_start"":0,""chunk_id"":""4e5b8bf52e706d905574ae1d3b25195e43f558cc5039421f76a71703648b2ff4"",""document_id"":""techqa-doc:corpus/isg3T1022416.txt"",""filename"":""isg3T1022416.txt"",""rank"":4,""text"":""Title: IBM The extra leap second has no impact to job scheduling and execution, data loading and reporting, and administration of IBM Platform Computing products - United States Text: FLASH (ALERT) ABSTRACT The International Earth Rotation and Reference Systems (IERS) recently announced that an extra second will be injected into civil time at the end of June 30th, 2015. This means that the last minute of June 30th, 2015 will have 61 seconds. If a clock is synchronized to the standard civil time, it will show an extra second 23:59:60 on that day between 23:59:59 and 00:00:00. CONTENT The extra leap second has no impact to job scheduling and execution, data loading and reporting, and administration of IBM Platform Computing products. This is because both LSF and Symphony scheduling cycle and data loader collection intervals are all rounded to seconds, and product code properly handles display of this extra second in both GUI and CLI. There might be minor impact to display of Symphony tasks that are started and completed within the leap second, the task start time might be shown as later than end time. However""},{""char_end"":1034,""char_start"":0,""chunk_id"":""b064f5849136886a9fc1b1b7767f149d11e1d92fdf0515b29b0e28c553631261"",""document_id"":""techqa-doc:corpus/ssg1S1005265.txt"",""filename"":""ssg1S1005265.txt"",""rank"":5,""text"":""Title: IBM SONAS / Storwize V7000 Unified Machines might be affected by Leap Seconds - United States Text: TECHNOTE (TROUBLESHOOTING) PROBLEM(ABSTRACT) Leap seconds are a periodic one-second adjustment of Coordinated Universal Time(UTC) in order to keep a system's time of day close to the mean solar time. The next leap second insertion is scheduled for June 30th, 2015 at 23:59:60 UTC. SYMPTOM Certain applications might show clock related problems like incorrect event sorting or triggering. There may be high CPU utilization symptoms, as described in Red Hat article on this topic, seen on SONAS / Storwize V7000 Unified nodes for a short duration when the leap second occurs. Tests within IBM did not show any impact on the test systems. CAUSE LEAP seconds are defined as a 60th second, which is added after 23:59:59 UTC. Linux/Unix did not implement a 60th second and therefore the second 59 is executed twice. As processes do not expect a timestamp to occur twice unpredictable behavior might be encountered. Red Hat lists this""}]",phase03-sufficiency-annotation-v1,f2fe3f7f29b834d78fd7c79bf4d4a94faee43c658d89c48e386854123066802b,,,,
phase03-semantic-confirmation-blinded-v1,b596cc2346a1f38926b04c25fd448a7fc515a4a57f6ea45009a50a90dec2d5aa,37,TRAIN_Q411,validation,hybrid,1,"Support for Domino 9.0.1 with ICC?

Is Domino v9.0.1 and FP's supported for ICC?",answerable_with_reference,"Starting with IBM Content Collector 4.0.1 Fix Pack 6, IBM Lotus Domino/Notes 9.0.1 FP7,FP8 are supported

Starting with IBM Content Collector 4.0.1 Fix Pack 4, IBM Lotus Domino/Notes 9.0.1 FP6 is supported 

 Starting with IBM Content Collector 4.0.1 Fix Pack 2, IBM Lotus Domino/Notes 9.0.1 FP4, FP5, Mozilla Firefox 35 and Microsoft Edge are supported. IBM Content Collector supports the latest fix packs of the server and client software.","[{""char_end"":1043,""char_start"":0,""chunk_id"":""267ddad13d7c88212bc462c8794ecf251e08bcbe4a2615c90a548a4c8e144d44"",""document_id"":""techqa-doc:corpus/swg22016067.txt"",""filename"":""swg22016067.txt"",""rank"":1,""text"":""Title: IBM Resolving GSKit incompatibility between Domino and Spectrum Protect for Domino - United States Text: TECHNOTE (FAQ) QUESTION How can we resolve the incompatibility between Domino and Spectrum Protect for Domino? ANSWER Near term solution / circumvention To ensure that GSKit ICC libraries used by Domino and the Spectrum Protect client come from a single source and that the latest version of the ICC libraries is used, symbolic links can be used in the location of the older version of the library to point to the location where the newer version is installed. Because the ICC library version distributed by the Spectrum Protect API client 8.1.4.1 is newer than that distributed by any Domino 9.0.1 fix pack (including FP10) and because that level has the latest security patches, it is recommended that customers install the 8.1.4.1 (or later) Spectrum Protect client and create the links in the Domino install path as shown below. For 32bit Domino servers on Windows, use the 7.1.8.2 Spectrum Protect API client (because there is""}]",phase03-sufficiency-annotation-v1,f2fe3f7f29b834d78fd7c79bf4d4a94faee43c658d89c48e386854123066802b,,,,
phase03-semantic-confirmation-blinded-v1,da3cf42f4534ed03bef966ec73a7d4f21a91e3ea552c970e367bffaebd12e02b,38,TRAIN_Q248,train,bm25,3,"MessageSet Project cannot be referenced in multiple Applications



The same MessageSet Project cannot be referenced in multiple Applications or Libraries in WMB V8.

Is there any specific reason for having this restriction ?

Thanks.",answerable_with_reference,"If a customer has more than one application or library in their workspace which requires a Java, PHP, or Message Set projects having the same name, an error message similar to the following will appear:
   The project < Project Name > can not be a member of multiple applications or libraries....","[{""char_end"":1417,""char_start"":510,""chunk_id"":""f22f8b71ea25b1e5d0787c3df9b662dc8c28b97f7a8a63e135e896825fd94f10"",""document_id"":""techqa-doc:corpus/swg1IT07784.txt"",""filename"":""swg1IT07784.txt"",""rank"":1,""text"":""APAR STATUS * CLOSED AS PROGRAM ERROR. ERROR DESCRIPTION * When an ESQL module references a Java class, and the Java project containing the Java class is not referenced by the library or application containing the ESQL, a JAR file for the Java project is incorrectly added to the BAR file containing the library or application. The JAR file should not be added to the BAR file as the Java project is not referenced from the library or application. LOCAL FIX * Remove or close the unwanted project in the workspace to avoid it being pulled into the BAR. PROBLEM SUMMARY * **************************************************************** USERS AFFECTED: All users of IBM Integration Toolkit who have Java projects in their workspace that are not referenced by libraries or applications, but contain Java classes that are referenced from ESQL modules in the libraries or applications. Platforms affected: Multi""},{""char_end"":1723,""char_start"":1122,""chunk_id"":""bc892ae243c00bd1ab9f347e8361a5f36a494e61edc77e8ca99cba2821ab8703"",""document_id"":""techqa-doc:corpus/swg1IC92219.txt"",""filename"":""swg1IC92219.txt"",""rank"":2,""text"":""appear in the problems view of the toolkit: \""The project 'MyJavaProject' cannot be a member of multiple applications or libraries. The project is currently a member of the following applications or libraries: MyApplication, MyLibrary\"" LOCAL FIX PROBLEM SUMMARY * **************************************************************** USERS AFFECTED: All users of WebSphere Message Broker Toolkit V8.0 who reference connector projects and libraries from applications, and Java projects from libraries. Platforms affected: MultiPlatform **************************************************************** PROBLEM""},{""char_end"":2028,""char_start"":1146,""chunk_id"":""03bf6af7f04c5de90dca06adf7f16a8a4e53db7df7d83a7c057bb27798bd2caf"",""document_id"":""techqa-doc:corpus/swg1IT07784.txt"",""filename"":""swg1IT07784.txt"",""rank"":3,""text"":""USERS AFFECTED: All users of IBM Integration Toolkit who have Java projects in their workspace that are not referenced by libraries or applications, but contain Java classes that are referenced from ESQL modules in the libraries or applications. Platforms affected: MultiPlatform **************************************************************** PROBLEM DESCRIPTION: When an ESQL module references a Java class, and the Java project containing the Java class is not referenced by the library or application containing the ESQL, a JAR file for the Java project is incorrectly added to the BAR file containing the library or application. The JAR file should not be added to the BAR file as the Java project is not referenced from the library or application. PROBLEM CONCLUSION * The product has been updated to avoid adding unreferenced Java projects to BAR files as JAR files. -------""}]",phase03-sufficiency-annotation-v1,f2fe3f7f29b834d78fd7c79bf4d4a94faee43c658d89c48e386854123066802b,,,,
phase03-semantic-confirmation-blinded-v1,0e71816d098557059c6f66e4f2ebeb2a387439c35c0202879eacaf525721c0a7,39,TRAIN_Q379,train,bm25,3,"Why the tick boxes in 'Subscibed Events' table remain ticked after saving the page

When editing a widget and try to unsubscribe the event subscription for 'dataRefresh' events, the checkbox/tick for ""dataRferesh"" is still selected, even after saving the page. ",answerable_with_reference,This has been identified as a product defect under APAR IV83442,"[{""char_end"":905,""char_start"":0,""chunk_id"":""cc4e036a525bf550a594d138b096634896b29b5bf472703bc1c1da606e32554d"",""document_id"":""techqa-doc:corpus/swg21984540.txt"",""filename"":""swg21984540.txt"",""rank"":1,""text"":""Title: IBM Can't disable DASH TimeSet and dataRefresh in Events configuration - United States Text: DASHL2; timeSet; dataRefresh; Events; WIdgets.; Pages TECHNOTE (TROUBLESHOOTING) PROBLEM(ABSTRACT) Any Widget added to a Page after the initial \""Save\"" or \""Save and Exit\"" will not retain the Events settings when trying to disable the TimeSet and dataRefresh Events in the Edit -> Events pull down configuration window. SYMPTOM TimeSet and dataRefresh Events can't be disabled after any \""Save\"" for previous added Widgets on a Page. CAUSE This has been identified as a product defect under APAR IV83442 ENVIRONMENT Any DASH version, this was a problem since DASH 3.1.0 DIAGNOSING THE PROBLEM Create a Page in DASH, add Widgets then save and exit. Access the Page again, edit the page to add another Widget, Edit the Events in the new Widget then unselect the TimeSet and dataRefresh options. Save the changes""},{""char_end"":1691,""char_start"":807,""chunk_id"":""38ba3b3bfe10b44db26e51a74874f6022b82c1ea63db2c65600cc8d25fbb1b4b"",""document_id"":""techqa-doc:corpus/swg21399056.txt"",""filename"":""swg21399056.txt"",""rank"":2,""text"":""two event tables. The following sections describe each approach in detail. Approach 1: Saving processed events in the original event table. This approach uses two tables. Create the tables ' wbia_jdbc_eventstore_archive' and 'wbia_jdbc_eventstore'. The table \""wbia_jdbc_eventstore_archive\"" is a user-defined event table and which stores all events (both processed events and events to be processed). An event in the table with the status \""0\"" indicates that it is a new event and it has to be processed. After the event is processed, its status is set to \""1\"". As all processed events still remain in the table, the table \""wbia_jdbc_eventstore_archive\"" behaves like an archive table. The table \""wbia_jdbc_eventstore\"" is a built-in and mandatory table for WebSphere Adapter for JDBC. Note: A trigger must insert events only into the \""wbia_jdbc_eventstore_archive\"" table. Thus, JDBC adapt""},{""char_end"":1434,""char_start"":710,""chunk_id"":""306e82946b3872740e340939ec5242f7a8dea25be9a602d386ecfbd3fa9d74d4"",""document_id"":""techqa-doc:corpus/swg21984540.txt"",""filename"":""swg21984540.txt"",""rank"":3,""text"":"", add Widgets then save and exit. Access the Page again, edit the page to add another Widget, Edit the Events in the new Widget then unselect the TimeSet and dataRefresh options. Save the changes. Edit the new Page: [/support/docview.wss?uid=swg21984540&amp;aid=1] Unselect the TimeSet and dataRefresh options. [/support/docview.wss?uid=swg21984540&amp;aid=2] After a \""save\"" or \""save and exit\"" you will see that they are enabled again. [/support/docview.wss?uid=swg21984540&amp;aid=3] RESOLVING THE PROBLEM Currently, the only workaround is to Place and configure the Events for all widgets wanted on the page before doing first \""Save\"" or \""Save and Exit\"". All widgets will retain values for subscribed events such as 'dataRe""}]",phase03-sufficiency-annotation-v1,f2fe3f7f29b834d78fd7c79bf4d4a94faee43c658d89c48e386854123066802b,,,,
phase03-semantic-confirmation-blinded-v1,f16ec27e84d0d167b1ed7b728867c54b0680d27462bc8325d291be921b7c7290,40,TRAIN_Q163,train,dense,10,"Whether IBM Case Manager is using Apache Struts?

Whether IBM Case Manager is using Apache Struts?",answerable_with_reference,IBM Content Navigator is not vulnerable to the Apache Struts 2.x Vulnerability.,"[{""char_end"":672,""char_start"":0,""chunk_id"":""625037f7be94fe89e563a141ebe4bdbea19f175138c2e253bc2cb196c35ce2de"",""document_id"":""techqa-doc:corpus/swg22000583.txt"",""filename"":""swg22000583.txt"",""rank"":1,""text"":""Title: IBM Case Manager is not affected by the Apache Struts 2.x Vulnerability (CVE-2017-5638) - United States Text: FLASH (ALERT) ABSTRACT IBM Case Manager is not vulnerable to the Apache Struts 2.x Vulnerability. CONTENT IBM Case Manager in all editions and all platforms is NOT vulnerable to Apache Struts 2.x Vulnerability (CVE-2017-5638). NOTE: You should check your applications to determine if they are using the vulnerable Apache Struts APIs and update your Apache Struts 2 accordingly. Refer to https://cwiki.apache.org/confluence/display/WW/S2-045 [https://cwiki.apache.org/confluence/display/WW/S2-045] Change History: March 20, 2017: original version published""},{""char_end"":2008,""char_start"":1305,""chunk_id"":""b09cbe70575a16b23182e6415672ee1af3eae3afed11c426b930209e44664895"",""document_id"":""techqa-doc:corpus/isg3T1025776.txt"",""filename"":""isg3T1025776.txt"",""rank"":2,""text"":""0 and 4.2.1 Spectrum Cluster Foundation 4.2.2 REMEDIATION/FIXES IBM recommends that you review your entire environment to identify vulnerable releases of the Open Source Apache Struts Vulnerabilities Collections and take appropriate mitigation and remediation actions. Platform Cluster Manager 4.2.1 & Platform HPC 4.2.1 & Spectrum Cluster Foundation 4.2.2 1. Download the struts-2.3.34-lib.zip package from the following location: http://archive.apache.org/dist/struts/2.3.34/ [http://archive.apache.org/dist/struts/2.3.34/] 2. Copy the struts-2.3.34-lib.zip package to the management node. 3. Extract the struts-2.3.34-lib.zip package on the management node. # mkdir -p /root/backup # mv /opt/pcm/web-""},{""char_end"":3947,""char_start"":3136,""chunk_id"":""ea11381403a13e410d4d10c1f4a3c6b00e737b139576a037856c08e1c96ac1b0"",""document_id"":""techqa-doc:corpus/swg21667254.txt"",""filename"":""swg21667254.txt"",""rank"":3,""text"":"": Apache Struts Web site [http://struts.apache.org/]. (struts.apache.org) If this mitigation will not work for you, please contact IBM Support. Please note: IBM does not plan on shipping any fix for Struts 1.x as the fix is only available at the current levels of Apache Struts which can only be obtained from the Apache Struts website. Important! IBM is planning on removing and no longer shipping all 4 versions of Struts Version 1.x from the optional Libraries starting in WebSphere Application Server 7.0.0.37, 8.0.0.11, and 8.5.5.4. If you have copied the optional Struts packages to your shared library for your applications to use, you will need to take the following actions prior to moving to 7.0.0.37, 8.0.0.11, or 8.5.5.4. - Upgrade your applications to use a current level of Struts - Include a copy""},{""char_end"":870,""char_start"":0,""chunk_id"":""08dffd5a4477645e8f68e06ab5f5c14334450f40e3bf536d5867462f662fd0ec"",""document_id"":""techqa-doc:corpus/isg3T1020894.txt"",""filename"":""isg3T1020894.txt"",""rank"":4,""text"":""Title: IBM Security Bulletin: IBM Platform Cluster Manager (CVE-2014-0094, CVE-2014-0112, CVE-2014-0113, CVE-2014-0116) - United States Text: SECURITY BULLETIN SUMMARY Several security vulnerabilities have been reported against Apache Struts 2 through May 2014. IBM Platform Cluster Manager’s GUI uses Struts 2 as a framework for Java web applications. A version of the package that is vulnerable to these issues is included in several past versions of IBM Platform Cluster Manager. The latest versions of Struts 2 address all the vulnerabilities and can be applied through the fix detailed in the Remediation section. VULNERABILITY DETAILS CVEID: CVE-2014-0094 [http://cve.mitre.org/cgi-bin/cvename.cgi?name=CVE-2014-0094] DESCRIPTION: Apache Struts could allow a remote attacker to bypass security restrictions, caused by an error in ParametersInterceptor. An attacker""},{""char_end"":886,""char_start"":0,""chunk_id"":""4e8e3df64842a5936d5a3c6a996e78e40d464f29cef8775712b1298d0eefe4fb"",""document_id"":""techqa-doc:corpus/swg21990834.txt"",""filename"":""swg21990834.txt"",""rank"":5,""text"":""Title: IBM Security Bulletin: Security vulnerabilities in Apache Struts might affect IBM Business Process Manager and WebSphere Lombardi Edition (CVE-2016-1181, CVE-2016-1182, CVE-2015-0899) - United States Text: SECURITY BULLETIN SUMMARY Multiple security vulnerabilities have been reported for Apache Struts that is used by IBM Business Process Manager and WebSphere Lombardi Edition. VULNERABILITY DETAILS CVEID:CVE-2016-1181 [http://cve.mitre.org/cgi-bin/cvename.cgi?name=CVE-2016-1181] DESCRIPTION:Apache Struts could allow a remote attacker to execute arbitrary code on the system, caused by the failure to protect against unintended remote operations against components on server memory by the ActionForm instance. An attacker could exploit this vulnerability to execute arbitrary code on the system. CVSS Base Score: 8.1 CVSS Temporal Score: Seehttps://exchange.xforce.ibmcloud.""},{""char_end"":837,""char_start"":0,""chunk_id"":""6864a328a44324f2b5cf310f2b35ec575f508033598fe3ada27a21a2c4bb7488"",""document_id"":""techqa-doc:corpus/ssg1S1004859.txt"",""filename"":""ssg1S1004859.txt"",""rank"":6,""text"":""Title: IBM Security Bulletin: The IBM FlashSystem V840 product model numbers AC0 and AC1 nodes are affected by vulnerabilities in Apache’s Struts library - United States Text: Security CVE-2014-0112; CVE-2014-0094; & CVE-2014-0050 SECURITY BULLETIN SUMMARY Security vulnerabilities have been discovered in Apache’s Struts library VULNERABILITY DETAILS CVE-ID: CVE-2014-0112, CVE-2014-0094, & CVE-2014-0050 DESCRIPTION: FlashSystem V840 model number -AC0, and –AC1 nodes use the Apache Struts library. Struts is used only by the Service Assist GUI. CVE-2014-0112 (Apache Struts ParametersInterceptor code execution) Apache Struts could allow a remote attacker to execute arbitrary code on the system, caused by an incomplete fix related to ParametersInterceptor and the failure to restrict access to the class parameter. An attacker could""},{""char_end"":4528,""char_start"":3651,""chunk_id"":""b2173bb58693080353ab8b35b42b672bf80dbc0fba71685a0c3409010b1a4428"",""document_id"":""techqa-doc:corpus/swg2C1000269.txt"",""filename"":""swg2C1000269.txt"",""rank"":7,""text"":""Business Process Manager 8.5.7. * * * * * * * http://www-01.ibm.com/support/docview.wss?uid=swg27045667 * * * Security Bulletin: Security vulnerabilities in Apache Struts might affect IBM Business Process Manager and WebSphere Lombardi Edition (CVE-2016-1181, CVE-2016-1182, CVE-2015-0899) * * * * * * Security Bulletin: Security vulnerabilities in Apache Struts might affect IBM Business Process Manager and WebSphere Lombardi Edition (CVE-2016-1181, CVE-2016-1182, CVE-2015-0899) * . Refer to the following security bulletin for vulnerability details and information about fixes addressed by WebSphere Application Server, IBM Business Process Manager, and Tivoli System Automation Application Manager, which are shipped with IBM Cloud Orchestrator. Principal Product and Version(s) * Affected Supporting Product and Version * Affected Supporting Product Security Bulletin * *""},{""char_end"":4302,""char_start"":3439,""chunk_id"":""a9e3324fe774c05e383f6d43b4e7a3867218e445e19445b3188c3b3344725906"",""document_id"":""techqa-doc:corpus/swg21990834.txt"",""filename"":""swg21990834.txt"",""rank"":8,""text"":""WebSphere&product=ibm/WebSphere/IBM+Business+Process+Manager+Express&release=All&platform=All&function=aparId&apars=JR56285] As WebSphere Lombardi Edition and IBM Business Process Manager V7.5 are out of general support, customers with a support extension contract can contact IBM support to request the fix for download. IBM Business Process Manager and WebSphere Lombardi Edition build upon IBM WebSphere Application Server that also uses Apache Struts. Refer to the Security Bulletin: Vulnerabilities in Apache Struts affects IBM WebSphere Application Server (CVE-2016-1181 and CVE-2016-1182) [http://www-01.ibm.com/support/docview.wss?uid=swg21985995] for details on fixes for WebSphere Application Server. IBM Business Process Manager V8.5.7.0 cumulative fix 2016.09 includes IBM WebSphere Application Server V8.5.5.10, thus does not require additional fixes""},{""char_end"":902,""char_start"":0,""chunk_id"":""63e5fbfcb8940df5c7aa241a7bf694fec62264e57854e6bbe6707691f21a0ece"",""document_id"":""techqa-doc:corpus/swg22000122.txt"",""filename"":""swg22000122.txt"",""rank"":9,""text"":""Title: IBM WebSphere Application Server is not vulnerable to CVE-2017-5638 - United States Text: FLASH (ALERT) ABSTRACT IBM WebSphere Application Server is not vulnerable to the Apache Struts 2 vulnerability CVE-2017-5638 CONTENT IBM WebSphere Application Server in all editions and all platforms is NOT vulnerable to the Apache Struts 2 vulnerability (CVE-2017-5638). The IBM HTTP Server is also not affected. NOTE: You should check your applications to determine if they are using the vulnerable Apache Struts APIs and update your Apache Struts 2 accordingly. Refer to https://cwiki.apache.org/confluence/display/WW/S2-045 [https://cwiki.apache.org/confluence/display/WW/S2-045] RELATED INFORMATION A Japanese translation is available [http://www.ibm.com/support/docview.wss?uid=swg22000207] Cross reference information Segment Product Component Platform Version Edition Application Servers WebSphere""},{""char_end"":3703,""char_start"":2884,""chunk_id"":""c3995f1629e6e7a749d879011daec31238979ca66296a5a2fa4bc026be8734e7"",""document_id"":""techqa-doc:corpus/swg21672316.txt"",""filename"":""swg21672316.txt"",""rank"":10,""text"":""guide.html] If this mitigation will not work for you, please contact IBM Support. Please note: IBM does not plan on shipping any fix for Struts 1.x as the fix is only available at the current levels of Apache Struts which can only be obtained from the Apache Struts website. Important! IBM is planning on removing and no longer shipping all 4 versions of Struts Version 1.x from the optional Libraries starting in WebSphere Application Server 7.0.0.43, 8.0.0.13, 8.5.5.11 and 9.0.0.1. If you have copied the optional Struts packages to your shared library for your applications to use, you will need to take the following actions prior to moving to 7.0.0.43, 8.0.0.13, 8.5.5.11 or 9.0.0.1. - Upgrade your applications to use a current level of Struts - Include a copy of the Struts 1.x package from Apache that contains""}]",phase03-sufficiency-annotation-v1,f2fe3f7f29b834d78fd7c79bf4d4a94faee43c658d89c48e386854123066802b,,,,
phase03-semantic-confirmation-blinded-v1,0760b4f1cdc0fa8c054d0e9770d8103fa6cb89e2e9eb18c930e658711d35b2fc,41,TRAIN_Q263,train,bm25,1,"Where can I get ITM 6.3.0 Fixpack 6 ?  Is it available now ?

Where can I get ITM 6.3.0 Fixpack 6 ? Is it available now ?",answerable_with_reference,6.3.0-TIV-ITM-FP0006 11 Dec 2015 English 999999999 FC [http://www.ibm.com/support/fixcentral/swg/quickorder?parent=ibm%7ETivoli&product=ibm/Tivoli/IBM+Tivoli+Monitoring&release=All&platform=All&function=fixId&fixids=6.3.0-TIV-ITM-FP0006&source=fc],"[{""char_end"":730,""char_start"":0,""chunk_id"":""b1966f56c6e87d25cea2946b15a14016ad13f60fadb2b360483af6decbf128b5"",""document_id"":""techqa-doc:corpus/swg1IV77439.txt"",""filename"":""swg1IV77439.txt"",""rank"":1,""text"":""Title: IBM IV77439: INSTALL.SH TRUNCATES CHARACTERS FROM ITM INSTALLATION DIRECTORY NAME - United States Text: A FIX IS AVAILABLE IBM Tivoli Monitoring 6.3.0 Fix Pack 6 (6.3.0-TIV-ITM-FP0006) [http://www-01.ibm.com/support/docview.wss?uid=swg24040390] SUBSCRIBE You can track all active APARs for this component. APAR STATUS * CLOSED AS PROGRAM ERROR. ERROR DESCRIPTION * If the name of the ITM installation directory name (CANDLEHOME) ends with 'n' or 't', those characters are truncated from the directory name. Here's an example where \""/opt/itmagent\"" is truncated to \""/opt/itmage\"": # ./install.sh INSTALL Enter the name of the IBM Tivoli Monitoring installation directory. [ default = /opt/IBM/ITM ]: /opt/itmagent \""/opt/itmage""}]",phase03-sufficiency-annotation-v1,f2fe3f7f29b834d78fd7c79bf4d4a94faee43c658d89c48e386854123066802b,,,,
phase03-semantic-confirmation-blinded-v1,1a0cd9c54b4ee6558a1bbcad1509332b4ec31f29c0d6004ad542c91a8fca3215,42,TRAIN_Q063,validation,dense,5,"How to get the ODM 8.5.1.2 fixpack of ODM 8.5.1.1?

ODM 8.5.1.2 fixpack is not listed in Fix Central when installed platform ODM 8.5.1.1 is used: http://www-933.ibm.com/support/fixcentral/swg/selectFixes?parent=ibm~WebSphere&product=ibm/WebSphere/WebSphere+Operational+Decision+Management&release=8.5.1.1&platform=All&function=all",answerable_with_reference,This cumulative fix pack updates Operational Decision Manager V8.5.1 and V8.5.1.1 to V8.5.1.2.,"[{""char_end"":5244,""char_start"":4646,""chunk_id"":""f60b1f17a38a897dc9f447c6d35d942b8381de319206bcd6c8e4d042272b288e"",""document_id"":""techqa-doc:corpus/swg24037227.txt"",""filename"":""swg24037227.txt"",""rank"":1,""text"":""downloadFixes?parent=ibm~WebSphere&product=ibm/WebSphere/WebSphere+Operational+Decision+Management&release=8.0.1.0&platform=Linux+zSeries&function=fixId&fixids=8.0.1-WS-ODM_DC-ZOS-FP002&includeRequisites=1∈] Language Independent 4000000000 ODM Decision Center 8.0.1.2 Windows [http://www-933.ibm.com/support/fixcentral/swg/downloadFixes?parent=ibm~WebSphere&product=ibm/WebSphere/WebSphere+Operational+Decision+Management&release=8.0.1.0&platform=Windows&function=fixId&fixids=8.0.1-WS-ODM_DC-WIN32-FP002&includeRequisites=1&includ] Language Independent 4000000000 ODM Decision Server 8.0.1.2 Linux""},{""char_end"":5339,""char_start"":4741,""chunk_id"":""328989fef711c9a252908a3cb2aa933fb16ffd19fa37d787898337c3915b0864"",""document_id"":""techqa-doc:corpus/swg24041821.txt"",""filename"":""swg24041821.txt"",""rank"":2,""text"":""] DD ODM 8.5.1.0 OS/400 8 Mar 2016 Language Independent 4000000000 FC [http://www.ibm.com/support/fixcentral/swg/quickorder?parent=ibm~WebSphere&product=ibm/WebSphere/WebSphere+Operational+Decision+Management&release=8.5.1.0&platform=OS/400&function=textSearch&text=fix+pack+V8.5.1.3] [ ] DD ODM 8.5.1.0 Solaris 32-bit SPARC 8 Mar 2016 Language Independent 4000000000 FC [http://www.ibm.com/support/fixcentral/swg/quickorder?parent=ibm~WebSphere&product=ibm/WebSphere/WebSphere+Operational+Decision+Management&release=8.5.1.0&platform=Solaris+32-bit,SPARC&function=textSearch&text=fix+pack+V8.5.1.3""},{""char_end"":4043,""char_start"":3457,""chunk_id"":""1ac8b22cf7ccf484db39ef8a7534d51e2ca2374644fa55cc5e73bdbff5d4dfaa"",""document_id"":""techqa-doc:corpus/swg24039916.txt"",""filename"":""swg24039916.txt"",""rank"":3,""text"":""] ODM 8.8.1.1 AIX 23 Sep 2016 Language Independent 400000000 FC [https://www-945.ibm.com/support/fixcentral/swg/selectFixes?parent=ibm~WebSphere&product=ibm/WebSphere/WebSphere+Operational+Decision+Management&release=8.8.1.0&platform=AIX&function=textSearch&text=fix+pack+8.8.1.1] [ ] DD ODM 8.8.1.1 HPUX 23 Sep 2016 Language Independent 4000000000 FC [https://www-945.ibm.com/support/fixcentral/swg/selectFixes?parent=ibm~WebSphere&product=ibm/WebSphere/WebSphere+Operational+Decision+Management&release=8.8.1.0&platform=HPUX&function=textSearch&text=fix+pack+8.8.1.1] [ ] DD ODM 8.8.1""},{""char_end"":2748,""char_start"":1864,""chunk_id"":""9a3b85d3829787c447f2d1e21ecb9cc5852c4c1a10ac9bbfcfaf82f3c0317ae6"",""document_id"":""techqa-doc:corpus/swg24043671.txt"",""filename"":""swg24043671.txt"",""rank"":4,""text"":""your installation. 7. Follow the instructions in the installation manager to complete the installation. Installing with the Installation Manager command line: 1. Locate the imcl command under <IM installation>/eclipse/tools. 2. Run the commandimcl updateAll -repositories WDC/updates, DSR/updates, DSE/updates -acceptLicense . * Use the option -installDirectory <install path of ODM 8.9.0> to update a specific installation. * If you update only one component, specify the repository accordingly. Applying the fix pack After you install the fix pack, you might have to do additional steps to apply the fix pack in your environment. To complete the update, see When and how to apply a modification or fix pack [http://www-01.ibm.com/support/docview.wss?uid=swg21665766]. HOW CRITICAL IS THIS FIX? Fix List for IBM Operational Decision Manager [http://www.ibm.com/support/docview.wss?ui""},{""char_end"":2753,""char_start"":1864,""chunk_id"":""2bcf5c4ea47058fca59692af66a380714ba1901c12bbcb6f4546caded8e5fde7"",""document_id"":""techqa-doc:corpus/swg24043852.txt"",""filename"":""swg24043852.txt"",""rank"":5,""text"":""your installation. 7. Follow the instructions in the installation manager to complete the installation. Installing with the Installation Manager command line: 1. Locate the imcl command under <IM installation>/eclipse/tools. 2. Run the commandimcl updateAll -repositories WDC/updates, DSR/updates, DSE/updates -acceptLicense . * Use the option -installationDirectory <install path of ODM 8.9.0> to update a specific installation. * If you update only one component, specify the repository accordingly. Applying the fix pack After you install the fix pack, you might have to do additional steps to apply the fix pack in your environment. To complete the update, see When and how to apply a modification or fix pack [http://www-01.ibm.com/support/docview.wss?uid=swg21665766]. HOW CRITICAL IS THIS FIX? Fix List for IBM Operational Decision Manager [http://www.ibm.com/support/docview.wss?ui""}]",phase03-sufficiency-annotation-v1,f2fe3f7f29b834d78fd7c79bf4d4a94faee43c658d89c48e386854123066802b,,,,
phase03-semantic-confirmation-blinded-v1,dd342030efa5d7df85842a64933fc163bfe0a68f92c46e6c0886ea2ffbab359c,43,TRAIN_Q237,validation,dense,3,"What is the best practice for working with BPM support

When working with the BPM product set there are a lot of configuration files, logs and applications which can be exported for analysis by the support team. What are the best practices for working with the BPM support team? ",answerable_with_reference,Collect the following troubleshooting data if you need help from IBM Business Process Manager Support to resolve the problem.,"[{""char_end"":1089,""char_start"":0,""chunk_id"":""9d72e3f5177ba7de08cdd0fca41a4cac22a18949d56e140fb5d2fc96a0ac3263"",""document_id"":""techqa-doc:corpus/swg21611598.txt"",""filename"":""swg21611598.txt"",""rank"":1,""text"":""Title: IBM Collect troubleshooting data for IBM Process Designer problems in IBM Business Process Manager (BPM) - United States Text: TECHNOTE (TROUBLESHOOTING) PROBLEM(ABSTRACT) You are having a problem with the IBM Process Designer tool, which is part of the IBM Business Process Manager products. You would like to know what documentation you must collect (MustGather) so that the IBM Business Process Manager Support team can diagnose your problem. If you gather this documentation before contacting support, it will expedite the troubleshooting process and save you time. DIAGNOSING THE PROBLEM Application design questions are beyond the scope of the support team. For those questions, we recommend the following options: * Post your question to dW Answers [https://developer.ibm.com/answers/questions/index.html] using \""bpm\"" as one of the question tags. * Get help from Professional Services or our Expert Access Services staff (formerly On Demand Consulting (ODC)). If you need assistance engaging Professional Services or our Expert Access Services staff, contact your IBM account""},{""char_end"":2134,""char_start"":1026,""chunk_id"":""ca4fe1569c95eac0a982e8553a2cb31769178fcfe6b401d2dd0ddf0164d7cb01"",""document_id"":""techqa-doc:corpus/swg27050103.txt"",""filename"":""swg27050103.txt"",""rank"":2,""text"":""doc/topics/cbpm_manclo_whatsnew.html]. IBM BPM * Benefit from a single edition of IBM BPM * Use Java 8 on WebSphere® Application Server * Use the latest technology to create content management user interfaces * Determine artifact usage across toolkits * Build a custom deployment service flow * Convert your coach-based UIs to use the state-of-the-art coach views from the BPM UI toolkit * Author and edit user attribute definitions in the web Process Designer * Author and edit exposed process values (EPVs) in the web Process Designer * Author and edit governance processes in the web Process Designer * Call Advanced Integration Services from a process or service flow in the web Process Designer * Easily identify possible problems by using new metrics with IBM Cloud Product Insights * Integrate with external services by using IBM App Connect * Capture IBM BPM events for external use * Claim tasks that were implemented by using an external user interface * Experience improved performance in Process Portal when you have access to a large number of saved searches * Configure custom JDBC driver paths""},{""char_end"":1173,""char_start"":0,""chunk_id"":""5bbebfd5230443f84594862921089de075fa3b9f1d841e3615eacadf923c1621"",""document_id"":""techqa-doc:corpus/swg21642204.txt"",""filename"":""swg21642204.txt"",""rank"":3,""text"":""Title: IBM Collect troubleshooting data for IBM Business Process Manager Advanced Pattern - United States Text: BPM; Pattern; Mustgather; Instance TECHNOTE (TROUBLESHOOTING) PROBLEM(ABSTRACT) You are having a problem with the IBM Business Process Manager (BPM) Advanced Pattern. You would like to know what information you must collect (MustGather) so that the IBM Business Process Manager Pattern Support team can diagnose your problem. If you gather this documentation before contacting support, it will expedite the troubleshooting process and save you time. CAUSE Collecting data helps the IBM Business Process Manager Pattern Support Team: * Determine if the symptoms match known problems * Identify a non-defect problem * Find a work around to reduce severity * Locate the root cause ENVIRONMENT There are a number of different possible scenarios for which you might need to collect documentation for your IBM Business Process Manager Pattern issue. For example, the data might be needed for issues deploying a pattern, applying maintenance, developing or running applications, and so on. DIAGNOSING THE PROBLEM Provide a detailed problem description: * What symptoms""}]",phase03-sufficiency-annotation-v1,f2fe3f7f29b834d78fd7c79bf4d4a94faee43c658d89c48e386854123066802b,,,,
phase03-semantic-confirmation-blinded-v1,fd3173c5197ee8439f16e168cc5737d03a024a51de0fbf7bfdf4a6cc1915c3ed,44,TRAIN_Q440,train,bm25,10,"SCM check analyses showing as not reported in the SCA user interface


SCM check analyses showing as <not reported> the SCA user interface.

Check analyses in the SCA interface are showing as in the SCA user interface where at one point they were activated and returning data. Now they are not activated and not returning data.

How do I solve this issue?",answerable_with_reference,"To resolve the issue, have an active operator reactivate the check analyses and then run a new import in SCA. As a best practice, it is recommended that you have an operator account dedicated to activating the SCM check analyses in your deployment. This account should never be deleted.","[{""char_end"":1053,""char_start"":0,""chunk_id"":""d8af217c9be469ba21ddec2feb06ecd83cb45c31ce4809942fcc1c1bf850cee5"",""document_id"":""techqa-doc:corpus/swg21983904.txt"",""filename"":""swg21983904.txt"",""rank"":1,""text"":""Title: IBM SCM check analyses are showing as <not activated> the SCA user interface - United States Text: TECHNOTE (TROUBLESHOOTING) PROBLEM(ABSTRACT) The reason why your check analyses are no longer showing activated and returning data in the SCA user interface. SYMPTOM Check analyses in the SCA interface are showing as <not activated> in the SCA user interface where at one point they were activated and returning data. Now they are not activated and not returning data. CAUSE The operator who activated the analysis has been deleted. The audit trail cleaner tool was run and it removed the operator and de-activated the analysis. RESOLVING THE PROBLEM To resolve the issue, have an active operator reactivate the check analyses and then run a new import in SCA. As a best practice, it is recommended that you have an operator account dedicated to activating the SCM check analyses in your deployment. This account should never be deleted. Cross reference information Segment Product Component Platform Version Edition Security IBM BigFix Compliance""},{""char_end"":877,""char_start"":0,""chunk_id"":""636ba6bfde5b53b2a2962edd30aa04c6265dd46ca3d8991d9cefdeb2f888860d"",""document_id"":""techqa-doc:corpus/swg21982748.txt"",""filename"":""swg21982748.txt"",""rank"":2,""text"":""Title: IBM Data sources are not showing up under Data servers - United States Text: data source; data servers; allow web-based modeling TECHNOTE (TROUBLESHOOTING) PROBLEM(ABSTRACT) Data sources are not showing up under the Data servers section in Manage content. CAUSE Data sources created in the legacy Cognos Administration interface do not have the \""Allow web-based modeling\"" option selected. DIAGNOSING THE PROBLEM Check the connection tab in the properties for the data source connection in the legacy Cognos Administration interface to see if the \""Allow web-based modeling\"" option has been selected. RESOLVING THE PROBLEM Check the box for \""Allow web-based modeling\"" on the Connection tab under properties for the data source connection in the legacy Cognos Administration interface. Once this is done the data source should appear in the Cognos Analytics user interface.""},{""char_end"":929,""char_start"":0,""chunk_id"":""3efe76c328af3910bd48c7f57b87881f166ee2a953baa0c6b494d3ac19a186c7"",""document_id"":""techqa-doc:corpus/swg1IV51032.txt"",""filename"":""swg1IV51032.txt"",""rank"":3,""text"":""Title: IBM IV51032: A SITE WITHOUT (USUED TO HAVE) SCM CHECK SHOWN IN TEMA SCA - United States Text: SUBSCRIBE You can track all active APARs for this component. APAR STATUS * CLOSED AS FIXED IF NEXT. ERROR DESCRIPTION * Description: when an existing site (custom) has a SCM check and letter removed from the site. TEMA SCM will still shown the checklist with 0 check. steps: 1. create a custom site 2. add a SCM Check 3. run ETL 4. remove the only SCM check 5. run ETL expect: the Checklist will not be appear on the TEMA SCA actual: the checklist will be appear on the TEMA SCA with 0 check LOCAL FIX * The workaround is to remove the offending custom site and readded back to TEM console. PROBLEM SUMMARY * This issue will be addressed in the next release of IBM Endpoint Manager Security Configuration Analytics. PROBLEM CONCLUSION TEMPORARY FIX COMMENTS APAR INFORMATION * APAR NUMBER IV51032 * REPORTED COMPONENT NAME TV EP""},{""char_end"":1864,""char_start"":807,""chunk_id"":""856dfc3519bd01c6414407165d8d2d8aeb11b3b6b35df8eacb5577162267fd8c"",""document_id"":""techqa-doc:corpus/swg1IV65031.txt"",""filename"":""swg1IV65031.txt"",""rank"":4,""text"":""current accesses on the user and also showing accesses that were removed from the user in the past. The removed access are showing as pending access requests, but they are not pending and completed already in ISIM. Steps to Duplicate: In ISIM define some accesses on some service group or roles. Then request one or more of the accesses for some user in ISIM. The later delete/remove the access from user in ISIM. In the ISC interface display the View Access page for the user and see entries for the past removed/deleted accesses that show like pending access requests. Desired Behavior: The ISC interface on the View Access page should accurately show the current accesses on the user in ISIM. Previously removed/deleted accesses from user should not show as pending access requests. Environment: ISIM 6.0 FP3 LOCAL FIX PROBLEM SUMMARY * Customer's affected: Users viewing the access p age in Identity Service Center (ISC) interface showing unexpecte d results. PROBLEM CONCLUSION * The fix for this APAR is contained in the following maintenance delivery""},{""char_end"":1585,""char_start"":996,""chunk_id"":""06d45902a3712cba483f5967aefcaea94630ced076d43dd7c902aa2bd8582320"",""document_id"":""techqa-doc:corpus/swg1JR26339.txt"",""filename"":""swg1JR26339.txt"",""rank"":5,""text"":""****************************************** * RECOMMENDATION: * **************************************************************** The source sca component and the target sca component can exist in different SCA module and they are connected by import and export. The source sca component and the target sca component can also exist in the same SCA module. The ClassCastException happening when returning the fault to the source component. java.lang.ClassCastException: com/ibm/websphere/sca/ ServiceBusinessException incompatible with org/eclipse/emf/ecore/EObject at com.ibm.ws.sca.internal""},{""char_end"":1144,""char_start"":0,""chunk_id"":""e0d25642bd0840160270e54f7921cf0ba6d98b535cb7af975c44a32f4a8a106c"",""document_id"":""techqa-doc:corpus/swg21505948.txt"",""filename"":""swg21505948.txt"",""rank"":6,""text"":""Title: IBM Why do some BigFix Clients have not reported or unknown for a computer name or other properties? - United States Text: notify client forcerefresh not reported unknown; googlebigfix TECHNOTE (TROUBLESHOOTING) PROBLEM(ABSTRACT) BigFix Clients reporting unknown or not reported in the BigFix Console RESOLVING THE PROBLEM Solution 1: If analyses and/or properties were activated globally as a certain specific master console operator at one point in time and then at some later point in time, the operator is either deleted from the deployment or has its permissions reduced to a non-master console operator; some existing and computers may be unable to report on the property results because they cannot resolve the computer management rights of the old operator. To fix this, deactivate all analyses and properties as this old user and re-activate them under a new master console operator account which should never be removed from the deployment. As a best practice going forward. activate all global analyses as a master console operator which should never be removed. Solution 2: If information about BigFix Clients is cleaned from""},{""char_end"":1809,""char_start"":1111,""chunk_id"":""a64b82b3e5fcd8654a1e84cefaf593e773a3ce8f252bf35453d267ae199a6179"",""document_id"":""techqa-doc:corpus/swg21600501.txt"",""filename"":""swg21600501.txt"",""rank"":7,""text"":"".ObjectCopier$2.run(ObjectCopier.java:851) at java.security.AccessController.doPrivileged(AccessController.java:202) at com.ibm.ws.sca.internal.ejb.util.ObjectCopier.copyObject(ObjectCopier.java:847) at com.ibm.ws.sca.internal.binding.handler.SCAImportBindingHandler.copyMessage(SCAImportBindingHandler.java:716) ************** CAUSE The SCA binding import and SCA binding export do not share the same interface. The interface names are the same, and the input and output attribute types are the same, but the attribute names of the input and output are different. This issue might cause the NullPointerException error. In WebSphere Process Server Versions 7.0.0 Fix Pack 4 and Fix Pack 5, the type""},{""char_end"":1044,""char_start"":0,""chunk_id"":""bec6042f5138f6af1f54a5da78f028e65adbe5b04f2b917fd2c4aa50c5170930"",""document_id"":""techqa-doc:corpus/swg1IV65031.txt"",""filename"":""swg1IV65031.txt"",""rank"":8,""text"":""Title: IBM IV65031: VIEW ACCESS PAGE IN IDENTITY SERVICE CENTER(ISC) INTERFACE SHOWING UNEXPECTED RESULTS - United States Text: SUBSCRIBE TO THIS APAR By subscribing, you receive periodic emails alerting you to the status of the APAR, along with a link to the fix after it becomes available. You can track this item individually or track all items by product. Notify me when this APAR changes. Notify me when an APAR for this component changes. APAR STATUS * CLOSED AS PROGRAM ERROR. ERROR DESCRIPTION * Title: View Access page in Identity Service Center(ISC) interface showing unexpected results Description: When looking at the View Access page in ISC to show accesses on some user, the results are showing entries for accesses that have alread been removed/deleted from the user. The page is showing the current accesses on the user and also showing accesses that were removed from the user in the past. The removed access are showing as pending access requests, but they are not pending and completed already in ISIM. Steps to Duplicate: In""},{""char_end"":1603,""char_start"":760,""chunk_id"":""b4293f40c7a4cf6c42f3d268ff3aec5eb1c09514034c2372e52ccd0caa6ca679"",""document_id"":""techqa-doc:corpus/swg1IV76909.txt"",""filename"":""swg1IV76909.txt"",""rank"":9,""text"":""s, and SCM Web Reports will be superseded by Security and Compliance Analytics. The SCM Exception Management dashboard is being used by the BigFix Optic (i.e., DHS CyberScope) reporting utility. 3) Clicking on the \""Remove Old SCM Reporting Tools\"" button would break the ability users to setup SCM exceptions. SCA and SUA are only related in as much as a code base goes, not actual BigFix functionality. So having SCA \""warning\"" in a SUA dashboard does not make any functional sense. In addition, removing the \""older\"" SCA reporting dashboards will break the new BigFix Optic/DHS CyberScope reporting functionality dev is currently preping for GA. The BigFix Optic functionality is specifically automated through the older SCA reporting dashboards. LOCAL FIX * ignore the message PROBLEM SUMMARY * ************************************************""},{""char_end"":912,""char_start"":0,""chunk_id"":""cb836073a2b51513c989950158baab2eff4d9da925703f11a7f1ff79dc0f13b7"",""document_id"":""techqa-doc:corpus/swg21612382.txt"",""filename"":""swg21612382.txt"",""rank"":10,""text"":""Title: IBM Data for Vulnerability History not visible in TEMA SCA Overview Dashboard and Report - United States Text: SCA; TEMA; Vulnerability; missing; SCM; googlebigfix TECHNOTE (TROUBLESHOOTING) PROBLEM(ABSTRACT) Steps on how to fix the view in the TEMA SCA reporting for missing Vulnerabilities data. SYMPTOM Data is not visible for Vulnerability History in the TEM SCA Overview Dashboard and in the Vulnerability Results report CAUSE The view is either filtered or an action has not been taken on the \""Vulnerabilities to Windows Systems: Enable \""ACCEPTED\"" Evaluation\"" task. RESOLVING THE PROBLEM To fix this view, try one or both of the following: 1. Try clicking on the Configure View link and removing the filter that is in place. 2. Take action on the \""Vulnerabilities to Windows Systems: Enable \""ACCEPTED\"" Evaluation\"" task (Task # 3) in the Vulnerabilities to Windows Systems site and target the server.""}]",phase03-sufficiency-annotation-v1,f2fe3f7f29b834d78fd7c79bf4d4a94faee43c658d89c48e386854123066802b,,,,
phase03-semantic-confirmation-blinded-v1,f70e69bf8b027f0e78a12b3b219cda6688d8881cbdd49807e7491ab9babcd2b0,45,TRAIN_Q503,train,hybrid,3,"Can I remove the write permissions for ""other"" in ../ibm/common/acsi?

Can I remove ""write"" permission for ""other"" for all the sub-directories and files under the following directory,

    /usr/ibm/common/acsi  
    /var/ibm/common/acsi  

Will it cause any problem? ",answerable_with_reference,Remove world writable permissions from DE directories. This will not impact functionality.,"[{""char_end"":1411,""char_start"":878,""chunk_id"":""deadc26b5d84415bd61dee39a00e20e2fd9fe6dbefb02ec4ebda241a2e955f27"",""document_id"":""techqa-doc:corpus/swg21969657.txt"",""filename"":""swg21969657.txt"",""rank"":1,""text"":""usr/ibm/common/acsi/bin directory can be run to change the DE mode to -singeUser and this will remove the write permission for others for the DE directories /var/ibm/common/acsi /usr/ibm/common/acsi except for the /usr/ibm/common/acsi/logs directory and existing log files which are left with world write permission. However, you can manually remove the world write permission for others for that directory and the files under it. Please refer to the OMNIbus Installation and Deployment Guide on the use of the de_security.sh script.""},{""char_end"":1055,""char_start"":0,""chunk_id"":""d6a574df2383617f70b4069ff839522c5ce364aa08d47435090648d0f5697a89"",""document_id"":""techqa-doc:corpus/swg21969657.txt"",""filename"":""swg21969657.txt"",""rank"":2,""text"":""Title: IBM OMNIbus DE directories with world write permission - United States Text: de_security singleuser world writable permission DE multi-user others DE Deployment Engine TECHNOTE (TROUBLESHOOTING) PROBLEM(ABSTRACT) Can world write permission be change for DE directories and how can it be done? ENVIRONMENT UNIX/LINUX RESOLVING THE PROBLEM When installing as root the default installation setting is multi-user mode for the Deployment Engine. A multi-user mode DE is installed with world write permissions enabled for the DE directories. The de_security.sh command can be used to change the system protection settings of the multi-user mode DE to protect it from unauthorized modifications. Use the option of -singleUser such that only the user that installed the Deployment Engine can modify it or use it to install or remove products. . The de_security.sh script in the /usr/ibm/common/acsi/bin directory can be run to change the DE mode to -singeUser and this will remove the write permission for others for the DE directories /var/ibm/common/acsi""},{""char_end"":799,""char_start"":0,""chunk_id"":""9c19d119ee3d84ce05a04e17a09ef6a89d3c653816597a4d4c682adfd4fdab86"",""document_id"":""techqa-doc:corpus/swg21512729.txt"",""filename"":""swg21512729.txt"",""rank"":3,""text"":""Title: IBM Can we remove world-writable permissions - global write permission - United States Text: World writeable TECHNOTE (FAQ) QUESTION Setup a recurring process to remove world-writable from the files and directories: chmod o-w. We are not planning to delete any files. Would this impact functionality ? ANSWER The question is whether or not it is safe to remove world-writable for these files and directories. Some of them are dynamic and will be re-created with world-writable after reboot. For these we would like to remove world-writable on a recurring basis. /export/opt/IBM/tivoli/tip/derby/TTSS Directory-Only /export/opt/IBM/tivoli/tip/derby/TTSS/log Directory-Only /export/opt/IBM/tivoli/tip/derby/TTSS/seg0 Directory-Only /opt/tivoli/cit/bin/etc Directory-Only /opt/tivoli/cit/bin/etc""}]",phase03-sufficiency-annotation-v1,f2fe3f7f29b834d78fd7c79bf4d4a94faee43c658d89c48e386854123066802b,,,,
phase03-semantic-confirmation-blinded-v1,7ba44d9a9e84b313f24d716b003327732dcffc6f11e2d1ecbb698edf3d00a088,46,TRAIN_Q540,train,dense,10,"CR is not inserted for textarea using IE

We are using IBM Case Manager 5.2.1.4 and IBM Content Navigator 2.0.3.7. Using Properties View Designer of Case Builder, we tried to input CR (""Enter"") on the text area, but CR is not inserted. This issue occurs only on IE, not on Firefox or Chrome. ",answerable_with_reference,"PJ44413 (IBM Case Manager users) When using Internet Explorer v11, the carriage return does not start a new line in a text area. 
With this fix, the new line is created.","[{""char_end"":1293,""char_start"":723,""chunk_id"":""6ef30d172d82d46c8ff9c2d0eaaa596c148602117a25335b14a2beebf5a1b557"",""document_id"":""techqa-doc:corpus/swg21994511.txt"",""filename"":""swg21994511.txt"",""rank"":1,""text"":""area. 5. In ICM Case Client, add a case of the case type. In the text area of the String property, fill in some words and then click \""Enter\"" button from keyboard. No new line is started as expected. Issue only exists with IE 11 and it works well in FireFox. CAUSE This is a defect of ICM 5.2.1.4. ENVIRONMENT ICM 5.2.1.4, IE 11 DIAGNOSING THE PROBLEM N\\A RESOLVING THE PROBLEM This is a defect of ICM 5.2.1.4 and will be fixed in 5.2.1.6-ICM-FP006. Cross reference information Segment Product Component Platform Version Edition Enterprise Content Management Case Manager""},{""char_end"":3184,""char_start"":2410,""chunk_id"":""52aa6fafd214cf04cdf5c2bfcea52c3161ad11095a9341d516c5d30b23090fc4"",""document_id"":""techqa-doc:corpus/swg1PJ44155.txt"",""filename"":""swg1PJ44155.txt"",""rank"":2,""text"":""*********************** PROBLEM CONCLUSION * Fixed in 5.2.1.5-ICM-FP005 and higher. This fix also requires 2.0.3.8-ICN-FP008. The fix for this problem is provided in and resolved by IBM Case Manager 5.2.1.5-ICM-FP005 or later releases. With this fix, Case Manager Client users using long strings with no spaces inside textarea controls inside multiple column layout on Microsoft Internet Explorer 11 (MSIE11) will see the text properly wrapped. TEMPORARY FIX COMMENTS APAR INFORMATION * APAR NUMBER PJ44155 * REPORTED COMPONENT NAME CASE MGR CLIENT * REPORTED COMPONENT ID 5725A1501 * REPORTED RELEASE 521 * STATUS CLOSED PER * PE NoPE * HIPER NoHIPER * SPECIAL ATTENTION NoSpecatt / Xsystem * SUBMITTED DATE 2016-05-05 * CLOSED DATE 2016-08-15 * LAST MODIFIED DATE 2016-10-""},{""char_end"":920,""char_start"":0,""chunk_id"":""f8c6476ebb4c408d374cb80dffab662f801742b2b15e9080cd755805648124d6"",""document_id"":""techqa-doc:corpus/swg21994511.txt"",""filename"":""swg21994511.txt"",""rank"":3,""text"":""Title: IBM In IBM Case Manager [ICM], text area displays as a normal text box in Internal Explorer [IE]11. - United States Text: ICM; IE 11 TECHNOTE (TROUBLESHOOTING) PROBLEM(ABSTRACT) In ICM Case Builder, define a text area for a String type property. Fill in the value in ICM Case Client with IE 11, text area displays as a normal text box. Click \""Enter\"" button from keyboard won't start a new line. SYMPTOM Steps to test: 1. In ICM Case Builder, create a solution with a property of String type. 2. Create a case type and add the property to the case type. 3. Add a customized view in the case type with a property list container in it. 4. Add the String property to property list and change the property editor to text area. 5. In ICM Case Client, add a case of the case type. In the text area of the String property, fill in some words and then click \""Enter\"" button from keyboard. No new line is started as expected""},{""char_end"":3788,""char_start"":3156,""chunk_id"":""fad811cc72945083ff17031c0b7fd18c897d0c992bd89d092c1dae40bdca1864"",""document_id"":""techqa-doc:corpus/swg1PJ44413.txt"",""filename"":""swg1PJ44413.txt"",""rank"":4,""text"":""line in the text area This issue is not reproducible with ICM 5.2.1 FP002. It is reproducible with ICM 5.2.1 FP003 and later releases. LOCAL FIX * Possible workarounds: 1. Using a different browser such as Chrome or Firefox 2. Avoid using the property list container 3. Issue is not reproducible using other container types PROBLEM SUMMARY * **************************************************************** * USERS AFFECTED: * * Case client users entering multiple lines of text with * * embedded carriage returns into string property when * * configured as TextArea within a property list via IE11. * ******************************""},{""char_end"":890,""char_start"":0,""chunk_id"":""3e34b03c83509ba4f3c0c9c91840d2074a6b88a02f6aba9d0fce94387adebb5a"",""document_id"":""techqa-doc:corpus/swg1LO54383.txt"",""filename"":""swg1LO54383.txt"",""rank"":5,""text"":""Title: IBM LO54383: ABOUT ME/BACKGROUND RTE FIELDS DOESN'T WORK IN IE 8 COMP MODE OV ER HTTPS:// - United States Text: SUBSCRIBE You can track all active APARs for this component. APAR STATUS * CLOSED AS PROGRAM ERROR. ERROR DESCRIPTION * Having issues accessing one of the features of profiles \""About Me and Background\"". The edit part of this doesn't work in IE 8. LOCAL FIX PROBLEM SUMMARY * Abstract: Provides capability to define textarea input fields on the edit my profile page. Problem Description: This iFIX provides capability to define textarea input fields on the edit my profile page. To enable this feature richtext must be set to false. Then add the attribute multiline=\""true\"" to the editable attribute section. For example: <editableAttribute showLabel=\""false\"" multiline=\""true\"">description</editableAttribute> richtext=\""false\"" multiline=\""true\"" --> textarea multiline=\""true\"" -""},{""char_end"":4114,""char_start"":3682,""chunk_id"":""af5426cabb261cf4955aa0b5a86db1679956bccd86aa7db96b3a7719142970ea"",""document_id"":""techqa-doc:corpus/swg1PJ44413.txt"",""filename"":""swg1PJ44413.txt"",""rank"":6,""text"":""property when * * configured as TextArea within a property list via IE11. * **************************************************************** * PROBLEM DESCRIPTION: * * See error description. * **************************************************************** * RECOMMENDATION: * * It is recommended to apply the fix pack/LA fix for Case * * Manager and Content Navigator to resolve this issue. * *************************************""},{""char_end"":902,""char_start"":0,""chunk_id"":""e1356891b4962c0571650c6d4e47def93b96943e03780df34b32bef5d3264cc9"",""document_id"":""techqa-doc:corpus/swg1LO63602.txt"",""filename"":""swg1LO63602.txt"",""rank"":7,""text"":""Title: IBM LO63602: BLACKBERRY CANNOT DISPLAY XPAGES EDITABLE RICH TEXT FIELD (CKEDITOR) - United States Text: SUBSCRIBE You can track all active APARs for this component. APAR STATUS * CLOSED AS FIXED IF NEXT. ERROR DESCRIPTION * When blackberry displays an XPage with an editable rich text field using the default inputRichText control, CKEditor, the screen shows only a small box, holding about one character, in contrast to the rich text control displayed by normal browser, or by Blackberry on Domino 8.5, which uses old Dojo editor. To verify that the Blackberry cannot work with CKEditor, had customer load CKEditor demo from Blackberry, at http://ckeditor.com/demo [http://ckeditor.com/demo] This reported: \""Your browser is not compatible with CKEditor. CKEditor is compatible with Safari 3.0 or higher, it is also compatible with Internet Explorer 6.0+, Opera 9.5+ and Firefox 2.0+.\"" LOCAL FIX""},{""char_end"":876,""char_start"":0,""chunk_id"":""0c002995d7a7a65a571d7ff48177d1c26cc71fc7ace3130f71e52119d2eb39da"",""document_id"":""techqa-doc:corpus/swg21678760.txt"",""filename"":""swg21678760.txt"",""rank"":8,""text"":""Title: IBM Editable fields in other widgets lose focus when Daeja Viewer loads from IBM Content Navigator in the Viewer widget - United States Text: TECHNOTE (TROUBLESHOOTING) PROBLEM(ABSTRACT) Users entering character input in editable fields on other widgets are prevented from entering more data when the Daeja Viewer applet being loaded from the associated instance of IBM Content Navigator acquires focus and consumes all keyboard input instead. SYMPTOM (The same issue occurs for earlier releases of Case Manager which load the Daeja viewer from Workplace XT: http://www-01.ibm.com/support/docview.wss?uid=swg21634938 [http://www-01.ibm.com/support/docview.wss?uid=swg21634938]) On both Mozilla Firefox and Microsoft Internet Explorer, a user updating an editable field in the Case (Work Item) Data widget on the Work Details page while a document is loading in the Daej""},{""char_end"":1621,""char_start"":1191,""chunk_id"":""968cdddeb2082fc149f4c3d42d880fd2148f5a41f35f2137cedfcf0376758db5"",""document_id"":""techqa-doc:corpus/swg21978535.txt"",""filename"":""swg21978535.txt"",""rank"":9,""text"":""nt [https://developer.mozilla.org/en-US/docs/Web/JavaScript/Reference/Global_Objects/Number/parseInt] ENVIRONMENT ICM 5.2.1.3 FP003; ICM 5.2.1.4 FP004; ICN 2.0.3.6 FP006; ICN 2.0.3.7 FP007 DIAGNOSING THE PROBLEM Open the developer tools and check console for errors. RESOLVING THE PROBLEM Use browser other than IE to test your customization. The fix will be available with the release of IBM Content Navigator 2.0.3.8 Fix Pack 8.""},{""char_end"":3300,""char_start"":2387,""chunk_id"":""c6cf39aaba05ca69ca95f0193ae3a37bf67e963f5abb66352344003f26aeae24"",""document_id"":""techqa-doc:corpus/swg1PJ44413.txt"",""filename"":""swg1PJ44413.txt"",""rank"":10,""text"":""Property List container is not used. It is also not reproducible with other containers. Steps to reproduce: 1. Create a solution with a \""single value\"" string property. 2. Create a case type and add the string property to the case type. 3. Add a customized view in this case type, 4. set the Default view to the customized view 5. Edit the view a. add a property list to the view b. add the string property inside the property list container c. set the Editor Settings for the string property to \""Text area\"" 6. Save and close the solution; deploy the solution 7. Via IE 11, Logon to Case Client, and add a new case 8. In the TextArea, enter text and then press the carriage return Expected results: Two lines are created in the text area. Actual result: There is only 1 line in the text area This issue is not reproducible with ICM 5.2.1 FP002. It is reproducible with ICM 5.2.1 FP003 and later releases. LOCAL FIX""}]",phase03-sufficiency-annotation-v1,f2fe3f7f29b834d78fd7c79bf4d4a94faee43c658d89c48e386854123066802b,,,,
phase03-semantic-confirmation-blinded-v1,2cee14ad7dc7643e6c60513bc282822c9d74e0834e4306bb7018f9eea3694f07,47,TRAIN_Q343,train,bm25,1,"Help with Security Bulletin: A security vulnerability has been identified in WebSphere Application Server shipped with WebSphere Service Registry and Repository (CVE-2017-1681)

I need to understand details regarding Security Bulletin: A security vulnerability has been identified in WebSphere Application Server shipped with WebSphere Service Registry and Repository (CVE-2017-1681). Is WAS Liberty affected?",answerable_with_reference,"This vulnerability affects the following versions and releases of IBM WebSphere Application Server: 

 * Liberty","[{""char_end"":1148,""char_start"":0,""chunk_id"":""f5eb117e57d53ff9e9c173cfa63a166c3f5d85e4323e275b7247483308481223"",""document_id"":""techqa-doc:corpus/swg22013233.txt"",""filename"":""swg22013233.txt"",""rank"":1,""text"":""Title: IBM Security Bulletin: A security vulnerability has been identified in WebSphere Application Server shipped with WebSphere Service Registry and Repository (CVE-2017-1681) - United States Text: SECURITY BULLETIN SUMMARY WebSphere Application Server is shipped as a component of WebSphere Service Registry and Repository. Information about a security vulnerability affecting WebSphere Application Server has been published in a security bulletin. VULNERABILITY DETAILS Please consult the security bulletin Information disclosure in WebSphere Application Server (CVE-2017-1681) [http://www-01.ibm.com/support/docview.wss?uid=swg22010419] for vulnerability details and information about fixes. AFFECTED PRODUCTS AND VERSIONS Principal Product and Version(s) Affected Supporting Product and Version WebSphere Service Registry and Repository V8.5 WebSphere Application Server Network Deployment V8.5.5 WebSphere Service Registry and Repository V8.0 WebSphere Application Server Network Deployment V8.0 WebSphere Service Registry and Repository V7.5 WebSphere Application Server Network Deployment V7.0 WebSphere Service Registry and Repository V7.""}]",phase03-sufficiency-annotation-v1,f2fe3f7f29b834d78fd7c79bf4d4a94faee43c658d89c48e386854123066802b,,,,
phase03-semantic-confirmation-blinded-v1,99bd21b5231d7a4a58041fa651b80a85db51c5ff619c4525b4bb15a1328cf6c2,48,TRAIN_Q052,train,dense,1,"Help with Security Bulletin: IBM MQ is affected by a potential denial of service to channel processes (CVE-2017-1557)

I need to understand details regarding Security Bulletin: IBM MQ is affected by a potential denial of service to channel processes (CVE-2017-1557). Where can I find this information?",answerable_with_reference,"CVEID:CVE-2017-1557 [http://cve.mitre.org/cgi-bin/cvename.cgi?name=CVE-2017-1557]
DESCRIPTION:IBM MQ could allow an authenticated user with authority to send a specially crafted request that could cause a channel process to cease processing further requests.
CVSS Base Score: 4.3
CVSS Temporal Score: Seehttps://exchange.xforce.ibmcloud.com/vulnerabilities/131547 [https://exchange.xforce.ibmcloud.com/vulnerabilities/131547]for the current score
CVSS Environmental Score*: Undefined
CVSS Vector: (CVSS:3.0/AV:N/AC:L/PR:L/UI:N/S:U/C:N/I:N/A:L)","[{""char_end"":485,""char_start"":0,""chunk_id"":""ed921f3d3d478f11da2ca6de0f0ab3b318dceced5b16eafecdd9a8feae92ba00"",""document_id"":""techqa-doc:corpus/swg21999833.txt"",""filename"":""swg21999833.txt"",""rank"":1,""text"":""Title: IBM Security Bulletin: IBM WebSphere MQ Channelのデータ変換が拒否されてしまう (CVE-2016-3013) - United States Text: SECURITY BULLETIN SUMMARY メッセージチャネルエージェント(MCA)がキューから大きなメッセージを取得してデータ変換をすると、バッファオーバーフローが起きてチャネルが異常終了する可能性があります。 最新の情報については下記の文書(英語)をご参照ください。 Security Bulletin: IBM WebSphere MQ Channel data conversion denial of service (CVE-2016-3013) http://www.ibm.com/support/docview.wss?uid=swg21998661 [http://www.ibm.com/support/docview.wss?uid=swg21998661] VULNERABILITY DETAILS CVEID: CV""}]",phase03-sufficiency-annotation-v1,f2fe3f7f29b834d78fd7c79bf4d4a94faee43c658d89c48e386854123066802b,,,,
phase03-semantic-confirmation-blinded-v1,3d6454e428a3bfaf785093cab54ea8d39605d0dc51467071ac20dbfa00546537,49,TRAIN_Q599,train,bm25,10,"ICC configuration manager error: This implementation is not part of the Windows Platform FIPS validated cryptographic algorithms.

When saving changes in ICC configuration manager, an ""Application Error"" window pops up.

Error:

A severe error occurred.

Problem:

Exception has been thrown by the target of an invocation.

Solution:

Contact IBM Software Support with this error message (see Details).

Click on the Details button and the following stack trace is reported:

Details

System.Reflection.TargetInvocationException: Exception has been thrown by the target of an invocation. at System.RuntimeMethodHandle.InvokeMethod(Object target, Object[] arguments, Signature sig, Boolean constructor) at System.Reflection.RuntimeConstructorInfo.Invoke(BindingFlags invokeAttr, Binder binder, Object[] parameters, CultureInfo culture)

.....

.....

System.InvalidOperationException: This implementation is not part of the Windows Platform FIPS validated cryptographic algorithms.

at System.Security.Cryptography.MD5CryptoServiceProvider..ctor()

What is causing this?",answerable_with_reference,Incompatible Windows security policy.,"[{""char_end"":1698,""char_start"":800,""chunk_id"":""121480184b32cc6c74ffa83367861776d8875cc34ed7df96d257066135d063cc"",""document_id"":""techqa-doc:corpus/swg21991690.txt"",""filename"":""swg21991690.txt"",""rank"":1,""text"":""(Object target, Object[] arguments, Signature sig, Boolean constructor) at System.Reflection.RuntimeConstructorInfo.Invoke(BindingFlags invokeAttr, Binder binder, Object[] parameters, CultureInfo culture) ..... ..... System.InvalidOperationException: This implementation is not part of the Windows Platform FIPS validated cryptographic algorithms. at System.Security.Cryptography.MD5CryptoServiceProvider..ctor() CAUSE Incompatible Windows security policy. DIAGNOSING THE PROBLEM Scroll down to the bottom of the detail section and verify that the following error is seen: * * * * * * System.InvalidOperationException: This implementation is not part of the Windows Platform FIPS validated cryptographic algorithms. at System.Security.Cryptography.MD5CryptoServiceProvider..ctor() RESOLVING THE PROBLEM To resolve the problem, go to the following: * Navigate to Control Panel > Administrative Tools""},{""char_end"":959,""char_start"":0,""chunk_id"":""948124e202ac498e6cd920db507266e09bd0b0fc12a60ae9a9d0afa830dcd8dc"",""document_id"":""techqa-doc:corpus/swg21991690.txt"",""filename"":""swg21991690.txt"",""rank"":2,""text"":""Title: IBM Application Error in IBM Content Collector Configuration Manager when saving a task route - United States Text: icc; fips; md5 TECHNOTE (TROUBLESHOOTING) PROBLEM(ABSTRACT) An application error is reported in the IBM Content Collector (ICC) configuration manager when you try to save a task route or other settings. SYMPTOM The pop up window shows the following message: * * Error: * A severe error occurred. * Problem: * Exception has been thrown by the target of an invocation. * Solution: * Contact IBM Software Support with this error message (see Details). Click on the Details button and the following stack trace is reported: * Details * System.Reflection.TargetInvocationException: Exception has been thrown by the target of an invocation. at System.RuntimeMethodHandle.InvokeMethod(Object target, Object[] arguments, Signature sig, Boolean constructor) at System.Reflection.RuntimeConstructorInfo.Invoke(BindingFlags invokeAttr, Binder bind""},{""char_end"":820,""char_start"":0,""chunk_id"":""3ef176410c7adbf24bf8fb50163bb27df6ef7be9807aae61ae84cc1f7a18e973"",""document_id"":""techqa-doc:corpus/swg21581427.txt"",""filename"":""swg21581427.txt"",""rank"":3,""text"":""Title: IBM FSR/BCD Error: Exception has been thrown by the target of an Invocation - United States Text: TECHNOTE (TROUBLESHOOTING) PROBLEM(ABSTRACT) FSR/BCD Error: Exception has been thrown by the target of an Invocation RESOLVING THE PROBLEM Symptom: When navigating from one object to another the following error is received: \""The following Exception occurred: Type: TargetInvocationException Message: Exception has been thrown by the target of an invocation. Stack Trace: at System.RuntimeType.InvokeDispMethod(String name, BindingFlags invokeAttr, Object target, Object[] args, Boolean[] byrefModifiers, Int32 culture, String[] namedParameters)\"" Possible Solution: Find the object that is causing this error to be thrown when navigating from one object to another. Delete/recreate this object. HISTORICAL NUMBER 436""},{""char_end"":1326,""char_start"":650,""chunk_id"":""1c0451e134748a9068458da2e64006ff8f8b3458a2333b899962775cf75efcd9"",""document_id"":""techqa-doc:corpus/swg1IT14222.txt"",""filename"":""swg1IT14222.txt"",""rank"":4,""text"":""WMQ.Nmqi.NativeManager.InitializeNativeApis(String mode) at IBM.WMQ.Nmqi.UnmanagedNmqiMQ..cctor() --- End of inner exception stack trace --- at System.RuntimeMethodHandle.InvokeMethod(Object target, Object arguments, Signature sig, Boolean constructor) at System.Reflection.RuntimeConstructorInfo.Invoke(BindingFlags invokeAttr, Binder binder, Object&#221;&#168; parameters, CultureInfo culture) at System.RuntimeType.CreateInstanceImpl(BindingFlags bindingAttr, Binder binder, Object args, CultureInfo culture, Object activationAttributes, StackCrawlMark& stackMark) at System.Activator.CreateInstance(Type type, BindingFlags bindingAttr, Binder binder, Object&#221;&#168; ar""},{""char_end"":857,""char_start"":0,""chunk_id"":""e2a69aa5f263ff0c2df31e8d2ceaf1a8ada485537c0c28bb82288eebcf3793c5"",""document_id"":""techqa-doc:corpus/swg21607104.txt"",""filename"":""swg21607104.txt"",""rank"":5,""text"":""Title: IBM FSR - TargetInvocationException under Citrix - United States Text: TargetInvocationException; Citrix TECHNOTE (TROUBLESHOOTING) PROBLEM(ABSTRACT) When opening a report under Citrix users sometimes receive a TargetInvocationException error. SYMPTOM When opening reports under Citrix the following error is intermittently received: Type: TargetInvocationException Message: Exception has been thrown by the target of an invocation. Stack Trace: at System.RuntimeType.InvokeDispMethod(String name, BindingFlags invokeAttr, Object target, Object[] args, Boolean[] byrefModifiers, Int32 culture, String[] namedParameters) at System.RuntimeType.InvokeMember(String name, BindingFlags bindingFlags, Binder binder, Object target, Object[] providedArgs, ParameterModifier[] modifiers, CultureInfo culture, String[] namedParams) at System.Type.InvokeMember(""},{""char_end"":875,""char_start"":0,""chunk_id"":""c2c0b59641d210c1bcb3fe1eb80c7e1149d836739fb3ba1de39c7d7c9ae62914"",""document_id"":""techqa-doc:corpus/swg21584245.txt"",""filename"":""swg21584245.txt"",""rank"":6,""text"":""Title: IBM TargetInvocationException error when copying charts - United States Text: TECHNOTE (TROUBLESHOOTING) PROBLEM(ABSTRACT) When a chart from an Excel object is copied to the clipboard, FSR crashes when clicking a Word object with a \""TargetInvocationException\"" error. SYMPTOM When copying a chart from an Excel object and then clicking a Word object, FSR crashes with the following error: Type: TargetInvocationException Message: Exception has been thrown by the target of an invocation. Stack Trace: at System.RuntimeType.InvokeDispMethod(String name, BindingFlags invokeAttr, Object target, Object[] args, Boolean[] byrefModifiers, Int32 culture, String[] namedParameters) at System.RuntimeType.InvokeMember(String name, BindingFlags bindingFlags, Binder binder, Object target, Object[] providedArgs, ParameterModifier[] modifiers, CultureInfo culture, String[] named""},{""char_end"":2056,""char_start"":1210,""chunk_id"":""9fb1cc1d10f1fcee52effafd8a542cdd03d1b6682d3ccefea7b97bda401cb14a"",""document_id"":""techqa-doc:corpus/swg21689122.txt"",""filename"":""swg21689122.txt"",""rank"":7,""text"":""Reflection.RuntimeMethodInfo.Invoke(Object obj, BindingFlags invokeAttr, Binder binder, Object[] parameters, CultureInfo culture) at FileNet.Api.Compatibility.PropertiesHolder.InvokeMember(String name, BindingFlags invokeAttr, Binder binder, Object target, Object[] args, ParameterModifier[] modifiers, CultureInfo culture, String[] namedParameters) -------- Error Code: 0 Error Source: FileNet Content Engine HR = 0x80070057 HR Description = The parameter is incorrect. MinorCode = 0x00000a94 CAUSE There is an ObjectType that is not a real property. It is an internal property used to identify the type of object. There is nothing to prevent defining a custom property with the same name of ObjectType. FEM has made a performance improvement in displaying the contents of a folder by using an SQL query. This query uses this ObjectType property""},{""char_end"":859,""char_start"":0,""chunk_id"":""416ffb92fb94938ea9e383c472c710a8315ce631981ca54206196e6b7a597687"",""document_id"":""techqa-doc:corpus/swg21985877.txt"",""filename"":""swg21985877.txt"",""rank"":8,""text"":""Title: IBM Microsoft .Net Framework error when saving a chart in IBM i2 Analyst's Notebook - United States Text: i2 ANB; ANBP; security; FIPS TECHNOTE (TROUBLESHOOTING) PROBLEM(ABSTRACT) When saving a chart in i2 Analyst's Notebook, the user receives a .Net Framework error, \""Unhandled Exception has occured in a component in your application.\"" The environment is required to have FIPS (Federal Information Processing Standard) enabled via Group Policy Security Settings/Local Policies/Security Options/System cryptography: Use FIPS compliant algorithms for encryption, hashing and signing = Enabled . SYMPTOM [/support/docview.wss?uid=swg21985877&amp;aid=1] ************** Exception Text ************** System.InvalidOperationException: This implementation is not part of the Windows Platform FIPS validated cryptographic algorithms. at System.Security.Crypt""},{""char_end"":1352,""char_start"":672,""chunk_id"":""b02317b8cd55d332301955fa8bd1ccb037bc2601064e54e0ea7c70bdca2e4211"",""document_id"":""techqa-doc:corpus/swg21985877.txt"",""filename"":""swg21985877.txt"",""rank"":9,""text"":""* Exception Text ************** System.InvalidOperationException: This implementation is not part of the Windows Platform FIPS validated cryptographic algorithms. at System.Security.Cryptography.SHA1Managed..ctor() at i2.Notebook.Tasks.MapChartItems.MappingControl.MappingController.GenerateCryptographicHash(String input) at i2.Notebook.Tasks.MapChartItems.MappingControl.MappingController.GenerateChartKey(String guid, String chartFilePath) at i2.Notebook.Tasks.MapChartItems.MappingControl.MappingController.<>c__DisplayClass1.<DisconnectKmzFileAsync>b__0() at System.Windows.Forms.Control.InvokeMarshaledCallbackDo(ThreadMethodEntry tme) at System.Windows.Forms.Control.Invoke""},{""char_end"":1941,""char_start"":1259,""chunk_id"":""2ebfbcfe4bdffc99d395145b16c3bc0f8bd33ac3619ca0e84f3d4b7f4b661944"",""document_id"":""techqa-doc:corpus/swg21970966.txt"",""filename"":""swg21970966.txt"",""rank"":10,""text"":""WpfDispatcher.<>c__DisplayClass8.<BeginInvoke> b__7() --- End of inner exception stack trace --- at System.RuntimeMethodHandle._InvokeMethodFast(IRuntimeMethodInfo method, Object target, Object[] arguments, SignatureStruct& sig, MethodAttributes methodAttributes, RuntimeType typeOwner) at System.RuntimeMethodHandle.InvokeMethodFast(IRuntimeMethodInfo method, Object target, Object[] arguments, Signature sig, MethodAttributes methodAttributes, RuntimeType typeOwner) at System.Reflection.RuntimeMethodInfo.Invoke(Object obj, BindingFlags invokeAttr, Binder binder, Object[] parameters, CultureInfo culture, Boolean skipVisibilityChecks) at System.Delegate.DynamicInvokeImpl(Object""}]",phase03-sufficiency-annotation-v1,f2fe3f7f29b834d78fd7c79bf4d4a94faee43c658d89c48e386854123066802b,,,,
phase03-semantic-confirmation-blinded-v1,663cc707ec503cd11c9f4c892cb2cbff60dcbc0ede4d0baf860bc60d8a255107,50,TRAIN_Q199,validation,bm25,10,"How to start PC DMgr as a Windows service?

 hi all. I just installed BPM 8.5.0.1 Process Center on a Windows 2008 R2 cloud server. The default BPM85 typical installation installs ProcessCenter Quickstart web page for starting the Dmgr and NodeMgr servers using the installation admin user . However, logout stops the services started by and attached to the admin user. I need to have this ProcessCenter (and Deployment Env Process SErvers) BPM85 DMgr / Node/ WASND started as a managed Windows managed service. I didn't see a Service Definition page to select run as Windows service. Can I possibly run BPMConfig -start dmgrprofile as a Windows service or is a profile update to my dmgr (hope not) needed to do this? ",answerable_with_reference,"Place the WASServiceCmd.exe utility in the following directory:
    
    install_root\bin 
    
 2. Launch the command from the command line. 
    
    
 3. The WASServiceCmd utility prompts you to select specific options and settings from a list and then calls the WASService.exe command passing all selected parameters. This greatly reduces the time it takes to create a Windows service for WebSphere Application Server and reduces the opportunity for user errors.","[{""char_end"":3243,""char_start"":2254,""chunk_id"":""a136e91d14596cba6ac84ae1a04d88b15d40feb49cd812a0c0baf746089ab9ea"",""document_id"":""techqa-doc:corpus/swg21195440.txt"",""filename"":""swg21195440.txt"",""rank"":1,""text"":""//public.dhe.ibm.com/software/isa/isadc/?taxonomy=ApplicationServer] > Select the option to collect from this system using the current browser and click Start Collection. 14. Select the Administration > WASService Problem (Windows Only) collector and click Start. 15. Follow the prompts to automatically submit the collected data to IBM Support. COLLECTING DATA MANUALLY Note: WebSphere Application Server supports creating, starting and stopping of nodeagent and dmgr process using Windows Services (WASService.exe). For more detailed information about templates usage, refer to the WebSphere Application Server V7.0 Information Center [http://publib.boulder.ibm.com/infocenter/wasinfo/v7r0/index.jsp]. 1. Was the Windows Service for the Application Server JavaTM Virtual Machine (JVM) process created during the Application Server installation or Profile creation process? If not, provide the command used to create the Windows Service. 2. Is WebSphere Application Server global security""},{""char_end"":2982,""char_start"":2327,""chunk_id"":""f5e9319071fcd55dcfca0a3bf22ee382474dbe232ada5c5133e6d261c9455529"",""document_id"":""techqa-doc:corpus/swg1PK54106.txt"",""filename"":""swg1PK54106.txt"",""rank"":2,""text"":""I install WPS61 + all ifixes and run migration on dmgr. I then start the new 61 dmgr and run migration on the custom node, then start all servers All the apps are running except the EventServer, If I try to start manually I get: [10/2/07 16:28:04:906 PDT] 00000053 CeiApplicatio E com.ibm.events.service.CeiApplicationFilter applicationMayStart(DeployedApplication) CEIC0017E Application EventServer cannot be started because it belongs to a previous version of the event service. [10/2/07 16:28:04:937 PDT] 00000053 ApplicationMg W WSVR0101W: An error occurred starting, EventServer LOCAL FIX PROBLEM SUMMARY * *******************************************""},{""char_end"":1193,""char_start"":0,""chunk_id"":""fc4651720a41d2f9081e48b1cf450fcf51d7d123b02f3178eb65513e050308fa"",""document_id"":""techqa-doc:corpus/swg21683417.txt"",""filename"":""swg21683417.txt"",""rank"":3,""text"":""Title: IBM Sentinel RMS License Manager service fails to start on Windows 2012 R2 Server - United States Text: TECHNOTE (TROUBLESHOOTING) PROBLEM(ABSTRACT) You have installed the Sentinel RMS License Manager to Windows 2012 R2 Server. After installation you notice that the LicenseManager service has not started. You attempt to start it manually and that fails as well. SYMPTOM License Manager service does not start CAUSE From the Windows server event Log: \""The Sentinel RMS License Manager service is marked as an interactive service. However, the system is configured to not allow interactive services. This service may not function properly.\"" ENVIRONMENT Windows 2012 Server, Windows 2012 R2 Server DIAGNOSING THE PROBLEM You review the Windows Event log to find out why the service is not starting RESOLVING THE PROBLEM Windows Server 2012 no longer allows interactive services, by default, which makes the Interactive Services Detection service unnecessary. If you must run a legacy application that installs an interactive service on Windows Server 2012, you may sacrifice server stability for compatibility by changing the following registry value from the default of \""1\"" to \""0\"". HKLM""},{""char_end"":3307,""char_start"":2407,""chunk_id"":""4f561c7e1e0f10b91c681aaebae8382dd049aecea0350f0ae43ac41c647fbe03"",""document_id"":""techqa-doc:corpus/nas8N1018661.txt"",""filename"":""nas8N1018661.txt"",""rank"":4,""text"":""recall RUNRMTCMD for another run. Testing with those features turned off also worked as expected. The properties for the incoming remote command service (accessed through the Windows services manager) do not require that the option Allow service to interact with desktop be checked. The reason for this is that RUNRMTCMD is going to run PSEXEC, and that program is going to make it's own connection to the PC and run the program that you want to run. That sounds confusing enough; however, an example should clear it up. After starting the System i Access for Windows Remote Command service, you can test running the following command on an IBM i command line to start the default Web browser to open up the i5/OS Information Center: RUNRMTCMD CMD('psexec \\\\127.0.0.1 -s -d -i cmd /c start http://www.ibm.com/support/knowledgecenter/ssw_ibm_i_71/welcome.html [http://www.ibm.com/support/knowledgecent""},{""char_end"":1771,""char_start"":748,""chunk_id"":""e919d3de6b39a2970e5be0a1a4accaff2fe758a7127ea2ca10c0cf31b76bfcff"",""document_id"":""techqa-doc:corpus/swg21618376.txt"",""filename"":""swg21618376.txt"",""rank"":5,""text"":""Application Developer. In another related user scenario, when running trying to run an application in a WAS server (and start the server) using Run on Server the following error occurred: ... failed while trying to start windows service associated with server. Problem is executing was service. exc: starting service:machine name node 01 service failed to start. Return code =-1. CAUSE RAD was not started using \""Run As Administrator\"" and the WAS server profile was created to be run as a Windows service. ENVIRONMENT Windows v7 Professional 32-bit or 64-bit DIAGNOSING THE PROBLEM 1. Is RAD on Windows 7 (or Vista) installed under C:\\Program Files or C:\\Program Files (x86)? 2. Is the WebSphere server profile listed in Windows under Windows Start > Control Panel > Administrative Tools > Services? RESOLVING THE PROBLEM This is a two part problem. However, the major issue is that the WAS server profile was created to be run as a Windows service. * In the case of Windows 7 (or Vista), with both RAD and WAS installed in""},{""char_end"":2113,""char_start"":840,""chunk_id"":""d24bcd53f54027098101e6188ab56e942b85c98699b383c30d9c4a8af6625064"",""document_id"":""techqa-doc:corpus/swg21568262.txt"",""filename"":""swg21568262.txt"",""rank"":6,""text"":""Microsoft Windows 7 systems You must use a Microsoft Windows user account that has full administrator account privileges for certain operations on Windows 7 operating systems. This also applies to Windows Vista, Windows Server 2008 R2, and Windows Server 2008 operating systems. The standard user account created in Windows 7 systems cannot perform administrative tasks, such as installing or changing settings on the computer. Run the application server process as a Windows service You can configure the WebSphere Application Server to run the application server process as a Windows service when creating a profile. Commands that involve Windows services or access to the Windows system registry require this type of full authority due to the Windows User Account Control (UAC) implementation for those operating systems. As a result, the standard user might not be able to start the server. ANSWER Part 1: Administrator to administer Rational Application Developer for standard user to use On Windows 7 systems, if an administrator user installs Rational Application Developer V8.0.x, the standard user is not going to have write access in the installation directory. For a standard user to create the server profile, the administrator must complete the following steps""},{""char_end"":6924,""char_start"":5976,""chunk_id"":""448777436bc61f70628b5dfd0a80a9d07671b0c890d1f7e9fc3c99bae53715b9"",""document_id"":""techqa-doc:corpus/swg21618376.txt"",""filename"":""swg21618376.txt"",""rank"":7,""text"":""or any Windows service to start \""manually\"" from \""automatically\"" in the Windows Services tool is NOT THE SAME as removing the Windows service using the WebSphere command/utility: > WASService.exe -remove service_name WASService \""remove\"" deletes the service. Changing to \""manual\"" in Windows Services will keep the service on Windows but allow you to start the service manually. If you do not want the WAS profile to be a service, then remove it. RAD requires removing the service A \""Windows\"" and WAS service FYI: If you want to keep the WAS profile as a service (assuming its not used by RAD), and don't want the startServer or startNode or startManager commands to use the Windows service on startup then change it to \""disabled\"" instead of \""manual\"" in Windows. Windows services have four startup types: - Automatic: it is started by the Windows O/S at system bootup. - Automatic (delayed start) \""NEW\"": it is started by the Windows O/S at system boot""},{""char_end"":3816,""char_start"":2850,""chunk_id"":""12177a7d4ff796670cbb2724c3a2740e3ae5f6e49f46c83fdea643f08a178388"",""document_id"":""techqa-doc:corpus/swg1PI33944.txt"",""filename"":""swg1PI33944.txt"",""rank"":8,""text"":""* When the WASService.exe or wasservicehelper.bat command is used to create a Windows service, and the name specified for the service includes a blank space, the Windows Services Panel will not detect that the process has started if we start the server process from the command line. For instance, if a service for the deployment manager is created with \""Deployment Manager\"" specified as the service name, then the service will not be used when using the startManager.bat or the startServer.bat commands. The following error will be seen in the cmd window and in the startServer.log file: ADMU7713E: WASService command for server dmgr failed. Unexpected exit code 3 from running C:\\IBM\\WebSphere\\AppServer\\bin\\WASService.exe -status Manager The deployment manager server will start, but it will not be connected to the Windows service. PROBLEM CONCLUSION * The code was updated to fix this issue. The fix for this APAR is currently targeted for inclusion in fix pack""},{""char_end"":979,""char_start"":0,""chunk_id"":""81bfb6175a4a33e1dead82fdda36c89c4ecb35d2346d60185b2b4b9a46e1eb4c"",""document_id"":""techqa-doc:corpus/swg1IZ76060.txt"",""filename"":""swg1IZ76060.txt"",""rank"":9,""text"":""Title: IBM IZ76060: REMOTE USER GETS DISCONNECTED FROM OBJECTSERVER WHEN LOCAL USER LOGS OFF FROM WINDOWS EVEN IF OBJECTSERVER IS MANAGED BY PA - United States Text: SUBSCRIBE You can track all active APARs for this component. APAR STATUS * CLOSED AS SUGGESTION FOR FUTURE RELEASE. ERROR DESCRIPTION * When ObjectServer is started by PA, if a user logs off from this host, the ObjectServer stops momentarily and gets started by the PA an instant later, however, as a result the remote users get disconnected from the ObjectServer and they need to log back on again. Steps: 1. Register NCO Process Agent to Services 2. Make sure OMNIbus Object Server process is NOT running as a Service 3. Start PA as a Service 4. Start ObjectServer via nco_pa_start.exe -process MasterObjectServer or via Admin GUI 5. Connect to this ObjectServer from a remote machine and make sure it's connected 6. Log off from the local Windows machine where the ObjectServer is running (make sure to log off""},{""char_end"":3582,""char_start"":2812,""chunk_id"":""5558b91d81d2f6439932941c3b943652f061be6c67cdab05ae89ecab85bd576c"",""document_id"":""techqa-doc:corpus/swg21632223.txt"",""filename"":""swg21632223.txt"",""rank"":10,""text"":""a default profile exists and you wish to use it, the -profileName parameter is not required. [exec] Result: 1 [exec] Current profile - wp_profile ======================================== CAUSE The Dmgr is not started during the upgrade, so the installation process cannot connect to it. RESOLVING THE PROBLEM 1. If using a remote Dmgr, be sure it is started prior to attempting the upgrade. 2. If using a local Dmgr and Installation Manager requires you to stop it prior to attempting the upgrade, follow these steps: a. Verify the Dmgr profile name by navigating to the Dmgr's AppServer/bin folder and execute this command: ./manageprofiles.sh|bat -listProfiles b. Pass in the correct Dmgr profile name according to the installation option you are using: http://www-10.""}]",phase03-sufficiency-annotation-v1,f2fe3f7f29b834d78fd7c79bf4d4a94faee43c658d89c48e386854123066802b,,,,
phase03-semantic-confirmation-blinded-v1,c541f3e374a74cf62d42b4b8b06414531bcf5b5f93eb155ead991b2255673098,51,TRAIN_Q324,validation,bm25,5,"Help with Security Bulletin: A security vulnerability has been identified in WebSphere Application Server shipped with IBM Business Monitor (CVE-2015-0138)

I need to understand details regarding Security Bulletin: A security vulnerability has been identified in WebSphere Application Server shipped with IBM Business Monitor (CVE-2015-0138). Where can I find this information? ",answerable_with_reference,"CVEID: CVE-2015-0138 [http://cve.mitre.org/cgi-bin/cvename.cgi?name=CVE-2015-0138]

DESCRIPTION: A vulnerability in various IBM SSL/TLS implementations could allow a remote attacker to downgrade the security of certain SSL/TLS connections. An IBM SSL/TLS client implementation could accept the use of an RSA temporary key in a non-export RSA key exchange ciphersuite. This could allow a remote attacker using man-in-the-middle techniques to facilitate brute-force decryption of TLS/SSL traffic between vulnerable clients and servers. 
This vulnerability is also known as the FREAK attack.

CVSS Base Score: 4.3
CVSS Temporal Score: See https://exchange.xforce.ibmcloud.com/#/vulnerabilities/100691 [https://exchange.xforce.ibmcloud.com/#/vulnerabilities/100691] for the current score
CVSS Environmental Score*: Undefined
CVSS Vector: (AV:N/AC:M/Au:N/C:N/I:P/A:N)","[{""char_end"":3156,""char_start"":2637,""chunk_id"":""dcc31badc096022909e0660326de3eb7a55f99aaeebe5d9a61f79e71c7d79115"",""document_id"":""techqa-doc:corpus/swg21701544.txt"",""filename"":""swg21701544.txt"",""rank"":1,""text"":""[IBMサイト] この文書は、米国 IBM 社の資料を翻訳した参考文書です。翻訳元の文書は、以下のリンクよりご参照ください。 Security Bulletin: A security vulnerability has been identified in WebSphere Application Server shipped with IBM Business Monitor (CVE-2015-0138) [http://www.ibm.com/support/docview.wss?uid=swg21700865] Security Bulletin: Vulnerability with RSA Export Keys may affect IBM WebSphere Application Server (CVE-2015-0138) [http://www.ibm.com/support/docview.wss?uid=swg21698613] [CVSS情報] 独立行政法人 情報処理推進機構: 共通脆弱性評価システムCVSS概説 [http://www.ipa.go.jp/security/vuln/CV""},{""char_end"":997,""char_start"":0,""chunk_id"":""7ed68dc768929f0cb84b865e88748f85d4e6db0a8611676f16e794558ec30d23"",""document_id"":""techqa-doc:corpus/swg21700865.txt"",""filename"":""swg21700865.txt"",""rank"":2,""text"":""Title: IBM Security Bulletin: A security vulnerability has been identified in WebSphere Application Server shipped with IBM Business Monitor (CVE-2015-0138) - United States Text: SECURITY BULLETIN SUMMARY WebSphere Application Server is shipped as a component of IBM Business Monitor. Information about a security vulnerability affecting WebSphere Application Server has been published in a security bulletin. VULNERABILITY DETAILS CVEID: CVE-2015-0138 [http://cve.mitre.org/cgi-bin/cvename.cgi?name=CVE-2015-0138] DESCRIPTION: A vulnerability in various IBM SSL/TLS implementations could allow a remote attacker to downgrade the security of certain SSL/TLS connections. An IBM SSL/TLS client implementation could accept the use of an RSA temporary key in a non-export RSA key exchange ciphersuite. This could allow a remote attacker using man-in-the-middle techniques to facilitate brute-force decryption of TLS/SSL traffic between vulnerable clients and servers. This vulnerability is also known""},{""char_end"":971,""char_start"":0,""chunk_id"":""5218b3f0f7538f5a7edd9b5cd9c847bca964f26ff9d9bb35617d3ac9f77d225e"",""document_id"":""techqa-doc:corpus/swg21959326.txt"",""filename"":""swg21959326.txt"",""rank"":3,""text"":""Title: IBM Security Bulletin: A security vulnerability has been identified in IBM WebSphere Application Server shipped with IBM Business Monitor (CVE-2015-1920) - United States Text: SECURITY BULLETIN SUMMARY IBM WebSphere Application Server is shipped as a component of IBM Business Monitor. Information about a security vulnerability affecting WebSphere Application Server has been published in a security bulletin. VULNERABILITY DETAILS Consult the security bulletin Security Bulletin: Security Vulnerability in IBM WebSphere Application Server (CVE-2015-1920) [http://www-01.ibm.com/support/docview.wss?uid=swg21883573] for vulnerability details and information about fixes. AFFECTED PRODUCTS AND VERSIONS IBM Business Monitor V8.5.5 and V8.5.6 IBM Business Monitor V8.0.1.3 IBM Business Monitor V7.5.1.2 WebSphere Business Monitor V7.0.0.5 GET NOTIFIED ABOUT FUTURE SECURITY BULLETINS Subscribe to My Notifications [ http://www-01.ibm.com/software/support/einfo.html""},{""char_end"":982,""char_start"":0,""chunk_id"":""73b5430da6ece51e4636b39afaa5797dfd527d8e7efd940c3004b18b6db734d8"",""document_id"":""techqa-doc:corpus/swg21959335.txt"",""filename"":""swg21959335.txt"",""rank"":4,""text"":""Title: IBM Security Bulletin: A security vulnerability has been identified in IBM WebSphere Application Server shipped with IBM Business Monitor (CVE-2015-4000) - United States Text: SECURITY BULLETIN SUMMARY IBM WebSphere Application Server is shipped as a component of IBM Business Monitor. Information about a security vulnerability affecting IBM WebSphere Application Server has been published in a security bulletin. VULNERABILITY DETAILS Consult the security bulletin Security Bulletin: Vulnerability with Diffie-Hellman ciphers may affect IBM WebSphere Application Server (CVE-2015-4000) [http://www-01.ibm.com/support/docview.wss?uid=swg21957980] for vulnerability details and information about fixes. AFFECTED PRODUCTS AND VERSIONS IBM Business Monitor V8.5.5 and V8.5.6 IBM Business Monitor V8.0.1.3 IBM Business Monitor V7.5.1.2 GET NOTIFIED ABOUT FUTURE SECURITY BULLETINS Subscribe to My Notifications [ http://www-01.ibm.com/software/support/einfo.html] to be notified""},{""char_end"":1014,""char_start"":0,""chunk_id"":""5bf4e3d8041ad5c0f06c11657d1132207dc55f19204701ac53961ff92eb7e5ce"",""document_id"":""techqa-doc:corpus/swg22016089.txt"",""filename"":""swg22016089.txt"",""rank"":5,""text"":""Title: IBM Security Bulletin: A security vulnerability has been identified in IBM WebSphere Application Server shipped with IBM Business Monitor (CVE-2017-1743) - United States Text: SECURITY BULLETIN SUMMARY IBM WebSphere Application Server is shipped as a component of Business Monitor. Information about a security vulnerability affecting WebSphere Application Server has been published in a security bulletin. VULNERABILITY DETAILS Consult the Security Bulletin Security Bulletin: Vulnerabilities in Disclosure in WebSphere Application Server (CVE-2017-1743) [http://www-01.ibm.com/support/docview.wss?uid=swg24044794] for vulnerability details and information about fixes. AFFECTED PRODUCTS AND VERSIONS * IBM Business Monitor V8.5.5, V8.5.6 and V8.5.7 * IBM Business Monitor V8.0.1.3 * IBM Business Monitor V8.0 Principal Product and Versions Affected Supporting Product and Versions IBM Business Monitor V8.5.7 WebSphere Application Server V8.5.5 IBM Business Monitor V8.5.6 WebSphere Application Server V8.""}]",phase03-sufficiency-annotation-v1,f2fe3f7f29b834d78fd7c79bf4d4a94faee43c658d89c48e386854123066802b,,,,
phase03-semantic-confirmation-blinded-v1,ea77747b0de49b82be6e2195345691f6c93d335ca296da0c9eab88f19de5283e,52,DEV_Q282,train,hybrid,3,"Does the IBM Netcool Omnibus ServiceNow Gateway support Geneva Release ?

Users of this gateway are asking if we support the latest release of ServiceNow Geneva instance?",answerable_with_reference,Enhancement to allow the gateway to accommodate a change in REST API behavior between ServiceNow versions Eureka/Fiji compared to Geneva.,"[{""char_end"":911,""char_start"":0,""chunk_id"":""1360e492380f1d77c1994f75f896a80c3b56877779d2a5085f220fb160979baf"",""document_id"":""techqa-doc:corpus/swg21978428.txt"",""filename"":""swg21978428.txt"",""rank"":1,""text"":""Title: IBM Tivoli Netcool/OMINbus Java Gateway for ServiceNow (nco_g_servicenow-3_0) - United States Text: release notice; downloads; Netcool/OMNIbus Java Gateway for ServiceNow; nco_g_servicenow NEWS ABSTRACT This new gateway will be ready for downloading on November 24, 2016. CONTENT This version addresses the following enhancement requests: * RFE 85941: Enhancement to add HTTP proxy support. New property updated to specify the HTTP proxy with optional port. * RFE 88118: Enhancement to allow the gateway to accommodate a change in REST API behavior between ServiceNow versions Eureka/Fiji compared to Geneva. You can download the installation package from the IBM Passport Advantage website: www.ibm.com/software/howtobuy/passportadvantage/pao_customers.htm [http://www.ibm.com/software/howtobuy/passportadvantage/pao_customers.htm] You can access the latest version of the guide written for this gateway""},{""char_end"":1616,""char_start"":783,""chunk_id"":""8464d22a269b131b7b15be6448f57ab24507b865e4612ff5db50f66514157469"",""document_id"":""techqa-doc:corpus/swg1IZ51252.txt"",""filename"":""swg1IZ51252.txt"",""rank"":2,""text"":""to get updated to reflect this support. The Integration Wiki at https://w3.tap.ibm.com/w3ki/display/integrations/Netcool+OMNIBus [https://w3.tap.ibm.com/w3ki/display/integrations/Netcool+OMNIBus] +Gateway+Integrations says ... except Remedy Express we support 7.1 and 7.0 on Linux. IBM Tivoli Netcool OMNIbus Gateway Tier 2 Gateway for Remedy ARS TroubleTicket ARS 6.3 , 7.0 and 7.1 nco-g-remedy Solaris, HP-UX, AIX, Linux, Windows \""The Gateway for Remedy ARS converts alerts into Remedy help desk trouble tickets. Trouble tickets are updated, according to a predefined mapping throughout the lifetime of the alert. Remedy Express(Magic Servicedesk) is not supported via this Gateway . There are no plans of supporting Remedy Express \"" The gateway read me says ... The default installation supports Remedy 6.3 for Linux and Remedy 7.""},{""char_end"":983,""char_start"":0,""chunk_id"":""0ab801d050f35d9f3767328a4f15e1085b1115489d81bb29fe1125cb6123f080"",""document_id"":""techqa-doc:corpus/swg21617318.txt"",""filename"":""swg21617318.txt"",""rank"":3,""text"":""Title: IBM Netcool/OMNIbus Integrations Release Notice - Gateway Ticketing Abstraction Layer For AmdocsCRM (gateway-libtal-4_0) - United States Text: support package; ticketing abstraction layer; TAL; library; Gateway Ticketing Abstraction Layer For AmdocsCRM; downloads; release notice; gateway-libtal-4_0 NEWS ABSTRACT A new version of the Netcool/OMNIbus Gateway Ticketing Abstraction Layer (TAL) support package will be available to download from November 30, 2012. This version of the support package is for use with the Gateway for AmdocsCRM only. CONTENT The support package has been repackaged to coincide with the release of Netcool/OMNIbus V7.4. The new package is functionally identical to the old package; it is only the licensing that has changed. Additional information may be found in the announcement letter US reference 212-459 dated November 27, 2012. You can download the installation package from the IBM Passport Advantage website: www.ibm.com/software/howtobuy/""}]",phase03-sufficiency-annotation-v1,f2fe3f7f29b834d78fd7c79bf4d4a94faee43c658d89c48e386854123066802b,,,,
phase03-semantic-confirmation-blinded-v1,4203bbb3b6d7e6096c3f94335d8088f97e8e7ccefe63d8e7f2e7677eede4acfd,53,TRAIN_Q029,validation,bm25,5,"TWS / DWC and WebSphere 8.5.5.4+

WebSphere for TWS & DWC were upgraded to 8.5.5.4 on most servers in a particular environment. However, any TWS servers that still had 8.5.5.2, could no longer be seen by the new DWC / WAS 8.5.5.4 servers. Those lower WAS version engines could not be added to the DWC.

Errors seen are:

     AWSUI0833E The operation could not be completed. There has been a communication failure. 
     The internal message is: AWSJCO005E WebSphere Application Server has given the following error: Error getting WsnNameService properties. 

What is the reason?",answerable_with_reference,DWC 9.3 is packaged with WAS 8.5.5.4 and due to known vulnerabilities has SSLV3 disabled. However TWS 9.2 and earlier versions use SSLv3 by default and so the DWC 9.3 cannot connect,"[{""char_end"":824,""char_start"":0,""chunk_id"":""7e5babd00d302c9e27831459de43769c8229aca2b1d37baf4f15e90445d1171e"",""document_id"":""techqa-doc:corpus/swg1IV43935.txt"",""filename"":""swg1IV43935.txt"",""rank"":1,""text"":""Title: IBM IV43935: AWSBIO027E OBJECT NOT FOUND ERROR WHEN USING DWC OR CONMAN TO RETRIEVE JOB PROPERTIES FROM AN ALTERNATE PLAN - United States Text: SUBSCRIBE You can track all active APARs for this component. APAR STATUS * CLOSED AS PROGRAM ERROR. ERROR DESCRIPTION * Using TWS 8.6.0.02 and DWC 8.6.0.02 when using an Alternate Plan, if you select Job -> More Options -> Properties the following error is returned: . AWSUI0833E The operation could not be completed. There has been a communication failure. The internal message is: AWSJSY101E The Symphony plan operation \""readFromScribner\"" could not be completed because the requested Symphony plan object was not found. The internal error message is: \""AWSBIO027E The object \""TWD90016\"" could not be found.\"". . Also, from conman: . $ conman \""set 1 & sj mdm00_da00#0AAAAAAAA""},{""char_end"":888,""char_start"":0,""chunk_id"":""587f969ddc6e1279d6df5c06c2228a21237337b903391ac01cb829c12bfc3e0b"",""document_id"":""techqa-doc:corpus/swg21883616.txt"",""filename"":""swg21883616.txt"",""rank"":2,""text"":""Title: IBM AWSJCO005E and AWSZAP006E Event rule errors with SSL certificates - United States Text: TDWC; DWC; authentication SSL TECHNOTE (TROUBLESHOOTING) PROBLEM(ABSTRACT) While creating an event rule to add a jobstream to a z/OS master from TDWC the following error is shown: \""AWSJCO005E WebSphere Application Server has given the following error: Error getting WsnNameService properties.\"" SYMPTOM The following error is displayed when attempting to create an event rule using the AddJobStream event from Dynamic Workload Console (DWC) for a z/OS Master: AWSZAP006E Triggered action \""AddJobStream\"" was not completed successfully. Reason: \""AWSJCS011E An internal error has occurred. The error is the following: \""Authentication Failed\"".\"" CAUSE One possible cause is that there is not a Trusted Certificate between the IBM Workload Scheduler (IWS) Master Domain Manager (MDM) and the DWC.""},{""char_end"":820,""char_start"":0,""chunk_id"":""631d3e84ab5e044ea8d1ad9ecd2209746580a34d43422ac63c6c7d94a2fbfa90"",""document_id"":""techqa-doc:corpus/swg21656307.txt"",""filename"":""swg21656307.txt"",""rank"":3,""text"":""Title: IBM AWSUI0766E and AWSUI0833E messages trying to connect a DWC to a TWSz controller - United States Text: 5697WSZ01 TIVOWEBUI subsystem mismatch TECHNOTE (TROUBLESHOOTING) PROBLEM(ABSTRACT) Trying to connect a TDWC to a controller and getting internal message EQQX145E CAUSE TWSz server task is running a different TWSz release than the controller is running DIAGNOSING THE PROBLEM Messages seen in DWC: AWSUI0766E Test connection to [TWSR] : failed. AWSUI0833E The operation could not be completed. There has been a communication failure. The internal message is: EQQX145E THE SUBSYSTEM PROGRAM IS NOT OF THE CORRECT RELEASE RESOLVING THE PROBLEM The EQQX145E message is the key- it indicates that the TWSz server task is not running the same release of TWSz as the controller task to which it connects. This was""},{""char_end"":744,""char_start"":0,""chunk_id"":""a9d46192c04606e75bd4477168de95dec998331984b58f904a4e6d8828473f25"",""document_id"":""techqa-doc:corpus/swg21964202.txt"",""filename"":""swg21964202.txt"",""rank"":4,""text"":""Title: IBM How Connect TDWC 9.3 to TWS Engine lower level release - United States Text: dwc 93; connect; SSL ; TLS TECHNOTE (TROUBLESHOOTING) PROBLEM(ABSTRACT) DWC 9.3 users cannot connect to TWS Engine lower level releases (8.5.1 until 9.2) SYMPTOM Unable to connect to TWS 8.5.1 ,8.6 or 9.1/9.2 from DWC 9.3. Check the WAS SystemOut.log for error : SSL0080E: javax.net.ssl.SSLHandshakeException - The client and server could not negotiate the desired level of security. Reason: Server chose SSLv3, but that protocol version is not enabled or not supported by the client. javax.net.ssl.SSLHandshakeException: Server chose SSLv3, but that protocol version is not enabled or not supported by the client. CAUSE DWC 9.3 is packaged with WAS 8.5.5.""},{""char_end"":1279,""char_start"":583,""chunk_id"":""66403e8ae062802a8df69d68ceef0cab75185e4441cf3f9f12f6d140da553fee"",""document_id"":""techqa-doc:corpus/swg21964202.txt"",""filename"":""swg21964202.txt"",""rank"":5,""text"":""ssl.SSLHandshakeException: Server chose SSLv3, but that protocol version is not enabled or not supported by the client. CAUSE DWC 9.3 is packaged with WAS 8.5.5.4 and due to known vulnerabilities has SSLV3 disabled. However TWS 9.2 and earlier versions use SSLv3 by default and so the DWC 9.3 cannot connect RESOLVING THE PROBLEM You can solve this problem by configuring your TWS engines to use TLS instead of SSL : Backup and edit : TWA_HOME/WAS/TWSProfile/config/cells/TWSNodeCell/security.xml Find sslProtocol and change \""SSL_TLS\"" to \""TLS\"" Find ssl.protocol and change value=\""SSL\"" to value=\""TLS\"" Backup and edit : TWA_HOME/WAS/TWSProfile/properties/ssl.client.props Find com.ibm.ssl.protocol=""}]",phase03-sufficiency-annotation-v1,f2fe3f7f29b834d78fd7c79bf4d4a94faee43c658d89c48e386854123066802b,,,,
phase03-semantic-confirmation-blinded-v1,c7a84d3c55d37b56dd7998ba961955bd34afc681c042aa22f3213583b0e02c08,54,TRAIN_Q161,train,dense,1,"Problems making XA connection from WMQ to WAS using a CCDT



We have applications hosted on WAS 7.0.0.27. We have two hubs in Websphere MQ end. Hub1 queue manager and Hub2 queue manager.

We have 3 QCF's configured at WAS end as mentioned below

    jms/QM using a CCDT file pointing to a queue manager group.

    jms/QM01 using a direct connection to hub1 queue manager

    jms/QM02 using a direct connection to hub2 queue manager

We have 2 separate sync mdb listeners that connect using QCFs jms/QM01 and jms/QM02. We are using QCF jms/QM to put messages in MQ.

While processing sync messages out listeners are going down.

Please advise.",answerable_with_reference,The use of the Client Channel Definition Table (CCDT) with XA connections is not supported.,"[{""char_end"":1041,""char_start"":0,""chunk_id"":""38e5c4b75213788c6d75851f204b1762f241c63faeaf8497dbb00f3124d557ee"",""document_id"":""techqa-doc:corpus/swg27020701.txt"",""filename"":""swg27020701.txt"",""rank"":1,""text"":""Title: IBM Using a CCDT file to connect to WebSphere MQ multi-instance queue managers from WebSphere Application Server - United States Text: WHITE PAPER ABSTRACT The objective of this technical document is to describe in detail how to exploit from the WebSphere Application Server the connection to Multi-Instance Queue Managers in MQ, by using an MQ \""Client Channel Definition Table\"" (CCDT). The MQ 7.0.1 JMS client introduced also the feature \""automatic client reconnection\"", which is used on JMS standalone applications, but it is not used when running a JMS application within an application server. Instead, the automatic retry mechanisms for Listener Ports and Activation Specifications are used. One way to configure the WebSphere Application Server to work with multi-instance queue managers is by using an MQ \""Client Channel Definition Table\"" (CCDT). Note: XA is not supported during automatic client reconnect CONTENT The chapters of this document are: Chapter 1: Prerequisites (Sample MDB, userid with proper authority, CCDT file""}]",phase03-sufficiency-annotation-v1,f2fe3f7f29b834d78fd7c79bf4d4a94faee43c658d89c48e386854123066802b,,,,
phase03-semantic-confirmation-blinded-v1,50ae6701b1a8701eb64dc5f49cb92b023a2b1088e90b6c9e5ec6f9b0ff6ee80a,55,DEV_Q271,train,hybrid,5,"Problem with Postal database in Parascript

 Hi

i am working with Parascript and i have installed successfully in my local system by folloing this guide [ Parascript FieldScript for Taskmaster Guide ]

here i can able to create vocabulary file, but storing multiple values into this the values are overridden and i do not understand how to create a postal database and access it

is that postal database is separate component ,,?? do we need to get somewhere and install ,,? they just mention in Guide the use of actions only

and does this parascript really helps to get better recognize.",answerable_with_reference,"The address information in the USPS database on the data disk is automatically disabled 105 days after the date of issue. IBM refreshes the data disk on the 14th day of every month, or the previous business day. You must ensure that you obtain the refreshed data from Passport Advantage on a regular schedule so that you avoid issues that are associated with disabled address information.","[{""char_end"":990,""char_start"":0,""chunk_id"":""f65a4755f59258f47d9ee25e5c9d86fee18d121e84604f4a11929b3ba790ce2b"",""document_id"":""techqa-doc:corpus/swg24031674.txt"",""filename"":""swg24031674.txt"",""rank"":1,""text"":""Title: IBM Download Parascript FieldScript for IBM Datacap Taskmaster Capture V8.0.1, V8.1.0, and IBM Datacap V9.0.0. - United States Text: DOWNLOADABLE FILES ABSTRACT This document contains information about obtaining Parascript FieldScript for IBM Datacap Taskmaster Capture Versions 8.0.1 and 8.1.0, and for IBM Datacap Version 9.0.0. DOWNLOAD DESCRIPTION Parascript FieldScript for IBM Datacap Versions 8.0.1, 8.1.0, and 9.0.0, and the associated data disk that contains the United States Postal Service (USPS) database are available for download only through Passport Advantage. The address information in the USPS database on the data disk is automatically disabled 105 days after the date of issue. IBM refreshes the data disk on the 14th day of every month, or the previous business day. You must ensure that you obtain the refreshed data from Passport Advantage on a regular schedule so that you avoid issues that are associated with disabled address information. PREREQUISITES See""},{""char_end"":992,""char_start"":0,""chunk_id"":""7bc80f0d7dae52f79ab44ad5c5a2d2574b272fb4b0b4b3e61c5f1e7b0a4e37e8"",""document_id"":""techqa-doc:corpus/swg21479635.txt"",""filename"":""swg21479635.txt"",""rank"":2,""text"":""Title: IBM How to set up data for multiple response sets in PASW Statistics - United States Text: TECHNOTE (FAQ) QUESTION I am using PASW Statistics and need some help. I know that I want to use a multiple response set in my data but I am unsure on how to set it up. Do I use one variable and put and all values in the one cell or many variables with one value each? ANSWER When designing your data file for a multiple response set, create a variable for each question or data point. For example, if you want to have a multiple response set created for 10 questions, you should create a variable for each question. Then you would go to Analyze->Multiple response->Define Sets or Analyze->Tables->Multiple Response Sets. For information on how to create the multiple response set, consult the SPSS User's Guide on the Manual's CD or the SPSS Base online Help RELATED INFORMATION Need more help? Our Statistics forum is Live! [https://developer.ibm.com/answers/topics/statistics.html?smartspace""},{""char_end"":745,""char_start"":0,""chunk_id"":""15b355144a5ac5c6f1aee26227de7a666c1ef6fa25d652871b2655282f249a2a"",""document_id"":""techqa-doc:corpus/swg27035840.txt"",""filename"":""swg27035840.txt"",""rank"":3,""text"":""Title: IBM To run Parascript FieldScript V8.0.1 with Datacap Taskmaster Capture V8.1.0 or Datacap V9.0.0, you must update the ICR_P.rrx file - United States Text: RELEASE NOTES ABSTRACT You must modify the header information in the ICR_P.rrx file to run Parascript V8.0.1 with Datacap Taskmaster Capture V8.1.0 or Datacap V9.0.0. CONTENT After you install Parascript FieldScript V8.0.1, you must edit the ICR_P.rrx file to run the product with Datacap Taskmaster Capture V8.1.0 or Datacap V9.0.0: 1. Navigate to the <Datacap_Installation>\\RRS directory and open the ICR_P.rrx file with a text editor. 2. In the header information of the RRX file, replace instances of rrunner.rrx with rrunner. 3. Replace instances of recog_shared.rrx with recog""},{""char_end"":2133,""char_start"":1922,""chunk_id"":""1aa73ad8e10b811462a00d78b979147d790b1f83fab700101d842ecac63a6595"",""document_id"":""techqa-doc:corpus/swg21520396.txt"",""filename"":""swg21520396.txt"",""rank"":4,""text"":""1 then begin #POSTAL_CODE = rs.getString(\""CITY_NAME\""); // this function allows to retrieve data from DB columns end HISTORICAL NUMBER PRI7797 PRODUCT ALIAS/SYNONYM Gentran Integration Suite All Releases SCI92964""},{""char_end"":585,""char_start"":0,""chunk_id"":""731f1d30244b9129eadf74ff14337df1185bb2f16189db3d8ae7964de7751d28"",""document_id"":""techqa-doc:corpus/swg21514851.txt"",""filename"":""swg21514851.txt"",""rank"":5,""text"":""Title: IBM Parascript (ICR/P) actions not recognized after upgrading to IBM Datacap Taskmaster Capture 8.0.1 - United States Text: Parascript icr/p icrp icr TECHNOTE (TROUBLESHOOTING) PROBLEM(ABSTRACT) After upgrading a Datacap Taskmaster application to 8.0.1, Parascript (ICR/P) actions are missing and the ICR_p actions library is missing. CAUSE Due to both licensing and technical issues, Parascript is not certified or shipped with 8.0.1. It is tentatively planned for addition to a future release. RESOLVING THE PROBLEM Rewrite the application to use the Recostar (ICR/C) actions.""}]",phase03-sufficiency-annotation-v1,f2fe3f7f29b834d78fd7c79bf4d4a94faee43c658d89c48e386854123066802b,,,,
phase03-semantic-confirmation-blinded-v1,4e64a67487b8dfebb5442192ec0214c3e4192ae973826d38f507e560967bfb62,56,TRAIN_Q314,train,hybrid,1,"how to Configure the server to only accept strong encryption protocols such as TLS1.1?

how to Configure the server to only accept strong encryption protocols such as TLS1.1?",answerable_with_reference,"For all releases and versions of Apache based IBM HTTP Server, IBM recommends disabling SSLv3: 


Add the following directive to the httpd.conf file to disable SSLv3 and SSLv2 for each context that contains ""SSLEnable"":

# Disable SSLv3 for CVE-2014-3566
# SSLv2 is disabled in V8R0 and later by default, and in typical V7
# and earlier configurations disabled implicitly when SSLv3 ciphers 
# are configured with SSLCipherSpec.
SSLProtocolDisable SSLv3 SSLv2

Stop and restart IHS for the changes to take affect.","[{""char_end"":711,""char_start"":0,""chunk_id"":""04962c73df500601987c7e05114396d65624c90d312129208cee49601b60445a"",""document_id"":""techqa-doc:corpus/swg21984313.txt"",""filename"":""swg21984313.txt"",""rank"":1,""text"":""Title: IBM How to Configure Sterling Connect:Direct Server Adapter with TLS1.1 as Security Protocol in SB2Bi 5.2.5.0_x? - United States Text: Sterling Connect:Direct Server Adapter; TLS1.1; Sterling Connect:Direct Node TECHNOTE (FAQ) QUESTION How to Configure Sterling Connect:Direct Server Adapter with TLS1.1 as Security Protocol in SB2Bi 5.2.5.0_x? ANSWER It is not possible to configure Sterling Connect:Direct Server Adapter with TLS1.1 option in SB2Bi 5.2.5.0_x. It offers SSL, TLS1.0 & TLS.12 as options. However, SB2Bi 5.2.6.0 offers TLS1.1 option in Sterling Connect:Direct Server Adapter as well as Sterling Connect:Direct Node. Precisely, Protocol options in 5.2.6.0 fixpack release are TLS1.0, TLS1.""}]",phase03-sufficiency-annotation-v1,f2fe3f7f29b834d78fd7c79bf4d4a94faee43c658d89c48e386854123066802b,,,,
phase03-semantic-confirmation-blinded-v1,c9f93ebfb6bcf557f8b972e2c17a99c23dea1d339e15e54cffb8b719e0d9e8e0,57,TRAIN_Q456,train,dense,3,"zonecfg error while starting nodeagent and dmgr



I saw zonecfg error while starting nodeagent and dmgr in solaris server

My env is Oracle Solaris 11.2 SPARC, and WAS is 8558, jave 1.7. [1/22/16 21:31:18:379 AEDT] 00000001 SystemOut O java.lang.Exception: command /usr/sbin/zonecfg failed with 1 at com.ibm.ws.xd.agent.hypervisor.SolarisHypervisor.executeCommand(SolarisHypervisor.java:357) at com.ibm.ws.xd.agent.hypervisor.SolarisHypervisor.access$100 (SolarisHypervisor.java:30) at com.ibm.ws.xd.agent.hypervisor.SolarisHypervisor$Zone.processZoneCfg(SolarisHypervisor.java:570) at com.ibm.ws.xd.agent.hypervisor.SolarisHypervisor$Zone.(SolarisHypervisor.java:461) at com.ibm.ws.xd.agent.hypervisor.SolarisHypervisor ..... Is that normal behavior and what's the exactly meaning of the error?",answerable_with_reference,When WebSphere Application Server is run as a non-root user it will not be able to run native commands. This limited access causes the exceptions.,"[{""char_end"":865,""char_start"":0,""chunk_id"":""7600b258949bfe8f386f4c708c0d4b97f681cfa88d3daec0f285333b47d2e416"",""document_id"":""techqa-doc:corpus/swg21626683.txt"",""filename"":""swg21626683.txt"",""rank"":1,""text"":""Title: IBM Exceptions starting WAS 8.5 as non root user on Solaris - United States Text: TECHNOTE (TROUBLESHOOTING) PROBLEM(ABSTRACT) You notice the exceptions below at start up. SYMPTOM Exception: command /usr/sbin/zonecfg failed with 1 and FFDC Exception:java.lang.Exception SourceId:com.ibm.ws.xd.vv.nodedetect.NetworkInterfaceUtil.getMacAddresses ProbeId:2 java.lang.Exception: dlopen() returned error; rc=128 CAUSE When WebSphere Application Server is run as a non-root user it will not be able to run native commands. This limited access causes the exceptions. RESOLVING THE PROBLEM To resolve the problem, run WebSphere Application Server under a root user. If the environment is not virtualized, that is if Solaris zones are not being used then the errors can be ignored as these will only occur at start up and will not affect a non-virtualized environment""},{""char_end"":2811,""char_start"":2089,""chunk_id"":""edeb9a29a6b9378cd46fb8a0185c1b44767ede33f34e816ba869407274bb0be1"",""document_id"":""techqa-doc:corpus/swg21920407.txt"",""filename"":""swg21920407.txt"",""rank"":2,""text"":"".java:152)| at com.datamirror.ts.commandlinetools.config.TsConfigurationTool.startTool (TsConfigurationTool.java:95)| at com.datamirror.ts.commandlinetools.config.TsConfigurationTool.main(TsConfigurationTool.java:82) CAUSE The configuration of Solaris OSLC (i.e., Oracle Solaris Legacy Containers, also known as Zones) does not allow \""df -k\"" command to return a valid output. ENVIRONMENT CDD for Oracle 10.2.1 was installed in Solaris OSLC (i.e., Oracle Solaris Legacy Containers, also known as Zones) DIAGNOSING THE PROBLEM Execute the df-k (i.e., \""df -k <path> | cat\"" in case the platform is Sun) to see whether or not a valid output is returned. If the target storage area cannot be detected, it may indicate that there""},{""char_end"":5804,""char_start"":5049,""chunk_id"":""ab146fb1be7d122f7131d4b06c146848be27ec4bc3fae115c4d7ca532d1df586"",""document_id"":""techqa-doc:corpus/swg21989440.txt"",""filename"":""swg21989440.txt"",""rank"":3,""text"":""Solaris contains a Java JDK that is too old to support the SPARC T5 processor, which was introduced in 2013. ENVIRONMENT Solaris on a machine with SPARC T5 processors. It is unknown whether the problem occurs on processor models later than the T5. DIAGNOSING THE PROBLEM The problem is indicated if the install log contains the following output from the attempt to invoke the startServer.sh script: 2016-06-27T10:27:10.128, INFO: CDIIN2753I:Command Array: /ds01/IBM/WebSphere/AppServer/profiles/InfoSphere/bin/startServer.sh server1, env = null, workingDir =null 2016-06-27T10:28:21.643, INFO: CDIIN2808I: Return: # # A fatal error has been detected by the Java Runtime Environment: # # Internal Error (output.cpp:1576), pid=788, tid=25 # guarantee((int)(""}]",phase03-sufficiency-annotation-v1,f2fe3f7f29b834d78fd7c79bf4d4a94faee43c658d89c48e386854123066802b,,,,
phase03-semantic-confirmation-blinded-v1,ff2d03882c5c6452efa48d7d276ec76cfd0238755fe3a6730b259e12ca9bb407,58,TRAIN_Q080,train,dense,1,"Help with Action required for IIB H.E. V9 and WMB H.E. V8 for security vulnerabilities in Red Hat Linux (CVE-2011-5320, CVE-2017-15670, CVE-2017-15671, CVE-2017-15804)

I need to understand details regarding Action required for IBM Integration Bus Hypervisor Edition V9.0 and WebSphere Message Broker Hypervisor Edition V8.0 for security vulnerabilities in Red Hat Linux. Where can I find this information? ",answerable_with_reference,"IBM strongly recommends that you contact Red Hat to obtain and install fixes for Red Hat Enterprise Linux (RHEL) Server 6.2, as applicable","[{""char_end"":896,""char_start"":0,""chunk_id"":""2716ad0492df190295172a8fbe8f27ca0932d860955b9ed22c32919c36327bf4"",""document_id"":""techqa-doc:corpus/swg22011754.txt"",""filename"":""swg22011754.txt"",""rank"":1,""text"":""Title: IBM Action required for IBM Integration Bus Hypervisor Edition V9.0 and WebSphere Message Broker Hypervisor Edition V8.0 for security vulnerabilities in Red Hat Linux - United States Text: IIB WMB FLASH (ALERT) ABSTRACT IBM Integration Bus Hypervisor Edition V9.0 and WebSphere Message Broker Hypervisor Edition V8.0 require customer action for security vulnerabilities in Red Hat Linux CONTENT IBM Integration Bus Hypervisor Edition V9.0 and WebSphere Message Broker Hypervisor Edition V8.0 ship with Red Hat Enterprise Linux (RHEL) Server 6.2 which is vulnerable to CVE-2017-16546 Remediation: IBM strongly recommends that you contact Red Hat to obtain and install fixes for Red Hat Enterprise Linux (RHEL) Server 6.2, as applicable. Cross reference information Segment Product Component Platform Version Edition Business Integration WebSphere Message Broker Hypervisor Edition Linux 8.0""}]",phase03-sufficiency-annotation-v1,f2fe3f7f29b834d78fd7c79bf4d4a94faee43c658d89c48e386854123066802b,,,,
phase03-semantic-confirmation-blinded-v1,5b38674729527e3366c81e26192268e145eedd6513fca1d57e0cbe141262a1c6,59,TRAIN_Q118,train,hybrid,5,"Installation of Portal 7.0 CF fails with version mismatch



Installation of Portal 7.0 CF fails with message,

""Profile version is not the same as portal binary version before updating portal binary.""",answerable_with_reference,"To update a profile after an upgrade, the following command can be used to update profiles that are not included in AutoUpdateMultipleProfiles. All profiles that were not included in AutoUpdateMultipleProfiles need to be updated after the upgrade is done. All profiles must be at the same level for future upgrades to be applied. See the following link for multiple profiles Supporting multiple profiles: wp7 [http://www-10.lotus.com/ldd/portalwiki.nsf/dx/Supporting_multiple_profiles_wp7].
   
   <wp_profile_root>/PortalServer/bin/UpdateProfile.bat|.sh install CF","[{""char_end"":1000,""char_start"":0,""chunk_id"":""5a55d998f0fd30523dc5ef39e27eed231f923b845b3ea38f4e039700580a2b65"",""document_id"":""techqa-doc:corpus/swg21677833.txt"",""filename"":""swg21677833.txt"",""rank"":1,""text"":""Title: IBM Installation of Portal CF fails with version mismatch - United States Text: upgrade; cf; version mismatch TECHNOTE (TROUBLESHOOTING) PROBLEM Installation of Portal CF fails with message, \""Profile version is not the same as portal binary version before updating portal binary.\"" SYMPTOM Installation of a Portal cumulative fix fails CAUSE The Portal binaries and the Portal profile are at different versions. ENVIRONMENT Portal 7.0x AIX DIAGNOSING THE PROBLEM In this case, the upgrade-profile task was ran in 2012 after the CF14 was applied. However, in May 2013 the ConfigTrace.log shows no indication of the upgrade-profile task being executed after CF21 was applied. This indicates the Portal binaries may have been upgraded to CF21 but the Portal profile remained at CF14. You can also compare the versions in the wps.properties files: <portal_profile_root>/PortalServer/wps.properties and <portal_root>/wps.properties RESOLVING THE PROBLEM Upgrade the Portal profile by running... <wp_""},{""char_end"":1965,""char_start"":1166,""chunk_id"":""20ce6262edd0175e1cf6f9cc74f31602da533691f8e49bccef25fa24596a7ff9"",""document_id"":""techqa-doc:corpus/swg21585265.txt"",""filename"":""swg21585265.txt"",""rank"":2,""text"":""insta ll.log for error details. chmod -R 550 /usr/WebSphere7/PortalServer done! UpdateInstaller.puiReturnCode is 9 End of [ ./updatePortal.sh ] ============================= A similar error can be seen in the ConfigTrace.log as well. CAUSE This issue occurs when the user has done the following: - Installed Portal as a binary installation - Upgraded Portal to v7001 + any CF - Created a profile (or migrated) - Updated the wps.properties with the new profile information - Attempted to upgrade to v7002 The first step for any fixpack installation is to remove all fixes and cumulative fixes. The CF uninstall fails in this case and that is why the fixpack fails. The CF uninstall fails because of a defect in the Portal Update Installer that prevents any fix or CF from uninstalling cleanly when it""},{""char_end"":1169,""char_start"":0,""chunk_id"":""9833caf6d3f3c564aa6994562e83e1ef098b41f00bae05c85b26ac18412394f7"",""document_id"":""techqa-doc:corpus/swg21621811.txt"",""filename"":""swg21621811.txt"",""rank"":3,""text"":""Title: IBM Cumulative fix upgrade fails on secondary node with \""Installation Manager cannot add feature Portal Server Profile\"" - United States Text: cf upgrade fails; silent install failture; silent cf install TECHNOTE (TROUBLESHOOTING) PROBLEM Cumulative fix upgrade fails on secondary node with \""Installation Manager cannot add feature Portal Server Profile\"" SYMPTOM During steps to install Cumulative fix in IBM Installation Manager, the following error is encountered: ERROR: Installation Manager cannot add feature Portal Server Profile during the Update or Rollback. CAUSE This exception is generated when attempting a silent install of the cumulative fix to a binary install of Portal. IBM Installation Manager does not register that a profile exists and because this is an update, adding the feature portal.profile is not allowed thus the exception is thrown and the upgrade is unable to proceed. ENVIRONMENT Portal 8.0 + Cumulative fix DIAGNOSING THE PROBLEM Reviewing the sample response file that comes with the cumulative fix, we can see that the portal.profile is to be added <offering id='com.ibm.websphere.PORTAL.SERVER.v80' profile='IBM WebSphere Portal""},{""char_end"":2667,""char_start"":1768,""chunk_id"":""c1084469dd1c1ceda7fa2a4b281efd5317b5cb23a8176a6bc070f61bae6022f7"",""document_id"":""techqa-doc:corpus/swg21585265.txt"",""filename"":""swg21585265.txt"",""rank"":4,""text"":""install fails in this case and that is why the fixpack fails. The CF uninstall fails because of a defect in the Portal Update Installer that prevents any fix or CF from uninstalling cleanly when it was originally installed on a binary install. This will be fixed in a later version of the Portal Update Installer. RESOLVING THE PROBLEM If you encounter this exception, you must take the following steps to resolve it: 1. Edit the PortalServer/wps.properties file 2. Remove the ProfileName and ProfilePath parameters from it. 3. Manually uninstall the cumulative fix(es) you have applied 4. If the following file still exists after the CF uninstall, manually remove it: PortalServer/installer/wp.config/config/includes/preconfig_cumulative_fix.xml 5. Edit the PortalServer/wps.properties file again and add ProfileName and ProfilePath back to the file. 6. Reattempt the 7002 fixpack installation. * *""},{""char_end"":1036,""char_start"":0,""chunk_id"":""e0df935b9c4459aa50c7785fee1c6c2a2c91da42da41acb8e698b6186f7bfa59"",""document_id"":""techqa-doc:corpus/swg21685680.txt"",""filename"":""swg21685680.txt"",""rank"":5,""text"":""Title: IBM Base version of Portal 8.5 install fails noting a cumulative fix conflict during silent install - United States Text: base install fails; CF conflict TECHNOTE (TROUBLESHOOTING) PROBLEM Attempts to install the Base version of Portal 8.5 using a response file fails as it notes that the cumulative fix fails as it requires the Base version SYMPTOM The IBM Installation Manger throws the following exception: This Cumulative Fix requires that IBM WebSphere Portal Server version 8.5.0.0 be previously installed. You must first install the base release and then update it with the Cumulative Fix. You cannot install them at the same time. CAUSE The class that triggers the message about not being able to install a CF is found in a plugin shipped with each install image: wp.im.wpcf.warning_8.5.0.<qualifier>.jar (The qualifier is different in each image and is based on the date the jar was built.) The version of this plugin shipped with CFs should trigger the message whereas the version shipped with the base v8.5 code should""}]",phase03-sufficiency-annotation-v1,f2fe3f7f29b834d78fd7c79bf4d4a94faee43c658d89c48e386854123066802b,,,,
phase03-semantic-confirmation-blinded-v1,e39c182f6e31eaf3db78b5a93a2fe7be12801abd1f5926ed99c076a38e060f27,60,DEV_Q063,validation,bm25,10,"Hide a page in dotedit step

 I am working on datacap 8.1 version. I have 2 pages in a batch. Page 1 with status as 1, Page 2 with status as 20. Both are of same page type. In verification step (dotedit) I want to hide the page which is with status 20. I have given status 20 in ignored page status in web administrator for verify. But still when I navigate through pages in dotedit batch view the respective panel is loading. I am able to submit the batch even if I have one page in a batch with 20 as status.

Is there any way to delete the page (we have multiple same type of pages in a batch) from dotedit based on the page status? ",answerable_with_reference,The DeleteChildType from the Validations library can be used by running it from the parent of the object to be deleted and specifying the specific child.,"[{""char_end"":1482,""char_start"":645,""chunk_id"":""cc701b2531bd2f73098534c18ca1e789af8bc7126558ee61513fbc4aab83eab8"",""document_id"":""techqa-doc:corpus/swg1IO22832.txt"",""filename"":""swg1IO22832.txt"",""rank"":1,""text"":""2-Datacap-WIN-FP002&source=SAR] APAR STATUS * CLOSED AS PROGRAM ERROR. ERROR DESCRIPTION * 1. Desktop / FixUp task - Right-Click and select \""DELETE document\"" in batch view and notice it does not delete document/image - Incongruous feature In DotEdit, (or Verify mode in Desktop) you mark the page for deletion and the page's status is changed to reflect that. The right click menu does not belong in the batchview when in scan/fixup panels are up in Desktop.. 2. Datacap Desktop does not show page sequence.- Unavailable feature In 8.1 you can specify PageType or Sequence for DotScan, but not in DotEdit. 3. Not able to use CTRL to highlight multiple documents and pages in DC Desktop 9.0.- Unavailable feature In Dotscan you can use CTRL button to select multiple documents and pages LOCAL FIX PROBLEM SUMMARY * ***********************""},{""char_end"":941,""char_start"":0,""chunk_id"":""ac3db65268b2560e1199e4656a406aab24dd98e24112ab57fccfc8f388742e5a"",""document_id"":""techqa-doc:corpus/swg21659926.txt"",""filename"":""swg21659926.txt"",""rank"":2,""text"":""Title: IBM Custom DotEdit verification panels behave differently after applying IBM Datacap Taskmaster Capture 8.1.0 fixpack 2 - United States Text: fp2; doteditpanels; fix pack; upgrade TECHNOTE (TROUBLESHOOTING) PROBLEM(ABSTRACT) After applying fixpack 2 (fp2) for Datacap 8.1.0, controls on custom DotEdit panels are not reset like they were in previous versions and code in the form_load event is not executing. CAUSE Prior to fixpack 2, whenever navigating to a new page in Verify, the verification form was unloaded and then reloaded completely. This caused some memory problems and DotEdit crashes in cases where many page types existed. As a result of the fix for APAR IO19832, when navigating between pages if the page type is the same or both pages use the same DotEdit panel, the form will not be unloaded. Instead, only the text property of the controls will be updated with data from the new page. So, if any other properties of""},{""char_end"":1520,""char_start"":592,""chunk_id"":""666e9e95f6f919d51ebfbb4c68d2d8b2f440292a5c04bd31fe7ecbf9b0b9ee10"",""document_id"":""techqa-doc:corpus/swg1IY44760.txt"",""filename"":""swg1IY44760.txt"",""rank"":3,""text"":""to be a way to trace the pkmslogout form. . Also, customer is having the same issue for pkmspasswd: . The portal page is going to be our intranet page and we do not want the end users seeing any of the \""ugly\"" WebSeal screens. We have a couple ways of resolving this. . One is that we simply \""pretty\"" up the html pages provided with WebSeal. But this still requires us to use those html pages, meaning they will look distinct from the rest of the portal even if we try to make them look similar. . Two is that we use the WebSeal commands within the portal architecture. (I am about to get technical) I have a login portlet that simply displays login.jsp as its view. In this page, I get a parameter from the request object called \""status\"". This parameter tells me what part of the process I am dealing with. For example, when the portlet loads on the unauthenticated portal page, the \""status\"" is null and therefore the page loads""},{""char_end"":874,""char_start"":0,""chunk_id"":""5e51a573882fca86a73a851ed61720026b436f48391c7a3d1ee31221e6ec443f"",""document_id"":""techqa-doc:corpus/swg21684970.txt"",""filename"":""swg21684970.txt"",""rank"":4,""text"":""Title: IBM How to use the DotEdit Review, Rescan, and Delete buttons in IBM Datacap Taskmaster Capture - United States Text: DotEdit; DotScan; dotscanfixup; review; rescan; delete; dotedit TECHNOTE (FAQ) QUESTION In DotEdit, how do I use the Review, Rescan, and Delete buttons in IBM Datacap Taskmaster Capture? CAUSE DotEdit does not manage page Review, Rescan, or Delete. It sets the status to 79, 70, and 74 respectively. Additional configuration is needed in an application to add functionality for these buttons. ANSWER For Review and Rescan, configure the job to route the batch to a Fixup task where an operator can perform the desired functions. After adding the task in Taskmaster Web Administrator, configure it as follows: 1. In the settings, copy the dotscanfixup.exe.set.xml from the \\Datacap\\ProgramSet folder to the dco folder of the application. Rename it as""},{""char_end"":3181,""char_start"":2218,""chunk_id"":""a4975401b7ed63f138e491c0a7d18beea5db67dc94fb04c33a432a51851bb91c"",""document_id"":""techqa-doc:corpus/swg27050692.txt"",""filename"":""swg27050692.txt"",""rank"":5,""text"":""page up in the batch structure Ctrl + . Move the page down in the batch structure Ctrl + 1 Submit Ctrl + 2 Hold Ctrl + 5 Go to the previous page in the batch structure Ctrl + 6 Go to the next page in the batch structure Ctrl + 7 Go to the previous error page in the batch structure Ctrl + 8 Go to the next error page in the batch structure Ctrl + 9 Show and switch the super variable in the image viewer title Ctrl + F1 Expand or collapse the node to show or hide the child node in a batch structure Ctrl + F2 Copy a page into the current document Ctrl + F3 Split the document in the batch structure Ctrl + F8 Join all documents with the first document Ctrl + F9 Check the integrity of the batch structure Ctrl + I Mark the page for rescan Ctrl + Q Mark the page or document status to Deleted or Problem Ctrl + V Mark the page or document for review Ctrl + Y Join the current document to the previous document Table 5: Keyboard shortcuts for the Datacap Navigator""},{""char_end"":821,""char_start"":0,""chunk_id"":""12d4c1670176e5ce4e1f20342caa29eb4ced1d29a7654cc5cb7a6a81c05419f3"",""document_id"":""techqa-doc:corpus/swg22010133.txt"",""filename"":""swg22010133.txt"",""rank"":6,""text"":""Title: IBM “Mark for Delete” action in FixUp sets the status as Overridden instead of Deleted - United States Text: TECHNOTE (TROUBLESHOOTING) PROBLEM(ABSTRACT) When selecting \""Mark for Delete\"" action on a page in FixUp panel, the page's status is \""Overridden\"" instead of \""Deleted\"". SYMPTOM 1. Launch the Datacap Navigator and log in with admin and admin's password. 2. Allow \""Mark for Delete\"" in FixUp or Verify task in Datacap administration view. 3. Click a Fixup task and the Fixup panel appears. 4. Select a page in Batch structure and select Actions -> Mark for Delete. 5. The page's status becomes \""Overridden\"" instead of \""Deleted\"". CAUSE The reason that a page becomes \""Overridden\"" after \""Mark for Delete\"" in \""Fixup\"" panel is that in the Fixup task, the \""Ignored pages status\"" is: 0,2, and \""2\"" means \""Overridden\"".""},{""char_end"":679,""char_start"":0,""chunk_id"":""8bdbcb7a8454c518c8b520e15e78261054397c413c25d477d7f4b7f8565cf113"",""document_id"":""techqa-doc:corpus/swg21965750.txt"",""filename"":""swg21965750.txt"",""rank"":7,""text"":""Title: IBM DotEdit Click'n'Key Populating from Preceding Page in IBM Datacap Taskmaster Capture - United States Text: TECHNOTE (TROUBLESHOOTING) PROBLEM(ABSTRACT) In DotEdit, when selecting text on one page, then selecting another page, the data from the first page is still populated in the second page's fields in IBM Datacap. SYMPTOM The second page's fields, actually belong to the first page. CAUSE The page having the issue (eg. second page) does not have a CCO file in the batch folder. RESOLVING THE PROBLEM Verify that each page displayed to a Verify user has a CCO file (a page data file). Recog_Shared > AnalyzeImage action will resolve the issue if used on each page.""},{""char_end"":985,""char_start"":0,""chunk_id"":""d729821fb34a8c929c82573c3753d422b7d0a90c68e05f44c083ab334368e871"",""document_id"":""techqa-doc:corpus/swg21509510.txt"",""filename"":""swg21509510.txt"",""rank"":8,""text"":""Title: IBM How to delete a document hierarchy node in IBM Datacap Taskmaster Capture - United States Text: dco document hierarchy node delete remove hide blank page TECHNOTE (FAQ) QUESTION How do I delete a document hierarchy node, such as a blank page, so that it no longer processes rules or appears in a batchview listing? CAUSE It is sometimes desired to remove pages or documents from a batch, as they are no longer needed or to simplify processing for a Verify operator. ANSWER The DeleteChildType from the Validations library can be used by running it from the parent of the object to be deleted and specifying the specific child. For example, to remove blank pages from a batch: 1. Create a special page type attached at the batch level called something like DeleteMe. 2. Use an action like BlankPagesIDBySize to identify the blank page: * BlankPagesIDBySize (1000,DeleteMe) 3. Create a rule with the action DeleteChildType(DeleteMe) and attach it at the batch level to have it""},{""char_end"":1051,""char_start"":0,""chunk_id"":""b29e3cdb1fa12cf69e49d897d362f04c5d06f5aa9d42e4b06cee2ba70be23bfa"",""document_id"":""techqa-doc:corpus/swg27045562.txt"",""filename"":""swg27045562.txt"",""rank"":9,""text"":""Title: IBM Setting a variable in DotEdit to prevent Image View from returning focus to the first page (Main_Page) - United States Text: DotEdit Image View focus jumping to first page; 112573; DotEdit Image View page changing when the field is clicked PRODUCT DOCUMENTATION ABSTRACT By default, the Image View panel in DotEdit automatically puts focus on the first page (the main page) of a multiple-page document if the operator clicks a field that is associated with the main page. When you click a field on a trailing page and the field is associated with the main page, or the field does not have a zone location, focus jumps back to the first page. To keep focus on the current page, you can specify a setting to prevent focus from automatically returning to the first page. CONTENT About this task You can add a new variable (hr_SyncImg) that works hierarchically in the document hierarchy level that you want. You can set the variable at the field level, page level, document level, or batch level. This variable can be defined at a parent level""},{""char_end"":2995,""char_start"":1994,""chunk_id"":""4a16f47703b2201323c4de3d9588339097aeebecfa15f569df266942d1e39970"",""document_id"":""techqa-doc:corpus/swg1PK11593.txt"",""filename"":""swg1PK11593.txt"",""rank"":10,""text"":""that uses this method and we have real applications affected by this problem. Could you give us estimation about the time needed to solve this problem? It's very important for us in order to think any alternative solution. NB: We have also tested this application in a standard WAS 5.1 (Windows 2000 operating system) and the problem appears too, then we think that the problem is in the JSF implementation more than in RAD. Engineers Research: Using the customer project as attached the problem is reproducible. I can see that if I activate the page 1 button I correctly go to page 2 and then if I do the same in page 2 I appear to freeze in page 2. When I debugged this myself there appears to be 3 iterations in this loop it does go back and forward between pages on these occasions and the facesContext.setViewRoot(newView) of the gotoPage method is cycled through three times. This is also irrespective of what page I start on, if I start in page 2 it works the first time and then this behaviour""}]",phase03-sufficiency-annotation-v1,f2fe3f7f29b834d78fd7c79bf4d4a94faee43c658d89c48e386854123066802b,,,,
phase03-semantic-confirmation-blinded-v1,b23999c6d02d6b7127402bbbb63303989206e9f1c397ba642a55dd62ccd45265,61,TRAIN_Q067,validation,hybrid,5,"ODM 8.7 TeamServer users active authoring rules and they get kicked out - transaction timeout or session timeout?

Some of my users are being kicked out of TeamServer while actively authoring rules. What value would be controlling this behavior? Session timeout is at it's default 30 minutes. Does transaction timeout come in to play here or is there a different setting that might be causing this. Thanks. ",answerable_with_reference,"If you perform time consuming operations in large repositories, you can increase the timeout value in the web.xml file of the RTS/DC EAR file (jrules-teamserver-<appserver>.ear\teamserver.war\WEB-INF) by changing the value of the property ilog.rules.teamserver.transaction.timeout.","[{""char_end"":1648,""char_start"":624,""chunk_id"":""ec3cbf47811fde07bbdcdc05a7048da4df1d52355fc61c11097a9b0cc80544ea"",""document_id"":""techqa-doc:corpus/swg1HD59502.txt"",""filename"":""swg1HD59502.txt"",""rank"":1,""text"":""time-out parameter 3300000. When you activate an application and start some interaction it appears to respect the time-out. Log files will be attached when they have cleared our security process. We cannot stabilize our production environment with this type of application behavior that does not correspond with the configuration that we have put in place. . ORBIX timeout at the site is set to 55 minutes. Sessions are timing out in 20 minutes. What is controlling this unconfigured time-out. User cannot save work after timeout, resulting in hunderds of hours of lost time due to rework. 'Server Manager Session Timeout retreived from environments variables:3300000 ms' and 'CATSrvKeepAlive is defined' appears in the trace files. At the time of this report our time-out was set to 55 minutes. The documented procedure was followed for implementing this change. As you can tell in our log files, this is the time being reported by the server. At this time, we have increased our time out to 5 hours. . The server, which we""},{""char_end"":1136,""char_start"":0,""chunk_id"":""ce342ae64d28e4865e62a8d7bae51beef5111ae43f4ee0f142e6db6dbd766a56"",""document_id"":""techqa-doc:corpus/swg21580847.txt"",""filename"":""swg21580847.txt"",""rank"":2,""text"":""Title: IBM What is the session timeout policy for the Atlas application? - United States Text: TECHNOTE (FAQ) QUESTION What is the session timeout policy for the Atlas application? ANSWER By default the application server session timeout is configured to be 60 minutes. For customers using the NTLM or Siteminder single sign-on type of authentication, there is usually an additional authentication session timeout that comes into play before the application server timeout is ever reached. This timeout is often shorter than 60 minutes, which can cause some confusion with users of the application. The authentication session timeout is under the control of customers' corporate IT groups, so it's not something that is configured as part of the application. If a user is inactive for a period of time that exceeds the authentication session timeout, that user will be forced to authenticate again when getting back to the application. If the user stopped accessing the application on a screen where data needs to be saved and a timeout occurs, that person will lose the data on the screen. We recommend for customers using NTLM or Site""},{""char_end"":1524,""char_start"":721,""chunk_id"":""012a9b1f40e87427f6747a4492d9acff8495c6694b3c0f2fda2fab1c1046692f"",""document_id"":""techqa-doc:corpus/swg22010714.txt"",""filename"":""swg22010714.txt"",""rank"":3,""text"":""to time out at 10 minutes. ANSWER This is working as designed. Please take a look at the documentation of the Session Timeout for Partner creation, which points out this behavior: https://www.ibm.com/support/knowledgecenter/SS4TGX_2.2.0/com.ibm.help.sfg_route_prov.doc/SFGCreatePartner.html [https://www.ibm.com/support/knowledgecenter/SS4TGX_2.2.0/com.ibm.help.sfg_route_prov.doc/SFGCreatePartner.html] Snippet: Session Timeout (in minutes) Number of minutes of inactivity before session ends. Default is 15. To change the default, System Administrators can edit the customer_overrides.properties file. Note The actual timeout value your partner experiences will always be slightly shorter than the value you set. For example, the default value 15 results in an actual session timeout of 14 minutes. If""},{""char_end"":843,""char_start"":0,""chunk_id"":""41c759c5e96844da1c6e2864e58525f38e26265ef0e3549e20169caa2599732e"",""document_id"":""techqa-doc:corpus/swg21994238.txt"",""filename"":""swg21994238.txt"",""rank"":4,""text"":""Title: IBM B2B Advanced Communication User Interface Unexpectedly Timing Out - United States Text: timeout; b2bac TECHNOTE (TROUBLESHOOTING) PROBLEM(ABSTRACT) While working in the IBM B2B Advanced Communications (B2BAC) user interface (UI) random timeouts are experienced SYMPTOM When the user is kicked out of the UI they are returned to the login screen. The timeouts are random, sometimes within a few minutes/seconds regardless is the user is idle or actively working As of release 1.0.0.5 there is no user adjustable timeout setting The informational member log may contain timeout exceptions such as: [10/27/16 15:11:05:114 EDT] 000032db com.ibm.tenx.ui.servlet.PageServlet E GORCR9999E: None: Your session has expired due to inactivity. Click OK to continue. com.ibm.tenx.ui.gwt.shared.service.ServiceException: Your session has expired""},{""char_end"":1064,""char_start"":0,""chunk_id"":""326dcd0a1df150d477ccfba6a421e52b43a3338205705ee1a5f444ae0ea1bb90"",""document_id"":""techqa-doc:corpus/swg21427869.txt"",""filename"":""swg21427869.txt"",""rank"":5,""text"":""Title: IBM Problem setting session timeout value for IBM InfoSphere Information Server - United States Text: session timeout; LTPA token timeout TECHNOTE (TROUBLESHOOTING) PROBLEM(ABSTRACT) Setting the session timeout value in the IBM Information Server Web Console is not having the intended effect. SYMPTOM Timeout after 10 minutes regardless of global session timeout setting. RESOLVING THE PROBLEM Problem in the InfoSphere Information Server authentication module, so that the user will be logged out once the WebSphere security cache timeout is reached. By default, the WebSphere security cache timeout is10 minutes, so the user will be logged out after being inactive for over 10 minutes. This timeout is not a precise setting, the cache maybe valid for a longer time, so user may not see the timeout occur at precisely 10 minutes. The workaround is that the user has to increase this value so that it is bigger than ASBSession timeout. If either WebSphere security cache timeout or LTPA token timeout or ASBSession timeout, the user will be logged out. The""}]",phase03-sufficiency-annotation-v1,f2fe3f7f29b834d78fd7c79bf4d4a94faee43c658d89c48e386854123066802b,,,,
phase03-semantic-confirmation-blinded-v1,4e9ee4c950327a999930081b729b7734b15d10c1f7b07932c311ba2bf9c14415,62,DEV_Q040,validation,dense,1,"Why Plug-in log file reports an error message after install & configure the WebSphere Plugin 8.5 version on a Apache 2.4 webserver.



During web server start-up, errors like the following will be logged into the Plug-in log file (http_plugin.log):

ERROR: lib_security: loadSecurityLibrary: Failed to load gsk library from /opt/IBM/WebSphere/Plugins/gsk8/gsk8_64 ERROR: ws_transport: transportInitializeSecurity: Unable to load security library ERROR: ws_server: serverAddTransport: Failed to initialize security ERROR: ws_server: serverAddTransport: HTTPS Transport is skipped

Note: This is after install & configure the WebSphere Plugin 8.5 version on a Apache 2.4 webserver  on a Linux platform",answerable_with_reference,"To resolve the problem, you must set the LD_LIBRARY_PATH environment variable to point to the library directory of the GSKit that comes with the IBM web server Plug-in. The precise directory location will depend of the version of Plug-in, and on the bit depth being used (32-bit or 64-bit).","[{""char_end"":1576,""char_start"":757,""chunk_id"":""079326fb4d77799b671d7ac08800af13070ddfb4cb00134bcfa60294d04b3c7d"",""document_id"":""techqa-doc:corpus/swg21600618.txt"",""filename"":""swg21600618.txt"",""rank"":1,""text"":""will be logged into the Plug-in log file (http_plugin.log): ERROR: lib_security: loadSecurityLibrary: Failed to load gsk library from /opt/IBM/WebSphere/Plugins/gsk8/gsk8_64 ERROR: ws_transport: transportInitializeSecurity: Unable to load security library ERROR: ws_server: serverAddTransport: Failed to initialize security ERROR: ws_server: serverAddTransport: HTTPS Transport is skipped RESOLVING THE PROBLEM To resolve the problem, you must set the LD_LIBRARY_PATH environment variable to point to the library directory of the GSKit that comes with the IBM web server Plug-in. The precise directory location will depend of the version of Plug-in, and on the bit depth being used (32-bit or 64-bit). For example..... If you installed the 32-bit Plug-in v7.0 and are using with a 32-bit Apache 2.2, use this: export LD""}]",phase03-sufficiency-annotation-v1,f2fe3f7f29b834d78fd7c79bf4d4a94faee43c658d89c48e386854123066802b,,,,
phase03-semantic-confirmation-blinded-v1,de21b212f6d430481a1e181159c75090caad41d23a59c824b2c72e23964d70af,63,TRAIN_Q131,train,bm25,5,"Is it possible to move all the P8 logs out of the default location?

We are looking to move all the P8 logs out of the default FileNet folder in Websphere. The trace log can be moved easily; however, the error log and PE logs also need to be moved. ",answerable_with_reference,Add the system property 'user.dir' in the JVM argument to the application server.,"[{""char_end"":1078,""char_start"":0,""chunk_id"":""2fa80616c41b1f8f973bca8dd26db899bbdf595c0da0b0c4e6bd2861f97adde5"",""document_id"":""techqa-doc:corpus/swg21682808.txt"",""filename"":""swg21682808.txt"",""rank"":1,""text"":""Title: IBM How to disable IBM FileNet P8 Content Engine (CE) server tracing completely and move both the error and trace logs output to another location. - United States Text: TECHNOTE (TROUBLESHOOTING) PROBLEM(ABSTRACT) Can I disable CE server traces completely and move both the error and trace log output to another location? SYMPTOM Content Engine trace does not appear to turn off and the P8 server error log output location cannot be changed. CAUSE Disablement of P8 server tracing only prevents the logging of DEBUG messages for the marked subsystems. INFO, WARN, and ERROR messages are unconditionally logged to both the p8 trace and error logs. Which may give the appearance that P8 Server tracing is still enabled. FileNet Enterprise Manager will only allow you to change the output location for the P8 server trace logs. ENVIRONMENT IBM FileNet Content Manager DIAGNOSING THE PROBLEM The P8 server trace is still being written to after disabling CE tracing. The business requires the P8 server error log to be written to another location besides the default directory""},{""char_end"":2058,""char_start"":1035,""chunk_id"":""b3a8cc3ecf6b7dfd6c5199c815045edeb1afb7b4ae1dfd52dbf3b47f41650a00"",""document_id"":""techqa-doc:corpus/swg21580178.txt"",""filename"":""swg21580178.txt"",""rank"":2,""text"":""_LOG \""HADR standby found bad log\"" CAUSE This can be explained with the following example: Lets say, on primary Log 5 is the first active log, and currently it has been archived after getting full. The current log that the primary is processing is Log 7. Now due to some network or other issues, the standby could not replay the records from Log 5, and it tried to fetch it from the primary's archive. However, in the meantime, the log 5 from primary's archive location was moved to some other backup location. In this case standby will not be able to form a pair with the primary, as it is looking for a log, which is not available. Even primary has no idea of where the log is, as it has been moved out of its active and archive locations. RESOLVING THE PROBLEM To resolve this situation, all the logs required by the standby could be copied to the primary's archive folder, and then HADR started. Standby would eventually catch up with the Primary, after replaying the old logs from Primary's archive. RELATED INFORMATION""},{""char_end"":3532,""char_start"":2618,""chunk_id"":""fe1f8cf466d5058ed918f8a7384b82cb68c735e31e35b01a5f9266e30970cce3"",""document_id"":""techqa-doc:corpus/swg21620473.txt"",""filename"":""swg21620473.txt"",""rank"":3,""text"":""log If you encounter an error during a validation task, install trace logs can also be located within the <USER_HOME> directory. They are moved to the PRODUCT_HOME\\logs directory during execution of the configuration step of the deployment. Default value for PRODUCT_HOME is /opt/IBM/SMP/logs directory. Example for USER_HOME is /root for user root If you encounter an error during a validation task, install trace logs can also be located within the /home/<USER_HOME> directory. They are moved to the PRODUCT_HOME\\logs directory during execution of the configuration step of the deployment. Default value for PRODUCT_HOME is /home/<USER_HOME>/SMP/logs directory IBM Tivoli Netcool/OMNIbus Unix IA-Netcool-OMNIbus-hostnameyyyymmddThhmmss- 0.log Location where the log file is stored when the product is installed by a root user. This is the home directory of the root user. In the file name, yyyymmddThhmmss is the""},{""char_end"":2858,""char_start"":1856,""chunk_id"":""dc864a1104e6551af3024ebc1022bd74d29b6bd91e36fe38bd1be3e7f4e2ab0d"",""document_id"":""techqa-doc:corpus/swg21620473.txt"",""filename"":""swg21620473.txt"",""rank"":4,""text"":""MDB, SRM etc Windows CTGInstallTrace00.log If you encounter an error during a validation task, install trace logs can also be located within the C:\\Documents and Settings\\Administrator directory. They are moved to the PRODUCT_HOME\\logs directory during execution of the configuration step of the deployment. Default value for PRODUCT_HOME is C:\\IBM\\SMP\\logs directory If you encounter an error during a validation task, install trace logs can also be located within the C:\\Documents and Settings\\<USER HOME> directory. They are moved to the PRODUCT_HOME\\logs directory during execution of the configuration step of the deployment. Default value for PRODUCT_HOME is C:\\IBM\\SMP\\logs directory TPAE based products like Maximo, CCMDB, SRM etc Unix CTGInstallTrace00.log If you encounter an error during a validation task, install trace logs can also be located within the <USER_HOME> directory. They are moved to the PRODUCT_HOME\\logs directory during execution of the configuration step of the deployment.""},{""char_end"":879,""char_start"":0,""chunk_id"":""690d2d782f5b46c53aa7f918d1f0ef48eb1eb22d2f582c029809fcfb048892f6"",""document_id"":""techqa-doc:corpus/swg21560134.txt"",""filename"":""swg21560134.txt"",""rank"":5,""text"":""Title: IBM Default logs directory setting changes in sandbox.cfg does not move all log files to the new directory - United States Text: STERLINGNFX TECHNOTE (TROUBLESHOOTING) PROBLEM(ABSTRACT) Default logs directory setting changes in sandbox.cfg does not move all log files to the new directory SYMPTOM When modifying the file 'sandbox.cfg' to set the parameter LOG_DIR to a new location and running 'setupfiles', the following log files are still written to the old location: SyncEngine.log UCCnet22.log UCCnetEdition.log access.log einvoicing.log jetspeed.log jetspeedservices.log torque.log turbine.log Error Message None recorded RESOLVING THE PROBLEM There are two distinct groups of logs included in the list that are not affected by the change to the 'sandbox.cfg' file. The first group consists of 'jetspeed.log', 'jetspeedservices.log', 'torque.log', 'turbine.log', and""}]",phase03-sufficiency-annotation-v1,f2fe3f7f29b834d78fd7c79bf4d4a94faee43c658d89c48e386854123066802b,,,,
phase03-semantic-confirmation-blinded-v1,8436887b262d9171520912230405dda37496f538d9d16535687e3d2e51e68d31,64,TRAIN_Q244,train,dense,5,"Help with Security Bulletin: Multiple vulnerabilities identified in IBM Java SDK affect WSRR Studio (CVE-2015-4872)

I need to understand details regarding Security Bulletin: Multiple vulnerabilities identified in IBM® Java SDK affect WebSphere Service Registry and Repository Studio (CVE-2015-4872). Where can I find this information? ",answerable_with_reference,"CVEID: CVE-2015-4872 [http://cve.mitre.org/cgi-bin/cvename.cgi?name=CVE-2015-4872]

DESCRIPTION: An unspecified vulnerability related to the Security component has no confidentiality impact, partial integrity impact, and no availability impact.
CVSS Base Score: 5
CVSS Temporal Score: See https://exchange.xforce.ibmcloud.com/vulnerabilities/107361 [https://exchange.xforce.ibmcloud.com/vulnerabilities/107361] for the current score
CVSS Environmental Score*: Undefined
CVSS Vector: (AV:N/AC:L/Au:N/C:N/I:P/A:N)","[{""char_end"":1030,""char_start"":0,""chunk_id"":""52781ededbe1c3cec7707f34c9ccabaf159ff75842885fc8d8be419baa27693c"",""document_id"":""techqa-doc:corpus/swg21681915.txt"",""filename"":""swg21681915.txt"",""rank"":1,""text"":""Title: IBM Security Bulletin: Multiple vulnerabilities have been identified in IBM WebSphere Application Server shipped with IBM WebSphere Service Registry and Repository - United States Text: SECURITY BULLETIN SUMMARY IBM WebSphere Application Server is shipped as a component of IBM WebSphere Service Registry and Repository. Information about the security vulnerabilities affecting IBM WebSphere Application Server has been published in a security bulletin. VULNERABILITY DETAILS Please consult the security bulletin Security Bulletin: Multiple vulnerabilities in IBM SDK for Java affect WebSphere Application Server July 2014 CPU [http://www-01.ibm.com/support/docview.wss?uid=swg21680418] for vulnerability details. The original vulnerability description contained in Security Bulletin: Multiple vulnerabilities in IBM SDK for Java affect WebSphere Application Server July 2014 CPU [http://www-01.ibm.com/support/docview.wss?uid=swg21680418] was missing the details for CVE-2014-3068. These details have now been added to the""},{""char_end"":1101,""char_start"":0,""chunk_id"":""db68705a9b8a75cf81ce748af315c87cfb735db76cf24ad405feaf3c61d68407"",""document_id"":""techqa-doc:corpus/swg21676772.txt"",""filename"":""swg21676772.txt"",""rank"":2,""text"":""Title: IBM Security Bulletin: Multiple vulnerabilities have been identified in IBM WebSphere Application Server shipped with IBM WebSphere Service Registry and Repository - United States Text: SECURITY BULLETIN SUMMARY IBM WebSphere Application Server is shipped as a component of IBM WebSphere Service Registry and Repository. Information about the security vulnerabilities affecting IBM WebSphere Application Server has been published in a security bulletin. VULNERABILITY DETAILS Please consult the security bulletin Security Bulletin: Multiple vulnerabilities in current IBM SDK for Java for WebSphere Application Server April 2014 CPU [http://www.ibm.com/support/docview.wss?uid=swg21673013] for vulnerability details. AFFECTED PRODUCTS AND VERSIONS Principal Product and Version(s) Affected Supporting Product and Version IBM WebSphere Service Registry and Repository 6.2 IBM WebSphere Application Server 6.1.0.17 IBM WebSphere Service Registry and Repository 6.3 IBM WebSphere Application Server 7.0.0.3 IBM WebSphere Service Registry and Repository 7.0 IBM WebSphere Application Server 7.0.0.7""},{""char_end"":1020,""char_start"":0,""chunk_id"":""f21a55595696ac48dc368a216739f708d1ac703eda3247a415f7a6f547f313b1"",""document_id"":""techqa-doc:corpus/swg21996778.txt"",""filename"":""swg21996778.txt"",""rank"":3,""text"":""Title: IBM Security Bulletin: Vulnerabilities identified in IBM WebSphere Application Server shipped with IBM WebSphere Service Registry and Repository (CVE-2016-5573, CVE-2016-5597) - United States Text: SECURITY BULLETIN SUMMARY IBM WebSphere Application Server is shipped as a component of IBM WebSphere Service Registry and Repository. Information about security vulnerabilities affecting IBM WebSphere Application Server has been published in a security bulletin. VULNERABILITY DETAILS Please consult the security bulletin: Security Bulletin: Multiple vulnerabilities in IBM® Java SDK affects WebSphere Application Server October 2016 CPU (CVE-2016-5573, CVE-2016-5597) [http://www.ibm.com/support/docview.wss?uid=swg21993440]. for vulnerability details and information about fixes. AFFECTED PRODUCTS AND VERSIONS Principal Product and Version(s) Affected Supporting Product and Version WebSphere Service Registry and Repository V8.5 WebSphere Application Server V8.5.5 WebSphere Service Registry and Repository V8.""},{""char_end"":958,""char_start"":0,""chunk_id"":""91e7cdea0b1bcb0a7d543a71e637f3c848c833498425dd03ee4109456091a744"",""document_id"":""techqa-doc:corpus/swg22007669.txt"",""filename"":""swg22007669.txt"",""rank"":4,""text"":""Title: IBM Security Bulletin: Multiple Vulnerabilities identified in IBM® Java SDK affect WebSphere Service Registry and Repository (CVE-2017-10102, CVE-2017-10116, CVE-2017-10115) - United States Text: SECURITY BULLETIN SUMMARY IBM WebSphere Application Server is shipped as a component of IBM WebSphere Service Registry and Repository. Information about security vulnerabilities affecting IBM WebSphere Application Server have been published in a security bulletin. These issues were disclosed as part of the IBM Java SDK updates in July 2017. VULNERABILITY DETAILS Please consult the security bulletin: http://www.ibm.com/support/docview.wss?uid=swg22007002 [http://www.ibm.com/support/docview.wss?uid=swg22007002] for vulnerability details and information about fixes. AFFECTED PRODUCTS AND VERSIONS Principal Product and Version(s) Affected Supporting Product and Version WebSphere Service Registry and Repository V8.5 WebSphere Application Server V8.5.""},{""char_end"":1029,""char_start"":0,""chunk_id"":""9813e7df6e7d6dbeff0855424138686fcf755185bdfa11115b4508942d505a37"",""document_id"":""techqa-doc:corpus/swg22007883.txt"",""filename"":""swg22007883.txt"",""rank"":5,""text"":""Title: IBM Security Bulletin: Multiple Security vulnerabilities have been identified in IBM Java SDK shipped with WebSphere Application Server Community Edition - United States Text: SECURITY BULLETIN SUMMARY IBM Java SDK is shipped as a component of WebSphere Application Server Community Edition 3.0.0.4. Information about multiple security vulnerabilities affecting IBM Java SDK have been published in a security bulletin. VULNERABILITY DETAILS Please consult the security bulletin Multiple vulnerabilities may affect IBM SDK, Java Technology Edition [http://www-01.ibm.com/support/docview.wss?uid=swg22006695] for vulnerability details and information about fixes. AFFECTED PRODUCTS AND VERSIONS WebSphere Application Server Community Edition 3.0.0.4 REMEDIATION/FIXES Principal Product and Version(s) Affected Supporting Product and Version WebSphere Application Server Community Edition 3.0.0.4 IBM SDK for Java 6 IBM SDK for Java 7 GET NOTIFIED ABOUT FUTURE SECURITY BULLETINS Subscribe to My Notifications [ http://www-01""}]",phase03-sufficiency-annotation-v1,f2fe3f7f29b834d78fd7c79bf4d4a94faee43c658d89c48e386854123066802b,,,,
phase03-semantic-confirmation-blinded-v1,d6755651745736cf541aefddc3ebcd2c8d671c419f47fc8dbcef8fa90e5de476,65,DEV_Q279,train,bm25,10,"Are there any known issue or limitation to LOAD data using ADMIN_CMD stored procedure?

Hello,

We have JDBC applications on WebShpere, LOAD data using ADMIN_CMD. Now, we are planning to use them under XA environment. Are there any known issue or limitation to LOAD data using ADMIN_CMD under XA environment?",answerable_with_reference,It is an known current limitation of DB2.,"[{""char_end"":2621,""char_start"":2055,""chunk_id"":""b318003c325cc7e85a583adee037221037d8a1863f9dbc1b219261506de17e25"",""document_id"":""techqa-doc:corpus/swg21988939.txt"",""filename"":""swg21988939.txt"",""rank"":1,""text"":""back SQL30090 error is standard behavior in XA environment. So ADMIN_CMD + LOAD does not work on XA. Workaround: Unfortunately, there is no way to do ADMIN_CMD + LOAD on XA. RELATED INFORMATION LOAD command using the ADMIN_CMD procedure [https://www.ibm.com/support/knowledgecenter/en/SSEPGG_10.5.0/com.ibm.db2.luw.sql.rtn.doc/doc/r0023577.html ] SQL30090N [https://www.ibm.com/support/knowledgecenter/en/SSEPGG_10.5.0/com.ibm.db2.luw.messages.sql.doc/doc/msql30090n.html ] A Japanese translation is available [http://www.ibm.com/support/docview.wss?uid=swg21996128]""},{""char_end"":568,""char_start"":0,""chunk_id"":""0f35501c368e85a9d5383316b38defac0559939cb10a5af712f719f3a50554a4"",""document_id"":""techqa-doc:corpus/swg21988939.txt"",""filename"":""swg21988939.txt"",""rank"":2,""text"":""Title: IBM ADMIN_CMD('load from ...') using JDBC in XA transaction gets SQL30090N - United States Text: TECHNOTE (FAQ) QUESTION Why does ADMIN_CMD('load from ...') using JDBC in XA transaction get SQL30090N? CAUSE It is an known current limitation of DB2. ANSWER Here is an example message from a jdbctrace.log ------------------- [jcc] BEGIN TRACE_DIAGNOSTICS [jcc][Thread:WebContainer : 0][SQLWarning@2cab0b03] java.sql.SQLWarning [jcc][Thread:WebContainer : 0][SQLWarning@2cab0b03][Sqlca@f3177864] DB2 SQLCA from server [jcc][Thread:WebContainer : 0][SQLWarning@2ca""},{""char_end"":2224,""char_start"":1489,""chunk_id"":""5fc05c9b93adc5379f5dd4d97c79c93b3a5740f9a2d43fb8bd249caa0a0a0b9e"",""document_id"":""techqa-doc:corpus/swg21988939.txt"",""filename"":""swg21988939.txt"",""rank"":3,""text"":""com.ibm.db2.jcc.am.SqlWarning: DB2 SQL Warning: SQLCODE=20397, SQLSTATE=01H52, SQLERRMC=SYSPROC.ADMIN_CMD;SQL30090;^@, DRIVER=4.19.49 ------------------- Symptoms: - It does not throw any exception and the application finished without any problem but the data is not actually loaded into the table. - If the same operation without XA transaction, it is succeeded and loaded data. - From jdbctrace, SQL20397W and SQL30090N are logged. The reason why: The cause of the problem is LOAD does internal commit near the beginning of operation. The load internal commit got back SQL30090 error is standard behavior in XA environment. So ADMIN_CMD + LOAD does not work on XA. Workaround: Unfortunately, there is no way to do ADMIN_CMD + LOAD on""},{""char_end"":2485,""char_start"":2108,""chunk_id"":""595113388f3a7a08eb86d3cf7980714aec99d4b7fc3bcca95f0b7a0495f9ae37"",""document_id"":""techqa-doc:corpus/swg21996128.txt"",""filename"":""swg21996128.txt"",""rank"":4,""text"":""きます。 将来のリリースにてデザイン変更を希望される場合には弊社担当営業へリクエストいただくことが可能です。 英語になりますが、お客様ご自身で機能拡張のリクエストがこちらのサイトから可能です https://www.ibm.com/developerworks/rfe/ [https://www.ibm.com/developerworks/rfe/] 関連情報 ADMIN_CMD('load from ...') using JDBC in XA transaction [http://www.ibm.com/support/docview.wss?uid=swg21988939] LOAD コマンド (ADMIN_CMD プロシージャーを使用) [https://www.ibm.com/support/knowledgecenter/ja/""},{""char_end"":1020,""char_start"":0,""chunk_id"":""990bd317c3e99ebc149a410ba83dbc2ad5569b61d313710369b744ab91e9fc6e"",""document_id"":""techqa-doc:corpus/swg21411572.txt"",""filename"":""swg21411572.txt"",""rank"":5,""text"":""Title: IBM How to change the JDBC connection from DB2 Universal JDBC driver Provider (XA) to regular DB2 Universal JDBC driver provider. - United States Text: TECHNOTE (FAQ) QUESTION In InfoSphere Warehouse, how can I change the JDBC connection from DB2 Universal JDBC Driver Provider (XA) to the regular DB2 Universal JDBC driver provider? CAUSE The default JDBC connection in WebSphere Application Servier is using the DB2 Universal JDBC Driver Provider (XA). When you use InfoSphere Warehouse features such as import or export on the database server, rather than import or export from the client, the runtime environment calls a stored procedure called ADMIN_CMD. This procedure is not compatible with XA transactions and will fail. That's why some customer has to change their JDBC connection from DB2 Universal JDBC Driver Provider (XA) to regular DB2 Universal JDBC driver provider, which is also called a non-XA provider. ANSWER To update the data source there are two configuration changes that you must make : 1""},{""char_end"":1961,""char_start"":1643,""chunk_id"":""b7f94ae9daf464ed4f17862609cc4f9fc5fb747b3f9f6f430b066e907d06084d"",""document_id"":""techqa-doc:corpus/swg21996128.txt"",""filename"":""swg21996128.txt"",""rank"":6,""text"":""、データはロードされません。 * XA 環境ではない場合には ADMIN_CMD('load from ...') は問題なく終了しデータはロードされます。 * jJDBC トレースを取得すると、上記の例のように 20397 (SQL20397W) と SQL30090 (SQL30090N) が書かれます。 原因: この症状は LOAD コマンドがその作業の最初の部分に内部的に commit を実施することに起因してます。 この LOAD コマンドの内部的な commit は XA 環境下では SQL30090N エラーを返します。 この期待される動作によって ADMIN_CMD('load from ...') は XA 環""},{""char_end"":2157,""char_start"":1890,""chunk_id"":""02845bb5e9331dae2ae31556509b626e40b1b1a3c5b5335422e20a2ad8fdf797"",""document_id"":""techqa-doc:corpus/swg21996128.txt"",""filename"":""swg21996128.txt"",""rank"":7,""text"":""下では SQL30090N エラーを返します。 この期待される動作によって ADMIN_CMD('load from ...') は XA 環境下では正常に動作しません。 回避策: 残念ながら、回避策はありません、XA 環境下で ADMIN_CMD('load from ...') を行うことはできません。 注: この挙動は将来断り無く変更されることがあります。このテックノートの内容が有効か否かは上記の手順を実行することにより確認できます。 将来のリリースにてデザイン変更を希望される場合には弊社担当営業へリクエストいただくことが""},{""char_end"":391,""char_start"":0,""chunk_id"":""b73ed368793955f0fc1e79b24cc5e2ab054214cd7386b5c4f7db3a42f7ba8927"",""document_id"":""techqa-doc:corpus/swg21996128.txt"",""filename"":""swg21996128.txt"",""rank"":8,""text"":""Title: IBM JDBC を利用した XA 環境下で ADMIN_CMD('load from ...') を実行すると SQL30090N が返る - United States Text: 技術情報(FAQS) 質問 なぜ JDBC を利用した XA 環境下で ADMIN_CMD('load from ...') を実行すると SQL30090N が返るのですか? 原因 既知の DB2 の制限事項です。 回答 以下は実行した際の JDBCトレース、jdbctrace.log の出力例です。 ------------------- [jcc] BEGIN TRACE_DIAGNOSTICS [jcc][Thread:WebContainer : 0][SQLWarning@2cab0b03] java.sql.SQLWarning [jcc][Thread:Web""},{""char_end"":1708,""char_start"":1312,""chunk_id"":""c9ff278df2a5a5d5400d9d9a9fcad0a5e2cbee53e0978a02bf16d79a43403b04"",""document_id"":""techqa-doc:corpus/swg21996128.txt"",""filename"":""swg21996128.txt"",""rank"":9,""text"":""3] Tokens = SYSPROC.ADMIN_CMD;SQL30090; [jcc][Thread:WebContainer : 0][SQLWarning@2cab0b03] Stack trace follows com.ibm.db2.jcc.am.SqlWarning: DB2 SQL Warning: SQLCODE=20397, SQLSTATE=01H52, SQLERRMC=SYSPROC.ADMIN_CMD;SQL30090;^@, DRIVER=4.19.49 ------------------- 症状: * 実行時に exception は発生せず ADMIN_CMD('load from ...') は問題なく終了しますが、データはロードされません。 * XA 環境ではない場合には ADMIN_CMD('load from ...') は問題なく終了""},{""char_end"":798,""char_start"":0,""chunk_id"":""ecedaceb341690333f95b8bccf71e584b681f627dadfb539dd777913b4b7f00c"",""document_id"":""techqa-doc:corpus/swg1LI73904.txt"",""filename"":""swg1LI73904.txt"",""rank"":10,""text"":""Title: IBM LI73904: ADMIN_CMD() DESCRIBE TRUNCATES THE COLUMN NAMES AFTER 30 CHARACTERS - United States Text: SUBSCRIBE You can track all active APARs for this component. APAR STATUS * CLOSED AS FIXED IF NEXT. ERROR DESCRIPTION * A call to stored procedure ADMIN_CMD() to describe a SQL result set will truncate the output column names after 30 characters. call admin_cmd( 'describe select IBMREQD as VERSION1234567890123456789012345678901234567890 from SYSIBM.SYSDUMMY1 ') this returns: 452 CHARACTER 1 0 VERSION12345678901234567890123 30 0 With DB2 V9.5 identifiers can be 128 character long. Since ADMIN_CMD() is based on DESCRIBE OUTPUT functionality which has still a 30 character limitation this will be fixed in the next release. LOCAL FIX PROBLEM SUMMARY * A call to stored procedure ADMIN_""}]",phase03-sufficiency-annotation-v1,f2fe3f7f29b834d78fd7c79bf4d4a94faee43c658d89c48e386854123066802b,,,,
phase03-semantic-confirmation-blinded-v1,25537cf5aa713261985db5227fa0fada2077c41da6568a75b2d7b87bb8f3e642,66,DEV_Q230,train,dense,1,"Java.io.NotSerializableException in WAS

We are experiencing the Java.io.NotSerializableException exception. I see this error: WTRN0047E:java.io.NotSerializableException. Anyone experienced this before?",answerable_with_reference,"With persistent sessions enabled, any object that is put into the HTTPSession must implement the serializable interface in order for session manager to store the session data outside of JVM.

When PMI is enabled, there is a counter for session data size. In order to evaluate this counter, the session data must be serialized into a byte array stream. Any object that is put into the HTTPSession must implement the serializable interface in order for session manager to convert the session data objects into byte array stream.","[{""char_end"":5627,""char_start"":5019,""chunk_id"":""81889ed5e1ab6a9c7c2d15ac521c75b8d9ed88b30aff84374f199c7a00a93285"",""document_id"":""techqa-doc:corpus/swg1PK29441.txt"",""filename"":""swg1PK29441.txt"",""rank"":1,""text"":""*********** * RECOMMENDATION: * **************************************************************** Notification code receives a java.io.NotSerializableException while attempting to send a message. It then queues the message to try and send again. This results in repeated java.io.NotSerializableException entries in the server log: java.io.NotSerializableException: com.sun.jndi.ldap.LdapCtx at java.io.ObjectOutputStream.writeObject0(ObjectOutpu tStream.java(Compiled Code)) at java.io.ObjectOutputStream.defaultWriteFields(Object OutputStream.java(Inlined Compiled Code)) at java.io.ObjectOutputStream.writeS""}]",phase03-sufficiency-annotation-v1,f2fe3f7f29b834d78fd7c79bf4d4a94faee43c658d89c48e386854123066802b,,,,
phase03-semantic-confirmation-blinded-v1,b89cac2ae424d72472a2328f7ad4e7c02cf07acebce7120d046ea3672c0f1b7e,67,TRAIN_Q413,validation,hybrid,5,"VScan not working after migrating Datacap Application from 8.1 to 9.0.1



Hello,

I have recently migrated one datacap application developed in Datacap 8.1 to Datacap 9.0.1. I followed the complete instruction provided in the link 

http://www.ibm.com/support/knowledgecenter/SSZRWV_9.0.1/com.ibm.dc.develop.doc/dcadv001.htm

 

After migration, when I tried to execute the application using Datacap Desktop. I got errors that ""This batch has no data to process. Aborting"" and ""Unable to run queue"". I am attaching the screenshots of error. I am also attaching the DStudio rule's screenshot.

I have verified and configured all the required settings.

Please guide if someone has faced the similar issue and resolved it.

Thanks.
",answerable_with_reference,"The ""Bind DCO type to panel"" for Datacap Desktop is case-sensitive. Be sure the DCO name matches as it appears in Datacap Studio (both the spelling and case-sensitivity).","[{""char_end"":966,""char_start"":0,""chunk_id"":""fe665bce2a8f88b61905c71b247e6b9a44593aa24e7e544d6f65e17a294649c3"",""document_id"":""techqa-doc:corpus/swg21967312.txt"",""filename"":""swg21967312.txt"",""rank"":1,""text"":""Title: IBM Error when launching Scan task from Datacap Desktop. - United States Text: Desktop; No data; Scan; VScan TECHNOTE (TROUBLESHOOTING) PROBLEM(ABSTRACT) Receiving the following error message when attempting to launch up Scan task from Datacap Desktop: \""This batch has no data to process. Aborting.\"" Then followed by this error: \""Unable to run queue.\"" DIAGNOSING THE PROBLEM The panel for TravelDocs contained a value with all upper-case letter [eg. TRAVELDOCS], which caused the error to occur when attempting to launch the Scan task from Datacap Desktop RESOLVING THE PROBLEM The \""Bind DCO type to panel\"" for Datacap Desktop is case-sensitive. Be sure the DCO name matches as it appears in Datacap Studio (both the spelling and case-sensitivity). Logon to TMWeb client. Go to Administrator tab Select the VScan task from the Workflow. Click Setup under Program. Then change the value of the Panel to match what is in Datacap Studio. For example \""TRAVELDOCS\""""},{""char_end"":836,""char_start"":0,""chunk_id"":""6c519ceaf5a69d64476f219dfe30a2a8f7ea2c8d52076d4c0b159681eac6732d"",""document_id"":""techqa-doc:corpus/swg21646447.txt"",""filename"":""swg21646447.txt"",""rank"":2,""text"":""Title: IBM Datacap Studio 8.1.0 Shows An Error After Application Upgrade From 8.0.1 in IBM Datacap Taskmaster Capture - United States Text: dstudio; datacap studio error; application upgrade from 8.0.1 to 8.1 TECHNOTE (TROUBLESHOOTING) PROBLEM(ABSTRACT) Datacap Studio 8.1.0 Shows An Error After Application Upgrade From 8.0.1 in IBM Datacap Taskmaster Capture. SYMPTOM After starting the application in 8.1.0 Datacap Studio, an error message appears: Error can't find library RSS/RXX. RESOLVING THE PROBLEM To correct the problem, take the following actions: 1. Move C:\\Datacap\\ApplicationName\\dco_ApplicationName\\rules\\Invoice.dll to the Desktop (or somewhere out of the way). It is not recommended to delete the original file. Use Invoice.dll from C:\\Datacap\\RRS\\ instead. 2. In Datacap Studio, replace outdated actions. For example,""},{""char_end"":1915,""char_start"":1181,""chunk_id"":""8d10d5747dbe087eee7e4b67ee9dcd47de84470703318eb38caf779a4b7badfc"",""document_id"":""techqa-doc:corpus/swg21996187.txt"",""filename"":""swg21996187.txt"",""rank"":3,""text"":""_Keywords.Rul.dll ExportToBoxRul.dll ImportFromBoxRul.dll RecognizePagesAndFieldsRul.dll. * * Rules * * 5. After the upgrade is complete, restart the computer. 6. Re-build and reinstall your customized Datacap Desktop panels, if any. * The Datacap Desktop panels are for use with IBM Datacap 9.1. * * * * * * * * * * * * * * * * * * After Upgrade: ----------------- 1. Validate that the upgrade to V9.1.0 is successful with no errors displayed to user. 2. Validate that the Install.log contains no errors or warnings. 3. For each application migrated to V9.1.0, validate that batch records are intact and have identical details compared with V9.0.1 FP2 using the following clients: * Datacap Desktop * Datacap Studio * Fastdoc * TMWeb""},{""char_end"":1930,""char_start"":1086,""chunk_id"":""d80b7dabbd0292bdda847c32a3e9b9f68b80d576bf46d1b6142c54b23fb32fc0"",""document_id"":""techqa-doc:corpus/swg1IO24509.txt"",""filename"":""swg1IO24509.txt"",""rank"":4,""text"":""support/docview.wss?uid=swg1IO23976]) Actions Taken/Things Tried: To replicate issue; 1. In Datacap Admin > TravelDocs application, create a Task in the Main Job workflow after PageID task. 2. Edit the Task in DCAdmin page in Navigator and set the program to Classify.js. 3. Go to DStudio >TravelDocs > Test tab and under the Main Job Workflow create a batch under Vscan. 4. Advanced until you get to the Task you created in step 1. and place batch on HOLD. 5. Go to Datacap Navigator and log into Travel Docs. Process the batch for Classification. 6. Select the Application Type next to the batch and deleted the application name entry. (Notice the red circle X)(attachment 11236). 7. Submit the batch and the following error message is given: \""Members are less than expected, i=tm000021\"" (attachment 11237) LOCAL FIX PROBLEM SUMMARY * *******""},{""char_end"":914,""char_start"":0,""chunk_id"":""ff0bce425370d460721f320e2be1adad21964236649e676c3839c899a17940c6"",""document_id"":""techqa-doc:corpus/swg21973739.txt"",""filename"":""swg21973739.txt"",""rank"":5,""text"":""Title: IBM Migrating Datacap applications from V9.0 to V9.0.1 - United States Text: TECHNOTE (FAQ) QUESTION How do I move my Datacap V9.0 application to Datacap V9.0.1? ANSWER To migrate a Datacap application from V9.0.0 to V9.0.1, you must update the application database schemas. If your application contains compiled rulesets, you must update any rulesets that have been updated in V9.0.1. You can add accuracy statistics to an existing application. Datacap Navigator settings for certain tasks must be updated. If your application contains customized Desktop panels, you must rebuild them by using the updated project on DeveloperWorks. Procedure 1. Remove the Datacap V9.0 software and install V9.0.1: a. Back up your Datacap application folders. If you modified any of the standard Datacap applications, make a backup of those folders as well. b. On each computer that you are upgrading, uninstall Datacap V9""}]",phase03-sufficiency-annotation-v1,f2fe3f7f29b834d78fd7c79bf4d4a94faee43c658d89c48e386854123066802b,,,,
phase03-semantic-confirmation-blinded-v1,0c4df506f0634dc143323a9cbaee6ba14c3dab953ff2b12236c474b7a0591682,68,TRAIN_Q069,train,dense,10,"Why SSL handshake is failing after upgrading to 6.0 or above?

After upgrading my datapower firmware to v6.0 or above, ssl handshake is failing, is there a reason for it? ",answerable_with_reference,"Some legacy servers with non-compliant implementations of SSL may reject connection attempts when TLSv1.2 or TLSv1.1 are used. In these cases, the handshake fails without properly negotiating to a mutually agreeable protocol.","[{""char_end"":876,""char_start"":0,""chunk_id"":""c25165dceb9a64a166bfcc4968969d1d276e142798903bd6bf19b26de5f5bc0a"",""document_id"":""techqa-doc:corpus/swg21632275.txt"",""filename"":""swg21632275.txt"",""rank"":1,""text"":""Title: IBM DataPower firmware version 6.0 will enable TLS v1.2 or v1.1 by default - United States Text: ssl tsl client hello handshake fail failed version 6.0 TECHNOTE (FAQ) THIS DOCUMENT APPLIES ONLY TO THE FOLLOWING LANGUAGE VERSION(S): English QUESTION Why would some outgoing SSL handshakes fail with firmware version 6.0 but not prior firmware versions? CAUSE Beginning in firmware version 6.0 and above, the default SSL settings have changed. The Crypto profiles now have TLSv1.2 and 1.1 which will be enabled by default. This affects the protocol version included in the Client Hello when DataPower is acting as the SSL client. If TLSv1.2 is not supported, the server still negotiates to the most secure supported protocol (e.g. TLSv1.1, TLSv1.0, SSLv3) if enabled. Some legacy servers with non-compliant implementations of SSL may reject connection attempts when TLSv1""},{""char_end"":1666,""char_start"":1392,""chunk_id"":""458d514e4465041a415da096487b0826c362ae2fe49ac67f8363d1ff559027c3"",""document_id"":""techqa-doc:corpus/swg21632275.txt"",""filename"":""swg21632275.txt"",""rank"":2,""text"":""your specific profile to view the Options selection and see what SSL protocol versions are supported. Any further questions or issues please feel free to contact DataPower support. A packet trace and error report would be the most helpful information in viewing the problem.""},{""char_end"":645,""char_start"":0,""chunk_id"":""5eff1224df86ee9c0652a3e5a242b18ff9a2511df029b6354e82d276269b9d2f"",""document_id"":""techqa-doc:corpus/swg1IT08663.txt"",""filename"":""swg1IT08663.txt"",""rank"":3,""text"":""Title: IBM IT08663: SOME SSL CONNECTIONS WHICH FAIL TO COMPLETE HANDSHAKE MIGHT NOT TIME OUT - United States Text: FIXES ARE AVAILABLE Fix packs for DataPower XML Security Gateway version 6.0 [http://www-01.ibm.com/support/docview.wss?uid=swg24034955] Fix packs for DataPower B2B Appliance version 6.0 [http://www-01.ibm.com/support/docview.wss?uid=swg24034956] Fix packs for DataPower Integration Appliance version 6.0 [http://www-01.ibm.com/support/docview.wss?uid=swg24034957] Fix packs for DataPower Low Latency Appliance version 6.0 [http://www-01.ibm.com/support/docview.wss?uid=swg24034958] Fix packs for DataPower Service Gateway version""},{""char_end"":916,""char_start"":0,""chunk_id"":""6d59e1352cf39a482a88b780772552f45cfcd49caab42c0203ef4efb3df77b1a"",""document_id"":""techqa-doc:corpus/swg21497539.txt"",""filename"":""swg21497539.txt"",""rank"":4,""text"":""Title: IBM Firmware 4.0.0 changes the default behavior for DataPower SSL connectivity - United States Text: 400change 401change xs xi xb xm ssl; RFC 5746; insecure; renegotiate TECHNOTE (TROUBLESHOOTING) PROBLEM(ABSTRACT) With firmware version 4.0.0, the default behavior has changed to reject when the DataPower appliance acts as the SSL client connecting to an insecure server. An insecure server is a server that does not support RFC 5746. You can allow connections to insecure servers with a new option in the SSL Proxy Profile. SYMPTOM Starting with DataPower firmware 4.0.0, connections to servers which do not support RFC 5746 are rejected. The log shows the following error: SSL handshake aborted due to detection of insecure SSL server CAUSE The default behavior, starting with firmware 4.0.0, is to reject connections with insecure servers. ENVIRONMENT DataPower firmware 4.0.0 with connections to insecure""},{""char_end"":1665,""char_start"":721,""chunk_id"":""b86d69395dd58a8e2e8b34ffd9febb0efa9a786622b4f31391a4c42ce8086d81"",""document_id"":""techqa-doc:corpus/swg21632275.txt"",""filename"":""swg21632275.txt"",""rank"":5,""text"":""protocol (e.g. TLSv1.1, TLSv1.0, SSLv3) if enabled. Some legacy servers with non-compliant implementations of SSL may reject connection attempts when TLSv1.2 or TLSv1.1 are used. In these cases, the handshake fails without properly negotiating to a mutually agreeable protocol. The TLS versions 1.1 and 1.2 are part of the requirements for being compliant with NIST SP800-131a. ANSWER Upgrade the SSL server to a version compliant with the SSL/TLS specifications. If required you may disable TLSv1.2 and TLSv1.1 within the Crypto Profile to allow compatibility. Within the domain simply navigate to the Objects> Crypto Configuration> Crypto Profile> Then simply click on your specific profile to view the Options selection and see what SSL protocol versions are supported. Any further questions or issues please feel free to contact DataPower support. A packet trace and error report would be the most helpful information in viewing the problem""},{""char_end"":1664,""char_start"":705,""chunk_id"":""1e46216b5a775e5677597b016269ea8d29d745d87176fb6f3291d808f8e789c5"",""document_id"":""techqa-doc:corpus/swg21497539.txt"",""filename"":""swg21497539.txt"",""rank"":6,""text"":""due to detection of insecure SSL server CAUSE The default behavior, starting with firmware 4.0.0, is to reject connections with insecure servers. ENVIRONMENT DataPower firmware 4.0.0 with connections to insecure servers. RESOLVING THE PROBLEM If you have such failures, patch the insecure server to support RFC 5746. As a temporary fix, until you patch the insecure server, configure the appliance to permit insecure connections by turning on \""Permit Connections to Insecure SSL Servers\"" in the SSL proxy profile. To allow connections to servers which do not support RFC 5746, complete the following steps: 1. From the DataPower WebGUI, navigate to Objects > Crypto Configuration > SSL Proxy Profile. 2. Select the SSL Proxy Profile from the list. 3. Set Permit Connections to Insecure SSL Servers to on. 4. Click Apply. 5. Click Save Config. For an XML Firewall with a client crypto profile: 1. Click the XML Firewall icon on the Control Panel. 2. Select the""},{""char_end"":889,""char_start"":0,""chunk_id"":""ef9173b71641dc4556f2273b5a36190fee5e7fde64c0d2e3c297058c6edeaf9e"",""document_id"":""techqa-doc:corpus/swg1IT19882.txt"",""filename"":""swg1IT19882.txt"",""rank"":7,""text"":""Title: IBM IT19882: Secure Gateway Client in DataPower using TLS may produce Handshake errors. - United States Text: A FIX IS AVAILABLE Fix packs for DataPower Gateway version 7.5.2 [http://www-01.ibm.com/support/docview.wss?uid=swg24042699] SUBSCRIBE You can track all active APARs for this component. APAR STATUS * CLOSED AS PROGRAM ERROR. ERROR DESCRIPTION * When using the Secure Gateway Client in DataPower, with an on-premise destination configured as TLS:ServerSide, the SSL handshake may fail when attempting to connect to the destination. The DataPower log may show an error similar to the following: Connection #9 to destination x.x.x.x:443 had an error: UNABLE_TO_VERIFY_LEAF_SIGNATURE LOCAL FIX PROBLEM SUMMARY * Secure Gateway Client in DataPower using TLS may produce Handshake errors. PROBLEM CONCLUSION * The Secure Gateway Client was upgraded from version 1.4.2 to version""},{""char_end"":986,""char_start"":0,""chunk_id"":""60fdf614d2a0e15b76bb2f76afd983d04291047a467440692f6fb3b01570bca4"",""document_id"":""techqa-doc:corpus/swg21429963.txt"",""filename"":""swg21429963.txt"",""rank"":8,""text"":""Title: IBM SSL handshake failure causes high CPU and network error - United States Text: ssl negotiation spin unknown certificate trusted handshake TECHNOTE (TROUBLESHOOTING) PROBLEM(ABSTRACT) When DataPower is an SSL client that is configured for mutual authentication, and it sends a certificate that is not trusted by the SSL server, an increase in CPU can occur and network errors can flood the system log. SYMPTOM The following message could be produced repeatedly in the system log: Wed Apr 07 2010 08:36:09 [mpgw][error] mpgw(test): tid(2899): Network Error on Back interface As a result of the errors being logged repeatedly, a temporary increase in CPU can occur. CAUSE When SSL handshake failures occur, SSL negotiation can spin for the duration of the connection until the \""Back Side Timer\"" expires to abandon the idle connection. In general, it is by design that DataPower will aggressively pursue completion of the SSL handshake, if there are handshake failures or if there""},{""char_end"":1036,""char_start"":0,""chunk_id"":""5df80e003e3b9895c88b36a30392f529c46af465256497ae28f76c53186be1ff"",""document_id"":""techqa-doc:corpus/swg21960234.txt"",""filename"":""swg21960234.txt"",""rank"":9,""text"":""Title: IBM New certificate used by the IBM DataPower Gateways Web Management Service gives untrusted certificate warnings - United States Text: 720change; security; untrusted certificate; untrusted connection; does not match TECHNOTE (FAQ) QUESTION Why do strict SSL clients fail the SSL handshake and other clients get untrusted certificate messages when they connect to the Web Management Service (WebGUI) on a DataPower appliance that is running release 7.2? CAUSE By default, the DataPower appliance uses a self-signed certificate with the WebGUI. DataPower release 7.2 replaces this default WebGUI SSL certificate with a new self-signed certificate. The certificate is not signed by a well-known Certificate authority (CA). The signer is not included in the list of trusted third parties with internet browsers, and therefore the connection is flagged as \""Untrusted\"". If the appliance uses the default self-signed certificate for the Web Management Service, your browser gets an untrusted certificate message when you first connect""},{""char_end"":1637,""char_start"":615,""chunk_id"":""9e9ce27ba04275ceecf9c319e478963c6e3032c09695f11feff9eb67867898b1"",""document_id"":""techqa-doc:corpus/swg21633306.txt"",""filename"":""swg21633306.txt"",""rank"":10,""text"":""4:13 PM. Note: Prior to June 6, 2013, the warnings indicate the certificate is about to expire. CAUSE Before firmware release 5.0.0.0 the DataPower firmware on 4195 and 9235 platforms shipped with two certificates (system-ssl-ca-cert and system-cert) that expire on June 8, 2013 and June 6, 2013 respectively. By default the DataPower WebGUI and XML Management Interface use these two certificates for SSL connectivity to those interfaces. Users can and should create and configure their own keys and certificates for SSL use on these interfaces. ANSWER After June 6, 2013 some SSL clients may be unable to connect to the WebGUI and XML Management Interface if those interfaces are still using the default SSL configuration. The interfaces will not go down, but they will be presenting expired certificates which will cause strict SSL clients to fail the SSL handshake. Note: As long as the Objects>Crypto Configuration>Crypto Certificate Monitor option for Disabled Expired Certificates is turned OFF, the default setting""}]",phase03-sufficiency-annotation-v1,f2fe3f7f29b834d78fd7c79bf4d4a94faee43c658d89c48e386854123066802b,,,,
phase03-semantic-confirmation-blinded-v1,cf34feb203ba702191845cb55eef9398bc7aabe7c35386417c0471c0caad5fc0,69,DEV_Q260,validation,hybrid,1,"Crash happened due to ""PI50993:Apache HTTPComponents vulnerabilities in WebSphere Application Server (CVE-2012-6153, CVE-2014-3577)""

Crash happened due to ""PI50993:Apache HTTPComponents vulnerabilities in WebSphere Application Server (CVE-2012-6153, CVE-2014-3577)""

Details of gpf crash events: A VerifyError was thrown due to ""Inaccessible class"" at offset 39(0x27) of the method executeInternal(Lorg/springframework/http/HttpHeaders;[B)Lorg/springfram ework/http/client/ClientHttpResponse of the above class org/springframework/http/client/HttpComponentsClientHttpRequest.

Looking at method the bytecodes :

31 invokespecial 15 org/apache/http/entity/ByteArrayEntity.([B)V 34 astore 4 36 aload3 37 aload 4 39 invokeinterface2 41 invokeinterface 16 org/apache/http/HttpEntityEnclosingRequest.setEntity(Lorg/apache/http/Ht tpEntity;)V

The above sequence of bytecodes indicates it created an instance of org/apache/http/entity/ByteArrayEntity, trying to cast it to type Lorg/apache/http/HttpEntity; which in turns led to the ""Inaccessible class"" VerifyError message.

It is clear that class org/apache/http/HttpEntity was not loaded at all:

    allclasses | grep org/apache/http/HttpEntity
",answerable_with_reference,"There would be NoClassDefFoundError observed after applying the fix because the API in HTTPCore and HTTPClient libraries are no long visible to application. To resolve this error, application may need to be updated with HTTPCore and HTTPClient libraries bundled.","[{""char_end"":853,""char_start"":0,""chunk_id"":""2122e9641cfef9bc438b1d2f091739f9950e50212aab5d1950bf484fd265c251"",""document_id"":""techqa-doc:corpus/swg24041394.txt"",""filename"":""swg24041394.txt"",""rank"":1,""text"":""Title: IBM PI50993:Apache HTTPComponents vulnerabilities in WebSphere Application Server (CVE-2012-6153, CVE-2014-3577) - United States Text: PI50993; PI50993; PI50993 DOWNLOADABLE FILES ABSTRACT Apache HTTPComponents vulnerabilities in WebSphere Application Server (CVE-2012-6153, CVE-2014-3577) DOWNLOAD DESCRIPTION PI50993 resolves the following problem: ERROR DESCRIPTION: Apache HTTPComponents vulnerabilities in WebSphere Application Server LOCAL FIX: PROBLEM SUMMARY: Apache HTTPComponents vulnerabilities in WebSphere Application Server PROBLEM CONCLUSION: Apache HTTPComponents vulnerabilities in WebSphere Application Server PREREQUISITES None INSTALLATION INSTRUCTIONS Please review the readme.txt for detailed installation instructions. URL LANGUAGE SIZE(Bytes) Readme [ftp://public.dhe.ibm.com/software/websphere/appserv/support/fixes/PI509""}]",phase03-sufficiency-annotation-v1,f2fe3f7f29b834d78fd7c79bf4d4a94faee43c658d89c48e386854123066802b,,,,
phase03-semantic-confirmation-blinded-v1,92ee2725a33cbe89859288cc11a204068d630b75f397c5f62160a185b4b3ff5d,70,TRAIN_Q260,train,dense,3,"Framework Manager data source error



Users receive the following error on selecting a data source from the list defined in IBM Cognos within Framework Manager 10.2.2 Fix Pack 5

alt text

That error (BMT-IMP-0002 Failed to Execute Metadata request. CM-REQ-4342 An error occurred with the client. CAF-WRN-2082 An error has occurred.) prevents all users to add an existing data source via Framework Manager.

How can we fix this?",answerable_with_reference,"Grant user the required ""Import relational metadata"" capability.","[{""char_end"":858,""char_start"":0,""chunk_id"":""34a942e8a4e0200dc198d89a573e14506a33561c87ee965fe830b242e0a59f7d"",""document_id"":""techqa-doc:corpus/swg21981492.txt"",""filename"":""swg21981492.txt"",""rank"":1,""text"":""Title: IBM BMT-MD-003/DPR-ERR-2008 importing metadata in Cognos BI Framework Manager - United States Text: TECHNOTE (TROUBLESHOOTING) PROBLEM(ABSTRACT) The error message displayed in Framework Manager is: BMT-MD-0003 DPR-ERR-2008 The dispatcher is unable to process the request. The request is directed to an unknown service name: www.ibm.com/xmlns/prod/cognos/contentManagerService/201301/. DPR-ERR-2082 An error has occurred. Please contact your administrator. The complete error has been logged by CAF with SecureErrorID: ... CAUSE Incompatible product versions. DIAGNOSING THE PROBLEM Check the \\cognos\\cmplst.txt files from Cognos BI Server and Framework Manager Product versions don't match. RESOLVING THE PROBLEM It is required that the system be running the same version of Cognos BI Server and Framework Manager. Install the correct product version.""},{""char_end"":931,""char_start"":0,""chunk_id"":""13c72155110fc2cf04aa213b7f8af458a6f627a58ace2f0d28ae40053312cb92"",""document_id"":""techqa-doc:corpus/swg21341402.txt"",""filename"":""swg21341402.txt"",""rank"":2,""text"":""Title: IBM QE-DEF-0288 Unable to find the data source 'data source name' in the content store. - United States Text: TECHNOTE (TROUBLESHOOTING) PROBLEM(ABSTRACT) Unable to verify a model in Framework Manager SYMPTOM Reference Object ID: [].[dataSources].[data source name] [Error] - BMT-MD-2036 The following error occurred while testing the integrity of the object: QE-DEF-0288 Unable to find the data source 'data source name' in the content store. There is no repair action available. CAUSE The data source is disabled in Cognos Connection. RESOLVING THE PROBLEM Enable the data source that is being tested in Framework Manager model. Steps:1. Go to data sources tab in Cognos Connection under Tools, Directory. 2. There will be an icon beside the data source name indicating that is disabled. 3. Select the properties of the data source and uncheck the check box labelled \""Disable this entry\"" under the \""General\"" tab . 4. Click""},{""char_end"":546,""char_start"":0,""chunk_id"":""3a56e5ab2afe0be68c56f8d8c2227c19e6dbcf67c6617f261c43a0b739998019"",""document_id"":""techqa-doc:corpus/swg21644094.txt"",""filename"":""swg21644094.txt"",""rank"":3,""text"":""Title: IBM 使用Framework Manager创建DQM工程时报错BMT-IMP-0002 - United States Text: TECHNOTE (FAQ) 本文档仅适用于以下语言版本: 简体中文 疑问 在使用Framework Manager创建DQM连接方式的工程时弹出错误窗口,并且影响工程创建。 前台报错信息:\""BMT-IMP-0002, Failed to execute metadata request. insufficentCapabilities DPR-ERR-2082 An error has occurred. Please contact your administrator. The complete error has been logged by CAF with SecureErrorID\"". 原因 用户权限问题,在Cognos10.1.1之后的版本将DQM数据源导入Framework Manager的用户需要拥有\""Import Relational Metadata\""权限 答案 手动给用户/用户组添加“Import Relational Metadata”权限。 \""Import Relational Metadata”的""}]",phase03-sufficiency-annotation-v1,f2fe3f7f29b834d78fd7c79bf4d4a94faee43c658d89c48e386854123066802b,,,,
phase03-semantic-confirmation-blinded-v1,d7dc9c441cac2242f0e3953ac064654aa2288154da4f6b60ce9a835e90abb84f,71,TRAIN_Q514,train,dense,3,"Why is WAS sending duplicate requests though our Portal application user clicks submit button only once?

Is there any setting in WAS,Portal or IHS that can help prevent duplicate requests?",answerable_with_reference,ServerIOTimeoutRetry can be used to decrease the number of retries after ServerIOTimeout has fired.,"[{""char_end"":1198,""char_start"":0,""chunk_id"":""30f907a5ea0a50e91b8327d3ddc27cb392f3f3ce9e5c3b45bb1485b61f46ab20"",""document_id"":""techqa-doc:corpus/swg1HE11904.txt"",""filename"":""swg1HE11904.txt"",""rank"":1,""text"":""Title: IBM HE11904: DUPLICATE INTERVIEW RESPONSES CREATED WHEN CUSTODIAN CLICKS ON LINK FROM NOTICE MULTIPLE TIMES AND RESPONDS - United States Text: SUBSCRIBE You can track all active APARs for this component. APAR STATUS * CLOSED AS PROGRAM ERROR. ERROR DESCRIPTION * Duplicate interview responses will be created if a custodian clicks on the link from the interview notice multiple times and accidentally responds to each of the questionnaires that are opened. When the link is clicked it will open up a separate browser window/tab for the interview questionnaire. The application will accept the responses from each questionnaire. LOCAL FIX * No workaround PROBLEM SUMMARY * Multiple interview responses are recorded from the same person for the same interview. When users click their email hold interview URL multiple times, they can submit multiple interview responses for the same interview. The administrative user might see multiple entries in the CONFIRMATION_LOGGING table from the same person for the same interview. PROBLEM CONCLUSION * IBM Atlas Suite now records only the first response from a person for each interview. You get an error submitting more than once. The fix is now ava""},{""char_end"":1057,""char_start"":0,""chunk_id"":""bab00f5b66c57bf24580cf9c5cfd53c6803b15f749b5749a3844dd67429b4b02"",""document_id"":""techqa-doc:corpus/swg21974396.txt"",""filename"":""swg21974396.txt"",""rank"":2,""text"":""Title: IBM 7530 Duplicate Incidents In IBM Control Desk - United States Text: TPAEINTEGRATION; TPAEWEBSPHERE; TPAELDAP; TPAELDAPSYNC; TPAETSRM TECHNOTE (TROUBLESHOOTING) PROBLEM(ABSTRACT) Sometimes duplicate HTTP requests are initiated toward the IBM Control Desk solution. SYMPTOM The issue is with creation of incidents from external systems in IBM Control Desk 7.5.3. Client has HTTP server and Maximo Integration Framework Cluster (MAXIMOMIF CLUSTER) with two application servers in that integration cluster: MAXIMOMIF1 MAXIMOMIF2. Client had noticed that sometimes double tickets are created within the IBM Control Desk solution and it is because External System initiated only one HTTP Request for Incident Creation (through the web service) toward the HTTP Server but it seems like somehow this request is processed for some reason with one minute delay and initiates two separate requests toward the WebSphere® application server, i.e. one to MIF1 and second to MIF2 but in different time intervals. Incident is duplicated or even replicated because""},{""char_end"":811,""char_start"":0,""chunk_id"":""dee5ba35a98f17fc23611f41e6b7209800b73bbcc7d7d0441e78535e6618d5cc"",""document_id"":""techqa-doc:corpus/swg21622379.txt"",""filename"":""swg21622379.txt"",""rank"":3,""text"":""Title: IBM Duplicate tabs in Service Request application - United States Text: TPAESCCD; SR; duplicate; tab TECHNOTE (FAQ) QUESTION Why are there duplicate tabs in the Service Requests application? ANSWER For the affected user, please check the security groups that they belong to. 1. Go To -> Security -> Security Groups 2. Filter each of the security groups that the user belongs to and open the record. 3. In Application tab, filter for 'Service Request' application. 4. At the option section, filter for 'show desk' 5. You will see :- (a) Show Desk Agent Expert View - This should be checked (b) Show Desk Agent Simplified View - This should be unchecked. You should only have 'Show Desk Agent Expert View' checked. By default, only security group SDADESKAGENT has 'Show Desk Agent Simplified View' checked.""}]",phase03-sufficiency-annotation-v1,f2fe3f7f29b834d78fd7c79bf4d4a94faee43c658d89c48e386854123066802b,,,,
phase03-semantic-confirmation-blinded-v1,ac980114eb58b69a126c99fe85a11224713d5bb85783efb36618db172c163fc5,72,DEV_Q266,train,bm25,5,"How to install Packaging utility?

How to install Packaging utility? ",answerable_with_reference,Use Installation Manager to install and update Packaging Utility.,"[{""char_end"":1128,""char_start"":0,""chunk_id"":""72f726aa91b776b27d63d5c42b41787fdcd4e531785d5e2901b5b8c14213fcba"",""document_id"":""techqa-doc:corpus/swg21688209.txt"",""filename"":""swg21688209.txt"",""rank"":1,""text"":""Title: IBM Using Packaging Utility for Netcool/OMNIbus repositories - United States Text: imcl; installation manager; omnibus; packaging utility TECHNOTE (FAQ) QUESTION How do I use the IBM Packaging Utility to manage a Netcool/OMNIbus repository for IBM Installation Manager? ANSWER Overview of IBM Packaging Utility IBM Packaging Utility is a partner utility to IBM Installation Manager. While Installation Manager can install, uninstalls, and maintains applications from their installation repositories, Packaging Utility is used to manage the installation repositories themselves. Netcool/OMNIbus core repositories The Netcool/OMNIbus core repositories for Installation Manager are available to entitled users that use the Installation Manager or Packaging Utility applications to install directly from the IBM website or to copy the repository to a local file system respectively. The repositories are also available as zip files downloadable from IBM Fix Central. Whichever method is used to access the files, the Netcool/OMNIbus install repositories are all platform-sliced repositories. This means that they were created""},{""char_end"":1939,""char_start"":903,""chunk_id"":""55bf78fd1d7be7a4e3a24ea0614a51801ab1c670805a2b5426e154e51cb621e3"",""document_id"":""techqa-doc:corpus/swg21688209.txt"",""filename"":""swg21688209.txt"",""rank"":2,""text"":""are also available as zip files downloadable from IBM Fix Central. Whichever method is used to access the files, the Netcool/OMNIbus install repositories are all platform-sliced repositories. This means that they were created by the IBM Packaging Utility application with the -platform parameter set. Packaging Utility and platform-sliced repositories The Packaging Utility graphical user interface (GUI) does not currently support working with platform-sliced repositories. To work with platform-sliced repositories, use the Packaging Utility's command-line interface (pucl) with the -platform switch. Locations for the Packaging Utility command-line application Windows: <install location>\\IBM\\Packaging Utility\\PUCL.exe Unix/Linux: <install location>/IBM/PackagingUtility/PUCL Copying a repository from Passport Advantage® to a local repository The following command shows how to copy the Netcool/OMNIbus core repository from Passport Advantage to a local repository. PUCL copy com.ibm.tivoli.omnibus.core -connectPassportAdvantage -""},{""char_end"":3700,""char_start"":2466,""chunk_id"":""0e2ad9df596097828e70c4ea70add77dae3c4aa19d3fd779ea8c67763004df86"",""document_id"":""techqa-doc:corpus/swg24037641.txt"",""filename"":""swg24037641.txt"",""rank"":3,""text"":""the Packaging Utility repository on www.ibm.com to install or update Packaging Utility without downloading files. If Installation Manager is not installed, you must download the Packaging Utility files. Installation Manager is included in the Packaging Utility download packages. The installer package for Packaging Utility is pu.offering.disk.platform_version.zip where platform indicates the operating system and version indicates the version of Packaging Utility. The installer package contains files for only one platform. Using this package, you can install Packaging Utility and Installation Manager by running the install command. You can also add this package as a repository in Installation Manager and use the package to update Packaging Utility. The fix pack package for Packaging Utility is pu.update_version.zip. The fix pack contains files for all supported platforms. You can add this fix pack as a repository to update Packaging Utility. You cannot install Packaging Utility or Installation Manager with this fix pack. Packaging Utility is available in 64-bit mode. Review information information about bit mode for installation or updates: Packaging Utility bit mode information [https://www.ibm.com/support/knowledge""},{""char_end"":1011,""char_start"":0,""chunk_id"":""d89d1fa180b7f85db743d863b58e85f02b57813c9e8856c0734f2fa0ed145447"",""document_id"":""techqa-doc:corpus/swg21633291.txt"",""filename"":""swg21633291.txt"",""rank"":4,""text"":""Title: IBM Message ID: CRIMG1029E - unable to launch Packaging Utility as a non-administrator user - United States Text: pu; packaging utility; CRIMG1029E; root ; administrator; non-admin; IM TECHNOTE (TROUBLESHOOTING) PROBLEM(ABSTRACT) When an administrator account is used to install IBM Packaging Utility, non administrator users cannot launch Packaging Utility. RESOLVING THE PROBLEM There are alternatives to the instructions provided in error message CRIMG1029E. Option #1 - User can install and run Packaging Utility without using a root account: 1. As non-admin user, install IBM Installation Manager by running userinst 2. Launch Installation Manager (non-admin version) > Install Packaging Utility Option #2 - User can redirect the application data location by using the -data option: 1. Open a terminal window 2. Go to /Applications/IBM/PackagingUtility/IBMPU.app/Contents/MacOS Note: The Packaging Utility default install directory for other supported UNIX platforms is /opt/IBM/Packaging Utility/ 3""},{""char_end"":4421,""char_start"":3457,""chunk_id"":""db061cb7a174ac11f5ddbda5af15fc756d0255dc81776dda7749926c41c45cb3"",""document_id"":""techqa-doc:corpus/swg24037641.txt"",""filename"":""swg24037641.txt"",""rank"":5,""text"":""or Installation Manager with this fix pack. Packaging Utility is available in 64-bit mode. Review information information about bit mode for installation or updates: Packaging Utility bit mode information [https://www.ibm.com/support/knowledgecenter/SSDV2W_1.8.0/com.ibm.cic.auth.ui.doc/topics/r_pu_bit_mode.html]. For more information about Packaging Utility and Installation Manager, Review the Installation Manager Knowledge Center [http://www.ibm.com/support/knowledgecenter/SSDV2W/im_family_welcome.html]. INSTALL OR UPDATE PACKAGING UTILITY WITHOUT DOWNLOADING FILES You must have Internet access and Installation Manager must be installed to install or update Packaging Utility without downloading files. The Packaging Utility repository located on www.ibm.com contains the latest version of Packaging Utility. You must have an IBM user name and password to access the repository. To register for these credentials, go to: http://www.ibm.com/account/profile""}]",phase03-sufficiency-annotation-v1,f2fe3f7f29b834d78fd7c79bf4d4a94faee43c658d89c48e386854123066802b,,,,
phase03-semantic-confirmation-blinded-v1,7f05c4ff3e85bdce768a1e1368682f8c92b4a2d9d35b3676982077c15fd4a551,73,TRAIN_Q270,train,dense,5,"How to resolve ""An unexpected error occurred. Contact your system administrator. ICWPA1001E""



When trying to add people to a matter request when there are more than 1000 people in the clipboard, the following error is reported:

An unexpected error occurred. Contact your system administrator. ICWPA1001E""",answerable_with_reference,"To work around the limitation, when you add people from the clipboard, add fewer than 1000 people at one time.","[{""char_end"":512,""char_start"":0,""chunk_id"":""caec9aeb2d4c60a947db3fbdee636aa1f13c8bc841677dedf337180ec2b6dfa2"",""document_id"":""techqa-doc:corpus/swg27046675.txt"",""filename"":""swg27046675.txt"",""rank"":1,""text"":""Title: IBM Known limitation: You cannot add people to a matter request if there are more than 1000 people selected in the clipboard. - United States Text: PRODUCT DOCUMENTATION ABSTRACT If you try to add people to a matter request when there are more than 1000 people in the clipboard, the following error will occur: An unexpected error occurred. Contact your system administrator. ICWPA1001E CONTENT To work around the limitation, when you add people from the clipboard, add fewer than 1000 people at one time.""},{""char_end"":955,""char_start"":0,""chunk_id"":""9219b4ca9f69af0f57e89ab9c778b0df1ff32c1b1a992891c30bad3b8c4a2c7d"",""document_id"":""techqa-doc:corpus/swg1IV94465.txt"",""filename"":""swg1IV94465.txt"",""rank"":2,""text"":""Title: IBM IV94465: MECHANIC CLIPBOARD THROWS A CLASS ERROR ON SAVE - United States Text: SUBSCRIBE TO THIS APAR By subscribing, you receive periodic emails alerting you to the status of the APAR, along with a link to the fix after it becomes available. You can track this item individually or track all items by product. Notify me when this APAR changes. Notify me when an APAR for this component changes. APAR STATUS * CLOSED AS PROGRAM ERROR. ERROR DESCRIPTION * I have been having an issue since I installed the transportation add-on with the Mechanic clipboard. If I try to save I get the following pop-up error. If I push okay and save again the save works. BMXAA4214E - An unknown error has occurred. Please contact your system administrator for assistance. Gather the logs from the HOME directory and determine where and why the error is thrown. psdi.plust.app.workorder.PlusTWMAssignment incompatible with psdi.app.workorder.WO PERFORMANCE ISSUE:""},{""char_end"":6556,""char_start"":6094,""chunk_id"":""dc2ce17a25fe8f2edec0a3fead1d30fdf017d6a359257a79276d6c885304f381"",""document_id"":""techqa-doc:corpus/swg1PI30454.txt"",""filename"":""swg1PI30454.txt"",""rank"":3,""text"":""* The error occurs in the repository that has more than 1000 * * project areas. * **************************************************************** * RECOMMENDATION: * **************************************************************** PROBLEM CONCLUSION * This issue has been addressed in version 6.0 See Jazz workitem for additional details https://jazz.net/jazz/web/projects/Rational%20Team%20Concert#act ion=com.ibm.team.workitem.viewWorkItem&id=339247 [https://""},{""char_end"":5258,""char_start"":4782,""chunk_id"":""586c360ffde5e017b32a056896b1e803e8ba9f2492d8ef542be5c4457d6fbebe"",""document_id"":""techqa-doc:corpus/swg1PI30454.txt"",""filename"":""swg1PI30454.txt"",""rank"":4,""text"":""Z0368E error. Refer to the following work item on Jazz.net for further details: https://jazz.net/jazz/resource/itemName/com.ibm.team.workitem.Wo [https://jazz.net/jazz/resource/itemName/com.ibm.team.workitem.Wo] rkItem/339247 LOCAL FIX PROBLEM SUMMARY * **************************************************************** * USERS AFFECTED: * * ORA-01795 maximum number of expressions in a list is 1000 * * during CCM rebuildTextIndices * *****************************************""},{""char_end"":939,""char_start"":0,""chunk_id"":""a7be91e3dc8ae10cb8c2757466f966664ff7059412ec98f3d88c2828be56b42e"",""document_id"":""techqa-doc:corpus/swg1IZ82780.txt"",""filename"":""swg1IZ82780.txt"",""rank"":5,""text"":""Title: IBM IZ82780: BMXAA4214E - AN UNKNOWN ERROR HAS OCCURRED. PLEASE CONTACT YOUR SYSTEM ADMINISTRATOR FOR ASSISTANCE. - United States Text: SUBSCRIBE You can track all active APARs for this component. APAR STATUS * CLOSED AS PROGRAM ERROR. ERROR DESCRIPTION * Deleting a KPI -created from the Person Group Application -Generates the following error message BMXAA4214E - An unknown error has occurred. Please contact your system administrator for assistance. Step by Step provided by Support to reproduce this problem on maxdemo BS 7117 + 7118 Initial Application: \""Person Group\"" 1. From the Person Groups List Tab - Create the KPI 2. Give the New KPI an ID and Description. 3. Enter the following sql into the where clause \""where persongroup. persongroup in (select distinct g.persongroup from PERSONGROUPTEAM g where g. resppartygroup = 'BOOTHP_SYS')\"" 4. Enter values into the fields : Target, \""Caution At\"" and \""Alert At\"" 5. select the""}]",phase03-sufficiency-annotation-v1,f2fe3f7f29b834d78fd7c79bf4d4a94faee43c658d89c48e386854123066802b,,,,
phase03-semantic-confirmation-blinded-v1,dacab67beb7e6d0aaeff3874f664d9ba43558d1fd78a53d240dcee0055beae17,74,TRAIN_Q046,train,hybrid,10,"Does Linux KVM monitoring agent support CANDLEDATA function?

Does Linux KVM monitoring agent in ITM support CANDLEDATA function? ",answerable_with_reference,The CANDLEDATA mechanism is available with ITM 6.30.05.00.,"[{""char_end"":7682,""char_start"":6666,""chunk_id"":""84c86c5446a7939cda759d25907b4376ba4837f302e2d4d07a8bf9bffb171118"",""document_id"":""techqa-doc:corpus/swg21695194.txt"",""filename"":""swg21695194.txt"",""rank"":1,""text"":""TA. * The conversion utility will not convert an existing CANDLEHOME if it contains the monitoring server or portal server. * The installer warns if CANDLEDATA is specified and the install image contains the monitoring server or portal server. However, the installer does not prevent monitoring server or portal server from being installed. * ITM does not allow the monitoring server to start if CANDLEDATA is implemented. * ITM does not allow the portal server to start if CANDLEDATA is implemented. . 6. Not all agents have been verified to work with CANDLEDATA. Before using CANDLEDATA, check with the support group for each of the agents you intend to install. . 7. System Monitor Agents (SMA) can exploit CANDLEDATA. However, the SMA installer does not create CANDLEDATA. These agents must be converted to use CANDLEDATA after they are installed. . 8. The CANDLEDATA mechanism is intended only for current agents. If the agent media contains installer 6.30.00.00 or above, it should be ok to use with CANDLEDATA""},{""char_end"":11520,""char_start"":10777,""chunk_id"":""ac126d6732e2cd0e5e4d838f08b7fef9f8e03e2cac8e68165942f8ca6e0e5f77"",""document_id"":""techqa-doc:corpus/swg21695194.txt"",""filename"":""swg21695194.txt"",""rank"":2,""text"":"".sh: Component ux successfully converted to use data directory \""/var/IBM/ITM\"". Starting Monitoring Agent for UNIX OS ... Monitoring Agent for UNIX OS started Converting an existing installation or new agents to use CANDLEDATA For existing installations, ITM provides a utility to convert a CANDLEHOME to use CANDLEDATA. You can also use this utility to convert a newly installed agent before it is started. Under the covers, the installer runs this same utility. itmCANDLEDATA.sh [-b yes|no] [-h CANDLEHOME] [-l CANDLEDATA] [-f no|yes] [-p PC|*] [-r no|yes] Where: * * -b * * yes * * CANDLEDATA * * CANDLEHOME * * CANDLEHOME * * no * * CANDLEDATA * * * * -h * * * * -l * * CANDLEHOME * * CANDLEDATA * * * * -f * * no * * yes * * * * -p * * * *""},{""char_end"":8402,""char_start"":7489,""chunk_id"":""2823f7e84d18d34794eacb0f1fb39707c3244147f3f9efab4777d66f348e77e9"",""document_id"":""techqa-doc:corpus/swg21695194.txt"",""filename"":""swg21695194.txt"",""rank"":3,""text"":""TA after they are installed. . 8. The CANDLEDATA mechanism is intended only for current agents. If the agent media contains installer 6.30.00.00 or above, it should be ok to use with CANDLEDATA. Some older or discontinued agents such as the Universal Agent (UM) and UNIX Logs agent (UL) cannot use CANDLEDATA reliably. ITM does not prevent older or discontinued agents from being installed into a new CANDLEHOME with CANDLEDATA implemented. . 9. When CANDLEDATA is in use, ITM implements internal overrides for the following configuration variables: CTIRA_SIT_PATH, KCA_IP_DIR, and KCAWD_WRITE_DIR. * If you've already overridden any of these configuration variables, you must remove the overrides before converting a given component. * If you've overridden these with CANDLEHOME/config/xx.environment, the conversion utility will detect and warn about them. Your overrides will win, so you must remove them. * If""},{""char_end"":9791,""char_start"":8943,""chunk_id"":""963ee3b0403ffa30ab83340e5597f93c273132bdac3ff3bc9b2d3d285cf77ea3"",""document_id"":""techqa-doc:corpus/swg21695194.txt"",""filename"":""swg21695194.txt"",""rank"":4,""text"":""there is enough space in CANDLEDATA before starting the conversion process. Agents Verified with CANDLEDATA The following agents have been verified to run properly when CANDLEDATA is implemented: * LO * * * LZ * * * UD * * * UX * * For other agents, contact the corresponding support team. Setting Up a New Local Installation with CANDLEDATA For new installations, you can define the location for local data at installation time. Local install (interactive): * * CANDLEDATA * * CANDLEHOME * * * * # ./install.sh * * INSTALL * * * Enter the name of the IBM Tivoli Monitoring installation directory. * * [ default = /opt/IBM/ITM ]: * * \""/opt/IBM/ITM\"" does not exist * * Try to create it [ 1-yes, 2-no; \""1\"" is default ]? * * Creating directory \""/opt/IBM/ITM\""... * * * Enter the name of the IBM Tivoli Monitoring local data directory. * * [ default = /""},{""char_end"":11000,""char_start"":10136,""chunk_id"":""c5f65372a468fa285fa9966a83217d8f13037245797afd1da5fcfccab54dc735"",""document_id"":""techqa-doc:corpus/swg21695194.txt"",""filename"":""swg21695194.txt"",""rank"":5,""text"":""TA * * CANDLEHOME * * CANDLEHOME * Local install (silent): * * CANDLEDATA * * CANDLEDATA * * * * install.sh [-l * CANDLEDATA * ] * Where: * -l * * CANDLEHOME * * * * CANDLEDATA * * install.sh * * * * * CANDLEDATA * * CANDLEHOME * * CANDLEDATA * * install.sh * Starting an agent for the first time with CANDLEDATA When you specify CANDLEDATA at install time, ITM establishes the base directory links. All agent-specific conversion is handled the first time a given agent is started. When this happens, an extra message is included in the agent start output: Here is an example: # itmcmd agent start ux Processing. Please wait... itmCANDLEDATA.sh: Component ux successfully converted to use data directory \""/var/IBM/ITM\"". Starting Monitoring Agent for UNIX OS ... Monitoring Agent for UNIX OS started Converting an existing installation or new agents to use CANDLEDA""},{""char_end"":2110,""char_start"":1342,""chunk_id"":""364c9790c3bb45d495d63cb36885a913a7f00f489097c58254ee4b16e7c3d4c9"",""document_id"":""techqa-doc:corpus/swg21695194.txt"",""filename"":""swg21695194.txt"",""rank"":6,""text"":""for existing installations. The CANDLEDATA mechanism is available with ITM 6.30.05.00. How CANDLEDATA Works The CANDLEDATA mechanism is implemented primarily using symbolic links. This means most of the underlying code in ITM is unaware of CANDLEDATA. This also means the CANDLEDATA mechanism is limited to Linux and UNIX platforms. The rest of this section shows examples of links where CANDLEHOME=/opt/IBM/ITM and CANDLEDATA=/var/IBM/ITM. You can define different locations for your own installation. Base Directory Links The following local data directories are always linked from CANDLEHOME to CANDLEDATA: * /opt/IBM/ITM/InstallITM -> /var/IBM/ITM/InstallITM * * /opt/IBM/ITM/config -> /var/IBM/ITM/config * * /opt/IBM/ITM/kt1v3depot -> /var/IBM/ITM/kt1v3depot * *""},{""char_end"":6917,""char_start"":5945,""chunk_id"":""c84751802c5489cc4099a79b0fb09ba6657cdb3b1f8b8b2538387d2ce42f691f"",""document_id"":""techqa-doc:corpus/swg21695194.txt"",""filename"":""swg21695194.txt"",""rank"":7,""text"":""to keep local data under CANDLEHOME. . 2. No facility is provided switch from a CANDLEHOME+CANDLEDATA implementation back to a unified CANDLEHOME implementation. To do this, you must uninstall and reinstall ITM. . 3. No facility is provided to move CANDLEDATA from one directory to another. To do this, you must uninstall and reinstall ITM. . 4. The CANDLEHOME and CANDLEDATA arrangement is a 1:1 relationship. * Only one CANDLEHOME can use a given CANDLEDATA. This means a given CANDLEDATA cannot be shared with multiple CANDLEHOMEs. * A given CANDLEHOME can only use one CANDLEDATA. This means components cannot be split amongst multiple CANDLEDATAs. . 5. The monitoring server and portal server cannot exploit CANDLEDATA. * The conversion utility will not convert an existing CANDLEHOME if it contains the monitoring server or portal server. * The installer warns if CANDLEDATA is specified and the install image contains the monitoring server or portal server. However""},{""char_end"":4167,""char_start"":3245,""chunk_id"":""be5dfeb1a8c733f2c79de25dccafc2f256531266b160f1d3836553374f5d4d98"",""document_id"":""techqa-doc:corpus/swg21695194.txt"",""filename"":""swg21695194.txt"",""rank"":8,""text"":""Agent Directory Links Some agents have links that are specific to that agent. For example, the LZ and UX agents create the following link for the Watchdog component to store local data: * /opt/IBM/ITM/kca -> /var/IBM/ITM/kca These directories and links are automatically generated by ITM when the agent is converted to use CANDLEDATA. CANDLEDATA <-> CANDLEHOME Directory Links The CANDLEHOME and CANDLEDATA directories also have cross references to each other: * /opt/IBM/IBM/registry/CANDLEDATA -> /var/IBM/ITM * * /opt/IBM/ITM <- /var/IBM/ITM/CANDLEHOME These links are all automatically generated by ITM when the system is installed or converted to use CANDLEDATA. Configuration Variables exploited by CANDLEDATA In addition to symbolic links, some individual components have special configuration settings to redirect agent-specific data to CANDLEDATA. ITM redirects data using the following configuration variables: *""},{""char_end"":12739,""char_start"":12062,""chunk_id"":""8e2ac4674c148fe242d9b97609077218f50dfdd9e815ac0f5e427d4c7ca7041b"",""document_id"":""techqa-doc:corpus/swg21695194.txt"",""filename"":""swg21695194.txt"",""rank"":9,""text"":""a newly installed agent to a CANDLEHOME where CANDLEDATA is already implemented can be performed with an incantation similar to this: * * itmCANDLEDATA.sh -b no -p \""ux\"" -r yes Using CANDLEDATA with Remote Deploy You can define the location for local data remotely: tacmd createnode (new installations): * * CANDLEDATA * * CANDLEDATA * * * * tacmd createnode ... -o ENV_CANDLEDATA= * data_directory * ... * * * * install.sh * * CANDLEDATA * * tacmd executecommand + itmCANDLEDATA.sh (existing installations): * * CANDLEDATA * * tacmd updateagent * * CANDLEDATA * * tacmd executecommand * * * * tacmd executecommand ... -c \""/opt/IBM/ITM/bin/itmCANDLEDATA.sh -l /var/IBM/ITM -p \\\""""},{""char_end"":717,""char_start"":0,""chunk_id"":""a19c0f356936cb7aa73b8fce8dff80d9c6df91de2f4f2b1b65ed4ac0259d40aa"",""document_id"":""techqa-doc:corpus/swg1IV77775.txt"",""filename"":""swg1IV77775.txt"",""rank"":10,""text"":""Title: IBM IV77775: ITMCANDLEDATA.SH DOES NOT HANDLE CANDLEHOME/AUDITLOGS - United States Text: A FIX IS AVAILABLE IBM Tivoli Monitoring 6.3.0 Fix Pack 6 (6.3.0-TIV-ITM-FP0006) [http://www-01.ibm.com/support/docview.wss?uid=swg24040390] SUBSCRIBE You can track all active APARs for this component. APAR STATUS * CLOSED AS PROGRAM ERROR. ERROR DESCRIPTION * The new itmCANDLEDATA.sh utility implemented in 6.30.05.00 does not link the CANDLEHOME/auditlogs directory to the CANDLEDATA location. LOCAL FIX * After implementing CANDLEDATA, manually create the link as follows: 1. Create CANDLEDATA/auditlogs. 2. Move everything from CANDLEHOME/auditlogs to CANDLEDATA/auditlogs. 3. Link CANDLEHOME/auditlogs to CANDLEDATA""}]",phase03-sufficiency-annotation-v1,f2fe3f7f29b834d78fd7c79bf4d4a94faee43c658d89c48e386854123066802b,,,,
phase03-semantic-confirmation-blinded-v1,154a905dc16fcf0dc04b424830971df5492c9b7edf18c29be18f10b1c6216743,75,TRAIN_Q355,train,hybrid,3,"What does the message ""ERROR: Records trailing spring space set to 512 is too small..."" mean?

What does the message ""ERROR: Records trailing spring space set to 512 is too small..."" mean? ",answerable_with_reference,"This error can occur when a query includes multiple aggregates against varchar or nvarchar columns. As the query is being processed the system allocates memory for each row of the result set. This includes each of the GROUP BY columns and each of the aggregates. For queries doing aggregates on variable length columns, the total length of the record will vary during the process.","[{""char_end"":998,""char_start"":0,""chunk_id"":""52ef0003e8b8568f694ef0d9771b2513331b6fb6f5e97724c11ba54d30a72322"",""document_id"":""techqa-doc:corpus/swg21567862.txt"",""filename"":""swg21567862.txt"",""rank"":1,""text"":""Title: IBM PureData Systems for Analytics - nzsql error, Records trailing spring space set to 512 is too small - United States Text: netezza PDA TECHNOTE (FAQ) QUESTION What does the message \""ERROR: Records trailing spring space set to 512 is too small...\"" mean? ANSWER The following error may appear in the pg.log file: ERROR: Records trailing spring space set to 512 is too small : Bump it up using the environment variable NZ_SPRINGFIELD_SIZE This error can occur when a query includes multiple aggregates against varchar or nvarchar columns. As the query is being processed the system allocates memory for each row of the result set. This includes each of the GROUP BY columns and each of the aggregates. For queries doing aggregates on variable length columns, the total length of the record will vary during the process. For example, if the current min value is \""Boston\"" and the new min value is \""Albuquerque\"" space for the new min value needs to increase. The NZ_SPRINGFIELD_SIZE is an extra""},{""char_end"":1009,""char_start"":0,""chunk_id"":""94b34be7b6c204c42fce39a3ab9d4cbe05de6a58e8d5825aac4cdf9d7bd308bd"",""document_id"":""techqa-doc:corpus/swg21470451.txt"",""filename"":""swg21470451.txt"",""rank"":2,""text"":""Title: IBM WebSphere DataPower SOA appliance is logging \""Unable to allocate execution resources\"" - United States Text: TECHNOTE (FAQ) QUESTION What does this error mean and how do I handle the error? CAUSE The device is attempting to handle a new transaction. This requires a configurable chunk of contiguous memory that is unable to be allocated. ANSWER The \""unable to allocate\"" error is simply a failure to allocate memory. Specifically the device has a 512k default Stack Size set in the Compile options policy. This stack size option can be seen either via the WebGUI Objects>Compile Options Policy or from the CLI \""show compile\"" output. Note: To apply any changes you may make to a Compile Options Policy, make sure it is selected in the XML Manager your service is using. Each transform action uses a copy of this stack to execute the compiled stylesheet. All stylesheets within the processing policy requires its own stack. If a stylesheet is too large, you will receive an error message of \""stack over""},{""char_end"":1559,""char_start"":625,""chunk_id"":""137da0ebd780d978edb87a32833c621481b8057880da65f55e84cb659d3e1cd0"",""document_id"":""techqa-doc:corpus/isg3S1000126.txt"",""filename"":""isg3S1000126.txt"",""rank"":3,""text"":""explicitly coded CISIZE that is too small has the same exposure: 1. VSAM may select an INDEX CISIZE that is not large enough to allow an entire data CONTROL area (CA) to be utilized (i.e. the associated INDEX record is filled before all data CI's are utilized). Users may see unexpected FREESPACE, too many extents being used, or extra CI/CA splits in the KSDS components. For large data sets, small INDEX CISIZE can cause excessive CA split activity in the higher level INDEX records as these records run out of space to hold the high key of the associated lower level (sequence set) INDEX records. These low settings might cause one of the following messages during file processing: MSGIEC070i MSGIEC161i MSGIEC251i RC34 - Data set reached maximum number of extents RC104 - No more volumes are available on which to allocate space. 2. For clusters defined with LSR/GSR (local or global shared resources) and the new N*512 (Nx512) CI""}]",phase03-sufficiency-annotation-v1,f2fe3f7f29b834d78fd7c79bf4d4a94faee43c658d89c48e386854123066802b,,,,
phase03-semantic-confirmation-blinded-v1,6a28621999555fc5e856707cb0d864346a12c78b33cb02ab1998b03b42d26f80,76,TRAIN_Q520,train,dense,3,"OCR Results for Bold fonts



Hi all,

I am having issue with extracting front that are bold, big front. May I know if Datacap have limitation on capturing metadata with big, bold front such as title of the document. I am using RecognizePageOCR_A for extraction of meta data and every other words were being extracted fine except those that are big. The attachment are the sample of front that could not be captured.",answerable_with_reference,"Do one of the following as appropriate for the situation. 

 * Verify that the newest recognition engine is being used. Currently this is done using the RecognizePageOCR_S action from the ocr_sr library. 
 * Increase the height limit for the action using SetMaxCharacterHeightTMM(x) where x represents the height in pixels. Default depends on the DPI, but for 300 DPI is 64. 
 * Reduce the height of the word in pixels. This may be done either by making the word smaller, or by reducing the number of pixels per inch for the tiff.","[{""char_end"":1018,""char_start"":0,""chunk_id"":""87ef313943d183011c21de69189b5724cdf92ade09e9c109106c5cc3d283bbe9"",""document_id"":""techqa-doc:corpus/swg21620875.txt"",""filename"":""swg21620875.txt"",""rank"":1,""text"":""Title: IBM Recognition gives Word too tall error with IBM Datacap Taskmaster Capture - United States Text: recognition OCR OCR_A OCR_S TECHNOTE (TROUBLESHOOTING) PROBLEM(ABSTRACT) When performing recognition on an image, recognition fails. The RRS log entry shows: Word too tall, removed. CAUSE This error can occur when the height of the word in pixels exceeds the configured limit. It can also occur when the recognition engine cannot identify the boundaries of the word. RESOLVING THE PROBLEM Do one of the following as appropriate for the situation. * Verify that the newest recognition engine is being used. Currently this is done using the RecognizePageOCR_S action from the ocr_sr library. * Increase the height limit for the action using SetMaxCharacterHeightTMM(x) where x represents the height in pixels. Default depends on the DPI, but for 300 DPI is 64. * Reduce the height of the word in pixels. This may be done either by making the word smaller, or by reducing the number of pixels per inch for the tiff""},{""char_end"":5695,""char_start"":4820,""chunk_id"":""af32ea7b8664ca03b36d0ff845cde3195b4fb63792f7c15a58de7876e0e5ba8c"",""document_id"":""techqa-doc:corpus/swg27050864.txt"",""filename"":""swg27050864.txt"",""rank"":2,""text"":""built into a document object where all of the extracted pages are contained within that document object. The steps are unique for each application, and are not covered here. This ruleset would be run on a document level object as can seen in the rule snapshot from Datacap Studio. It will gather all of the pages, and perform recognition on them as it builds the PDF. The result will be a PDF that has searchable text. [/support/docview.wss?uid=swg27050864&aid=3] [/support/docview.wss?uid=swg27050864&aid=3] The example shows the action \""RecognizeToPDFOCR_A\"" from the OCR/A action library. There is a similar action for the OCR/S engine called \""RecognizeToPDFOCR_S\"". They use different recognition engines but both of them will create a PDF with searchable text. It is recommended to test each of them to see which works best on your images. Depending on the version of Data""},{""char_end"":3366,""char_start"":2343,""chunk_id"":""897f8aa3d2e5746da8713984710af0e0b0c144d244b305d927affd939f2f11ec"",""document_id"":""techqa-doc:corpus/swg21131298.txt"",""filename"":""swg21131298.txt"",""rank"":3,""text"":""graphic. · Smaller fonts are harder to recognize. Larger fonts test better. Also, bold fonts are easier to recognize. · If you have a colored font on a colored background, play with the option settings in the OCR Region dialog box to see what works best. The image is converted to black and white before sending it to be recognized. You can check the OCR<number>.BMP in the Windows temp directory to see what was actually produced and to use as a guide in these cases. The number in this file name corresponds to the number listed in the Mask/OCR List. See the note below. · Unless you're depending on and making decisions in script based on the recognized text, it's not necessarily important that all letters of a text string are recognized correctly. It's only important that it be done the same way during recording and playback, so that the results are accurate. If you notice any characters not being picked up, it may not be malfunctioning, but may just have a limitation. Chances are it will work accurately even if""}]",phase03-sufficiency-annotation-v1,f2fe3f7f29b834d78fd7c79bf4d4a94faee43c658d89c48e386854123066802b,,,,
phase03-semantic-confirmation-blinded-v1,d89ba5a12b9f9f9b3dadb2446f445b6e9061052bb432234c52ffd30a565c07e0,77,TRAIN_Q367,train,bm25,1,"1040ez 9.0 Application

 Hi

I have downloaded sample Datacap 9 applications (1040ez, Express, Survey) using below link and copied in my local system C:\Datacap and added reference in Datacap.xml file.

IBM Datacap 9.0 and IBM Datacap 9.0.1 DDK sample applications

But i'm unable to login Datacap Studio & Tmweb.net . (I tried to with re generating encryption keys but no luck).

Can anyone let me know the reason, anything I missed in configuration ?

My Datacap version in Local Machine

IBM Datacap 9.0.0.3

Build: v 9.0.0.72

Thanks",answerable_with_reference,"If this is a new server where Datacap has never been run and encryption has not been set up at all, follow the instructions at Exporting encryption keys [http://www.ibm.com/support/knowledgecenter/SSZRWV_9.0.1/com.ibm.dc.install.doc/dcain011_copyto_cs1.htm].


If this is an existing server or a new server where the previous steps have been completed, distribute the dc_ktf.xml file to the client folder for all clients that will be used following the instructions at Importing encryption keys to Datacap computers","[{""char_end"":3695,""char_start"":2767,""chunk_id"":""1b78b4986c60037c5b59fa3147448c945d6b15ada4740d230c97bf222c246734"",""document_id"":""techqa-doc:corpus/swg27047895.txt"",""filename"":""swg27047895.txt"",""rank"":1,""text"":""new features and fixes are not applied to applications and customers might experience problems that have been fixed. The master task configuration is located in Datacap\\ProgramSet. The application settings are in the application DCO folder. Customers must manually update the task setting in each application where they are installed. System requirements Select the following link to see the hardware and software requirements for IBM Datacap. http://www.ibm.com/software/reports/compatibility/clarity/softwareReqsForProduct.html [http://www.ibm.com/software/reports/compatibility/clarity/softwareReqsForProduct.html] Search for ‘Datacap’, then select \""Datacap \"" Check the box ‘Show feature packs’ and select 9.0.1 for Feature Pack 1*. New features added to IBM Datacap 9.0.1 Feature Pack 1 For a list of new features that were added to Datacap 9.0.1 in Feature Pack 1, see: Highlights of IBM Datacap 9.0.1 Feature Pack 1 [http:""}]",phase03-sufficiency-annotation-v1,f2fe3f7f29b834d78fd7c79bf4d4a94faee43c658d89c48e386854123066802b,,,,
phase03-semantic-confirmation-blinded-v1,02ac3ff26160864a70e3bf1777173305a82cbe64e35310ef9030d129f7c9b88f,78,TRAIN_Q450,validation,bm25,3,"MQRC_NOT_AUTHORIZED after migrating from Websphere V7.0 to V8.5.5

After migration from WAS 7 TO WAS 8.5.5.3 ,WAS is unable to communicate with MQ and we see the following errors in the SystemOut.log:                                                         
                                                                                                                                                                                                                      
com.ibm.msg.client.jms.DetailedJMSSecurityException: JMSWMQ2013: The security authentication was not valid that was supplied for QueueManager 'XXXQM' with connection mode 'Client' and host name 'ipaddress(port)'. 
Please check if the supplied username and password are correct on the QueueManager to which you are connecting. at com.ibm.msg.client.wmq.common.internal.Reason .reasonToException(Reason.j ava:516)                 
.....                                                                                                                                                                                                                 
Caused by: com.ibm.mq.MQException: JMSCMQ0001: WebSphere MQ call failed with compcode '2' ('MQCC_FAILED') reason '2035' ('MQRC_NOT_AUTHORIZED'). at com.ibm.msg.client.wmq.common.internal.Reason.createException (Reason.java:204)
                                                                         
                                                                                                                                                                                                                      What is causing this?",answerable_with_reference,WebSphere MQ access control is based on user identifiers. There is a deliberate change in the default behaviour between the WebSphere MQ V7.0.1 classes for JMS and the WebSphere MQ V7.1 (and later) classes for JMS regarding the default user identifier flowed to the queue manager.,"[{""char_end"":820,""char_start"":0,""chunk_id"":""6913b9921fb8c404c6673cd54f5c043bef4f5f5eae2d407ba676b3fdf6aa6789"",""document_id"":""techqa-doc:corpus/swg21138961.txt"",""filename"":""swg21138961.txt"",""rank"":1,""text"":""Title: IBM MQJMS2013 (V6) JMSWMQ2013 (V7 and later) invalid security authentication (RC 2035) - United States Text: mqminfo permissions sec auth TECHNOTE (TROUBLESHOOTING) PROBLEM(ABSTRACT) You are running WebSphere MQ and your MQ JMS application fails with security authentication errors. SYMPTOM MQRC 2035 MQRC_NOT_AUTHORIZED MQRC 2063 MQRC_SECURITY_ERROR MQ V6: MQJMS2013: invalid security authentication supplied for MQQueueManager. MQ V7 and later: JMSWMQ2013: The security authentication was not valid that was supplied for QueueManager 'x' with connection mode 'Client' (or 'Bindings') and host name 'y.com'. Please check if the supplied username and password are correct on the QueueManager you are connecting to. CAUSE The MQJMS2013 exception shown in the WebSphere Application Server logs is generated due to a""},{""char_end"":1967,""char_start"":1334,""chunk_id"":""d23c61584582d99195a5326b5bf77de80c31399e8637134d6e1237baf74ab885"",""document_id"":""techqa-doc:corpus/swg1IO17880.txt"",""filename"":""swg1IO17880.txt"",""rank"":2,""text"":"": JMSWMQ0018: Failed to connect to queue manager '' with connection mode 'Client' and host name 'sovpdc1(1425)'. Check the queue manager is started and if running in client mode, check there is a listener running. Please see the linked exception for more information. at com.ibm.msg.client.wmq.common.internal.Reason.reasonToException( Reason.j ava:496) .... Caused by: com.ibm.mq.MQException: JMSCMQ0001: WebSphere MQ call failed with compcode '2' ('MQCC_FAILED') reason '2059' ('MQRC_Q_MGR_NOT_AVAILABLE'). at com.ibm.msg.client.wmq.common.internal.Reason.createException(Re ason.jav a:223) ... 12 more Caused by: com.ibm.mq.jmqi.J""},{""char_end"":1300,""char_start"":734,""chunk_id"":""7334d89f65876227eeb060f612e91d559932b4aa013f742292d6c3a12ce5a5ff"",""document_id"":""techqa-doc:corpus/swg1IT25269.txt"",""filename"":""swg1IT25269.txt"",""rank"":3,""text"":""was not valid that was supplied for QueueManager 'MY_QMGR' with connection mode 'CLIENT' and host name 'localhost. Useraction: Please check if the supplied username and password are correct on the QueueManager you are connecting to. LOCAL FIX PROBLEM SUMMARY * **************************************************************** USERS AFFECTED: This issue affects users of the IBM MQ classes for JMS that are operating using normal mode or normal mode with restrictions. Platforms affected: MultiPlatform ****************************************************************""}]",phase03-sufficiency-annotation-v1,f2fe3f7f29b834d78fd7c79bf4d4a94faee43c658d89c48e386854123066802b,,,,
phase03-semantic-confirmation-blinded-v1,928239014bfcfdf4a2d5a2c6b0ba653dd062e15710e45bbeb6490dddb9d70253,79,TRAIN_Q066,train,bm25,5,"Is there a 64-bit agent Log File Agent available for Windows OS?

Is there a 64-bit agent Log File Agent available for Windows OS? ",answerable_with_reference,This fix pack adds support for a Windows x86-64 bit (WIX64) and PowerPC little-endian Log File agent.,"[{""char_end"":730,""char_start"":0,""chunk_id"":""f069d81a1706d8cb85ff8e0b9f2f2ab214ae26dcda2803a5cd20ecf43180bff0"",""document_id"":""techqa-doc:corpus/swg21975634.txt"",""filename"":""swg21975634.txt"",""rank"":1,""text"":""Title: IBM Configuring Windows OS Agent logs 'Activation context generation failed for\""C:\\IBM\\ITM\\InstallITM\\x64\\AFUtil64.exe\""' message in Windows Application log. - United States Text: C:\\IBM\\ITM\\InstallITM\\x64\\AFUtil64.exe; SideBySide; Windows OS Agent; Log File Agent TECHNOTE (TROUBLESHOOTING) PROBLEM(ABSTRACT) If Log File Agent 6.2.3 FP1 is installed on Windows 2008 R2 SP1 Operating System (64-bit) which 64-bit Windows OS Agent 6.2.2 is running, configuring Windows OS Agent logs the following message in the Windows Application log. > Activation context generation failed for\""C:\\IBM\\ITM\\InstallITM\\x64\\AFUtil64.exe\"" SYMPTOM Configuring Windows OS Agent logs the following in the Windows Application log. -----------------""},{""char_end"":2163,""char_start"":1263,""chunk_id"":""aca407bda9a7cc142e2d2a501dff1b2b25f75f90a021879a8db6a06974025d06"",""document_id"":""techqa-doc:corpus/swg1IV67483.txt"",""filename"":""swg1IV67483.txt"",""rank"":2,""text"":""agent will be restarted as it will determine the memory threshold has been exceeded. The Windows OS Agent RAS1 log file will contain a message simlar to the following. Note the memory usage is listed as a negative number. kcawd.cpp,661,\""checkHealth\"") Agent <kntcma> PID <####> will be restarted; memory usage <-2147483648> exceeded threshold of <##########> The Problem was reported against the Windows OS agent; the code was updated to support 64-bit values for the Monitoring Agent for Windows OS as well as the Monitoring Agent for Linux OS and Monitoring Agent for UNIX OS. PROBLEM CONCLUSION * Code has been updated to support 64-bit values for the operating system memory. The fix for this APAR is contained in the following maintenance packages: | fix pack | 6.3.0-TIV-ITM-FP0007 TEMPORARY FIX * Disable Watchdog on Windows using the following steps: - Using MTEMS, select the Monitoring Agent""},{""char_end"":1349,""char_start"":437,""chunk_id"":""07aedac0274a451bc7716f2a0b594a500c0bf991b3388ef016a30839802040c5"",""document_id"":""techqa-doc:corpus/swg1IV14950.txt"",""filename"":""swg1IV14950.txt"",""rank"":3,""text"":""* CLOSED AS PROGRAM ERROR. ERROR DESCRIPTION * Windows OS agent not monitored on Itanium 64-bit machine by Watchdog. LOCAL FIX PROBLEM SUMMARY * Windows OS Agent not monitored on Itanium 64-bit machine. The Monitoring Agent for Windows OS running on an Itanium 64-bit machine does not list the \""Monitoring Agent for Windows OS\"" or \""Proxy Agent Services Watchdog\"" in the Agent Management Services workspace. As a result, these are not managed by the Proxy Agent Services Watchdog function. PROBLEM CONCLUSION * Support has been added to monitor the \""Monitoring Agent for Windows OS\"" and \""Proxy Agent Services Watchdog\"" on Itanium 64-bit. The fix for this APAR is contained in the following maintenance packages: | fix pack | 6.2.2-TIV-ITM-FP0008 | fix pack | 6.2.3-TIV-ITM-FP0002 TEMPORARY FIX COMMENTS APAR INFORMATION * APAR NUMBER IV14950 * REPORTED COMPONENT NAME ITM AGENT WINDO * REPORTED COMPONENT ID 5724C""},{""char_end"":3207,""char_start"":2231,""chunk_id"":""4515164883faed5f0ef3cac1674268f45d60bb00a5e2687b19a04c9fb27f0614"",""document_id"":""techqa-doc:corpus/swg1IZ25861.txt"",""filename"":""swg1IZ25861.txt"",""rank"":4,""text"":""suggested fix. I can pass the code change I made to the L3 team for integration into the Code Library for build of an LA on 6.2FP1. LOCAL FIX * N/A PROBLEM SUMMARY * The Monitoring agent for Windows OS was not able to read the event log on Microsoft Windows 2008 Server running on 64-bit sysyems. The registry is read to find the location of the event logs. The Monitoring agent for Windows OS uses a Windows API to determine whether it is running on a 32-bit or 64-bit system. The data returned by the API was not interpreted by the Monitori ng agent for Windows OS correctly. The monitored logs in the System workspace in the Tivoli Enterprise Portal do not show any value. This fix resolves the problem and the Windows event log is read correctly. PROBLEM CONCLUSION * This APAR has been fixed and delivered in a limited availability fix 6.2.0.1-TIV-ITM_WIN-LA0002. This maintenance delivery vehicle is a limited availability patch and therefore is in a \""hidden directory.\""""},{""char_end"":959,""char_start"":0,""chunk_id"":""2f70e5538b1bd27691c6721e85542e79a38415ce87d0722c4bdc67b9a3774c7b"",""document_id"":""techqa-doc:corpus/swg21427756.txt"",""filename"":""swg21427756.txt"",""rank"":5,""text"":""Title: IBM Remote deploying an agent to a Windows 64-bit machine may fail if the latest Agent Compatibility bundle is not found in the TEMS depot. - United States Text: TECHNOTE (TROUBLESHOOTING) PROBLEM(ABSTRACT) ITM 622FP1 introduced the 64-bit native Windows OS (NT) agent. On a Windows 64-bit endpoint, ITM will support the coexistence of both 32-bit and 64-bit agents. However, in order to support this coexistence, a new bundle which is the Agent Compatibility Package (AC), has been created. This Agent Compatibility Package contains both the 32-bit and 64-bit Agent Framework libraries. SYMPTOM The issue may be diagnosed by examining the ITM Installation Log for the associated agent deployment. You will find a failure like the following: RC_INFO: The Agent Compatibility Package in version 06220100 is required but unavailable. Affected platforms are Windows 64-bit at V6.2.2 FP1 (or later) level. RESOLVING THE PROBLEM The AC package (which can be""}]",phase03-sufficiency-annotation-v1,f2fe3f7f29b834d78fd7c79bf4d4a94faee43c658d89c48e386854123066802b,,,,
phase03-semantic-confirmation-blinded-v1,caa1d12b38ce4123c60725620d741fc16decbdf069b06b8a2c9242999a12490f,80,DEV_Q149,validation,hybrid,5,"Why SSH connections fail after upgrade to v7.5.2 and above?

Why SSH connections fail after upgrade to v7.5.2 and above? The same configuration works on v7.2. ",answerable_with_reference,Disabled diffie-hellman-group-exchange-sha1 and diffie-hellman-group1-sha1 algorithms by default. Disabled MD5-based MAC algorithms. Limited DH-GEX to 4096 bits for Cisco devices.,"[{""char_end"":825,""char_start"":0,""chunk_id"":""b152969cd73771577e55fcf907e47baee91090c5a7b6cba1240813abdcc961f8"",""document_id"":""techqa-doc:corpus/swg1IJ00849.txt"",""filename"":""swg1IJ00849.txt"",""rank"":1,""text"":""Title: IBM IJ00849: ADDING FIREWALL RULES TO BLOCK SSH CONNECTIONS MAY RESULT IN UPGRADE FROM 7.2.8 TO 7.3.X TO FAIL. - United States Text: SUBSCRIBE You can track all active APARs for this component. APAR STATUS * CLOSED AS PERMANENT RESTRICTION. ERROR DESCRIPTION * Blocking an SSH connection will result in the final phase of the upgrade to fail. During this phase a series of docker services install which require SSH access. Should your upgrade fail look in /var/log/setup-7.3.0.20xxxxxxxxxxxx/qradar_netsetup.log for similar messages: ERROR: Failed to install microservices infrastructure components. (1) qradar_netsetup.py[26857]: qradar_netsetup installQradar [INFO] result of the restoring pre-upgrade configuration: 1 qradar_netsetup.py[26857]: ibm_logging error [ERROR] Failed to restore pre-upgrade configuration!""},{""char_end"":2140,""char_start"":1731,""chunk_id"":""e76c9b3068671a10e172e9221a7feacd0cab0cdc8d24a6ced70db9a2ec9f5c53"",""document_id"":""techqa-doc:corpus/swg1IV73539.txt"",""filename"":""swg1IV73539.txt"",""rank"":2,""text"":""The ssh client would try * * ssh2 and then fail over to ssh1 no matter what the ssh type * * was set to. * **************************************************************** * RECOMMENDATION: * * Upgrade to 6.4.1.4 when available. There is an interim also * * an interim fix released on 6.4.1.3. The interim FixID is * * 6.4.1.3-TIV-ITNCM-IF001 * ****************************************************************""},{""char_end"":984,""char_start"":0,""chunk_id"":""b99d6aedbb1e53d90a4ffb618af09dc6a9c4e17abd947afa7a4ccb33e7042866"",""document_id"":""techqa-doc:corpus/swg21571507.txt"",""filename"":""swg21571507.txt"",""rank"":3,""text"":""Title: IBM Reducing SSH vulnerability - United States Text: TECHNOTE (TROUBLESHOOTING) PROBLEM(ABSTRACT) How do I limit Open Secure Shell (SSH) vulnerability? SYMPTOM During a security scan, OpenSSH may be flagged as a vulnerability. This article describes how to alleviate the potential vulnerability. RESOLVING THE PROBLEM SSH currently supports protocol versions 1 and 2. The security scan vulnerabilty refers to the SSH protocol version 1. The default configuration of OpenSSH supports both protocol 1 and 2. To reduce the vulnerability, reconfigure OpenSSH software to restrict connections to be SSH Version 2 or above. No software upgrade should be required. Recommendation: Ensure that you have access to the Netezza host console in case you inadvertently get locked out of using SSH. 1. Log in as the root user. 2. Open the /etc/ssh/ssh_config file for editing. 3. Uncomment the line that reads # Protocol 2,1 4. Modify that same line to read 'Protocol 2' instead of 'Protocol""},{""char_end"":803,""char_start"":0,""chunk_id"":""19f1a60a63a65e08a633a1c26008f60fa1d97c4931c44099bc619d6a711b59c8"",""document_id"":""techqa-doc:corpus/nas8N1021014.txt"",""filename"":""nas8N1021014.txt"",""rank"":4,""text"":""Title: IBM After Applying PTFs for 5733SC1, SSH/SFTP/SCP Connections to/from IBM i May Fail with Cipher Errors - United States Text: TECHNOTE (TROUBLESHOOTING) PROBLEM(ABSTRACT) Applying PTFs to 5733SC1 (OpenSSH) can cause SSH/SFTP/SCP connections to fail with error messages in regards to not matching ciphers. This will only happen where the partner SSH server or client on the connection is running a very old version of the SSH / OpenSSH code. SYMPTOM Errors on connection with \""No matching cipher found\"", or \""No matching MAC algorithm found\"", or occasionally \""No matching kex algorithm found\"". CAUSE The following PTFs, or their supersedes, upgrade OpenSSH on the IBM i from an earlier release to 6.9p1: o R610 - SI57920 (1000) o R710 - SI57762 (5317) o R720 - SI57771 (5310) Important Note: The R7""},{""char_end"":797,""char_start"":0,""chunk_id"":""dfb2f2a757c37945652b032569c9a5873a8e3033a0e9d033178f0d2ecfdceb32"",""document_id"":""techqa-doc:corpus/swg21687060.txt"",""filename"":""swg21687060.txt"",""rank"":5,""text"":""Title: IBM QRadar: SSH connections to QRadar using PuTTY may fail with a fatal error after upgrading to 7.2mr3 - United States Text: qradar; ssh; upgrade; putty TECHNOTE (TROUBLESHOOTING) PROBLEM(ABSTRACT) You may find that you receive a fatal error when attempting a SSH connection to QRadar using PuTTY after upgrading to QRadar 7.2mr3. SYMPTOM After the upgrade, the following PuTTY exception may be received: PuTTY Fatal Error: Couldn't agree a client-to-server cipher (available: aes128-ctr,aes192-ctr,aes-256-ctr,arcfour256,arcfour128,arcfour) CAUSE An older version of PuTTY may be in use which does not support the cipher used by this version of QRadar. RESOLVING THE PROBLEM Upgrading to PuTTY version .60 or later will address the issue. Where do you find more information? [/support/doc""}]",phase03-sufficiency-annotation-v1,f2fe3f7f29b834d78fd7c79bf4d4a94faee43c658d89c48e386854123066802b,,,,
phase03-semantic-confirmation-blinded-v1,90b15227fd5c72c0644d3d1e05cf9c54d73311c700b902b21a1d0a2fb887585c,81,DEV_Q288,validation,dense,3,"Is Java 8 supported for BPM?



I understand that support for Java 6 on WebSphere Application Server is ending April 2018, see: http://www-01.ibm.com/support/docview.wss?uid=swg21999583

Now I can switch to Java 7. But what about Java 8? Does BPM 8.5.6 support Java 8?",answerable_with_reference,IBM BPM V8.5.6.0 Java 6 or Java 7*,"[{""char_end"":1537,""char_start"":781,""chunk_id"":""240f48d66782faf5ec1acd093d0aa79eefdbc4a87822c00768a880037aec231e"",""document_id"":""techqa-doc:corpus/swg21999583.txt"",""filename"":""swg21999583.txt"",""rank"":1,""text"":""www-01.ibm.com/common/ssi/ShowDoc.wss?docURL=/common/ssi/rep_ca/3/897/ENUS916-143/index.html&request_locale=en]. If you continue to use a supported BPM or Monitor level with Java 6 past this time frame, you will still be able to get support for BPM or Monitor issues. Although you will not be able to get fixes for any Java problems or security flaws that are found in Java. It is recommended to migrate or upgrade to the latest version. * For details on the latest BPM product versions and links to the upgrade instructions, see Product maintenance strategy for IBM Business Process Manager [http://www-01.ibm.com/support/docview.wss?uid=swg21964995]. Upgrading to BPM 8.6 or later, will update you to Java 8. If you are using BPM 8.5.6 or 8.5.7 with Java""},{""char_end"":902,""char_start"":0,""chunk_id"":""e703885d543d9e95e4c743f1a6130cf2fa55a130e6115937f974e39da09e8eb7"",""document_id"":""techqa-doc:corpus/swg22007457.txt"",""filename"":""swg22007457.txt"",""rank"":2,""text"":""Title: IBM Java 8 support statement for IBM Connections v5.5 - United States Text: TECHNOTE (FAQ) QUESTION For WebSphere Application Server V8.5 customers, full support of Java 6 with traditional WebSphere will end in April 2018. Customers using WebSphere Application Server for V8.5 are recommended to move up to Java 8. Refer to Java SE 6 end of service in WebSphere Application Server V8.5 [https://www.ibm.com/support/knowledgecenter/en/SSAW57_8.5.5/com.ibm.websphere.nd.doc/ae/covr_javase6_eos.html] for further information. However, IBM Connections 5.5 and earlier versions are supported only with Java 6. Are there any plans to support Connections 5.5 or earlier versions with Java 8? ANSWER IBM Connections v5.5 and earlier versions are supported only with Java default version SDK 1.6 (i.e. Java 6) for WebSphere Application Server Network Deployment. There are no plans to support Connections""},{""char_end"":689,""char_start"":0,""chunk_id"":""7f9bab12abb3e8c4e6f175c954383dd9f71715f67361fd68078b8e337e63d871"",""document_id"":""techqa-doc:corpus/swg22014415.txt"",""filename"":""swg22014415.txt"",""rank"":3,""text"":""Title: IBM WebSphere Commerce v7 is adding support for Java Version 8 - United States Text: NEWS ABSTRACT WebSphere Commerce v7 is adding support for Java Version 8 CONTENT In January 2018, it was announced that support for WebSphere Commerce V7 would be ending [http://www-01.ibm.com/common/ssi/ShowDoc.wss?docURL=/common/ssi/rep_ca/2/897/ENUS918-012/index.html&lang=en&request_locale=en] on April 30, 2019. WebSphere Application Server (WAS) previously announced support for WAS V7 will end [http://www-01.ibm.com/common/ssi/ShowDoc.wss?docURL=/common/ssi/rep_ca/3/897/ENUS916-143/index.html&lang=en&request_locale=en] on April 30 2018 and Oracle will be ending support for Java 6 [http:""}]",phase03-sufficiency-annotation-v1,f2fe3f7f29b834d78fd7c79bf4d4a94faee43c658d89c48e386854123066802b,,,,
phase03-semantic-confirmation-blinded-v1,7d9140deed212edb1212aa4e4a161212291812e5b496e1c83ebdf149a10b0c0c,82,DEV_Q033,validation,hybrid,10,"Limitations of sylog-TCP log target using DataPower Gateways

I am trying to configure a log target using type syslog-TCP. It seems that the payload is getting truncated when I try to record custom logs to it using log-action. Why is this? How can I workaround it. ",answerable_with_reference,Configure a server daemon to listen and capture the DataPower devices events.,"[{""char_end"":983,""char_start"":0,""chunk_id"":""fdfdb2c563b59047a6d9cac2e1f247365f1c99c1a3e2fe7ce62ba13d0c5c89d4"",""document_id"":""techqa-doc:corpus/swg21447824.txt"",""filename"":""swg21447824.txt"",""rank"":1,""text"":""Title: IBM DataPower log event message truncated when using xsl:message to output a custom log message - United States Text: TECHNOTE (FAQ) QUESTION Why is the WebSphere DataPower log event message truncated when I use xsl:message to output a custom log message from my XSLT style sheet? ANSWER The WebSphere DataPower log event text is limited to a maximum length of 2048 bytes. Log text length over 2048 bytes is truncated. This limitation applies to every log priority and every type of log including the log output from xsl:message. This limitation currently exists on every firmware level. Note: If log text over 2048 bytes is required, use the Log Action. The Log Action is designed to be used with an off-device logger that accepts a message and records them to a file store of your choice. It can be used to log the message context into any log target. You can find more information about the Log Action in Section 5.1.3 of following redbook: * * http://www.redbooks.ibm.com/""},{""char_end"":825,""char_start"":0,""chunk_id"":""9a52a76b4ce8d4edf69b06464638fc07c4d46fcdb835c671929e3d3cb4adba56"",""document_id"":""techqa-doc:corpus/swg21651652.txt"",""filename"":""swg21651652.txt"",""rank"":2,""text"":""Title: IBM Load Balancer Group for Log Target cannot be used with syslog (UDP) - United States Text: TECHNOTE (TROUBLESHOOTING) PROBLEM(ABSTRACT) Why do I get errors when I configure a syslog log target to write to a load balancer group? SYMPTOM Connection error(6) at 'syslog://<LBGroupName>:514/' Could not resolve host for 'syslog://<LBGroupName>:514/' CAUSE UDP / syslog is fire and forget. Since no connection is maintained, there is no such concept as failing over to a different group member. Hence Load Balancer Groups are not supported for syslog log targets. They are supported for syslog-tcp log targets. RESOLVING THE PROBLEM If you want to use a Load Balancer Group as the Remote Host with a Log Target, use syslog-tcp in the Target Type field. If you want to use syslog to fire and forget log events, then use a""},{""char_end"":1308,""char_start"":532,""chunk_id"":""5ed5452be3e5617b43eb5b0d61ec14f89790e2cb5defcc33aefbbd410f0a15d7"",""document_id"":""techqa-doc:corpus/swg1IT19589.txt"",""filename"":""swg1IT19589.txt"",""rank"":3,""text"":"".1 [http://www-01.ibm.com/support/docview.wss?uid=swg24042194] Fix packs for DataPower Gateway version 7.5.2 [http://www-01.ibm.com/support/docview.wss?uid=swg24042699] SUBSCRIBE You can track all active APARs for this component. APAR STATUS * CLOSED AS PROGRAM ERROR. ERROR DESCRIPTION * When the destination server for a syslog-tcp log target is unavailable, the CPU on the DataPower Gateway might rise dramatically due to excessive syslog-tcp connection attempts. LOCAL FIX PROBLEM SUMMARY * Many syslog-tcp targets going to a remote syslog server which is down might rise DataPower CPU usage. PROBLEM CONCLUSION * Add tuning parameters to sylog-tcp logging targets to allow customers to reduce the syslog retries to the syslog server Fix is available in 7.1.0.16, 7.2.0.14""},{""char_end"":1671,""char_start"":725,""chunk_id"":""c14cc948e74ff3a6862f32d3868335ce2c35c3604eaaade969be352a5323b9d3"",""document_id"":""techqa-doc:corpus/swg21502873.txt"",""filename"":""swg21502873.txt"",""rank"":4,""text"":""P in a \""fire-and-forget\"" manner. When using syslog-ng, if excessive amounts of log entries are generated, multiple syslog-ng log targets, or a high rate limit is used, then internal resources may be consumed while trying to connect using the TCP protocol when the remote syslog-ng target server is unreachable over the network. ENVIRONMENT This may be seen when using an IBM WebSphere DataPower SOA Appliance with a remote syslog-ng server and configuring excessive log targets to the same remote syslog-ng server, a high rate-limit, or excessive number of log messages to be sent. If the remote syslog-ng server goes down or becomes unreachable over the network, the DataPower appliance can consume internal resources while trying to send these many log messages using TCP and while waiting to time out. DIAGNOSING THE PROBLEM If the DataPower appliance encounters a resource issue when a syslog-ng target is simultaneously unreachable, tune the""},{""char_end"":901,""char_start"":0,""chunk_id"":""fed368a620b58cf865ce483816693c10cd2f1aa7d53f2e00e7b597859063edf7"",""document_id"":""techqa-doc:corpus/swg21430426.txt"",""filename"":""swg21430426.txt"",""rank"":5,""text"":""Title: IBM Upload of log target fails when using SCP or SFTP - United States Text: scp sftp maximum concurrent log target exceeded TECHNOTE (FAQ) QUESTION When uploading a log target using SCP or SFTP, it fails with the following error: 09:08:31 system error 337199 0x810003f2 logging target (TestMsgs): Maximum number of concurrent scp or sftp exceeded. 09:08:31 system error 337199 0x8100043d logging target (TestMsgs): Log upload of target TestMsgs failed. CAUSE This error is issued when multiple log targets attempt to upload at the same time via SCP or SFTP. DataPower has a limit of allowing only one SCP/SFTP connection at a time even if they are going to different servers. This limit was set in the early versions of the DataPower appliance to prevent CLI activity from potentially impacting the scalability or performance of the device. ANSWER Configure the log targets with unique settings""},{""char_end"":1791,""char_start"":738,""chunk_id"":""213264a31e37cb043bf448aec6dc13c4791f5ea101add580a67b3ceeb0655a18"",""document_id"":""techqa-doc:corpus/swg21269136.txt"",""filename"":""swg21269136.txt"",""rank"":6,""text"":""hold larger than average log files or long term logging needs in production environment. It should be noted that if used while debugging at load or in a capacity issue, log events may be dropped. There is a prioritization of events within the device and client traffic always comes first. Log events dropped can be confirmed or counted from the Status>Log Targets menu in the WebGUI. RESOLVING THE PROBLEM Configure a server daemon to listen and capture the DataPower devices events. First, this example shows how to create the log target sending events to a syslog destination. The other examples listed below will have their own strong points to be considered depending on the problem scenario. Syslog: * The syslog protocol operates over UDP which has no guarantee on packet delivery - a fast fire and forget method. To create the new log target, go into the default domain: Objects > Log Targets Configure the log target with settings as follows from the WebGUI: 1. Name the log target 2. Select Target Type of syslog 3. Fill in the Local Identifier""},{""char_end"":1671,""char_start"":832,""chunk_id"":""512ba139873b54b869e75b7ac1e65a113d98a1f936bc7b134994e0b48757ac13"",""document_id"":""techqa-doc:corpus/swg1IT24941.txt"",""filename"":""swg1IT24941.txt"",""rank"":7,""text"":""got created and where hold even beyond the Identical Event Detection timeout. It turned out this part of hold memory is not captured in the log target status provider, so customer could not pinpoint this specific log target to be the driver. LOCAL FIX * Either shortly disable/enable the log target object to reclaim hold memory, or do not use Identical Event Detection (a preferred practice anyway to safe resources on DataPower), or more specifically don't use Identical Event Detection if the log target type is syslog-tcp. PROBLEM SUMMARY * The logging target status might not reflect actual memory used. PROBLEM CONCLUSION * Fix is available in 7.5.0.16, 7.5.1.15, 7.5.2.15, 7.6.0.8 and 7.7.1.1 For a list of the latest fix packs available, please see: http://www-01.ibm.com/support/docview.wss?uid=swg21237631 [http://www-01.ibm.com/""},{""char_end"":3134,""char_start"":2223,""chunk_id"":""ef983589c2b1504e0273573a95b5e4a5566c3ac370a3a0ba9c427d8ae0003719"",""document_id"":""techqa-doc:corpus/swg21269136.txt"",""filename"":""swg21269136.txt"",""rank"":8,""text"":""all and debug as indicated here: [/support/docview.wss?uid=swg21269136&aid=2] [/support/docview.wss?uid=swg21269136&aid=2] * * 6. Generate log events in the DataPower by using some transactions, for example by saving the configuration from the WebGUI or running some test load into a domain. Syslog-ng, will simply work over the TCP protocol to ensure the packet is delivered to the destination. The same consideration should be applied to a device under high load in that a log event could be dropped if not able to be wrote out to the network within time. NFS: All NFS limitations apply from file size and permission settings. This is a more common approach using an NFS static mount to capture a log target and can allow for slightly more reliable messages to be logged. The limiting factor again is the speed of the network and NFS server response time. File type: Using a file type log target with a backup""},{""char_end"":804,""char_start"":0,""chunk_id"":""f395ac5c4d631f2899db9b7f806f60526494a6508178b943ebcf576e267d1f98"",""document_id"":""techqa-doc:corpus/swg1IT24800.txt"",""filename"":""swg1IT24800.txt"",""rank"":9,""text"":""Title: IBM IT24800: IBM MQ Appliance reloads unexpectedly when syslog-tcp logging target is enabled. - United States Text: SUBSCRIBE TO THIS APAR By subscribing, you receive periodic emails alerting you to the status of the APAR, along with a link to the fix after it becomes available. You can track this item individually or track all items by product. Notify me when this APAR changes. Notify me when an APAR for this component changes. APAR STATUS * CLOSED AS PROGRAM ERROR. ERROR DESCRIPTION * MQ Appliance reloads continuously after enabling a syslog logging target. Reload issue is only seen with a logging target of type syslog-tcp. . mqa(config)# show logging target logging target: syslogTCP [up] ------------------------- admin-state enabled type syslog-tcp priority normal soap-version soap11""},{""char_end"":977,""char_start"":0,""chunk_id"":""be56dc51a59c5be5737e9fbb7a8f9b7ca808bea051c3fadfd1f1b673b33a9db6"",""document_id"":""techqa-doc:corpus/swg21626359.txt"",""filename"":""swg21626359.txt"",""rank"":10,""text"":""Title: IBM Getting message Export Cancelled when trying to Export Result in TAFs - United States Text: TECHNOTE (TROUBLESHOOTING) PROBLEM(ABSTRACT) I am a new user to TAFs. I am importing using Music.sav sample file for my Data Source in TAFs. After the import, I am trying to export the result to Excel. When I go to File=>Export Result, I am getting message Export Cancelled. Why I am not able to do the Export? How can I fix it? RESOLVING THE PROBLEM The behavior and message you are getting is normal. You are getting the error message because you don't have any Category to be export. If there is no category, you can create an empty category and move the Concepts from the bottom panel to your category. In TAFs, as you can see, there is no category being build and you will get an error if you try to build the category. Just go to Category => Create Empty Category. Give it a name. Now Select one or more of the Concepts from below panel and move (drag) to the category""}]",phase03-sufficiency-annotation-v1,f2fe3f7f29b834d78fd7c79bf4d4a94faee43c658d89c48e386854123066802b,,,,
phase03-semantic-confirmation-blinded-v1,9eacdc63974c40d94b1a74a2c2976d03d28d9d2c9ec2af959b153853bea5664c,83,TRAIN_Q171,train,dense,3,"Help with Security Bulletin: Security vulnerabilities have been identified in IBM DB2 shipped with WebSphere Remote Server (CVE-2014-8730)

I need to understand details regarding Security Bulletin: Security vulnerabilities have been identified in IBM DB2 shipped with WebSphere Remote Server (CVE-2014-8730). Where can I find this information? ",answerable_with_reference,"For vulnerability details, see the security bulletin TLS padding vulnerability affects IBM DB2 LUW (CVE-2014-8730)","[{""char_end"":831,""char_start"":0,""chunk_id"":""93d4ad926471c1acf0fab86e58854915ef0147f2ff894d3d1e2858736d70a0e7"",""document_id"":""techqa-doc:corpus/swg21674944.txt"",""filename"":""swg21674944.txt"",""rank"":1,""text"":""Title: IBM Security Bulletin: Security vulnerabilities have been identified in IBM DB2 shipped with WebSphere Remote Server (CVE-2014-0907) - United States Text: SECURITY BULLETIN SUMMARY IBM DB2 is shipped as a component of WebSphere Remote Server. Information about security vulnerabilities affecting IBM DB2 has been published in a security bulletin. VULNERABILITY DETAILS For vulnerability details, see the Local escalation of privilege vulnerability in IBM DB2 (CVE-2014-0907) [http://www.ibm.com/support/docview.wss?uid=swg21672100] document. AFFECTED PRODUCTS AND VERSIONS Principal Product and Version(s) Affected Supporting Product and Version WebSphere Remote Server version 6.1, 6.2, 6.2.1, 7.0, 7.1, 7.1.1, 7.1.2, 8.5 IBM DB2 Workgroup Server Edition 9.1, 9.5, 9.7, 10.1 GET NOTIFIED ABOUT FUTURE SECURITY BULLETINS Sub""},{""char_end"":813,""char_start"":0,""chunk_id"":""28f39ea8466a08a2ca896899d19a5c64113c6fdd1b3bc926f2f0f69166880e1c"",""document_id"":""techqa-doc:corpus/swg21701696.txt"",""filename"":""swg21701696.txt"",""rank"":2,""text"":""Title: IBM Security Bulletin: Security vulnerabilities have been identified in IBM DB2 shipped with WebSphere Remote Server (CVE-2015-0138, CVE-2015-0159 and CVE-2014-6221) - United States Text: SECURITY BULLETIN SUMMARY IBM DB2 is shipped as a component of WebSphere Remote Server. Information about security vulnerabilities affecting IBM DB2 has been published in a security bulletin. VULNERABILITY DETAILS For vulnerability details, see the security bulletin Vulnerabilities in GSKit affect IBM® DB2® (CVE-2015-0138, CVE-2015-0159 and CVE-2014-6221). [http://www.ibm.com/support/docview.wss?uid=swg21699543] AFFECTED PRODUCTS AND VERSIONS Principal Product and Version(s) Affected Supporting Product and Version WebSphere Remote Server version V6.2, V6.2.1, 7.0, 7.1, 8.5 IBM DB2 Workgroup Server Edition V9.5,""},{""char_end"":817,""char_start"":0,""chunk_id"":""02e0c3960c99926709d427b42952d47a59cfcd313548e4c9ccfd46ecb2f471a7"",""document_id"":""techqa-doc:corpus/swg21700633.txt"",""filename"":""swg21700633.txt"",""rank"":3,""text"":""Title: IBM Security Bulletin: Security vulnerabilities have been identified in IBM DB2 shipped with WebSphere Remote Server (CVE-2014-8730) - United States Text: SECURITY BULLETIN SUMMARY IBM DB2 is shipped as a component of WebSphere Remote Server. Information about security vulnerabilities affecting IBM DB2 has been published in a security bulletin. VULNERABILITY DETAILS For vulnerability details, see the security bulletin TLS padding vulnerability affects IBM DB2 LUW (CVE-2014-8730) [http://www.ibm.com/support/docview.wss?uid=swg21692618]. AFFECTED PRODUCTS AND VERSIONS Principal Product and Version(s) Affected Supporting Product and Version WebSphere Remote Server V6.1, 6.2, 6.2.1, 7.0, 7.1, 7.1.1, 7.1.2, 8.5 IBM DB2 Workgroup Server Edition V9.1, 9.5, 9.7, 10.1, 10.5 GET NOTIFIED ABOUT FUTURE SECURITY""}]",phase03-sufficiency-annotation-v1,f2fe3f7f29b834d78fd7c79bf4d4a94faee43c658d89c48e386854123066802b,,,,
phase03-semantic-confirmation-blinded-v1,3e5cc29f90caf7d98ce072e0c36fa91a063b2e5223abb8ea25ce7829441ede4b,84,TRAIN_Q384,train,dense,10,"Where do I find list of all document formats indexable and supported by ICC Content Search Services Support (CSSS)?

Where do I find list of all document formats indexable and supported by ICC Content Search Services Support (CSSS)? ",answerable_with_reference,"Content Search Services uses Oracle Outside In Technology for text conversion. The Indexable document types depend on the version of the Oracle product that is used in Content Search Services in Content Platform Engine. The CSS V5.2.1 uses Outside In V8.4.1

You can reference this link to check what document types CSS/Outside In supports: 


http://www-01.ibm.com/support/knowledgecenter/SSNW2F_5.2.1/com.ibm.p8.ce.admin.tasks.doc/cbr/csscbr_indexable_documenttype.htm?lang=en","[{""char_end"":791,""char_start"":0,""chunk_id"":""b9264c36a81a9e2f07662b409920bb50a62adba1493671a2d59920ecc5b72e80"",""document_id"":""techqa-doc:corpus/swg21978407.txt"",""filename"":""swg21978407.txt"",""rank"":1,""text"":""Title: IBM File Formats for IBM Content Collector (ICC) Content Search Services Support - United States Text: icc; css; csss TECHNOTE (FAQ) QUESTION How do I find list of all document formats supported by ICC Content Search Services Support (CSSS)? ANSWER Content Search Services uses Oracle Outside In Technology for text conversion. The Indexable document types depend on the version of the Oracle product that is used in Content Search Services in Content Platform Engine. The CSS V5.2.1 uses Outside In V8.4.1 You can reference this link to check what document types CSS/Outside In supports: http://www-01.ibm.com/support/knowledgecenter/SSNW2F_5.2.1/com.ibm.p8.ce.admin.tasks.doc/cbr/csscbr_indexable_documenttype.htm?lang=en [http://www-01.ibm.com/support/knowledgecenter/SSNW2F_5.2.1/""},{""char_end"":1216,""char_start"":991,""chunk_id"":""63b7a5615cc26d8b096d540159e6b5d2a2b64f3caa0cb892eb7b9332bc349d83"",""document_id"":""techqa-doc:corpus/swg27036732.txt"",""filename"":""swg27036732.txt"",""rank"":2,""text"":""IBM CONTENT COLLECTOR P8 CONTENT SEARCH SERVICES SUPPORT V3.0 FIX PACK 2 3.0.0.2-IBM-ICC-P8CSS-FP002.pdf [/support/docview.wss?uid=swg27036732&aid=6]3.0.0.2-IBM-ICC-P8CSS-FP002.pdf [/support/docview.wss?uid=swg27036732&aid=5]""},{""char_end"":1117,""char_start"":643,""chunk_id"":""56cb55543794ff42d03f8a01a715120ccf1ee4b0da96c216dcc66b71e03bc8c7"",""document_id"":""techqa-doc:corpus/swg27036732.txt"",""filename"":""swg27036732.txt"",""rank"":3,""text"":""support/docview.wss?uid=swg27036732&aid=2]3.0.0.2-IBM-ICC-FP002.pdf [/support/docview.wss?uid=swg27036732&aid=1] IBM CONTENT COLLECTOR TEXT SEARCH SUPPORT FOR CONTENT MANAGER V3.0 FIX PACK 2 3.0.0.2-IBM-ICC-CM8Text-FP002.pdf [/support/docview.wss?uid=swg27036732&aid=4]3.0.0.2-IBM-ICC-CM8Text-FP002.pdf [/support/docview.wss?uid=swg27036732&aid=3] IBM CONTENT COLLECTOR P8 CONTENT SEARCH SERVICES SUPPORT V3.0 FIX PACK 2 3.0.0.2-IBM-ICC-P8CSS-FP002.pdf [/support/docview.wss""},{""char_end"":7337,""char_start"":6797,""chunk_id"":""4c653bc1de252ee2d9221bc7fc2d5515133fc1e64f7fa633c66bd775365c7def"",""document_id"":""techqa-doc:corpus/swg24037306.txt"",""filename"":""swg24037306.txt"",""rank"":4,""text"":""IBM-ICC-OWA-FP002.zip: Outlook Web Access * 4.0.0.2-IBM-ICC-NotesClient-FP002.zip: Notes Client * 4.0.0.2-IBM-ICC-SharePoint-FP002.zip: SharePoint Support The IBM Content Collector P8 Content Search Services Support V4.0 Fix Pack 2 download package consists of the following files: * 4.0.0.2-IBM-ICC-P8CSS-FP002.pdf: Readme file * 4.0.0.2-IBM-ICC-P8CSS-AIX-FP002.tar.gz: P8 Content Search Services Support for AIX * 4.0.0.2-IBM-ICC-P8CSS-Linux-FP002.tar.gz: P8 Content Search Services Support for Linux * 4.0.0.2-IBM-ICC-P8CSS-Linuxz-FP002.""},{""char_end"":867,""char_start"":688,""chunk_id"":""3a0607c926801b0b395381ebdb8d5d985ee23183be17e24245f8e61bba10ef61"",""document_id"":""techqa-doc:corpus/swg21978407.txt"",""filename"":""swg21978407.txt"",""rank"":5,""text"":""/csscbr_indexable_documenttype.htm?lang=en [http://www-01.ibm.com/support/knowledgecenter/SSNW2F_5.2.1/com.ibm.p8.ce.admin.tasks.doc/cbr/csscbr_indexable_documenttype.htm?lang=en]""},{""char_end"":6575,""char_start"":6261,""chunk_id"":""0c839fbd905814617f8a6e316bad16b62777ef9b89275dce95a6993309e087e6"",""document_id"":""techqa-doc:corpus/swg21980457.txt"",""filename"":""swg21980457.txt"",""rank"":6,""text"":""ICC 4.0.1 Documentation - Document classification [http://www.ibm.com/support/knowledgecenter/SSAE9L_4.0.1/com.ibm.content.collector.doc_kc/icm/t_afu_integrate_icm.dita] Similar Example for Content Manager 8 [http://www.ibm.com/support/knowledgecenter/SSBRAM_8.8.0/com.ibm.classify.admin.doc/t_AG_icc_scenario.htm]""},{""char_end"":7821,""char_start"":7233,""chunk_id"":""0f3a876a78d50f867db720dbeed2f2226782dc5adb4f55f50c13d50dc10f2b8e"",""document_id"":""techqa-doc:corpus/swg24037306.txt"",""filename"":""swg24037306.txt"",""rank"":7,""text"":""S-Linux-FP002.tar.gz: P8 Content Search Services Support for Linux * 4.0.0.2-IBM-ICC-P8CSS-Linuxz-FP002.tar.gz: P8 Content Search Services Support for Linux for zSeries * 4.0.0.2-IBM-ICC-P8CSS-Solaris-FP002.tar.gz: P8 Content Search Services Support for Solaris * 4.0.0.2-IBM-ICC-P8CSS-WIN-FP002.zip: P8 Content Search Services Support for Windows The IBM Content Collector Text Search Support for IBM Content Manager V4.0 Fix Pack 2 download package consists of the following files: * 4.0.0.2-IBM-ICC-CM8Text-FP002.pdf: Readme file * 4.0.0.2-IBM-ICC-CM8Text-AIX-FP002.tar.gz: Text Search""},{""char_end"":4423,""char_start"":3817,""chunk_id"":""715b3cde4274bd4d02a00d8f0bd419e503d69155f504d0326554f1c0999e4dfb"",""document_id"":""techqa-doc:corpus/swg24033169.txt"",""filename"":""swg24033169.txt"",""rank"":8,""text"":""-IBM-ICC-CM8Text-Linuxz-FP001.tar.gz: Text Search Support for Content Manager 8 on Linux for zSeries * 3.0.0.1-IBM-ICC-CM8Text-Solaris-FP001.tar.gz: Text Search Support for Content Manager 8 on Solaris * 3.0.0.1-IBM-ICC-CM8Text-WIN-FP001.zip: Text Search Support for Content Manager 8 on Windows The IBM Content Collector P8 Content Search Services Support V3.0 Fix Pack 1 download package consists of the following files: * 3.0.0.1-IBM-ICC-P8CSS-FP001.pdf: Readme file * 3.0.0.1-IBM-ICC-P8CSS-AIX-FP001.tar.gz: IBM Content Collector P8 Content Search Services Support on AIX * 3.0.0.1-IBM-ICC-P8CSS-Linux-""},{""char_end"":3400,""char_start"":2446,""chunk_id"":""9eec188857608c77205b248918d35c6edb28db8c79249696145d297b83dbb6fc"",""document_id"":""techqa-doc:corpus/swg27050784.txt"",""filename"":""swg27050784.txt"",""rank"":9,""text"":"") option, and click Next > Finish. 11. Expand the Classes folder and navigate to Documents > ICCDocuments > ICCFileInstance 2, and double-click ICCSharePointInstance 2. 12. Click the Property Definition tab, click Add and add the newly created property template (MultiChoiceList), and click Save. The MultiChoiceList property is added to Properties. To verify, scroll down the properties and check. 13. Go back to the Task Routes tab, and click P8 Create Version Series task. From the Property Mappings section, scroll down and double-click MultiChoiceList. An Edit Expression window opens. 14. Select Metadata, select your metadata from the list and property accordingly, and then click OK. Save the configuration, and then restart the configuration manager. 15. Now archive any document. After archival, you can see the value for MultiChoiceList property in Property Value column at repository in the correct format. For example, * Yellow * Green * Red""},{""char_end"":5106,""char_start"":4365,""chunk_id"":""9cb7d0370914ef921ea1e2c74e88a4c521420eabc924e7af40527f9d0de128e8"",""document_id"":""techqa-doc:corpus/swg24025350.txt"",""filename"":""swg24025350.txt"",""rank"":10,""text"":""Content Manager 8 on Solaris * 2.1.1.1-IBM-ICC-P8Text-FP001.zip containing: * \\P8ContentSearchEngine\\ICC_FileSystem_PushAPI2.zip: Contains Text Search support for FileNet P8 versions before Version 4.5.1 * \\P8ContentSearchEngine\\ICC_FileSystem_PushAPI_2.1_p8cse_4.5.1.zip: Contains Text Search support for FileNet P8 Version 4.5.1 * 2.1.1.1-IBM-ICC-SharePoint-FP001.zip: Contains IBM InfoSphere Content Collector Microsoft SharePoint Support Downloading the fix pack When you click the download link below, a sign-in page opens. Enter your IBM ID and password to proceed. If you have forgotten your IBM ID or have never registered, follow the instructions on the sign-in page. After signing in: 1. Select IBM InfoSphere Content Collector V2.""}]",phase03-sufficiency-annotation-v1,f2fe3f7f29b834d78fd7c79bf4d4a94faee43c658d89c48e386854123066802b,,,,
phase03-semantic-confirmation-blinded-v1,5f161554c624b5c4257b4e143322261db20ff74da303c85e8c4635d6794f50b9,85,TRAIN_Q547,train,hybrid,3,"Do I need to manually apply SDA function for ITCAM for SOA 7.2 FP1 ifix 5?

The SDA function for ITCAM for SOA 7.2 FP1 ifix 5 works for TEMS but IS NOT coded to work for TEPS. User is required to manually apply the support files on TEPS for this version (ifix 5).

does this need a manual apply for TEPS only for SOA 7.2, FP1 and ifix 5 ?"" ",answerable_with_reference,User has to manually apply SOA 7.2 FP1 ifix 5 support files on TEPS.,"[{""char_end"":721,""char_start"":0,""chunk_id"":""347cf1bb0375f5af56bc9067c11be12449650fa2837849a2cbcf93ee3dd33f95"",""document_id"":""techqa-doc:corpus/swg21968518.txt"",""filename"":""swg21968518.txt"",""rank"":1,""text"":""Title: IBM SDA does not work for TEPS support files on ITCAM for SOA 7.2 FP1 ifix 5 - United States Text: SDA TEPS \""support files\"" SOA 7.2 FP1 ifix 5 TECHNOTE (FAQ) QUESTION Why is my product support not being updated on TEPS (It's updated on TEMS) - from 7.2.0.1-TIV-ITCAMSOA-AIX-IF0005.tar. CAUSE SOA includes an SDA package for the TEMS but not for TEPS. ANSWER Basically, it is working as it is coded for this version. User has to manually apply SOA 7.2 FP1 ifix 5 support files on TEPS. Doc Apar IV77933 is created to provide this information. NOTE: All version of ITCAM for SOA 7.2 requires to apply support files manually on TEPS. None of the 7.2 installers include SDA support for TEPS. It is not limited to 7.2.0""},{""char_end"":744,""char_start"":553,""chunk_id"":""21a5d377e8471583be09a046ee4b4e78058d8b4ddd4f63c769f2b1aaa480fae3"",""document_id"":""techqa-doc:corpus/swg21968518.txt"",""filename"":""swg21968518.txt"",""rank"":2,""text"":"": All version of ITCAM for SOA 7.2 requires to apply support files manually on TEPS. None of the 7.2 installers include SDA support for TEPS. It is not limited to 7.2.0.1-TIV-ITCAMSOA-IF0005.""},{""char_end"":857,""char_start"":0,""chunk_id"":""9ff39ec324ce45222196e61752fa5d6911df067253f07f955c38e9326ceb850b"",""document_id"":""techqa-doc:corpus/swg1IV77933.txt"",""filename"":""swg1IV77933.txt"",""rank"":3,""text"":""Title: IBM IV77933: SDA DOES NOT WORK FOR TEPS SUPPORT FILES - United States Text: SUBSCRIBE You can track all active APARs for this component. APAR STATUS * CLOSED AS DOCUMENTATION ERROR. ERROR DESCRIPTION * Problem Description : The product support not being updated on TEPS via SDA. The TEMS is updated via SDA. It is not indicated in SOA documentation/install guide that TEPS SDA is not supported. Please add this to the SOA install guide. Approvers : L3 : BG L2 : IS LOCAL FIX PROBLEM SUMMARY * The documentation does not cover the Self Describing Agent (SDA) support within ITCAM for SOA, nor its limitations. PROBLEM CONCLUSION * The SDA support description and the need to manually install TEPS support is documented here: http://www-03preprod.ibm.com/support/knowledgecenter/SS3JRN_7.2. [http://www-03preprod.ibm.com/support/knowledgecenter/SS3JRN_""}]",phase03-sufficiency-annotation-v1,f2fe3f7f29b834d78fd7c79bf4d4a94faee43c658d89c48e386854123066802b,,,,
phase03-semantic-confirmation-blinded-v1,1db4be1257c65d365a220bbb0d1e04293afb478b0ed53a36078d92ac3af10685,86,DEV_Q074,train,bm25,1,"Help with Security Bulletin: Security Vulnerability in IBM WebSphere Application Server affects IBM SOA Policy Gateway Pattern for AIX Server 2.5 (CVE-2015-1920)

I need to understand details regarding Security Bulletin: Security Vulnerability in IBM WebSphere Application Server affects IBM SOA Policy Gateway Pattern for AIX Server 2.5 (CVE-2015-1920). Where can I find this information? ",answerable_with_reference,"CVEID: CVE-2015-1920 [http://cve.mitre.org/cgi-bin/cvename.cgi?name=CVE-2015-1920]
DESCRIPTION: WebSphere Application Server could allow a remote attacker to execute arbitrary code by connecting to a management port and executing a specific sequence of instructions.
CVSS Base Score: 9.3
CVSS Temporal Score: See https://exchange.xforce.ibmcloud.com/vulnerabilities/102404 [https://exchange.xforce.ibmcloud.com/vulnerabilities/102404] for the current score
CVSS Environmental Score*: Undefined
CVSS Vector: (AV:N/AC:M/Au:N/C:C/I:C/A:C)","[{""char_end"":1092,""char_start"":0,""chunk_id"":""b25b1a432d7052ad9e030fecee0b0fc66a42544e18cc99fc5d85ff7ee23fe3d7"",""document_id"":""techqa-doc:corpus/swg21970106.txt"",""filename"":""swg21970106.txt"",""rank"":1,""text"":""Title: IBM Security Bulletin: Vulnerability identified in IBM WebSphere Application Server shipped with IBM SOA Policy Gateway Pattern for AIX Server 2.5 and IBM SOA Policy Gateway Pattern for Red Hat Enterprise Linux Server (CVE-2015-2017) - United States Text: SECURITY BULLETIN SUMMARY IBM WebSphere Application Server is shipped as a component of IBM SOA Policy Gateway Pattern for AIX Server 2.5 and IBM SOA Policy Gateway Pattern for Red Hat Enterprise Linux Server. Information about a security vulnerability affecting IBM WebSphere Application Server has been published in a security bulletin. VULNERABILITY DETAILS Please consult the security bulletin: Security Bulletin: HTTP response splitting attack in WebSphere Application Server (CVE-2015-2017) [http://www.ibm.com/support/docview.wss?uid=swg21966837] for vulnerability details and information about fixes. AFFECTED PRODUCTS AND VERSIONS IBM SOA Policy Gateway Pattern for AIX Server 2.5 IBM SOA Policy Gateway Pattern for Red Hat Enterprise Linux Server 2.5 IBM SOA Policy Gateway Pattern for Red Hat Enterprise Linux Server 2""}]",phase03-sufficiency-annotation-v1,f2fe3f7f29b834d78fd7c79bf4d4a94faee43c658d89c48e386854123066802b,,,,
phase03-semantic-confirmation-blinded-v1,3f9158e00b330af075e9099e4cac1144e1d82674ad75d8c416355e978d71cd60,87,DEV_Q229,train,hybrid,10,"Can I hide left menu pane for specific application?

Is it possible to disable the left navigation pane menu for certain application? ",answerable_with_reference,"You can include systemnav=""false"" in the application presentation XML in order to disable the left navigation pane. 

The following changes in the incident.xml file will disable the left navigation menu pane of the Incident application. 

Edit the incident.xml from :- 

<presentation apphelp=""com.ibm.tusc.doc,incident/incident.html"" beanclass=""com.ibm.tsd.pminc.webclient.beans.PmIncidentAppBean"" id=""incident"" mboname=""INCIDENT"" orderby=""TICKETID"" resultstableid=""results_showlist"" version=""7.1.0.0""> 

to :- 

<presentation apphelp=""com.ibm.tusc.doc,incident/incident.html"" beanclass=""com.ibm.tsd.pminc.webclient.beans.PmIncidentAppBean"" id=""incident"" mboname=""INCIDENT"" orderby=""TICKETID"" resultstableid=""results_showlist"" version=""7.1.0.0"" systemnav=""false"">

Import back the incident.xml and save. With this configuration, the left Navigation Pane menu is no longer visible in the Incident application.","[{""char_end"":779,""char_start"":0,""chunk_id"":""178f2be403a7e2e5ce85a821cc46a171466b4dce404ed4de8beaa5a668e40e53"",""document_id"":""techqa-doc:corpus/swg21609958.txt"",""filename"":""swg21609958.txt"",""rank"":1,""text"":""Title: IBM Hide left menu pane for specific application - United States Text: TPAESCCD; menu; navigation; hide; disabled; systemnav TECHNOTE (FAQ) QUESTION How to disable the left navigation pane menu of an application? ANSWER You can include systemnav=\""false\"" in the application presentation XML in order to disable the left navigation pane. The following changes in the incident.xml file will disable the left navigation menu pane of the Incident application. Edit the incident.xml from :- <presentation apphelp=\""com.ibm.tusc.doc,incident/incident.html\"" beanclass=\""com.ibm.tsd.pminc.webclient.beans.PmIncidentAppBean\"" id=\""incident\"" mboname=\""INCIDENT\"" orderby=\""TICKETID\"" resultstableid=\""results_showlist\"" version=\""7.1.0.0\""> to :- <presentation apphelp=\""com.ibm.tusc.doc,incident""},{""char_end"":1658,""char_start"":725,""chunk_id"":""0a9b75a9645d3cea656bbdc13d6c51f6c748d41baab52b68a763b0aaa8c9155e"",""document_id"":""techqa-doc:corpus/swg1JR49197.txt"",""filename"":""swg1JR49197.txt"",""rank"":2,""text"":""upper arrow, pointing to the right, is enabled. b) the lower arrow, pointing to the left, is disabled. 2. When clicking on the right pointing arrow, the left navigation pane is not being displayed as expected. 3. For displaying the left navigation pane again you will have to disable \""Hide left navigation pane\"" in \""Home\"" --> \""My Settings\"". Desired situation: There are two options how this use case scenario should look like: 1. The frame around the right pane should not contain any arrows. In other words: if you select \""Hide left navigation pane\"" the only way to display the left navigation pane again should be to disable this option again. 2. If the frame around the right pane contains arrows, they should allow users to display the left navigation pane. LOCAL FIX * For displaying the left navigation pane again you will have to disable \""Hide left navigation pane\"" in \""Home\"" --> \""My Settings\"". PROBLEM SUMMARY * *************""},{""char_end"":3196,""char_start"":2513,""chunk_id"":""8e453966a1de41154fb0c50b1b3b76432a4f6b27b0a90534f1e916227d25a3d9"",""document_id"":""techqa-doc:corpus/swg1JR49197.txt"",""filename"":""swg1JR49197.txt"",""rank"":3,""text"":""* * to disable \""Hide left navigation pane\"" in \""Home\"" --> \""My * * Settings\"". * * * * * * Desired situation: * * * * There are two options how this use case scenario should * * look like: * * * * 1. The frame around the right pane should not contain any * * arrows. * * In other words: if you select \""Hide left navigation * * pane\"" the only way to display the left navigation pane * * again should be to disable this option again. * * * * 2. If the frame around the right pane contains arrows, * * they * * should allow users to display the left navigation * * pane. * **************************************************************** * RECOMMENDATION: * * IBM recommends that customers""},{""char_end"":1049,""char_start"":0,""chunk_id"":""a50691de874062726d8c99644397a991f9f25b6341c537eb0fdc1944fa7a542e"",""document_id"":""techqa-doc:corpus/swg21975251.txt"",""filename"":""swg21975251.txt"",""rank"":4,""text"":""Title: IBM Hiding the side navigation menu in applications in Maximo 7.6. - United States Text: TPAEUI TECHNOTE (FAQ) QUESTION Sometimes its hard to view the whole screen when the side navigation menu is present, is there a way to hide it? ANSWER Some applications can require more screen space. You can remove the side navigation menu pane in a specific application to create more space for application content on the screen. Before you begin - *Ensure that your browser does not block pop-up windows* 1. In the Application Designer, open the presentation file for the application that you want to hide the navigation menu for and click Export Application Definition. To hide the navigation menu in the Start Center, select the Select Action Export System XML and select STARTCNTR. 2. Save the XML locally, and open it with an XML editor. 3. In the <presentation> control, add the property attribute systemnav=\""false\"", and save the file. For example, the following XML removes the side navigation menu from the Designer.xml file: <presentation id=\""""},{""char_end"":2676,""char_start"":1885,""chunk_id"":""743d184a13a50ceefecfcf3451c6ae199cea158c7b03d4c8fe4f8f48f6a464ff"",""document_id"":""techqa-doc:corpus/swg1JR49197.txt"",""filename"":""swg1JR49197.txt"",""rank"":5,""text"":""******** * PROBLEM DESCRIPTION: * * Preface: * * 1. For your user ID you have set \""Hide left navigation pane\"" * * in \""Home\"" --> \""My Settings\"". * * * * 2. As expected you now only will see the right pane. * * * * * * Current situation: * * * * 1. The left frame around the right pane will show two arrow * * symbols: * * a) the upper arrow, pointing to the right, is enabled. * * b) the lower arrow, pointing to the left, is disabled. * * * * 2. When clicking on the right pointing arrow, the left * * navigation pane is not being displayed as expected. * * * * 3. For displaying the left navigation pane again you will * * have * * to disable \""Hide left navigation pane\"" in \""Home\"" --> \""My * * Settings\"". * * * * * * Desired situation: * * * * There are two options how this use case scenario""},{""char_end"":2027,""char_start"":1503,""chunk_id"":""7bf3117f2513ad0451b0d2b180cc733e9cc864d2e1a8d1cbcc868ce0719443cc"",""document_id"":""techqa-doc:corpus/swg1JR49197.txt"",""filename"":""swg1JR49197.txt"",""rank"":6,""text"":""displaying the left navigation pane again you will have to disable \""Hide left navigation pane\"" in \""Home\"" --> \""My Settings\"". PROBLEM SUMMARY * **************************************************************** * USERS AFFECTED: * * All Master Data Management Collaboration Server * * implementations are affected by this issue * **************************************************************** * PROBLEM DESCRIPTION: * * Preface: * * 1. For your user ID you have set \""Hide left navigation pane\"" * * in \""Home\"" --> \""My Settings\"".""},{""char_end"":936,""char_start"":0,""chunk_id"":""b805549aee1f17183b49835950e55d1182366af9693ae96cb013ac624a798344"",""document_id"":""techqa-doc:corpus/swg1JR49197.txt"",""filename"":""swg1JR49197.txt"",""rank"":7,""text"":""Title: IBM JR49197: \""HIDE LEFT NAVIGATION PANE\"" SETTING NOT WORKING AS EXPECTED - United States Text: SUBSCRIBE TO THIS APAR By subscribing, you receive periodic emails alerting you to the status of the APAR, along with a link to the fix after it becomes available. You can track this item individually or track all items by product. Notify me when this APAR changes. Notify me when an APAR for this component changes. APAR STATUS * CLOSED AS PROGRAM ERROR. ERROR DESCRIPTION * Preface: 1. For your user ID you have set \""Hide left navigation pane\"" in \""Home\"" --> \""My Settings\"". 2. As expected you now only will see the right pane. Current situation: 1. The left frame around the right pane will show two arrow symbols: a) the upper arrow, pointing to the right, is enabled. b) the lower arrow, pointing to the left, is disabled. 2. When clicking on the right pointing arrow, the left navigation pane is not being displayed as expected. 3""},{""char_end"":550,""char_start"":0,""chunk_id"":""3f18e5c19ce4bac17a67ebe8f3d97e7873a4d0d71171b0b69556b5f3bb3df50e"",""document_id"":""techqa-doc:corpus/swg21972461.txt"",""filename"":""swg21972461.txt"",""rank"":8,""text"":""Title: IBM How to Hide Thumbnail Navigation Pane in Daeja Virtual Viewer? - United States Text: thumbnail; navigation; navigate; pane; hide; daeja; virtual TECHNOTE (FAQ) QUESTION The thumbnail navigation pane shown at the right of the viewer appears to be a feature for Virtual Viewer only. How to disable this navigation pane? CAUSE There is a undocumented parameter which allows users to disable the thumbnail navigation pane. ANSWER To disable the thumbnail navigation pane, apply the following parameter on HTML or JSP. quickNavigateView = false""},{""char_end"":691,""char_start"":0,""chunk_id"":""87700a2e85ea80e360bc05829bd6a16d4faf06b5bc0890048a19671b893fc22d"",""document_id"":""techqa-doc:corpus/swg1JR48851.txt"",""filename"":""swg1JR48851.txt"",""rank"":9,""text"":""Title: IBM JR48851: \""HIDE LEFT NAVIGATION PANE\"" SETTING DOES NOT WORK - United States Text: SUBSCRIBE You can track all active APARs for this component. APAR STATUS * CLOSED AS PROGRAM ERROR. ERROR DESCRIPTION * 1)Check \""Hide left navigation pane\"" in \""Home\"" --> \""My Settings\"". 2)Now you can just see right pane. 3)click right arrow. 4)The expected behavior is the left pane shows, however it doesn't. LOCAL FIX * Resize the IE window, then you can see the left pane shows again PROBLEM SUMMARY * **************************************************************** * USERS AFFECTED: * * All Master Data Management Collaboration Server * * implementations are affected by this issue * ***********""},{""char_end"":750,""char_start"":0,""chunk_id"":""657feda71686acaa378cf7933d53f8ff0d0e4d1c917b0ad47b13ea9c510293df"",""document_id"":""techqa-doc:corpus/swg21593096.txt"",""filename"":""swg21593096.txt"",""rank"":10,""text"":""Title: IBM Reverting the Navigation Bar from Left Pane to the Toolbar - United States Text: navbar; Go To; left pane; Navigation; bar; TPAECUSTOMIZATION TECHNOTE (FAQ) QUESTION How can the Navigation Bar functionality be reverted to the toolbar instead of the 'Left Pane'? ANSWER Within SmartCloud 7.5, out of the box, the Navigation Bar is now a 'Left Pane' within the UI: [/support/docview.wss?uid=swg21593096&aid=1] [/support/docview.wss?uid=swg21593096&aid=1] To enable the Navigation Bar to be contained within the Toolbar, please follow the below steps: 1) Go To – System Configuration – Platform Configuration – System Properties – within the Global Properties pane, filter for 'mxe.webclient.systemNavBar': [/support/docview.wss?uid=swg215930""}]",phase03-sufficiency-annotation-v1,f2fe3f7f29b834d78fd7c79bf4d4a94faee43c658d89c48e386854123066802b,,,,
phase03-semantic-confirmation-blinded-v1,24517f6c293ab8661ea64bd0569641c5aead7d1fbeac271be3fa7297555b102e,88,DEV_Q119,train,dense,5,"Why does the Dataserver service change from Healthy to Vulnerable after logging into StoredIQ Application Stack?

Why does the Dataserver service change from Healthy to Vulnerable after logging into StoredIQ Application Stack? ",answerable_with_reference,This could be due to amount of Memory allocated to the dataserver.,"[{""char_end"":588,""char_start"":0,""chunk_id"":""a0aac00faaa09c43fcc0baffdf73e3773b954d5e8a155e85a4f934ed97296550"",""document_id"":""techqa-doc:corpus/swg21997033.txt"",""filename"":""swg21997033.txt"",""rank"":1,""text"":""Title: IBM Dataserver services changing from Healthy to Vulnerable - United States Text: SIQ TECHNOTE (FAQ) QUESTION Why does the Dataserver service change from healthy to Vulnerable after logging into appstack? CAUSE Memory allocated was not the supported number ANSWER This could be due to amount of Memory allocated to the dataserver. 1. Login to the Dataserver 2. Click on Administration > Dashboard tab 3. Review the Application status and make sure it is green 4. Click on Controller Link 5. Review and confirm that all services are running fine 6. If needed, make changes to memory""},{""char_end"":3199,""char_start"":2471,""chunk_id"":""6c05e41da92d582d1c82d3168f573948513cdc9aa3309c2b153297e39dcf32e6"",""document_id"":""techqa-doc:corpus/swg21671862.txt"",""filename"":""swg21671862.txt"",""rank"":2,""text"":""xforce.ibmcloud.com/vulnerabilities/91625] CVSS Environmental Score*: Undefined CVSS Vector: (AV:N/AC:M/Au:N/C:N/I:P/A:N) AFFECTED PRODUCTS AND VERSIONS These vulnerabilities are known to affect the following offerings when using Apache Tomcat: ·IBM Initiate Master Data Service versions 8.5, 9.0, 9.2, 9.5, 9.7, 10.0, 10.1 ·IBM Initiate Master Data Service Patient Hub versions 9.5, 9.7 ·IBM Initiate Master Data Service Provider Hub versions 9.5, 9.7 ·IBM InfoSphere Master Data Management Patient Hub version 10.0 ·IBM InfoSphere Master Data Management Provider Hub version 10.0 REMEDIATION/FIXES For IBM Initiate Master Data Service V8.5, 9.0, 9.2, 9.5, 9.7: · Upgrade to Apache Tomcat 6.0.39 or later [http://tomcat.apache.""},{""char_end"":1597,""char_start"":824,""chunk_id"":""536426485557ba700b0faa039853bffcd60b8bbcde6624f15e2da9f616df7120"",""document_id"":""techqa-doc:corpus/swg22010987.txt"",""filename"":""swg22010987.txt"",""rank"":3,""text"":""the web services security bindings settings. CVSS Base Score: 5.9 CVSS Temporal Score: See https://exchange.xforce.ibmcloud.com/vulnerabilities/129576 [https://exchange.xforce.ibmcloud.com/vulnerabilities/129576] for the current score CVSS Environmental Score*: Undefined CVSS Vector: (CVSS:3.0/AV:N/AC:H/PR:N/UI:N/S:U/C:H/I:N/A:N) AFFECTED PRODUCTS AND VERSIONS Jazz for Service Management version 1.1.0 - 1.1.3 REMEDIATION/FIXES Principal Product and Version(s) Affected Supporting Product and Version Affected Supporting Product Security Bulletin Jazz for Service Management version 1.1.0 - 1.1.3 Websphere Application Server Full Profile 8.5.5 Security Bulletin: Potential security vulnerability in the WebSphere Application Server Admin Console (CVE-2017-1501) [http:/""},{""char_end"":3252,""char_start"":2470,""chunk_id"":""36bbdd5aee7267ed421b6645803dbde58a41815d8816f74febc8d1baf7821e75"",""document_id"":""techqa-doc:corpus/swg22013153.txt"",""filename"":""swg22013153.txt"",""rank"":4,""text"":""CVSS Vector: (CVSS:3.0/AV:L/AC:L/PR:L/UI:N/S:U/C:N/I:N/A:H) AFFECTED PRODUCTS AND VERSIONS CVE-2013-6440 affects the following versions and releases of IBM WebSphere Application Server: Liberty using samlWeb-2.0 feature Liberty using wsSecuritySaml-1.1 feature CVE-2017-9798 and CVE-2017-12618 affect the following versions and releases of IBM HTTP Server (powered by Apache) component in all editions of WebSphere Application Server and bundling products. Version 9.0 Version 8.5 REMEDIATION/FIXES To patch an existing service instance refer to the IBM WebSphere Application Server bulletins listed below: Security Bulletin: Information disclosure in WebSphere Application Server Liberty (CVE-2013-6440) [http://www-01.ibm.com/support/docview.wss?uid=swg22010415] Security Bulletin""},{""char_end"":1560,""char_start"":800,""chunk_id"":""0f090837427d0a291c7d719e326b67f446fb5b816bf46235bf70cadd2e9d61a3"",""document_id"":""techqa-doc:corpus/swg21972254.txt"",""filename"":""swg21972254.txt"",""rank"":5,""text"":"": 5 CVSS Temporal Score: See https://exchange.xforce.ibmcloud.com/vulnerabilities/103991 [https://exchange.xforce.ibmcloud.com/vulnerabilities/103991] for the current score CVSS Environmental Score*: Undefined CVSS Vector: (AV:N/AC:L/Au:N/C:N/I:P/A:N) AFFECTED PRODUCTS AND VERSIONS The following Versions of IBM Application Server on Cloud may be affected: * Version 8.5.5 WAS Liberty Core, WAS Base and WAS ND * Version 8.0 REMEDIATION/FIXES To patch an existing instance refer to the IBM WebSphere Application Server bulletin: Security Bulletin: HTTP response splitting attack in WebSphere Application Server (CVE-2015-2017) [http://www-01.ibm.com/support/docview.wss?uid=swg21966837] Alternatively, delete the vulnerable instance and create a new instance.""}]",phase03-sufficiency-annotation-v1,f2fe3f7f29b834d78fd7c79bf4d4a94faee43c658d89c48e386854123066802b,,,,
phase03-semantic-confirmation-blinded-v1,bf549edaf93c57643ca710dfb8a06cc16e01060d1ef2098df5caf6102d665934,89,TRAIN_Q242,train,hybrid,5,"Getting Delay or AMQ9716: Remote SSL certificate revocation status check failed  when trying to start a MQ SSL channel, why?

Getting Delay or AMQ9716: Remote SSL certificate revocation status check failed when trying to start a MQ SSL channel, please help resolve this? The error can occur on the MQ server or also a MQ client application..

AMQ9716: Remote SSL certificate revocation status check failed

Remote SSL certificate revocation status check failed for channel '???'.

EXPLANATION: WebSphere MQ failed to determine the revocation status of the remote SSL
certificate for one of the following reasons:

(a) The channel was unable to contact any of the CRL servers or OCSP responders for the certificate.
(b) None of the OCSP responders contacted knows the revocation status of the certificate.
(c) An OCSP response was received, but the digital signature of the response could not be verified.",answerable_with_reference,"With the release of WebSphere MQ V7.0.1.0 the use of OCSP certificate revocation checking was included. With this new feature, most likely your SSL certificates have a OCSP AuthorityInfoAccess (AIA) certificate extension embedded inside them. 


This was ignored before V7.0.1.0. Now it is being used to verify the certificate. The most likely cause of the failure is that the system can not access the servers listed in the AIA. This then returns a UNKNOWN status when the check is done. The default action for MQ is to not allow the channel to start and the AMQ9716 to be reported when the UNKNOWN is returned.","[{""char_end"":1111,""char_start"":477,""chunk_id"":""0be4e882de63c1820ad2026ec3ac9a9e520c552b077ee3cae02c688fe16bd49d"",""document_id"":""techqa-doc:corpus/swg1IC64358.txt"",""filename"":""swg1IC64358.txt"",""rank"":1,""text"":""Sphere MQ V7.0.1, the SSL enabled channels fail with error AMQ9716: Remote SSL certificate revocation status check failed for channel 'XXXXX'. GSKit trace reveals that it was unable to access the OCSP responder. LOCAL FIX * Add the OCSPAuthentication=OPTIONAL parameter to the mqclient.ini. PROBLEM SUMMARY * **************************************************************** USERS AFFECTED: All users of WMQ SSL/TLS enabled channels who set OCSPAuthentication to REQUIRED (or who are using the default OCSPAuthentication) and who use an HTTP proxy server to connect to the internet. Platforms affected: Windows,All Unix ***************""},{""char_end"":791,""char_start"":0,""chunk_id"":""2bbd698e3b969f8ae963ca79b22813bbd094aafe751d82534302a94958dd2f4e"",""document_id"":""techqa-doc:corpus/swg21399255.txt"",""filename"":""swg21399255.txt"",""rank"":2,""text"":""Title: IBM After upgrading to 7.0.1.0 you get SSL error AMQ9716 - United States Text: AMQ9716 7.0.1.0 SSL OCSP SSL TECHNOTE (TROUBLESHOOTING) PROBLEM(ABSTRACT) You upgrade to WebSphere MQ 7.0.1.0 (or later) and have SSL enabled channels. After the upgrade you notice that in the Queue Manager error LOGs you see the following error message: AMQ9716: Remote SSL certificate revocation status check failed for channel '????'. The channel does not start. SYMPTOM Error AMQ9716 CAUSE With the release of WebSphere MQ V7.0.1.0 the use of OCSP certificate revocation checking was included. With this new feature, most likely your SSL certificates have a OCSP AuthorityInfoAccess (AIA) certificate extension embedded inside them. This was ignored before V7.0.1.0. Now it is being used to verify the""},{""char_end"":1699,""char_start"":949,""chunk_id"":""50c0a3354c0b38bb08ee4baa72ccda7eec16120f86fd6d20f0ea9da552b17ff0"",""document_id"":""techqa-doc:corpus/swg1IC64358.txt"",""filename"":""swg1IC64358.txt"",""rank"":3,""text"":""or who are using the default OCSPAuthentication) and who use an HTTP proxy server to connect to the internet. Platforms affected: Windows,All Unix **************************************************************** PROBLEM SUMMARY: When the OCSPAuthentication is set to 'REQUIRED' and the OCSP responder returns an unknown revocation status for a particular certificate, WebSphere MQ rejects the connection and issues an error message of type AMQ9716. In this particular case, it was found that GSKit was unable to get the revocation status because it was unable to reach the OCSP responder. Analysis of the GSKit trace in the lab revealed that an attempt to connect to OCSP responder failed because the OCSP responder URL was unreachable. However, when""},{""char_end"":1516,""char_start"":607,""chunk_id"":""a1bae43c8b8760305f82ec7254c8dd21b2bb813e7c0c558caf54c022d7c062de"",""document_id"":""techqa-doc:corpus/swg21399255.txt"",""filename"":""swg21399255.txt"",""rank"":4,""text"":""most likely your SSL certificates have a OCSP AuthorityInfoAccess (AIA) certificate extension embedded inside them. This was ignored before V7.0.1.0. Now it is being used to verify the certificate. The most likely cause of the failure is that the system can not access the servers listed in the AIA. This then returns a UNKNOWN status when the check is done. The default action for MQ is to not allow the channel to start and the AMQ9716 to be reported when the UNKNOWN is returned. RESOLVING THE PROBLEM The best thing to do in this case is to determine the cause of the UNKNOWN return code and fix it. There are two possible methods to discover which OCSP AuthorityInfoAccess URL is embedded in a certificate. Method 1. Place the certificate on a Windows machine; ensure to use a file extension of \""crt\"" and double-click it. View the detail extensions for the AIA. [/support/docview.wss?uid=swg21399255&amp;""},{""char_end"":651,""char_start"":0,""chunk_id"":""89d16ca13d8c08d5bc1055fe822d39e2cb64fe88e3e2bf6c4d2ea67fb492e75b"",""document_id"":""techqa-doc:corpus/swg1IC64358.txt"",""filename"":""swg1IC64358.txt"",""rank"":5,""text"":""Title: IBM IC64358: WMQ V7.0.1: AMQ9716 ERROR OCCURS FOR SSL ENABLED CHANNELS - United States Text: FIXES ARE AVAILABLE WebSphere MQ V7.0 Fix Pack 7.0.1.2 [http://www-01.ibm.com/support/docview.wss?uid=swg24026518] WebSphere MQ V7.0.1 for i5/OS Fix Pack 7.0.1.2 [http://www-01.ibm.com/support/docview.wss?uid=swg24026566] SUBSCRIBE You can track all active APARs for this component. APAR STATUS * CLOSED AS PROGRAM ERROR. ERROR DESCRIPTION * After applying Refresh Pack for WebSphere MQ V7.0.1, the SSL enabled channels fail with error AMQ9716: Remote SSL certificate revocation status check failed for channel 'XXXXX'. GSKit trace reveals that it was""}]",phase03-sufficiency-annotation-v1,f2fe3f7f29b834d78fd7c79bf4d4a94faee43c658d89c48e386854123066802b,,,,
phase03-semantic-confirmation-blinded-v1,5af2aed415195a1e969c2d94bd6f5c04fb414d0e0d66d7e7bcd5784df45c51a5,90,DEV_Q221,train,hybrid,3,"App Connect Professional (formerly Cast Iron) Studio not launching

When trying to start App Connect Professional (formerly Cast Iron) Studio tool, the application appears but after few seconds it crashes with no error message or warning. ",answerable_with_reference,"Start the Studio through the command line interface using the following command: 


CastIronStudio.exe -J-Xmx1024m 


In this command, ""1024"" is the new memory size that will be allocated to the Studio instead of the default value of 512. This numeric value is in MB.","[{""char_end"":833,""char_start"":0,""chunk_id"":""0ea0036f8fc92df59d8c9fa77b6e05225ff88947a65f2d02614740a9b218de72"",""document_id"":""techqa-doc:corpus/swg21681552.txt"",""filename"":""swg21681552.txt"",""rank"":1,""text"":""Title: IBM Unable to open project in Cast Iron Live Web Start Studio - United States Text: TECHNOTE (TROUBLESHOOTING) PROBLEM(ABSTRACT) Unable to open project in Cast Iron Live Web Start Studio. SYMPTOM The following error message is showed in either the message prompt while opening a project in WebStart Studio or the Cast Iron Live Web Start Studio error.log: Error: Message: javax.xml.soap.SOAPException: Connection timed out: connect Level: SEVERE Stack Trace: Connection timed out: connect com.approuter.module.session.WSDispatch.dispatch(WSDispatch.java: 324) com.approuter.studio.module.cloud.impl.DefaultCloudProjectsManager.fetchProject(DefaultCloudProjectsManager.java:121) com.approuter.studio.module.cloud.OpenRemoteProjectTask.run (OpenRemoteProjectTask.java:83) *The log file could be stored at the following path: C:\\""},{""char_end"":927,""char_start"":0,""chunk_id"":""2c9e06adb66fe03ccba7ebfc34b7950cfaa17ce5eddb76ff12043dbb4dcd1e3d"",""document_id"":""techqa-doc:corpus/swg21661534.txt"",""filename"":""swg21661534.txt"",""rank"":2,""text"":""Title: IBM When trying to create or open a project in a browser using Cast Iron v6.x Studio Cloud, an \""Unable to launch application\"" error is received - United States Text: TECHNOTE (TROUBLESHOOTING) PROBLEM(ABSTRACT) When trying to create or open a project in a web browser using the Cloud version of Studio (Studio Cloud) , Cast Iron v6.x attempts to launch Web Start Studio Cloud under the covers but it fails and produces an error. CAUSE The \""Unable to launch application\"" error associated with the exception: com.sun.deploy.net.FailedDownloadException: Unable to load resource: https://cloud2.castiron.com/flash/design/com.approuter.studio.launcher-1.0.0.jar could possibly occur because the Windows machine has Java v1.7 JRE installed and is using that version of Java to try to launch the Cast Iron v6.x Web Start Studio Cloud instead of using Java v1.6 JRE. Cast Iron v6.x Web Start Studio Cloud does not support Java v""},{""char_end"":724,""char_start"":0,""chunk_id"":""ff97b132fc26650f32a451557b23cf84bb96db3e1c8d43354b2dcd876512af26"",""document_id"":""techqa-doc:corpus/swg21631488.txt"",""filename"":""swg21631488.txt"",""rank"":3,""text"":""Title: IBM WebSphere Cast Iron Cloud integration fix packs are available - United States Text: NEWS ABSTRACT Fix packs for WebSphere Cast Iron Cloud integration are now available for download. CONTENT Following are links to more information about the latest fix packs available on Fix Central for these versions: * 7.5.2.0 (App Connect Professional). See this forum Q&A [https://developer.ibm.com/answers/questions/303457/what-is-ibm-app-connect-professional/] for more information. And see App Connect Professional builds and iFix details. [http://www.ibm.com/support/docview.wss?uid=swg21998280] * 7.5.0.1 [http://www.ibm.com/support/docview.wss?uid=swg21972013] * 7.5.0.0 [http://www.ibm.com/support/docview.wss?uid=swg21""}]",phase03-sufficiency-annotation-v1,f2fe3f7f29b834d78fd7c79bf4d4a94faee43c658d89c48e386854123066802b,,,,
phase03-semantic-confirmation-blinded-v1,af58bae82dd1c82a48ad2516c56397d4128dfd81d1e8ea495e9d48e45c8f95c7,91,DEV_Q300,train,bm25,10,"DB2 Non Reclaimable Storage .

We have tablespaces defined under DB2 9.5 that apparently are not able
to reclaim storage back to the OS, but does that mean DB2 cannot reuse
this space as well?
",answerable_with_reference,"to use the reclaimable storage feature, make sure to create the dms or automatic storage tablespaces in db2 version 9.7 or later  example testcase on syscatspace dms tablespace which has reclaimable storage enabled ","[{""char_end"":854,""char_start"":0,""chunk_id"":""819698fb44c9a4f694c2a136b8c620e1f5fd55251ea2b5714f61e1e3532a094a"",""document_id"":""techqa-doc:corpus/swg21993613.txt"",""filename"":""swg21993613.txt"",""rank"":1,""text"":""Title: IBM STEPS TO RECLAIM ALL AVAILABLE SPACE FROM A RECLAIMABLE STORAGE DMS AUTOMATIC STORAGE TABLESPACE - United States Text: alter; tablespace; reclaim; reduce; max; reorg; reclaimable; storage; DMS TECHNOTE (FAQ) QUESTION How to reclaim all available space from a reclaimable storage DMS automatic storage tablespace? ANSWER 1) First make sure you are dealing with reclaimable storage. Execute the following to list out which tablespaces have reclaimable storage enabled: db2 \""SELECT varchar(tbsp_name, 30) as tbsp_name, tbsp_type, RECLAIMABLE_SPACE_ENABLED FROM TABLE(MON_GET_TABLESPACE('',-2))\"" 2) For all tablespaces with reclaimable storage enabled, run the following to reclaim as much space as you can for the table and tablespace(s) in question: db2 -v \""CONNECT TO <database_name>\"" db2 -v \""REORG TABLE <table name> LONGLOBDATA\"" db2 -v \""ALTER""},{""char_end"":921,""char_start"":0,""chunk_id"":""ec04ad4be9547fab0d163d069e0147a3d893846773db4966fefdb2568dfb3574"",""document_id"":""techqa-doc:corpus/swg21438047.txt"",""filename"":""swg21438047.txt"",""rank"":2,""text"":""Title: IBM SQL1763N error with Reason Code 11 while running \""Alter Tablespace\"" command to reclaim unused storage space against DMS or automatic storage tablespaces. - United States Text: SQL1763N; Alter Tablespace; reclaimable storage; DMS; Automatic storage table spaces; MON_GET_TABLESPACE; RECLAIMABLE_SPACE_ENABLED; SMS; DB2 Version 9.7; lower high water mark TECHNOTE (TROUBLESHOOTING) PROBLEM(ABSTRACT) Receiving SQL1763N error with Reason Code 11 while running \""Alter Tablespace\"" command to reclaim unused storage space against DMS or automatic storage tablespaces. SYMPTOM Following reasons apply: * If the DMS or automatic storage tablespaces are not created in DB2 Version 9.7 or later, as the \""Reclaimable Storage\"" is not available in tablespaces created in earlier versions(V9.1/V9.5) of the DB2 product. * Trying to alter a SMS tablespace as this feature is not supported on SMS tablespaces. Example testcase""},{""char_end"":2433,""char_start"":1299,""chunk_id"":""421635e393e4718b1308983c9fc87bed0931d92e4a3b038d0f19ef66a2088d8c"",""document_id"":""techqa-doc:corpus/swg21961090.txt"",""filename"":""swg21961090.txt"",""rank"":3,""text"":""SQLSTATE=429BC CAUSE By default, when issuing the EXTEND DBSPACE command an attempt is made to perform the following operations: * rebalance each of the tablespace containers across the existing database directories and the newly-defined directory * reclaim unused storage space within each of the tablespaces and release this space back to the operating system It's possible that the rebalance operation can complete successfully, while the subsequent attempt to reclaim the unused storage space within the tablespace may fail. DIAGNOSING THE PROBLEM The SQL1763N error indicates a problem with the ALTER TABLESPACE command that is issued to reclaim storage space. The corresponding reason code of 11 indicates that the tablespace cannot be reclaimed because it does not support the reclaimable storage feature. Per the documentation, the ability to reclaim storage space is only supported with tablespaces that were created by DB2 version 9.7 or higher: * If the tablespaces were created prior to the 6.2 version of the Tivoli Storage Manager server code, specify RECLAIMSTORAGE=NO when issuing the EXTEND DBSPACE command to prevent""},{""char_end"":3535,""char_start"":2638,""chunk_id"":""66838c6d7911cd18980656b77acd077ca7ab58aaa17680c2ccc707af34482ef6"",""document_id"":""techqa-doc:corpus/swg21407883.txt"",""filename"":""swg21407883.txt"",""rank"":4,""text"":""7'\"" DB20000I The SQL command completed successfully. Once you have defined an AUTOMATIC STORAGE path and the database has been enabled to use AUTOMATIC STORAGE, you can alter an existing (DMS) tablespace to use AUTOMATIC STORAGE. $ db2 \""alter tablespace tbsdms MANAGED BY AUTOMATIC STORAGE\"" DB20000I The SQL command completed successfully. You can then verify the change with a new db2pd -tablespaces output: $ db2pd -db test -tablespaces (Output Truncated) Tablespace Autoresize Statistics: Address Id AS AR InitSize IncSize IIP MaxSize LastResize 0xA70A94F0 3 Yes Yes 786432 -1 No None None The indictor shows that tablespace 3 is now using automatic storage for the DB2 V9.7 database. ***NOTE: While the tablespaces are now able to use AUTOMATIC storage, this does not enable them for RECLAIMABLE storage. If you wish to use RECLAIMABLE storage, the tablespaces will need to be recreated in V9.""},{""char_end"":1511,""char_start"":698,""chunk_id"":""bd40c8831e7af3efa51f9f0636354d95f8b6da8f89e5fbd53f3ff99bb5985642"",""document_id"":""techqa-doc:corpus/swg21655828.txt"",""filename"":""swg21655828.txt"",""rank"":5,""text"":""have DB2 9.7 tablespaces with reclaimable space enabled. If you created a database with V6.1, you have DB2 9.5 tablespaces even if you upgraded your Tivoli Storage Manager server to 6.2 or later. Procedure To reduce the size of the database and release space to the operating system for DB2 9.7 tablespaces, complete the following steps. If you formatted a server with Tivoli Storage Manager V7.1 or later, complete the instructions in step 3. Otherwise, complete the instructions in steps 1 and 2: 1. To determine whether the database table space is DB2 9.7, issue the following commands from a DB2 command-line window: db2 connect to tsmdb1 db2 set schema tsmdb1 db2 \""select cast(TBSP_NAME as char(30)), reclaimable_space_enabled from table(mon_get_tablespace('',-1)) where TBSP_NAME in ('USERSPACE1','IDXSPACE1""},{""char_end"":2416,""char_start"":1945,""chunk_id"":""4ef4cf51a41fa1059bc8110ffe82550f28b5ba419c1e3fc8754e7c0a0ae960bc"",""document_id"":""techqa-doc:corpus/swg21438047.txt"",""filename"":""swg21438047.txt"",""rank"":6,""text"":"", make sure to create the DMS or automatic storage tablespaces in DB2 Version 9.7 or later. Example testcase on SYSCATSPACE DMS tablespace which has reclaimable storage enabled. * * * * * Note: Tablespaces migrated from DB2 V9.1/V9.5 to V9.7 won't get upgraded directly to use the reclaimable storage feature. RELATED INFORMATION Reclaimable storage [http://publib.boulder.ibm.com/infocenter/db2luw/v9r7/index.jsp?topic=/com.ibm.db2.luw.admin.dbobj.doc/doc/c0055392.html]""},{""char_end"":3546,""char_start"":3328,""chunk_id"":""9bbba1270798c52681b8101cd1220e8c097d20146b92081fec3fd844700f46f4"",""document_id"":""techqa-doc:corpus/swg21407883.txt"",""filename"":""swg21407883.txt"",""rank"":7,""text"":""*NOTE: While the tablespaces are now able to use AUTOMATIC storage, this does not enable them for RECLAIMABLE storage. If you wish to use RECLAIMABLE storage, the tablespaces will need to be recreated in V9.7 or later.""},{""char_end"":2369,""char_start"":1524,""chunk_id"":""ae6be3f3488c8d56f54e54749d4c1d8003506c52f588a51af6266212454291de"",""document_id"":""techqa-doc:corpus/swg21971496.txt"",""filename"":""swg21971496.txt"",""rank"":8,""text"":""(NO) tells RSM to free and reclaim the page immediately. It takes CPU to do the free. As far as DB2 is concerned, DB2 is freeing the storage either way. It's what RSM does that is key. There are two places DB2 frees thread storage: * Contraction - This is done when a thread has done 120 commits. At this time DB2 does DISCARDDATA for all unused storage that is associated with the thread. * Deallocation - The thread is finished and goes back to reuse cache. Here DB2 does DISCARDDATA for all thread storage. V10 APAR PM88804 Before APAR PM88804/UK95350, DB2 used DISCARDDATA KEEPREAL(NO) on contraction without taking into account the DB2 system parameter (zPARM) REALSTORAGE MANAGEMENT setting. DB2 created APAR PM88804 because, with DISCARDDATA KEEPREAL(NO), RSM has to get LPAR level serialization to manage those pages that are being freed""},{""char_end"":881,""char_start"":0,""chunk_id"":""05c164e3c12a0f7fdd5b0f22b2ecdd04a585834f5d3e046fdceccf99d24ac943"",""document_id"":""techqa-doc:corpus/swg21655828.txt"",""filename"":""swg21655828.txt"",""rank"":9,""text"":""Title: IBM Reducing the size of the Tivoli Storage Manager database - United States Text: reduce space database size alter tablespace TECHNOTE (FAQ) QUESTION How do you reduce the size of the Tivoli Storage Manager database? ANSWER If a significant amount of data has been deleted from the database, consider reducing the database size. Generally, you have to complete offline reorganization of the large tables in the database before you can reduce the database size. For more information, see Technote 1452146 at: http://www.ibm.com/support/docview.wss?uid=swg21452146 [http://www.ibm.com/support/docview.wss?uid=swg21452146]. Databases that are created with Tivoli Storage Manager V6.2 or later have DB2 9.7 tablespaces with reclaimable space enabled. If you created a database with V6.1, you have DB2 9.5 tablespaces even if you upgraded your Tivoli Storage Manager server to 6""},{""char_end"":835,""char_start"":0,""chunk_id"":""1c4d42f0788ec232850b5187e5f2b2de00f19b2c62e1ea18885c199c3961da39"",""document_id"":""techqa-doc:corpus/swg21407883.txt"",""filename"":""swg21407883.txt"",""rank"":10,""text"":""Title: IBM How to convert a DB2 LUW database that was not enabled for AUTOMATIC STORAGE tablespaces, so that existing tablespaces can use AUTOMATIC STORAGE - United States Text: TECHNOTE (FAQ) QUESTION Is it possible to convert a database that was not enabled for the \""AUTOMATIC STORAGE\"" feature to use it for existing tablespaces? ANSWER It is not possible to convert an existing database to use automatic storage if you are using DB2 V8.2, V9.1 or V9.5. This is documented in the DB2 Version 9.1 Information center entry for Automatic storage restrictions [http://publib.boulder.ibm.com/infocenter/db2luw/v9/index.jsp?topic=/com.ibm.db2.udb.admin.doc/doc/r0024251.htm]. This restriction is also documented in the DB2 Version 9.5 Information Center entry for Automatic storage restrictions [http://publib.boulder.ibm.com/infocenter/db""}]",phase03-sufficiency-annotation-v1,f2fe3f7f29b834d78fd7c79bf4d4a94faee43c658d89c48e386854123066802b,,,,
phase03-semantic-confirmation-blinded-v1,0f0d97b201bad60c03742de65bb8194af93d82447faf437efe9d2205f81c8065,92,DEV_Q027,train,dense,10,"How to create batches for bulk upload



I am new in datacap 9.0 .I just started developing with datacap studio and currently I have learned  to recognize, capture and export the data into filenet.

Now I want to Create batches of image or pdf files so that I can process images and pdf .

 

As per requirement client is sharing document at one shared location.I need to pickup all the documnets from shared location. For creating batches which tool I should use? how it works?

 

Can anyone help how I proceed with this.

 

Regards,

Chhaya Sahu
",answerable_with_reference,"Set skipsamebatch for VScan tasks  1. Run Rulerunner Manager. 
 2. On the Rulerunner tab, stop the service. 
 3. On the Rulerunner Login tab, click Connect. 
 4. On the Workflow tab, expand the hierarchy on the right and highlight VScan. 
 5. In the Settings section in the lower right, set skipsamebatch to 1. 
 6. Highlight the line labeled <dbs> above VScan in the thread hierarchy. 
 7. Set skipsamebatch to 1 there also. 
 8. Click Save, then go back to the Rulerunner tab and start the service.","[{""char_end"":4917,""char_start"":4284,""chunk_id"":""1e339f3cf1749b6957c5294a16693c9422cf8ec1fe0ded4d9141106715a550b7"",""document_id"":""techqa-doc:corpus/swg27042128.txt"",""filename"":""swg27042128.txt"",""rank"":1,""text"":""with IBM Content Foundation. Document Format FileNet Content Engine Java API Bulk Loader Sample Code [http://www.ibm.com/support/docview.wss?rs=3278&uid=swg24028787] HTML FileNet Content Engine Java API Demo Sample Code [http://www.ibm.com/support/docview.wss?rs=3278&uid=swg24028788] HTML FileNet Content Engine Java API Folder Browser Sample Code [http://www.ibm.com/support/docview.wss?rs=3278&uid=swg24028789] HTML FileNet Content Engine .NET API Bulk Loader Sample Code [http://www.ibm.com/support/docview.wss?rs=3278&uid=swg24028790] HTML FileNet Content Engine .NET API Demo Sample Code [http://www.ibm.com/support/docview.wss""},{""char_end"":5712,""char_start"":5128,""chunk_id"":""5a14f01ef7fce34046575352779aa6070fec27d42e486e9f9c5627c155068947"",""document_id"":""techqa-doc:corpus/swg27050531.txt"",""filename"":""swg27050531.txt"",""rank"":2,""text"":""Net Content Engine .NET API Bulk Loader Sample Code [http://www.ibm.com/support/docview.wss?rs=3278&uid=swg24028790] HTML FileNet Content Engine .NET API Demo Sample Code [http://www.ibm.com/support/docview.wss?rs=3278&uid=swg24028791] HTML FileNet Content Engine .NET API Folder Browser Sample Code [http://www.ibm.com/support/docview.wss?rs=3278&uid=swg24028792] HTML FileNet P8 DITA Publishing Sample Code [http://www.ibm.com/support/docview.wss?rs=3278&uid=swg24028795] HTML FileNet Content Engine Web Service – C-sharp Sample Code [http://www.ibm.com/support/docview.wss?rs=3278&""},{""char_end"":5188,""char_start"":4298,""chunk_id"":""518cfdbe97451dde5caf1b7e528926fa8e2a813b4045fec303fa66974c2ec86e"",""document_id"":""techqa-doc:corpus/swg21448254.txt"",""filename"":""swg21448254.txt"",""rank"":3,""text"":"". The Batch Importer setup is fairly easy; the following sections provide additional information to maximize the benefits of the Batch Importer functionality. In order for the Batch Importer component to perform the import operations the data must be properly formatted. The following screen shows a file system folder called Export that contains a tree of sub folders (Batch 3, Doc1). Additional, the attribute.xml file describes the batch that needs to be imported and the PressRel1.tif.xml describes the image PressRel1.tif. [/support/docview.wss?uid=swg21448254&aid=3] [/support/docview.wss?uid=swg21448254&aid=3][/support/docview.wss?uid=swg21448254&amp;aid=4] 1. Selecting Destination Repository Object Node The “Destination Repository Object Node” specifies where the Batch Importer component will put the imported data. 2. Specifying the Source Directory This option indicates where""},{""char_end"":4911,""char_start"":4305,""chunk_id"":""bdcb2b5e3c2576e5c1f79a8aede18c99968ed93d997901b7d2310ea1f72a7d8d"",""document_id"":""techqa-doc:corpus/swg27050532.txt"",""filename"":""swg27050532.txt"",""rank"":4,""text"":""] HTML FileNet Content Engine Java API Demo Sample Code [http://www.ibm.com/support/docview.wss?rs=3278&uid=swg24028788] HTML FileNet Content Engine Java API Folder Browser Sample Code [http://www.ibm.com/support/docview.wss?rs=3278&uid=swg24028789] HTML FileNet Content Engine .NET API Bulk Loader Sample Code [http://www.ibm.com/support/docview.wss?rs=3278&uid=swg24028790] HTML FileNet Content Engine .NET API Demo Sample Code [http://www.ibm.com/support/docview.wss?rs=3278&uid=swg24028791] HTML FileNet Content Engine .NET API Folder Browser Sample Code [http://www.ibm.com/support/docview.wss?rs=3278""},{""char_end"":1084,""char_start"":767,""chunk_id"":""623627240fc95bb473e7c161eb458e1bbe225dc38426b207ef3160477910033d"",""document_id"":""techqa-doc:corpus/swg21689029.txt"",""filename"":""swg21689029.txt"",""rank"":5,""text"":""RESOLVING THE PROBLEM The immediate solution is to create a new folder in P8 and change the export to point to that folder. The longer term solution is to do one of the following: * Modify the application to send each batch to a different folder. * Modify the application to send a unique file name for each document.""},{""char_end"":860,""char_start"":0,""chunk_id"":""73aa1fe298ea58c79b144e47519264c26042cf0afc0f121b3ab521a4d54c9d8d"",""document_id"":""techqa-doc:corpus/swg21586368.txt"",""filename"":""swg21586368.txt"",""rank"":6,""text"":""Title: IBM Setting Up Taskmaster Web Client Service for the Automation of Uploading Batches in IBM Datacap Taskmaster Capture - United States Text: Taskmaster Web Client Service TECHNOTE (FAQ) QUESTION How can I setup the Taskmaster Web Client Service to automate the upload of web scan batches? ANSWER 1. Install the Taskmaster Web Service by running Setup.exe found in the \\Datacap\\support\\WebClientService folder. 2. Double click on \\Datacap\\tmclient\\dc2Run.exe.config. This will allow you to configure the parameters used by this service. 3. The dc2Run.exe.config file has a section for a ShortcutIndex. You can determine what index value corresponds to what shortcut by looking it up in the Buttons Table of the Administrator Database. Update this index to run the upload shortcut.. 4. In the dc2Run_localhost_utility section of the dc2Run.exe.config file""},{""char_end"":1835,""char_start"":779,""chunk_id"":""487cecded7a6646a2d3158fb493d24c7a4736bcc28a733b54bde61ad8aa85776"",""document_id"":""techqa-doc:corpus/swg21274666.txt"",""filename"":""swg21274666.txt"",""rank"":7,""text"":""ted text file etc) into the Data Sheet in the Bulk Process tool. Steps to resolve the problem: To determine the format for a Data Sheet, create an example for yourself using your own data. Use the GUI Bulk Process tool to create one row of data in the Data Sheet window, using the File Name property and any other properties that you wish to include in your Bulk Process. This one row of data will represent one document that you want to bulk add into the library. Then use the Export function to create a file with this information that can be used as a template for the rest of your Bulk Process. Follow these steps to export the data sheet: 1. Create the first row of data in the Data Sheet window in the Bulk Process tool of CS Explorer. Validate the information for the Bulk Add and Save it. 2. From the top menu select \""Data\"" and then choose \""Export\"" and \""Data Sheet\"". 3. You will have the option to export the data to several different file formats, depending on the configuration of your machine. Choose the format you want and enter a filename for""},{""char_end"":5254,""char_start"":4597,""chunk_id"":""11f6a1bc03088fc10e0fc08fe74ceb0667ed73efafca3241410005d1c2c4f233"",""document_id"":""techqa-doc:corpus/swg27050531.txt"",""filename"":""swg27050531.txt"",""rank"":8,""text"":""/c1182945.pdf] 12/2017 Back to top DEVELOPER SAMPLES Access the available developer code samples that work with IBM FileNet P8 Platform. Document Format FileNet Content Engine Java API Bulk Loader Sample Code [http://www.ibm.com/support/docview.wss?rs=3278&uid=swg24028787] HTML FileNet Content Engine Java API Demo Sample Code [http://www.ibm.com/support/docview.wss?rs=3278&uid=swg24028788] HTML FileNet Content Engine Java API Folder Browser Sample Code [http://www.ibm.com/support/docview.wss?rs=3278&uid=swg24028789] HTML FileNet Content Engine .NET API Bulk Loader Sample Code [http://www.ibm.com/support/docview.wss?rs=3278&uid=swg24028790] HTML File""},{""char_end"":4145,""char_start"":3566,""chunk_id"":""d7c07dbfbbe6ac3291983b147d42216f03c587ed24156cc415b7742d482804ab"",""document_id"":""techqa-doc:corpus/swg27038301.txt"",""filename"":""swg27038301.txt"",""rank"":9,""text"":""wss?rs=3278&uid=swg24028789] HTML FileNet Content Engine .NET API Bulk Loader Sample Code [http://www.ibm.com/support/docview.wss?rs=3278&uid=swg24028790] HTML FileNet Content Engine .NET API Demo Sample Code [http://www.ibm.com/support/docview.wss?rs=3278&uid=swg24028791] HTML FileNet Content Engine .NET API Folder Browser Sample Code [http://www.ibm.com/support/docview.wss?rs=3278&uid=swg24028792] HTML FileNet P8 DITA Publishing Sample Code [http://www.ibm.com/support/docview.wss?rs=3278&uid=swg24028795] HTML FileNet Content Engine Web Service – C-sharp Sample Code [http""},{""char_end"":2499,""char_start"":2003,""chunk_id"":""64be2f732d85c42bb9e5b400c365264efa584a6b5f325cef24b8ec982c902f8d"",""document_id"":""techqa-doc:corpus/swg21988830.txt"",""filename"":""swg21988830.txt"",""rank"":10,""text"":""actions are much better suited to handling large numbers of files stored in the input folder and the associated IO file handling that is required to process them all through the batch. RELATED INFORMATION mvscan actions summary [https://www.ibm.com/support/knowledgecenter/SSZRWV_9.0.0/com.ibm.dc.develop.doc/dcadg811.htm] Cross reference information Segment Product Component Platform Version Edition Enterprise Content Management Datacap Enterprise Content Management Datacap Taskmaster Capture""}]",phase03-sufficiency-annotation-v1,f2fe3f7f29b834d78fd7c79bf4d4a94faee43c658d89c48e386854123066802b,,,,
phase03-semantic-confirmation-blinded-v1,98312e762bb4f423c0a4a1b2d077bfe20ef4373a4ade122ee2558ac69cf78b04,93,DEV_Q034,train,hybrid,1,"Profiler for WebSphere 8



Hi,

We noticed that a was application server uses 1,4 Go of memory at startup, we would like to understand what java classes are using most part of it.

Is a Java profiler provided by default with WAS 8.0 ? Is there something to activate via the WAS admin console ?

 

Thanks a lot",answerable_with_reference,"Health Center is a very low overhead monitoring tool. It runs alongside an IBM Java application with a very small impact on the application's performance (less than 1%). Health Center monitors several application areas, using the information to provide recommendations and analysis that help you improve the performance and efficiency of your application.","[{""char_end"":4957,""char_start"":3985,""chunk_id"":""2647ff8f9192141b97748b17e7ed034e851c0f1d09b81f4eacc35037a71f39d0"",""document_id"":""techqa-doc:corpus/swg21653445.txt"",""filename"":""swg21653445.txt"",""rank"":1,""text"":""per.java.additional.2, and so on. You may use this to specify JVM arguments like the following: 1. -Xss argument which sets the thread stack size where the thread stores its local execution state. Thread stacks are memory areas allocated for each Java thread for their internal use. 2. Xmso<size> argument which sets the default stack size for Operating System threads. ... And so on - wrapper.java.command : The command to use when launching a JVM e.g. $JAVA_HOME/bin/java. From version 11 onwards, memory is managed by Websphere Application Server (WAS) and it can be monitored through Websphere Admin Console. WAS has automated garbage collection to reclaim unused memory and to prevent memory leaks. The heap's size can also be controlled from the Java command line using the -Xmx and -Xms options (mx is the maximum size of the heap, ms is the initial size). If we wish to do so from the console user interface, we can specify parameters like maximum and initial heap""}]",phase03-sufficiency-annotation-v1,f2fe3f7f29b834d78fd7c79bf4d4a94faee43c658d89c48e386854123066802b,,,,
phase03-semantic-confirmation-blinded-v1,d3999b4e2617ca1f4e99d155d2a239207f2d65d1f4045cd37efe4f89e7fe179e,94,DEV_Q114,validation,dense,1,"Any difference between DB2 z/OS V9.1 + IBM Cobol and DB2 LUW V10.5 FP7 + MF Cobol?

We are planning below migration.

[Current]
DB2 z/OS V9.1 + IBM Cobol
[New]
DB2 AESE V10.5 FP7 / AIX V7.1 + Micro Focus Cobol (MF Cobol)

Any known limitation or things what we need to concern?
",answerable_with_reference,"DB2 LUW precompile, prep write different code to DB2 z/OS?","[{""char_end"":800,""char_start"":0,""chunk_id"":""01854c3e08e6b6167c788b49e0e0a9ca6d97bee9b3652056f366087ba783c364"",""document_id"":""techqa-doc:corpus/swg27012212.txt"",""filename"":""swg27012212.txt"",""rank"":1,""text"":""Title: IBM The Truth about coprocessors, precompilers and translators for CICS and DB2 with COBOL compilers - United States Text: COBOL; DB2; coprocessor; precompiler; translator WHITE PAPER ABSTRACT SHARE presentation material for session 1553. CONTENT This session explains what will and won't work in DB2 Version 8 (and DB2 9), CICS TS V2 and V3, how to migrate to coprocessor from a DB2 precompiler or CICS translator, and how to manage CCSID issues with COBOL and DB2. Document includes Hot topics: * Can you precompile old COBOL with DB2 Version 8? * Is the coprocessor different from the DB2 precompiler? * How do you deal with Unicode, COBOL and DB2? * Should you use CICS translator option COBOL2 or COBOL3? When? RELATED INFORMATION What's new in Enterprise COBOL for z/OS V4.1 [http://www.""}]",phase03-sufficiency-annotation-v1,f2fe3f7f29b834d78fd7c79bf4d4a94faee43c658d89c48e386854123066802b,,,,
phase03-semantic-confirmation-blinded-v1,2085647fbbe063bc5438a9a54f71d73d209a62195c6d26a60e4ef802f6c27d12,95,TRAIN_Q027,validation,bm25,10,"Why are we not able to create new pages using the Manage Pages Portlet?

We are using Portal 8.5 on Windows,

From WebSphere Portal Administration console. we go to ‘Manage Pages’- > Select ‘Content root’ item from table -> ‘New Page’ button, after entering the new page details and hitting OK we receive following error:

EJPAS0017E: Unable to create PageName

The error in SystemOut.log shows:

     DefaultTransa E   Message: Could not save object in repository.,
     Cause: javax.jcr.RepositoryException: RT0002E: Error while calling a function createItems of PLS data manager
     com.ibm.workplace.wcm.services.repository.RepositoryException:
     Message: Could not save object in repository., Cause: javax.jcr.RepositoryException: RT0002E: Error while calling a function createItems of PLS data manager
     ...
     
     Caused by: com.ibm.icm.da.DBAccessException:
     java.sql.SQLFeatureNotSupportedException: DSRA1300E: Feature is not implemented: PreparedStatement.setBinaryStream
      at com.ibm.icm.da.portable.data.WideTableData.changeItems(WideTableData.java:857)",answerable_with_reference,The JDBC driver does not meet WebSphere Portal v8's prerequisites.,"[{""char_end"":821,""char_start"":0,""chunk_id"":""a9be907c66ef81aa4f2ce3cbe924449b2393ec3c5e9b1241bf2c05a0f1baeca7"",""document_id"":""techqa-doc:corpus/swg21611699.txt"",""filename"":""swg21611699.txt"",""rank"":1,""text"":""Title: IBM JDBC driver or database insufficiencies cause administration portlets to fail. - United States Text: RT0002E; JDBC; database; driver; RepositoryException; PLS; EJPAS0017E TECHNOTE (TROUBLESHOOTING) PROBLEM You attempt to create a new page via the Manage Pages portlet or add a portlet to a page via the Edit Layout portlet and encounter an error. SYMPTOM SystemOut.log contains: ... DefaultTransa E Message: Could not save object in repository., Cause: javax.jcr.RepositoryException: RT0002E: Error while calling a function createItems of PLS data manager com.ibm.workplace.wcm.services.repository.RepositoryException: Message: Could not save object in repository., Cause: javax.jcr.RepositoryException: RT0002E: Error while calling a function createItems of PLS data manager ... Caused by: com.ibm.icm.da.DBAc""},{""char_end"":1360,""char_start"":677,""chunk_id"":""0232d4b78ea390e570db918bfc1aaeb2c5af4f0bb8707364f3f940a13bf5b375"",""document_id"":""techqa-doc:corpus/swg21611699.txt"",""filename"":""swg21611699.txt"",""rank"":2,""text"":""Cause: javax.jcr.RepositoryException: RT0002E: Error while calling a function createItems of PLS data manager ... Caused by: com.ibm.icm.da.DBAccessException: java.sql.SQLFeatureNotSupportedException:DSRA1300E: Feature is not implemented: PreparedStatement.setBinaryStream at com.ibm.icm.da.portable.data.WideTableData.changeItems(WideTableData.java:857) The client browser displays: EJPAS0017E ... Message: Could not save object in repository., Cause: javax.jcr.RepositoryException: RT0002E: Error while calling a function createItems of PLS data ... or: EJPAE0015E: Failed to add new portlets. ... EJPEC0002E: The transaction has been set to rollback state... CAUSE The JDBC driver""},{""char_end"":2197,""char_start"":1486,""chunk_id"":""36e01a0b77205da9599cc83fa492a7e1e913dc52bc20842365029bed6dbbeb99"",""document_id"":""techqa-doc:corpus/swg21633965.txt"",""filename"":""swg21633965.txt"",""rank"":3,""text"":""me ===================== In the SystemOut.log during WebSphere_Portal startup, JCR exceptions can be seen. These may occur several minutes before the ConfigEngine failure: ================= [4/9/13 9:32:51:685 CDT] 00000013 DefaultTransa E Message: Could not save object in repository., Cause: javax.jcr.RepositoryException: RT0002E: Error while calling a function createItems of PLS data manager com.ibm.workplace.wcm.services.repository.RepositoryException: Message: Could not save object in repository., Cause: javax.jcr.RepositoryException: RT0002E: Error while calling a function createItems of PLS data manager at com.ibm.workplace.wcm.services.transaction.steps.repository.SaveWorkspace.execute(SaveWorks""},{""char_end"":1202,""char_start"":617,""chunk_id"":""282aa49f7526728c15d2efd0b81c63c921ced4703bbcd08980508541264b6a1d"",""document_id"":""techqa-doc:corpus/swg21672698.txt"",""filename"":""swg21672698.txt"",""rank"":4,""text"":""NodeImpl.persistAddedContents(PCreateNodeImpl.java:202) at com.ibm.icm.ci.data.impl.ContentService.add(ContentService.java:471) at com.ibm.icm.ci.data.impl.ContentService.addChildContents(ContentService.java:440) at com.ibm.icm.jcr.NodeImpl.save(NodeImpl.java:2538) SYMPTOM You this in the SystemOut.log during runtime... [5/6/14 14:38:08:909 PDT] 00000117 LibraryServic E RT0002E: Error while calling a function createItems of PLS data manager javax.jcr.RepositoryException: RT0002E: Error while calling a function createItems of PLS data manager at com.ibm.icm.jcr.NodeImpl.save(Node""},{""char_end"":733,""char_start"":0,""chunk_id"":""e14eac582566adc3053c48af6bc2c1a214d6daa475befcb73b8c826d43e99bd2"",""document_id"":""techqa-doc:corpus/swg21672698.txt"",""filename"":""swg21672698.txt"",""rank"":5,""text"":""Title: IBM Error \""RT0002E: Error while calling a function createItems of PLS data manager\"" in Portal runtime logs after enabling WCM and trying to create a new library. - United States Text: database permissions TECHNOTE (TROUBLESHOOTING) PROBLEM During runtime after installing and enabling WCM this error occurred while trying to create a new library. Caused by: com.ibm.icm.ci.data.CDMContentException: RT0002E: Error while calling a function createItems of PLS data manager at com.ibm.icm.ci.data.impl.ContentExceptionMap.getMappedException(ContentExceptionMap.java:76) at com.ibm.icm.ci.data.impl.dautils.PCreateNodeImpl.persistAddedContents(PCreateNodeImpl.java:202) at com.ibm.icm.ci.data.impl.ContentService.add(ContentServic""},{""char_end"":1431,""char_start"":683,""chunk_id"":""3ba1cd673feffe85fe2a3b9bc739a7a3be6e87bb947f28c10330e9e2365a84ff"",""document_id"":""techqa-doc:corpus/swg1PK46306.txt"",""filename"":""swg1PK46306.txt"",""rank"":6,""text"":""workplace.wcm.app.migration.importer.data.tasks. LoadPublishedItemsTask.processFile (LoadPublishedItemsTask.java:190) Caused by: com.ibm.workplace.wcm.app.migration.importer. ImportException: Failed to version item: item_name Caused by: com.ibm.workplace.wcm.services.repository. ReferentialIntegrityException: IWKMU1062X: Message: Could not save object in repository., Cause: javax.jcr. ReferentialIntegrityException: Error while calling a function updateItems of PLS data manager.: Error while calling a function updateItems of PLS data manager. at com.ibm.workplace.wcm.services.transaction.steps.versioning. VersionNode.versionNode(VersionNode.java:301) . In addition the systemOut shows: SYSTEM OUT Caused by: com.ibm.icm.da.DBAccessException:""},{""char_end"":1633,""char_start"":1054,""chunk_id"":""1dcbde36e9c8ef3f9e00b2b6e9621e85c7ba3fcdd9be4021472b559a94534332"",""document_id"":""techqa-doc:corpus/swg21672698.txt"",""filename"":""swg21672698.txt"",""rank"":7,""text"":""manager javax.jcr.RepositoryException: RT0002E: Error while calling a function createItems of PLS data manager at com.ibm.icm.jcr.NodeImpl.save(NodeImpl.java:2778) at com.ibm.icm.jcr.NodeImpl.save(NodeImpl.java:2429) .... Caused by: com.ibm.icm.ci.data.CDMContentException: RT0002E: Error while calling a function createItems of PLS data manager at com.ibm.icm.ci.data.impl.ContentExceptionMap.getMappedException(ContentExceptionMap.java:76) at com.ibm.icm.ci.data.impl.dautils.PCreateNodeImpl.persistAddedContents(PCreateNodeImpl.java:202) at com.ibm.icm.ci.data.impl.ContentSer""},{""char_end"":2702,""char_start"":2020,""chunk_id"":""acdabb963f037ade8e04ba1df937a6b3aefdfd1f0fdb52368b8c4fb3e42c55be"",""document_id"":""techqa-doc:corpus/swg21633965.txt"",""filename"":""swg21633965.txt"",""rank"":8,""text"":""Exception: RT0002E: Error while calling a function createItems of PLS data manager at com.ibm.workplace.wcm.services.transaction.steps.repository.SaveWorkspace.execute(SaveWorkspace.java:140) . . . Caused by: java.lang.AbstractMethodError: java/sql/PreparedStatement.setBinaryStream(ILjava/io/InputStream;)V at com.ibm.ws.rsadapter.jdbc.WSJdbcPreparedStatement.setBinaryStream(WSJdbcPreparedStatement.java:1408) ... 97 more ================= CAUSE The root cause of this error is the JCR exception seen in the SystemOut.log. It prevents the Portal8 theme from being properly deployed, and it ultimately leads to the failure in ConfigTrace. The JCR error in this case is: \""Caused by:""},{""char_end"":1491,""char_start"":552,""chunk_id"":""3b4f9e8829bfeff0b79fe120d965d3571e9deac89a14e0c5996fb50427fb33e9"",""document_id"":""techqa-doc:corpus/swg1PK70141.txt"",""filename"":""swg1PK70141.txt"",""rank"":9,""text"":""ERROR. ERROR DESCRIPTION * In Portal 6014, WCM users are unable to create drafts from published content if they are using SQL Server 2005. The JCR throws the following repository exception. IWKMU1062X: Message: Could not save object in repository. Cause: javax.jcr.RepositoryException: Error while calling a function updateItems of PLS data manager. LOCAL FIX PROBLEM SUMMARY * Unable to create a draf from published content with WCM on SQL Server 2005 PROBLEM CONCLUSION * JCR code modified to allow drafts to be created from published content TEMPORARY FIX COMMENTS APAR INFORMATION * APAR NUMBER PK70141 * REPORTED COMPONENT NAME WEBSPHERE PORTA * REPORTED COMPONENT ID 5724E7600 * REPORTED RELEASE 60E * STATUS CLOSED PER * PE NoPE * HIPER NoHIPER * SPECIAL ATTENTION NoSpecatt * SUBMITTED DATE 2008-08-05 * CLOSED DATE 2011-01-12 * LAST MODIFIED DATE 2011-01-12 * APAR IS SYSROUTED FROM ONE OR MORE OF THE FOLLOWING: * APAR IS SYSROUT""},{""char_end"":1728,""char_start"":905,""chunk_id"":""e212ce51eef53eab1a9a07809746db604f6ff3cbf429055bbd1434f63231507e"",""document_id"":""techqa-doc:corpus/swg1PK80443.txt"",""filename"":""swg1PK80443.txt"",""rank"":10,""text"":"".services.repository.StaleValueException: IWKMU1062X: Message: Could not save object in repository., Cause: javax.jcr.StaleValueException Error while calling a function updateItems of PLS data manager LOCAL FIX PROBLEM SUMMARY * IWKPD1043X: COULD NOT SAVE THE UPDATED SUBSCRIBER FOR UPDATE ID PROBLEM CONCLUSION * Different processes updating the same JCR node representing the subscriber at roughly the same time was causing the issue: ERROR DESCRIPTION: This error occurs in the log on a subscriber machine. [2/10/09 18:23:01:104 CST] 000002b4 PlutoSubscrib W IWKPD1043X: Could not save the updated subscriber for update id: Error: com.ibm.workplace.wcm.services.repository.StaleValueException: IWKMU1062X: Message: Could not save object in repository., Cause: javax.jcr.StaleValueException Error while calling a function""}]",phase03-sufficiency-annotation-v1,f2fe3f7f29b834d78fd7c79bf4d4a94faee43c658d89c48e386854123066802b,,,,
phase03-semantic-confirmation-blinded-v1,7629343e0512c973f7cfb330ace1d09cafc85313d6fc35c1954a3400af33e8a9,96,TRAIN_Q444,train,bm25,1,"Licence authorised in SPSS 22, however, same error code of missing license appears

I had SPSS 22 that worked fine until the license ended. It was renewed and when I tried to re-enter the license number it was authorised, however, there was still an error code of missing license and so I can work with my SPSS.

This is the error code:

    Error # 7001 There is no license for IBM SPSS Statistics. This could be due to a missing license file or no more network licenses available. For detailed information about this problem, run the 'showlic' utility found in the product installation directory. Execution of this command stops. Specific symptom number: 18

I would appreciate your help! ",answerable_with_reference,"No, installing IBM SPSS Statistics and AMOS for Windows releases on a Macintosh operating system or hardware using any dual booting or emulation software is not supported and cannot run properly.","[{""char_end"":1046,""char_start"":0,""chunk_id"":""b80bb7a51d22063192103838b56bb8d834f0ce7a4f06336b94d5c90bd22e9ccf"",""document_id"":""techqa-doc:corpus/swg21623152.txt"",""filename"":""swg21623152.txt"",""rank"":1,""text"":""Title: IBM Error # 7001/18 There is no license for IBM SPSS Statistics. - United States Text: Error # 7001/18 There is no license for IBM SPSS Statistics.; Specific symptom number: 18; missing license file; no more network licenses available; run the 'showlic' utility found in the product installation directory. TECHNOTE (TROUBLESHOOTING) PROBLEM(ABSTRACT) Launch Statistics 21 and receive error that there is no license for IBM SPSS Statistics. Error # 7001, specific symptom number 18. SYMPTOM Error # 7001 There is no license for IBM SPSS Statistics. This could be due to a missing license file or no more network licenses available. For detailed information about this problem, run the 'showlic' utility found in the product installation directory. Execution of this command stops. Specific symptom number: 18 CAUSE The Statistics program was unable to correctly evaluate the license because the computer had the incorrect system Date & Time. Therefore the error 7001 with a specific symptom of 18 was returned. DIAGNOSING THE PROBLEM There""}]",phase03-sufficiency-annotation-v1,f2fe3f7f29b834d78fd7c79bf4d4a94faee43c658d89c48e386854123066802b,,,,
phase03-semantic-confirmation-blinded-v1,05b46096964092032dc9d5072a2231011871df4e4234c4f8bc5993732b85f65f,97,DEV_Q303,validation,hybrid,3,"Why are the users unable to login to Web GUI 8.1 after I modify timeout to 2147483647 in security.xml file ?



I followed the Web GUI 8.1 reference guide here to switching off the session timeout

http://www-01.ibm.com/support/knowledgecenter/SSSHTQ_8.1.0/com.ibm.netcool_OMNIbus.doc_8.1.0/webtop/wip/task/web_adm_settimeout.html

After I edited /config/cells/JazzSMNode01Cell/security.xml file, modified timeout setting to 2147483647, users are not able to login anymore.",answerable_with_reference,"1. On DASH server, navigate to <JazzSM Home>/profile/config/cells/JazzSMNode01Cell/applications/isc.ear/deployments/isc/isclite.war/WEB-INF


2. Take a backup of consoleProperties.xml


3. Open consoleProperties.xml in edit-mode.


4. Search for ""LTPAFIX"" and change the value from ""true"" to ""false"".","[{""char_end"":940,""char_start"":0,""chunk_id"":""16da8548b6f64d85ca03782dd36c4151e70949916cdef4a46f293371a1c864ad"",""document_id"":""techqa-doc:corpus/swg21690658.txt"",""filename"":""swg21690658.txt"",""rank"":1,""text"":""Title: IBM Setting a big session time-out value in DASH causes session lock-out - United States Text: DASHL2; session; time-out; timeout; cannot login; locked out ; 2147483647; security.xml TECHNOTE (TROUBLESHOOTING) PROBLEM(ABSTRACT) Using a big value (2147483647) for the session timeout setting in DASH, to achieve the maximum time between timeouts, is causing users to be locked out completely. SYMPTOM After entering the user ID and password in the login page, and then pressing the \""continue\"" button, the login page does not change, stuck at \""processing\"" and then returns to the login page again.\"" All users get essentially locked out completely from DASH sessions. CAUSE In order to maximize the time between session timeouts, the customer is setting the timeout parameter in the security.xml file to 2147483647. This timeout parameter used in the security.xml file is a WAS setting, but DASH is using a javascript call (settimeout),""},{""char_end"":879,""char_start"":0,""chunk_id"":""eae0b12cffc1331004ed6b14decf8255b802250351640971dc361d87600d73d8"",""document_id"":""techqa-doc:corpus/swg21963674.txt"",""filename"":""swg21963674.txt"",""rank"":2,""text"":""Title: IBM Non-Admin user auto logged-off after every few minutes - United States Text: Logout; user; session timeout TECHNOTE (FAQ) QUESTION How do you set the session timeout at foundation application level in IBM Sterling Selling and Fulfillment? CAUSE Non-admin user are getting auto logged off from GUI after few minutes (2 to 5 minutes) of not using the GUI. ANSWER Steps to resolve: 1. Modify the timeout details for specific user using the modifyUserHierarchy API. 2. Sample Input XML: <User Activateflag=\""Y\"" Localecode=\""en_US_EST\"" Loginid=\""USER1\"" OrganizationKey=\""DEFAULT\"" Password=\""USER1\"" Username=\""USER1\"" SessionTimeout=\""8000\""></User> At the Websphere level: 3. Login to the WAS console. 4. Go to the server where the application is installed 5. Go to Container Settings - Web Container Settings - Web Container - Session Management -Session Timeout. Here set the time""},{""char_end"":1575,""char_start"":750,""chunk_id"":""d1ce00d47dc8152d1ff1de92fff3181784d86f2121f1c25be0cebcd5bee947be"",""document_id"":""techqa-doc:corpus/swg21690658.txt"",""filename"":""swg21690658.txt"",""rank"":3,""text"":""setting the timeout parameter in the security.xml file to 2147483647. This timeout parameter used in the security.xml file is a WAS setting, but DASH is using a javascript call (settimeout), which causes a condition that prevents a login, if the timeout value is really big. Note: 2147483647 is the maximum positive value for a 32-bit signed binary integer in computing. RESOLVING THE PROBLEM This condition that prevents logins can be averted by setting the custom property LTPAFIX in the consoleProperties.xml to \""false\"". Please follow this steps: 1. On DASH server, navigate to <JazzSM Home>/profile/config/cells/JazzSMNode01Cell/applications/isc.ear/deployments/isc/isclite.war/WEB-INF 2. Take a backup of consoleProperties.xml 3. Open consoleProperties.xml in edit-mode. 4. Search for \""LTPAFIX\"" and change the value from""}]",phase03-sufficiency-annotation-v1,f2fe3f7f29b834d78fd7c79bf4d4a94faee43c658d89c48e386854123066802b,,,,
phase03-semantic-confirmation-blinded-v1,07f492084cda64587e3acb313b17e22b688891d4e78c820b3d60ba250d4ce4e3,98,TRAIN_Q005,train,hybrid,3,"What happened to load.rules FAQ example?

The load.rules maths function example rules file does not appear to be available anymore? ",answerable_with_reference,Netcool Technical Support Guide to rules file processing is provided as a collection of commonly used rules file techniques.,"[{""char_end"":587,""char_start"":0,""chunk_id"":""465e936b34f44f80f8f397505ce8e27acf8fae1facf72d0eac739ac4e7448c7a"",""document_id"":""techqa-doc:corpus/swg21903536.txt"",""filename"":""swg21903536.txt"",""rank"":1,""text"":""Title: IBM Support's Guide to Rules File Processing - United States Text: rules; rules file; array TECHNOTE (FAQ) QUESTION Support Guide : Are there any rules file examples? ANSWER The Netcool Technical Support Guide to rules file processing is provided as a collection of commonly used rules file techniques. Please refer to the Netcool/OMNIbus Probe and Gateway Guide for general guidance to rules file processing. RulesfileProcessing_SupportsGuide_30.pdf [/support/docview.wss?uid=swg21903536&aid=2]RulesfileProcessing_SupportsGuide_30.pdf [/support/docview.wss?uid=swg21903536&aid=1]""},{""char_end"":705,""char_start"":0,""chunk_id"":""9291ab3a662b28218bcd37e28d2851dd0cd80de678e4bddbc8433e502ae1d9c2"",""document_id"":""techqa-doc:corpus/swg21160375.txt"",""filename"":""swg21160375.txt"",""rank"":2,""text"":""Title: IBM ICM XML: DKDDO.toXML() writes content from memory only - United States Text: toXML; DKDDO::toXML; DKDDO.toXML TECHNOTE (FAQ) QUESTION I call DKDDO.toXML(), but some or all of the data does not appear in the XML file. Does DKDDO.toXML() retrieve any information before writing to XML? CAUSE DKDDO.toXML() only writes to file what is retrieved into the DKDDO object in memory. Any information not available to the toXML() operation will not appear in the XML file. ANSWER Call retrieve with any desired retrieve options to adequately populate the DKDDO prior to calling DKDDO.toXML(). Example * * // Given a DKDDO object in variable named 'ddo'. * ddo.retrieve(DKConstant.DK_CM_CONTENT_ITEMTREE +""},{""char_end"":943,""char_start"":0,""chunk_id"":""063575dba76854a80aff1332f1258cd1412e195b6f4164070dbc4d0ece032133"",""document_id"":""techqa-doc:corpus/swg21386662.txt"",""filename"":""swg21386662.txt"",""rank"":3,""text"":""Title: IBM Calculating loads using mathematical functions - United States Text: load; getload; performance; rulesfile; probe; IZ51431; eps; events per second; loading; loads; statistic; statistics; EPS; Events Per Second; node load; node loading TECHNOTE (FAQ) QUESTION Load function : How can probe performance be measured? CAUSE The load function available within rules file processing is a statistical function. ANSWER You can use the rules file Mathematical Functions to calculate and log events per second. With the rules file maths functions it is possible to provide an intuitive and controlled approach to measuring event events per second. Add this rules file code to allow logging of events per second: <start> if ( match(%event_counter,\""\"") ) { %start_time=getdate %event_counter = 1 } else { %end_time=getdate $time_elapsed = int(%end_time) - int(%start_time) # Choose a suitable period for the type of probe and event rate # e.g. 9""}]",phase03-sufficiency-annotation-v1,f2fe3f7f29b834d78fd7c79bf4d4a94faee43c658d89c48e386854123066802b,,,,
phase03-semantic-confirmation-blinded-v1,0ff72721abdf65279dedbd6a0a44ebfd1da6cfefa7493c2dbceede886033215a,99,TRAIN_Q162,validation,dense,10,"Crash happened due to ""PI50993:Apache HTTPComponents vulnerabilities in WebSphere Application Server (CVE-2012-6153, CVE-2014-3577)""



Details of gpf crash events: A VerifyError was thrown due to ""Inaccessible class"" at offset 39(0x27) of the method executeInternal(Lorg/springframework/http/HttpHeaders;[B)Lorg/springfram ework/http/client/ClientHttpResponse of the above class org/springframework/http/client/HttpComponentsClientHttpRequest.

Looking at method the bytecodes :

31 invokespecial 15 org/apache/http/entity/ByteArrayEntity.([B)V 34 astore 4 36 aload3 37 aload 4 39 invokeinterface2 41 invokeinterface 16 org/apache/http/HttpEntityEnclosingRequest.setEntity(Lorg/apache/http/Ht tpEntity;)V

The above sequence of bytecodes indicates it created an instance of org/apache/http/entity/ByteArrayEntity, trying to cast it to type Lorg/apache/http/HttpEntity; which in turns led to the ""Inaccessible class"" VerifyError message.

It is clear that class org/apache/http/HttpEntity was not loaded at all:

    allclasses | grep org/apache/http/HttpEntity
",answerable_with_reference,"There would be NoClassDefFoundError observed after applying the fix because the API in HTTPCore and HTTPClient libraries are no long visible to application. To resolve this error, application may need to be updated with HTTPCore and HTTPClient libraries bundled.","[{""char_end"":853,""char_start"":0,""chunk_id"":""2122e9641cfef9bc438b1d2f091739f9950e50212aab5d1950bf484fd265c251"",""document_id"":""techqa-doc:corpus/swg24041394.txt"",""filename"":""swg24041394.txt"",""rank"":1,""text"":""Title: IBM PI50993:Apache HTTPComponents vulnerabilities in WebSphere Application Server (CVE-2012-6153, CVE-2014-3577) - United States Text: PI50993; PI50993; PI50993 DOWNLOADABLE FILES ABSTRACT Apache HTTPComponents vulnerabilities in WebSphere Application Server (CVE-2012-6153, CVE-2014-3577) DOWNLOAD DESCRIPTION PI50993 resolves the following problem: ERROR DESCRIPTION: Apache HTTPComponents vulnerabilities in WebSphere Application Server LOCAL FIX: PROBLEM SUMMARY: Apache HTTPComponents vulnerabilities in WebSphere Application Server PROBLEM CONCLUSION: Apache HTTPComponents vulnerabilities in WebSphere Application Server PREREQUISITES None INSTALLATION INSTRUCTIONS Please review the readme.txt for detailed installation instructions. URL LANGUAGE SIZE(Bytes) Readme [ftp://public.dhe.ibm.com/software/websphere/appserv/support/fixes/PI509""},{""char_end"":3266,""char_start"":2680,""chunk_id"":""7863c16ca2301c962d83304dffb5b13ecf32a8843ca078501c9db8a88d078528"",""document_id"":""techqa-doc:corpus/swg1PM90897.txt"",""filename"":""swg1PM90897.txt"",""rank"":2,""text"":""er.webapp.WebApp.handleRequest(WebApp.java: 4290) at com.ibm.ws.webcontainer.webapp.WebGroup.handleRequest(WebGroup.j ava:302) Caused by: java.lang.ClassCastException: org.springframework.security.web.context.HttpSessionSecurityCont extRepository$SaveToSessionResponseWrapper incompatible with com.ibm.wsspi.webcontainer.servlet.IExtendedResponse at com.ibm.ws.webcontainer.security.SSOCookieHelperImpl.removeSSOCo okieFromResponse(SSOCookieHelperImpl.java:142) at com.ibm.ws.webcontainer.security.SSOCookieHelperImpl.addSSOCooki esToResponse(SSOCookieHelperImpl.java:79) at com.ibm.ws.""},{""char_end"":2049,""char_start"":1415,""chunk_id"":""4607e06c4ebf992d216ac9eebaa72a6f2f502b8c6b508bbe9488500a7e63940f"",""document_id"":""techqa-doc:corpus/swg21458435.txt"",""filename"":""swg21458435.txt"",""rank"":3,""text"":"") at org.apache.commons.httpclient.ChunkedOutputStream.flush(ChunkedOutputStream.java:191) at org.apache.commons.httpclient.methods.EntityEnclosingMethod.writeRequestBody(EntityEnclosingMethod.java:506) at org.apache.commons.httpclient.HttpMethodBase.writeRequest(HttpMethodBase.java:2114) at org.apache.commons.httpclient.HttpMethodBase.execute(HttpMethodBase.java:1096) at org.apache.commons.httpclient.HttpMethodDirector.executeWithRetry(HttpMethodDirector.java:398) at org.apache.commons.httpclient.HttpMethodDirector.executeMethod(HttpMethodDirector.java:171) at org.apache.commons.httpclient.HttpClient.executeMethod(HttpClient.""},{""char_end"":1269,""char_start"":661,""chunk_id"":""12bdb1997e3a0249a129799ee97782b46bea4a5c797adadacc872193cdabcd44"",""document_id"":""techqa-doc:corpus/swg1RS02166.txt"",""filename"":""swg1RS02166.txt"",""rank"":4,""text"":""G [com.ibm.rules.decisioncenter.web.core.ApplicationExceptionResol ver] (http-/127.0.0.1:8080-1) Resolving exception from handler [public org.springframework.ui.ModelMap com.ibm.rules.decisionce nter.web.core.ApplicationController.viewData(javax.servlet.http. HttpServletRequest,java.lang.String,java.lang.String)]: com.ibm.rules.decisioncenter.web.core.RuntimeApplicationExceptio n: 09:07:41,478 SEVERE [org.springframework.web.method.HandlerMethod] (http-/127.0.0.1:8080-1) Premature end of file.: com.ibm.rules.decisioncenter.web.core.RuntimeApplicationExceptio n: at com.ibm.rules.decisioncenter.web.core""},{""char_end"":2200,""char_start"":1617,""chunk_id"":""3acfa4e830de64170de7ce171cd979095beed342270e81334b3193b2554edf11"",""document_id"":""techqa-doc:corpus/swg1JR42463.txt"",""filename"":""swg1JR42463.txt"",""rank"":5,""text"":""GeneratorCore$1.call(PKGene ratorCore.java:93) at com.lombardisoftware.utility.spring.ProgrammaticTransactionSuppo rt$1.doInTransaction(ProgrammaticTransactionSupport.java:436) at org.springframework.transaction.jta.WebSphereUowTransactionManag er$UOWActionAdapter.run(WebSphereUowTransactionManager.java:306) at com.ibm.ws.uow.embeddable.EmbeddableUOWManagerImpl.runUnderNewUO W(EmbeddableUOWManagerImpl.java:790) at com.ibm.ws.uow.embeddable.EmbeddableUOWManagerImpl.runUnderUOW(E mbeddableUOWManagerImpl.java:369) at org.springframework.transaction.jta.WebSphereUowTransactionMana""},{""char_end"":1530,""char_start"":632,""chunk_id"":""a43459355696f04d490b790419541993130c1b7281c389e36ac0bd03054f1892"",""document_id"":""techqa-doc:corpus/swg21304219.txt"",""filename"":""swg21304219.txt"",""rank"":6,""text"":""(TROUBLESHOOTING) PROBLEM(ABSTRACT) Web applications use javax.servlet.http.HttpSession to store objects pertaining to a client's session. The Web components (Servlets/JSPs) use HttpSession.setAttribute() method to store objects specific to a client's session. If the objects being inserted are not serializable, (that is, the corresponding classes do not implement java.io.Serializable interface) WebSphere Application Server Community Edition might throw a java.io.NotSerializableException exception when the applications are stopped in the administrative console. CAUSE When Web applications using javax.servlet.http.HttpSession are stopped, the server might throw the following exception: 12:02:58,671 WARN [[/<web context>]] Cannot serialize session attribute <class name> for session <session id> java.io.NotSerializableException: at java.io.ObjectOutputStream.writeObject0(ObjectOutputStream""},{""char_end"":4589,""char_start"":3749,""chunk_id"":""6cb7d799894e59c902e3aa48a459c7c32bf5d3da5c794b31d4bf3b4ae93346af"",""document_id"":""techqa-doc:corpus/swg1JR47465.txt"",""filename"":""swg1JR47465.txt"",""rank"":7,""text"":"".handleRequest(R equestPr ocessor.java:195) at org.apache.wink.server.internal.servlet.RestServlet.service(Rest Servlet. java:124) at javax.servlet.http.HttpServlet.service(HttpServlet.java:668) A temporary workaround for this situation would be to archive and delete old snapshots that are of no use. This would eliviate unneccessary looping through the old snapshots. PROBLEM CONCLUSION * Code changes have been made to resolve the StackOverflowException and properly return the correct results. An interim fix is available on v8.0.1.1. The fix will be integrated into the next fix pack. TEMPORARY FIX COMMENTS APAR INFORMATION * APAR NUMBER JR47465 * REPORTED COMPONENT NAME BPM ADVANCED * REPORTED COMPONENT ID 5725C9400 * REPORTED RELEASE 801 * STATUS CLOSED PER * PE NoPE * HIPER NoHIPER * SPECIAL ATTENTION NoSpecatt * SUBMITTED DATE""},{""char_end"":7515,""char_start"":6920,""chunk_id"":""2b5e4a1b907d8be916932f3cc2a52611ebb047446527debd111c5ae05bc91398"",""document_id"":""techqa-doc:corpus/swg21689524.txt"",""filename"":""swg21689524.txt"",""rank"":8,""text"":""HttpMethodBase.execute(HttpMethodBase.java:1096) at org.apache.commons.httpclient.HttpMethodDirector.executeWithRetry(HttpMethodDirector.java:398) at org.apache.commons.httpclient.HttpMethodDirector.executeMethod(HttpMethodDirector.java:171) at org.apache.commons.httpclient.HttpClient.executeMethod(HttpClient.java:397) at org.apache.axis.transport.http.CommonsHTTPSender.invoke(CommonsHTTPSender.java:196) ... 14 more Related Information Security Bulletin: Vulnerability in SSLv3 affects IBM WebSphere Application Server (CVE-2014-3566) [http://www.ibm.com/support/docview.wss?uid=swg21687173]""},{""char_end"":757,""char_start"":0,""chunk_id"":""671248ee53c3719fb1a50650a77d10ad09c8705d13c20f4ded25fd085cbfc8f2"",""document_id"":""techqa-doc:corpus/swg1PK65098.txt"",""filename"":""swg1PK65098.txt"",""rank"":9,""text"":""Title: IBM PK65098: SRVE0068E due to ClassCastException when attempting to pass a SOAPFAULT in PAYLOAD mode. - United States Text: SUBSCRIBE You can track all active APARs for this component. APAR STATUS * CLOSED AS PROGRAM ERROR. ERROR DESCRIPTION * When attempting to pass a SOAPFault in PAYLOAD mode using WebSphere Appliction Server Feature Pack for Web Services, the following ClassCastException is thrown: [10/24/07 11:56:01:968 EDT] 00000024 ServletWrappe E SRVE0068E: Uncaught exception thrown in one of the service methods of the servlet: com.xyz.webservice.PingServicePortImpl. Exception thrown : java.lang.ClassCastException: org.apache.axiom.om.impl.llom.OMSourcedElementImpl incompatible with org.apache.axiom.soap.SOAPFault at org.apache.axiom""},{""char_end"":2896,""char_start"":2291,""chunk_id"":""90b671bd0182686ef17846826840a5ed9604c3b3421d791bab7e5b660c0a578e"",""document_id"":""techqa-doc:corpus/swg21589145.txt"",""filename"":""swg21589145.txt"",""rank"":10,""text"":""012 ContextManage < setInvocationSubject Exit [3/21/12 18:08:31:361 IST] 00000029 exception > com.ibm.mm.framework.rest.next.exception.ExceptionHelper sendError ENTRY com.ibm.mm.framework.rest.next.servlet.RESTRequestWrapper@1ac81ac8 com.ibm.mm.was.filter.GzipHttpServletResponseWrapper@6b706b70 com.ibm.mm.framework.rest.next.exception.LocalizedIOException [3/21/12 18:08:31:361 IST] 00000029 exception 3 com.ibm.mm.framework.rest.next.exception.ExceptionHelper sendError exception ... ... Caused by: java.lang.NullPointerException at com.ibm.mm.framework.rest.next.spa.SpaDataSource.reset(SpaDataSource.""}]",phase03-sufficiency-annotation-v1,f2fe3f7f29b834d78fd7c79bf4d4a94faee43c658d89c48e386854123066802b,,,,
phase03-semantic-confirmation-blinded-v1,b725545b310753171bc6d8c2e1c0daf2e3959c04823e9eb7ea715ea5216b5c67,100,DEV_Q038,validation,dense,5,"ODM 8.7 TeamServer users active authoring rules and they get kicked out - transaction timeout or session timeout?

Some of my users are being kicked out of TeamServer while actively authoring rules. What value would be controlling this behavior? Session timeout is at it's default 30 minutes. Does transaction timeout come in to play here or is there a different setting that might be causing this. Thanks. ",answerable_with_reference,"If you perform time consuming operations in large repositories, you can increase the timeout value in the web.xml file of the RTS/DC EAR file (jrules-teamserver-<appserver>.ear\teamserver.war\WEB-INF) by changing the value of the property ilog.rules.teamserver.transaction.timeout.

You will find the property in the file web.xml defined as below:
...
<context-param>
<description>Modify the timeout value that is associated with transactions (in seconds)</description>
<param-name>ilog.rules.teamserver.transaction.timeout</param-name>
<param-value>600</param-value>
</context-param> ","[{""char_end"":1728,""char_start"":868,""chunk_id"":""a94627fb852a76aab99651a3616973f81d1ff50250dcefc15b5504c5fa5a7ea5"",""document_id"":""techqa-doc:corpus/swg21667487.txt"",""filename"":""swg21667487.txt"",""rank"":1,""text"":"": 86400 (default is 24 hours) Description: Your description Notes: * The session.expirytimeout parameter is the primary parameter that sets the timeout value. The session.idletimeout parameter is not used but should always be set to the same value as the session.expirytimeout parameter. So, users should always edit both parameters when modifying the timeout value. Passive authentication (e.g via TLES) uses the below advanced tuning parameter that is related to session timeout: Name: session.passivetimeout Values: 14400 (default is 4 hours) Description: Your description Note: The default value for the parameters is 14400 seconds (4 Hours) for users authenticated passively via Active Directory. It is not relevant for portal authentication. [/support/docview.wss?uid=swg21667487&aid=1] [https://ibm.biz/BdHdZx] [/support/docview.wss?uid=swg21667487&aid=""},{""char_end"":2764,""char_start"":1973,""chunk_id"":""034057897b6512059a277726a5e02ca8dd6696ea8ea7b85d0274dfec105cca85"",""document_id"":""techqa-doc:corpus/swg21451229.txt"",""filename"":""swg21451229.txt"",""rank"":2,""text"":""es, you can increase the timeout value in the web.xml file of the RTS/DC EAR file (jrules-teamserver-<appserver>.ear\\teamserver.war\\WEB-INF) by changing the value of the property ilog.rules.teamserver.transaction.timeout. You will find the property in the file web.xml defined as below: ... <context-param> <description>Modify the timeout value that is associated with transactions (in seconds)</description> <param-name>ilog.rules.teamserver.transaction.timeout</param-name> <param-value>600</param-value> </context-param> ... Another place to look for are application server specific transaction timeout configurations. For example, for WebSphere Application Server, check the \""Maximum transaction timeout\"" and increase it as needed as described here [http://pic.dhe.ibm.com/infocenter/was""},{""char_end"":929,""char_start"":0,""chunk_id"":""d210929ea8736cbd5603d6af111a2918b2161a5ce1809ed52f7b553fbad91707"",""document_id"":""techqa-doc:corpus/swg22010714.txt"",""filename"":""swg22010714.txt"",""rank"":3,""text"":""Title: IBM Why is the MyFilegateway users not timing out at the time it is supposed to expire in Sterling Filegateway? - United States Text: TECHNOTE (FAQ) QUESTION Why is the MyFilegateway users not timing out at the time it is supposed to expire in Sterling Filegateway? The user was created as a Sterling Filegateway Partner and the timeout value was set to 10 minutes. The following was observed: *The MyFilegateway Partner logged in. *They did their activity within the MyFilegateway User Interface(ui). *They stayed logged in but idle (not doing any more work on the screen). *The UI timed out 1 minute before it was meant to time out. In this case, it timed out 9 minutes after inactivity. The user was configured to time out at 10 minutes. ANSWER This is working as designed. Please take a look at the documentation of the Session Timeout for Partner creation, which points out this behavior: https://www.ibm.com/support/""},{""char_end"":1648,""char_start"":624,""chunk_id"":""ec3cbf47811fde07bbdcdc05a7048da4df1d52355fc61c11097a9b0cc80544ea"",""document_id"":""techqa-doc:corpus/swg1HD59502.txt"",""filename"":""swg1HD59502.txt"",""rank"":4,""text"":""time-out parameter 3300000. When you activate an application and start some interaction it appears to respect the time-out. Log files will be attached when they have cleared our security process. We cannot stabilize our production environment with this type of application behavior that does not correspond with the configuration that we have put in place. . ORBIX timeout at the site is set to 55 minutes. Sessions are timing out in 20 minutes. What is controlling this unconfigured time-out. User cannot save work after timeout, resulting in hunderds of hours of lost time due to rework. 'Server Manager Session Timeout retreived from environments variables:3300000 ms' and 'CATSrvKeepAlive is defined' appears in the trace files. At the time of this report our time-out was set to 55 minutes. The documented procedure was followed for implementing this change. As you can tell in our log files, this is the time being reported by the server. At this time, we have increased our time out to 5 hours. . The server, which we""},{""char_end"":2065,""char_start"":1609,""chunk_id"":""c65c504a13b29991647a1f7dbe03d978dd1e2039e31827b39005b33c840d122c"",""document_id"":""techqa-doc:corpus/swg1PI61292.txt"",""filename"":""swg1PI61292.txt"",""rank"":5,""text"":""the server (which is invisible to the user), it's possible that the session will not time out. PROBLEM SUMMARY * **************************************************************** * USERS AFFECTED: * * This affects all users of IBM SPSS C&DS. * **************************************************************** * PROBLEM DESCRIPTION: * * \""CACHE SESSION TIMEOUT\"" SETTING APPEARS TO BE VALID FOR THE * * C&DS ADMINISTRATION PORTAL ONLY. * **********************""}]",phase03-sufficiency-annotation-v1,f2fe3f7f29b834d78fd7c79bf4d4a94faee43c658d89c48e386854123066802b,,,,
