schema_version,dataset_revision,split_group_id,component_size,member_question_ids_json,shared_gold_filenames_json,normalized_question_hashes_json,answerable_count,impossible_count,assigned_split,split_seed,split_algorithm_version,component_sha256
phase01-data-v1,0b5bbc84b7f07d6d09d063130e90b716d8d4a32a,techqa-group:001289d369b1ef3dc1afcf85330c9ab33546b814ecc0aa0f25e32ab355c31968,1,"[""DEV_Q293""]",[],"[""3eac8446496cf513acbace9e9ccfec3129abf7ac1dd2a873f25c1eb583d48536""]",0,1,validation,42,connected-component-lexicographic-milp-v1,6610b3780c6b7d53fa98fc147e81e4873720a37894e52d6bbf49c54bfef4e495
phase01-data-v1,0b5bbc84b7f07d6d09d063130e90b716d8d4a32a,techqa-group:00633af7ebad8f108c581c25d0520a4c7adbcbaf9d747a12a6b046dc29fcf5c6,2,"[""TRAIN_Q112"",""TRAIN_Q342""]","[""swg21624731.txt""]","[""89ea044a7641df0e6c184be4cd873a6758904eea26c2732e38d5b2cd326b828e""]",1,1,train,42,connected-component-lexicographic-milp-v1,2c1f03620697b54786db0f44098525b4cea5ae7f8a35ad247a4fdc6a38aeb5c5
phase01-data-v1,0b5bbc84b7f07d6d09d063130e90b716d8d4a32a,techqa-group:007b3174205da783c20ba98c376f24126319ba487742bf0d13e0c6b07c1bf2d7,1,"[""DEV_Q021""]","[""swg21298897.txt""]","[""b8b9c02d851432619c06253bf80aa1f38c614ec54f83323c6c3409994f51b293""]",1,0,train,42,connected-component-lexicographic-milp-v1,5a074f21a71f13d93ea492a1fba4a2d6625b7665c4b91f1b6f912c7da776c143
phase01-data-v1,0b5bbc84b7f07d6d09d063130e90b716d8d4a32a,techqa-group:009692fc1d57600d6f34082eb4f3b64af95fb3889b50a4fe91d43fa0f7b22e4a,1,"[""TRAIN_Q599""]","[""swg21991690.txt""]","[""5a70d1222fadb342abf342b9364ecbf57a47fde0cf10aef24e2870675e3bfb5a""]",1,0,train,42,connected-component-lexicographic-milp-v1,d89e39c6e86a44ed623f302b9ce5c10ece3cf90e1bdb5b420768bd2672e8ea7b
phase01-data-v1,0b5bbc84b7f07d6d09d063130e90b716d8d4a32a,techqa-group:016ccfd5dbcbc0c7ad87abd6b88a715500da6624fb517a340260172a7cf76674,1,"[""DEV_Q109""]","[""swg21995079.txt""]","[""0ff165d02b28a5ef92b4f8a110b47f19110c6be49fcb7520e946db7c8d56f7ea""]",1,0,train,42,connected-component-lexicographic-milp-v1,f9b98851d8e37e985db02ef454407127943043735bcae27dc916ebbaec7e3826
phase01-data-v1,0b5bbc84b7f07d6d09d063130e90b716d8d4a32a,techqa-group:020ad41ec53aefa98c8ed79f249f569ba2a450f8a87708479dd64bebd9fac2a3,1,"[""TRAIN_Q157""]",[],"[""78a6db20b60d282375fcc0dd1349fa38aea7b1e9903200c294d3d517121cebb6""]",0,1,train,42,connected-component-lexicographic-milp-v1,cc2fba9d72ec5ceed39837582bcdde9363325ae9ace648df47937dce19b5623c
phase01-data-v1,0b5bbc84b7f07d6d09d063130e90b716d8d4a32a,techqa-group:028edbe1a991151f614c8d8f35aac046a52880974c9fd7151ed2ef0823342637,1,"[""TRAIN_Q540""]","[""swg27049061.txt""]","[""ea2754621222ef04e8a769c9ce1cd027772d106ac8ae6e423aae1fe0211e70f9""]",1,0,train,42,connected-component-lexicographic-milp-v1,d1ecc0eef8be82fadd657b2770769afb63ed1221abdf9a625c22566b261e05ec
phase01-data-v1,0b5bbc84b7f07d6d09d063130e90b716d8d4a32a,techqa-group:02c96bd35045963e4e3fddbdce51683dd4cb75ea2a1474f07ca56271e09789b9,1,"[""TRAIN_Q535""]","[""swg21690184.txt""]","[""cde02e9eaaaec9aa59f94282995fa8d44901e9a23cb5bc45e00c9fcb35a3a034""]",1,0,train,42,connected-component-lexicographic-milp-v1,032652e0e64ac506646a77a30e56177076646b04a7d8f3d06e517077d723ecab
phase01-data-v1,0b5bbc84b7f07d6d09d063130e90b716d8d4a32a,techqa-group:0325d1811ab21900176e9e6fae3c0b1dc96e98c42e10e14c1c017072337f0539,2,"[""DEV_Q164"",""DEV_Q215""]","[""swg21647231.txt""]","[""e51c952ead6baa529cbed5b0a3fbd21c5bfc0a2f29df676d4eb33637728e4627""]",2,0,validation,42,connected-component-lexicographic-milp-v1,81dbfac98199590941438adeefdc4cc4117c51f7e3f367838f5bc2f36e0b0d4b
phase01-data-v1,0b5bbc84b7f07d6d09d063130e90b716d8d4a32a,techqa-group:033b5a0b249096af80ffaaeaccc11eb9307865fcd280e937e3c5c058689ac729,2,"[""TRAIN_Q108"",""TRAIN_Q224""]","[""swg21959745.txt""]","[""8b55b8219a71f4da78514db65c33bacf2b3c331609465a2c8bae009b6fc37100"",""cd573cadbc6220fdaabdae7b92a28344162545e438a803b8dcf4343e729f5fd7""]",2,0,validation,42,connected-component-lexicographic-milp-v1,ae2d752b62a58ade90f5775558cf25758db711ba2e8149c893d8541949478bf7
phase01-data-v1,0b5bbc84b7f07d6d09d063130e90b716d8d4a32a,techqa-group:036ed180509a233f567ccd8e2bfa8c4e71164c803deb33a44bf73a858e9ebf5f,1,"[""TRAIN_Q380""]","[""swg21981880.txt""]","[""f955b6dd07d5ea51b8ab5be3c3f474fdda66bd9466494696dc46a9e792d1b9ce""]",1,0,train,42,connected-component-lexicographic-milp-v1,99beee00eb776572e6bd8f3e1221fff78ffbb3d0ea7f0a5aed39c3cf71fca323
phase01-data-v1,0b5bbc84b7f07d6d09d063130e90b716d8d4a32a,techqa-group:03a074620b19fd07929c79500b52ce0160857a6ff1b1eb7eaefe820785ca9fc6,1,"[""TRAIN_Q297""]","[""swg21695676.txt""]","[""6f6633fa12617796afeb49bb5b22b6346bd84a2d0be0ce630a9f9a37ce2e5a5b""]",1,0,train,42,connected-component-lexicographic-milp-v1,c200570d8ad2f854384621108cf1526ee438daa8385195e677a8e1057562ad6d
phase01-data-v1,0b5bbc84b7f07d6d09d063130e90b716d8d4a32a,techqa-group:0407db82259209854fe35068c66771bcb173e6977acf6bb82cf86c356274dd2f,1,"[""TRAIN_Q546""]","[""swg21424808.txt""]","[""9f2a394519d4ecf80de5e9b4a5bcb56dae9179c8d9e1e42268f0c4a8e59e8241""]",1,0,train,42,connected-component-lexicographic-milp-v1,aa6b0af01c08760cd7975b10b6f04767d40cc7483dd1c8d2020ab53f76e48f5a
phase01-data-v1,0b5bbc84b7f07d6d09d063130e90b716d8d4a32a,techqa-group:041c0755b534fe71e74f206a8734202ed4bfd1a717cf98ceb1fab4735f77f4ac,1,"[""DEV_Q216""]","[""swg21480262.txt""]","[""88238cb50828dfaf751f93cf450ef46bc6254fcd99e395ad8f19c34e3a967476""]",1,0,train,42,connected-component-lexicographic-milp-v1,299bccea7f6be9a884e30133a2eb88f2fdad88e3e5a5fd9465e31ad412efae7a
phase01-data-v1,0b5bbc84b7f07d6d09d063130e90b716d8d4a32a,techqa-group:04988be7ae5fd745f174004731faeeb2230a8a24938c3c6a904d3cd512e18dbd,1,"[""DEV_Q102""]","[""swg21965783.txt""]","[""c6e40a25c22c002c1093a08dbf6b8b3d9beeebef8f4d1da7e9106b05ead945cd""]",1,0,train,42,connected-component-lexicographic-milp-v1,a5ea5824b756361c7dda577b224f4041ce4ec0bccd3dc5cc651fddb28c3f8f57
phase01-data-v1,0b5bbc84b7f07d6d09d063130e90b716d8d4a32a,techqa-group:04cf5d1bec64723cf05dd0e84fc31f71ffab835fae7046a7faf37766af5fde94,1,"[""DEV_Q115""]",[],"[""aacee3ed2df58b9b726d7ca942edaa7038f6522d60a9f169185ba18c688d3f57""]",0,1,train,42,connected-component-lexicographic-milp-v1,08f9377cfec8be88878a1a634f3f5c9ae9fc75dd7a45920467a7a1210482937a
phase01-data-v1,0b5bbc84b7f07d6d09d063130e90b716d8d4a32a,techqa-group:05a4d74f5b64565b3a9fc7fc9d11489a7e79778a4ef0fcc450e96243edd716ec,1,"[""TRAIN_Q595""]","[""swg21260155.txt""]","[""9ca28214616a55c203a1ca82c706908dc7816ad4026a8700f0a88bd5705e3945""]",1,0,train,42,connected-component-lexicographic-milp-v1,391513e220480a3eac72ede2215c0e5993ddca250fdc772915f23eef747ee00d
phase01-data-v1,0b5bbc84b7f07d6d09d063130e90b716d8d4a32a,techqa-group:061910582aee086d552f348465a4c154012a7614c2fb3a7d90d1827e4a7473a0,1,"[""DEV_Q238""]",[],"[""8d5ea3a664425703cffa4b2cec5dc4d3b5bcacc683f18656beea9dcd78bf07e5""]",0,1,validation,42,connected-component-lexicographic-milp-v1,a1cd3776c2c732c3c8f5fff34532a671704cbcf3b3be1348484f1b7a9d883fd5
phase01-data-v1,0b5bbc84b7f07d6d09d063130e90b716d8d4a32a,techqa-group:061b2fa1bbbd54049d11ca551016e186570d039c4b386ea45e3734777dfcf9ad,1,"[""TRAIN_Q434""]",[],"[""5cc1f441c2ab822cc1d5c9c923631eb75703a7d7a006e1b9da59948430a3cee0""]",0,1,train,42,connected-component-lexicographic-milp-v1,c2fe87c2a956e28849cba5366d4c1f1188459880b3a82bf21617a6dcf546ce97
phase01-data-v1,0b5bbc84b7f07d6d09d063130e90b716d8d4a32a,techqa-group:066c2994ae8bec6c907f5560d5406731855344af3bf06b595f1c12ab06f741d4,1,"[""TRAIN_Q400""]","[""swg22005415.txt""]","[""79dcdb4acae1ba98ff808559d7f8b2e993c70dcaa8b4b269a74af5cd3001a5df""]",1,0,train,42,connected-component-lexicographic-milp-v1,40ffaba57a23e254c9ee038819cf3215e0d0eb7f234cf04cb8a92133757ef130
phase01-data-v1,0b5bbc84b7f07d6d09d063130e90b716d8d4a32a,techqa-group:06bbe8a67ebef99cc4ce70827a8412aa2b7f3d97ee8b9ced47a21c88179eb377,1,"[""DEV_Q178""]",[],"[""93d9d08250a53562962739b3ec4d8b1224521697c4535dc57a3405b83293e808""]",0,1,train,42,connected-component-lexicographic-milp-v1,f6404729e4c9401fe1a79917b8d58f9553028b0a2238d9688aba936535129b42
phase01-data-v1,0b5bbc84b7f07d6d09d063130e90b716d8d4a32a,techqa-group:073edee1dd5091c0add3c83c0c293a247ca734e7dbce6ac8ffec79290f40330e,1,"[""TRAIN_Q568""]","[""swg21419230.txt""]","[""efa6754c18fe795f9e09a1142c6eb73058fb28ba38b7c3f67dd1cb9d2eaa21cc""]",1,0,train,42,connected-component-lexicographic-milp-v1,39ff51be92eb01adeddfdcd7ce014be99f511ce6120cf90398a159deff668392
phase01-data-v1,0b5bbc84b7f07d6d09d063130e90b716d8d4a32a,techqa-group:074c2da30f58c471e7ff38249f2a9e48b47e61c09f32de5eafa373a70b6ac3dc,1,"[""TRAIN_Q520""]","[""swg21620875.txt""]","[""9992d20fbf93ad8607fe3f59e073d90ef2f5a0e7aa90871546bdcded1f3f4a46""]",1,0,train,42,connected-component-lexicographic-milp-v1,090e9a95e1164c8428ab1a1006be5e3bd2900348adabf5e501e2fa5777634ee0
phase01-data-v1,0b5bbc84b7f07d6d09d063130e90b716d8d4a32a,techqa-group:0753c77c546ccdde6762524094ba3f5ca3f27b549e63e94313c308e915d56713,1,"[""DEV_Q017""]",[],"[""665fa12f1242ca7cfbbff3037bde0e99829af5e4831bfb8baa96e5fce135cabb""]",0,1,train,42,connected-component-lexicographic-milp-v1,16925713815333a45e411168f09cec4f95924d3618287cf713523d86301c6a12
phase01-data-v1,0b5bbc84b7f07d6d09d063130e90b716d8d4a32a,techqa-group:0828045672838f2bfbc347b06fbfb6975e1915235741b3665aed5db21d07632d,1,"[""DEV_Q174""]","[""swg21658019.txt""]","[""d5f4ff787503b86cb28cd10f4a1dd619df88658921a4069501ac340e51ca1270""]",1,0,train,42,connected-component-lexicographic-milp-v1,b84b209c7d4ac2c824e000d2313b9603be5a0c0e663b2f6176a935eaf9d8a78a
phase01-data-v1,0b5bbc84b7f07d6d09d063130e90b716d8d4a32a,techqa-group:08e218b6e9c8c0332daa27c6a50f567ab1f6d388ec7ec2b5164feae87cb203d0,2,"[""DEV_Q033"",""TRAIN_Q203""]","[""swg21269136.txt""]","[""3f87ff9961030a5138eec4cfc7e991c8e8efb38b247dfd011ff47fde7a8d3cf6"",""8df24d01ebbd3e9c8c2953bfe4851bf2e8514edc6508cb32622bc480aaf72af6""]",2,0,validation,42,connected-component-lexicographic-milp-v1,41cd00b0b7c7a2dab843c48d8078d9a71280ca60eb8651ce45d9023fb566a1ed
phase01-data-v1,0b5bbc84b7f07d6d09d063130e90b716d8d4a32a,techqa-group:091195b40eaf6159448d2ce8a57c3d890155f427ee2c4e876135ac86bfaa0b95,1,"[""TRAIN_Q085""]","[""swg21366662.txt""]","[""d0c17d84217fc65f3ef06d32fa08a6953856c3e3b5c28dfe38fe91ce4371395f""]",1,0,train,42,connected-component-lexicographic-milp-v1,06190ff9c1e86d1f02409342d656dd5a786a327fdcd0b85749a192510799e27b
phase01-data-v1,0b5bbc84b7f07d6d09d063130e90b716d8d4a32a,techqa-group:094000a12113b2e44968d79d4f9e09309d8b8b3fe9543e3cde7e2aecb41d6ece,1,"[""TRAIN_Q587""]","[""swg21688071.txt""]","[""28815a32fb0de1944cf7f768d465f0bc1533837bea5411466e4c3205724ffd29""]",1,0,train,42,connected-component-lexicographic-milp-v1,8d6e5245ff8d526c8a0f6b77a7dc813a6991526310471085b801ba19e77e9a34
phase01-data-v1,0b5bbc84b7f07d6d09d063130e90b716d8d4a32a,techqa-group:095559100e03e22221cf2c602f67f065a69a1de566a8d440da1a29cf2f6d34a2,1,"[""TRAIN_Q404""]",[],"[""e01b8eb22fd5de6c354be713e2b24072dcc5858f8c84b02401a76301c616df5a""]",0,1,train,42,connected-component-lexicographic-milp-v1,5d21dc93fbd16a1d99f2003c797dfedbffd8a181b64f211b46c23b7ae201e7f1
phase01-data-v1,0b5bbc84b7f07d6d09d063130e90b716d8d4a32a,techqa-group:09aa5c4b8942c2d2cb417737e47d02f18032feba26d8b2661db6c88356ab6af0,1,"[""TRAIN_Q319""]","[""swg1PM66670.txt""]","[""896c29e44a3e1582e5c12a4883cea5dbdcb8b6fed464e29b631c78cee9c2a2eb""]",1,0,train,42,connected-component-lexicographic-milp-v1,0e801ed806c17fdc02f952db4c6345f5af2a6763d8e979045df54b02f8f83844
phase01-data-v1,0b5bbc84b7f07d6d09d063130e90b716d8d4a32a,techqa-group:0a373857c6c98aa1614265a02c689f7c161a75d93f4c40a9beb55f779751e131,1,"[""DEV_Q248""]",[],"[""cc3762c06721052dd487c4137248f69b994dd001f6d1995ae455eb5b331630ed""]",0,1,train,42,connected-component-lexicographic-milp-v1,1c6935bec402f5b3d65baa14bce06a28df7dd1ee882a07f4eb39bf6c360bdd45
phase01-data-v1,0b5bbc84b7f07d6d09d063130e90b716d8d4a32a,techqa-group:0a61199ff37f679865406014865de82f999357fe146b44719e578cf3d606d462,1,"[""DEV_Q197""]",[],"[""51fb6ccc1782d837b3c64686d255dabf518b2ebf358d1a228b1fdd99e5ea51e5""]",0,1,train,42,connected-component-lexicographic-milp-v1,b8ada0005a64a9dca2177415a7c811f104f26abde4b5000f7c887c589695f91d
phase01-data-v1,0b5bbc84b7f07d6d09d063130e90b716d8d4a32a,techqa-group:0a7f4e204b84352ee628ec4cfc87c6eda11099d1f3734677f0c95000c929d477,2,"[""DEV_Q175"",""DEV_Q176""]","[""swg21578744.txt""]","[""10a0821bdf9be6c843841d07c495cceebba43e1202c86459c263cd9d7c2badaf"",""edcbb5456b87a187b7b39c17a170ff8fe559c7f2886e8dd271eb81acb0399fea""]",2,0,validation,42,connected-component-lexicographic-milp-v1,d515592f387a9993c53e075cd79d9c74296fc89ad3768899caa29fcac7d0de7e
phase01-data-v1,0b5bbc84b7f07d6d09d063130e90b716d8d4a32a,techqa-group:0aa39879d9ee98a694cab4a6578ab6aa366e603c95072288b23cab5bf47ac796,2,"[""DEV_Q240"",""TRAIN_Q286""]","[""swg21986219.txt""]","[""c8e31accb75c04b2288def9bdcfa8900441a30d0643b1c6ff54494eea62a34fc""]",2,0,test,42,connected-component-lexicographic-milp-v1,09bf4ed90ec7b21442c64fda5980fcad9cba1444c0e9be76e6da70c7aa823c41
phase01-data-v1,0b5bbc84b7f07d6d09d063130e90b716d8d4a32a,techqa-group:0be0c368d4ee3512d09d19942784c44b2cb1ecc59890647439c1e83b85841770,1,"[""TRAIN_Q439""]","[""swg21982008.txt""]","[""19116c640efcc20277d9e8cfa09380dce8a485ea13bb1e0f43baa6010b0a0c4c""]",1,0,train,42,connected-component-lexicographic-milp-v1,5d0acdee5d41abf4f04ee2200fa96b75754671d2f3178a4086a28d7a5cc99889
phase01-data-v1,0b5bbc84b7f07d6d09d063130e90b716d8d4a32a,techqa-group:0c454ee12f1177fff7bb5600e48c1e3d5ccd5c5ef61c4896cf105ff9ac0b1c96,1,"[""TRAIN_Q071""]","[""swg21962862.txt""]","[""4e9c336d8a9b60b4eb0e78647104e99cf91849e71089b407e0735d361f8e40aa""]",1,0,train,42,connected-component-lexicographic-milp-v1,4bc03ae0a7b487a423d6ef7841a684062bf11310c96664031b26b0e159c004be
phase01-data-v1,0b5bbc84b7f07d6d09d063130e90b716d8d4a32a,techqa-group:0d5607e20e439857ea03eb00e9d7bc4df97c21dd6d67cab9399e5ed766810774,1,"[""DEV_Q213""]","[""swg21648471.txt""]","[""84c4e026dae9d52dea9fafb0add724e13682d8dd4cbc700253d7b90c92ae8168""]",1,0,train,42,connected-component-lexicographic-milp-v1,9bb0f6d9b195a56f74f393f5dadde48a81d2ffc312fa4cbc59ffd7756bc5130d
phase01-data-v1,0b5bbc84b7f07d6d09d063130e90b716d8d4a32a,techqa-group:0d8b13e6c7924802a7b2a5f0ea1a639bf8acf2777753d881cae8f3ba33285bd7,1,"[""TRAIN_Q287""]","[""swg27047895.txt""]","[""c729f0ee4b77f87ab66bc7d41ac19843681deacdaba25dc9e17d284af9aa159d""]",1,0,train,42,connected-component-lexicographic-milp-v1,d026fb96f7cb538a709b09c56bf07a9801577635882e2d8ce70db631f6456adc
phase01-data-v1,0b5bbc84b7f07d6d09d063130e90b716d8d4a32a,techqa-group:0db3993f36434bb8b27154f7d769fd65f4bd250badf78d2028f29fb1e288e8dd,1,"[""TRAIN_Q449""]","[""swg21983912.txt""]","[""627e2dc1d90b7bfec1cee90d76414b2b11cf75da372af6f20d0f34323d4bac82""]",1,0,train,42,connected-component-lexicographic-milp-v1,252fe541fc77d1ca1b2d68516202b0912b4add04c5a25e1359320cd50ad9a9ab
phase01-data-v1,0b5bbc84b7f07d6d09d063130e90b716d8d4a32a,techqa-group:0e1f20df06b4f1f55433b8193d6cd2ee3fca8f84dd9387eb67acc1abbc3242cc,1,"[""DEV_Q120""]","[""swg21982354.txt""]","[""d1bbcaff162b667345017f2baa531702017ca80f48a4b9585c7e52d57e3bed03""]",1,0,train,42,connected-component-lexicographic-milp-v1,cb3e63960067aeed7496a5f7f914cfe3241c51a809b9d915a2a8d925a249ae14
phase01-data-v1,0b5bbc84b7f07d6d09d063130e90b716d8d4a32a,techqa-group:0e441d474ea29b9a4c2ef3df4de1772c45fadbb38bbd5ebb872733837f78af9b,1,"[""DEV_Q212""]",[],"[""bb23d50ff752853c038fb97ae9806403fe89b34bdb9f05ecfdc2d4505fa30c19""]",0,1,train,42,connected-component-lexicographic-milp-v1,95a149dd0de3317a8a9382296961599ce9f3fdbd6c478fef073735edd08e4cd8
phase01-data-v1,0b5bbc84b7f07d6d09d063130e90b716d8d4a32a,techqa-group:0f4377e2dfd3a1559ad0d59eca1d2d4c4ebd4b9aae7786b5c50cb0f673a67ca4,1,"[""DEV_Q285""]",[],"[""cb5d0ff3fcb4c79c137b3635ba43225b82718c24c8388082c7431880df2a5448""]",0,1,validation,42,connected-component-lexicographic-milp-v1,effa199af3dc972cc3b41137f468e3c70a3ed1460d6f7284c5ce32641580db98
phase01-data-v1,0b5bbc84b7f07d6d09d063130e90b716d8d4a32a,techqa-group:0f4eb59b6b55de4a3d23b7021ade5dceb3d429c66fc022f8612226b4272b397b,1,"[""TRAIN_Q177""]",[],"[""a89521344e3cff9cd92e3e14e788e250e698f446e8828707506af99a539c8d08""]",0,1,test,42,connected-component-lexicographic-milp-v1,080639aa41a801e56f0ae8dbe217fb40668340b8c68bcfa7bb777f2725c8a3df
phase01-data-v1,0b5bbc84b7f07d6d09d063130e90b716d8d4a32a,techqa-group:0f5bcf22980b0ee2b6fbf835a823911dd213632c407aa0c25c1fe28e0543cda2,1,"[""TRAIN_Q290""]",[],"[""28b181be33b341f1a95297f46ecc82d047adf3a6c67a377534cd79a456a5833d""]",0,1,train,42,connected-component-lexicographic-milp-v1,3102b0ed42f761b923b0e29028125b5a295a6937b468da037b0e5bde09aebbef
phase01-data-v1,0b5bbc84b7f07d6d09d063130e90b716d8d4a32a,techqa-group:0f6918a4734bc5c22c579fb4e5a2793ff972e3a3b984b1eaefb8a4c894d60cb5,1,"[""TRAIN_Q542""]",[],"[""9933ec127710c0badc88791c0980fb19033b6ea22e537bb82333bfa9b77019bf""]",0,1,test,42,connected-component-lexicographic-milp-v1,18aff9ed0b06439410e9d26593833d340a9c178f9d30cd76ecb8c5f23db7c669
phase01-data-v1,0b5bbc84b7f07d6d09d063130e90b716d8d4a32a,techqa-group:10f28eceea0fd178f8b45f6469caf20f4338eb817bc33b793145cd812cc88a1d,1,"[""TRAIN_Q251""]",[],"[""3a18e84a3371324f348933854cf7fda7f760f0fd2d285291baa2b36df7e2a30e""]",0,1,train,42,connected-component-lexicographic-milp-v1,965fff940d1c4fd43b388ea5447a62cbd67c084656f1c832410a9f92f6aedb9b
phase01-data-v1,0b5bbc84b7f07d6d09d063130e90b716d8d4a32a,techqa-group:110ce66acc198e9e3e5d1ad6df5e22bca3ed2f09b3f337c0715b4fc76cd28340,2,"[""TRAIN_Q049"",""TRAIN_Q584""]","[""swg22012345.txt""]","[""8689c18bf7fc88410111a54d1040c102fa09a8eaa06c53d4678070dc55475b48"",""ad7f0ec26f4b59bc3d43be110047fcc0446386db75115a44c4b4a30559e42d7a""]",2,0,validation,42,connected-component-lexicographic-milp-v1,9642ec0ec6451b4433cdf182c3d84a9d6e94eb4fa71595fba1e65a908e8302fb
phase01-data-v1,0b5bbc84b7f07d6d09d063130e90b716d8d4a32a,techqa-group:1130079b4c69eaa1c0145ca35781aca7f013eaf49331a1a772952eab03939f27,1,"[""TRAIN_Q232""]","[""swg21967265.txt""]","[""b7f3da6923bba5c8de3a544d4b41ba88ada3ca3f7bef59c59cf593647a3bb735""]",1,0,train,42,connected-component-lexicographic-milp-v1,aedbbd21cf592c84416d9eb81aa9719a2e8b7dc7ca73378b91d6c8e43cb4b734
phase01-data-v1,0b5bbc84b7f07d6d09d063130e90b716d8d4a32a,techqa-group:11a582611ffa56d50b26c30d6cbe206a848e76e49587e887611dbdb609bd79c4,2,"[""DEV_Q008"",""DEV_Q302""]","[""swg21412061.txt""]","[""d5397a50c41faefca92ca8c5014c130bee4bd89176036743a3d6e569b3a62e78"",""f91c54e5ea566927326c35c60c1b4ee1d155eb48de4adb7a40dc45f0274e9882""]",2,0,validation,42,connected-component-lexicographic-milp-v1,3a7312b9a8d72515cb328201535b1353c8bfed04e66fc93c08ad5b89fc1559b9
phase01-data-v1,0b5bbc84b7f07d6d09d063130e90b716d8d4a32a,techqa-group:1218ce67ede6d869249b8a3eb2eb5236d77a4bf2cbfafb3f4eb1d6e50ed651eb,1,"[""TRAIN_Q415""]","[""swg21501900.txt""]","[""18b41f406ec015b2a78ed946af4f05bf78593bd625ab1178e184dc99bc758288""]",1,0,train,42,connected-component-lexicographic-milp-v1,34bfe1df11c39d451bd2ddfde549ed1cd83f1bf8fb8bec4cdf744dfc010b9f70
phase01-data-v1,0b5bbc84b7f07d6d09d063130e90b716d8d4a32a,techqa-group:1232fbcec59c10f6db3709b6f8fb17c9655c61a0f5dd6de1c7ed7896d47427b1,2,"[""DEV_Q110"",""TRAIN_Q259""]","[""swg21220832.txt""]","[""4f739e931b927ae25fc012b61feb125946abe334525c5334532222c0c71d8a50"",""8b9cee7764f94db0dc401e97dd1b43b01b3f0e66d21c9bfe06fdc6b61e7597cd""]",2,0,test,42,connected-component-lexicographic-milp-v1,166c3cb2f52cbef0cb612bfff5b0e3c4531d193894d134aca171929fabfeb539
phase01-data-v1,0b5bbc84b7f07d6d09d063130e90b716d8d4a32a,techqa-group:1237029c816ad7fa0517545c167e3f1e51f8c6ed5d088543aad8cf88690c819f,1,"[""TRAIN_Q005""]","[""swg21903536.txt""]","[""bef3ecae4ff04ef7e9a1833b2541bb9ce42435e82a30625548c4034d6a977169""]",1,0,train,42,connected-component-lexicographic-milp-v1,5915874931474da248e733b59b877dab8f4c18a31c8942c936a9feda9a79fafd
phase01-data-v1,0b5bbc84b7f07d6d09d063130e90b716d8d4a32a,techqa-group:123fe973672c7d640cfd72e9a3e6ff8f651c97e6a2d5f76a4291dc9f8f60c939,1,"[""TRAIN_Q514""]","[""swg21318463.txt""]","[""6b969bccb8901222c419862144ca3c774b76b65d58146a23417094c2b2d28124""]",1,0,train,42,connected-component-lexicographic-milp-v1,4eb9bf82dffec60138c2e4d3b8ad9524c393780c90069f8ba7c37a1941bb84fa
phase01-data-v1,0b5bbc84b7f07d6d09d063130e90b716d8d4a32a,techqa-group:12c3d19c57923764e3a67a29c5b33d6880bc2f839dd34395223eac0d4116d569,1,"[""TRAIN_Q412""]",[],"[""aa60e7475cbf3c2b7f2644953813d6784e5b6deb2d429a217fc857c0efb6da28""]",0,1,train,42,connected-component-lexicographic-milp-v1,cb69db5e45e1099780bf9d5a86971690e43f94a0505095ed8d1f04b78cd862e8
phase01-data-v1,0b5bbc84b7f07d6d09d063130e90b716d8d4a32a,techqa-group:131f2ff2c47bab87aab3e82c88f463d62c8449c5d583f5cc999bcc2618997579,1,"[""TRAIN_Q545""]","[""swg21579319.txt""]","[""291a37621afe47ce2346445725ee648dcaa7952fd69bf380fb408c39b821d329""]",1,0,train,42,connected-component-lexicographic-milp-v1,893be1f1bc652cc767b1602938b98958ba2f0a8a74c7853e6629d4498cb656f6
phase01-data-v1,0b5bbc84b7f07d6d09d063130e90b716d8d4a32a,techqa-group:138b8d46a4d52e4513717b651961af6f42e5e9808d1589276cbc7d59b6a0dd53,1,"[""TRAIN_Q526""]","[""swg27038779.txt""]","[""5c6211bb52489b0eac143c6343ea53fa3a07c4d0c004530849de7aa75d8055f5""]",1,0,train,42,connected-component-lexicographic-milp-v1,149ae110c971746e594a02569fa544a3f84278a50f163e2b54a36b243173e9c9
phase01-data-v1,0b5bbc84b7f07d6d09d063130e90b716d8d4a32a,techqa-group:13a46bc1501204780b323ae270dc217c41fa5d7a7c89b4f44a78525d64944b90,1,"[""TRAIN_Q262""]","[""swg21981877.txt""]","[""c658b4f7535f5725c1fcd4a95be1919fbeb2f9b5d3b2243f7d6c1400da173ce6""]",1,0,train,42,connected-component-lexicographic-milp-v1,ec28c136910c176937fb7742d42d30fa529184b1446ebebfcfb2174d0ef40a62
phase01-data-v1,0b5bbc84b7f07d6d09d063130e90b716d8d4a32a,techqa-group:13b64ac4a8febf6d719504183f6b6c3a3c80d1cb6d0e19febbfe7942394e739f,1,"[""DEV_Q169""]",[],"[""919ecaa7e63e01aa6815c313d971dabc76478668dd78bf0dc52180d96d561ed1""]",0,1,train,42,connected-component-lexicographic-milp-v1,7bc72852ba03f3d9b459275e8484d12043a424dbc039e9184c3bbb230d838161
phase01-data-v1,0b5bbc84b7f07d6d09d063130e90b716d8d4a32a,techqa-group:141234abf832ad00ae5e5c6cda230db7c31c940cd1dd59eed5dc80a9dc17fed7,1,"[""TRAIN_Q365""]","[""swg22009964.txt""]","[""9639720b59dc492bf305cf616dd68f952df34b2e2ce19fdd5a50a4a2fa7bf46b""]",1,0,train,42,connected-component-lexicographic-milp-v1,11ebb7b90092d77c1b0ee988a7e88d4421084b3fbb9110a2eab17cded6848aad
phase01-data-v1,0b5bbc84b7f07d6d09d063130e90b716d8d4a32a,techqa-group:145620ebed3247aecc3d31427627fb31c1dc4d676ba1635a9830907f45137896,1,"[""TRAIN_Q197""]",[],"[""feda1a5bdbb4e9cff01ad149c44c9111333b8c90fb1e2133a3bae3867a72c842""]",0,1,train,42,connected-component-lexicographic-milp-v1,11b578b66356744f37a786728340dba899e1b02b874261b4defd4dc1488782b7
phase01-data-v1,0b5bbc84b7f07d6d09d063130e90b716d8d4a32a,techqa-group:15076543e09ca2499781410636880e05bae6ccccc2e83925a77aaa5b66be88a0,1,"[""TRAIN_Q113""]","[""swg21981881.txt""]","[""c91d84e4f9f37c86f695b5d41f1b669c3148256ecfc7311b814a7ea6fb063b16""]",1,0,train,42,connected-component-lexicographic-milp-v1,1bf7dde9cdffd01be968992d439c4d5112ddee04b9af5ffa19211054952af5f4
phase01-data-v1,0b5bbc84b7f07d6d09d063130e90b716d8d4a32a,techqa-group:15402288fd0ea71d5cb2d6b848b9ca31d07173ab752ed4e8b93060ae4af21abd,1,"[""DEV_Q119""]","[""swg21997033.txt""]","[""72f425e90b1ed034863ec7d570924fe52fefa1d76c46db37e4f7301140f8bc52""]",1,0,train,42,connected-component-lexicographic-milp-v1,ef0f7b4e5fdffd04cfa20d8917b80f6bac234f3e25f72cf29831f7ed829fdf83
phase01-data-v1,0b5bbc84b7f07d6d09d063130e90b716d8d4a32a,techqa-group:159c6485a22c1cd7b77afb4ee0fc9e17b083cd9b32fb790b6cba83196cb6614c,1,"[""TRAIN_Q324""]","[""swg21700865.txt""]","[""612ea6f76cd1fc75212daf3ba42fb19861bca1bc2b86ba1b02e5c64d4af6c742""]",1,0,validation,42,connected-component-lexicographic-milp-v1,1e9ccdeb352c0259a4cb0ddd69c28274050d3b42ba33abba5270df73427711e5
phase01-data-v1,0b5bbc84b7f07d6d09d063130e90b716d8d4a32a,techqa-group:162c534f44e2701bd8570664376bfd6d3244accc7f581031bfe1c500bda6c5ba,1,"[""TRAIN_Q480""]",[],"[""ab57d05ad6034ae43eafe5804ff7a620f1146a1cb9f86c29b541aacf09103552""]",0,1,train,42,connected-component-lexicographic-milp-v1,5bcd8c59e7746cb39557ffe019b609d20f891355b8a186c5dfdf1feb4c17cd64
phase01-data-v1,0b5bbc84b7f07d6d09d063130e90b716d8d4a32a,techqa-group:166cccbb24a52d616494465bf56c8a89b7fab687a09f148672f5036f5ea2ac31,1,"[""TRAIN_Q408""]",[],"[""c2ec3e670c960b9d06f6463a4928393c6f775ceafde92b075b5cc53a16970c39""]",0,1,train,42,connected-component-lexicographic-milp-v1,39ba0d8ac98e5ad4f44caf1a665e0ddabf190b1973c8e6fc1fcccf2efd317852
phase01-data-v1,0b5bbc84b7f07d6d09d063130e90b716d8d4a32a,techqa-group:168b4b4394abc9354de2810bc7ad847dbbae7ad0888a7df26d6fa373119bf319,1,"[""DEV_Q234""]","[""swg21666489.txt""]","[""a8faa5515919c987537360e8344859ffc6bdcf89602bfcf287f80eef45b68ba6""]",1,0,train,42,connected-component-lexicographic-milp-v1,59b92eec76b24816aa6640b2ec324cb885db4f5f22d1a28b36d437d7943f39ef
phase01-data-v1,0b5bbc84b7f07d6d09d063130e90b716d8d4a32a,techqa-group:16c86a63f0566f537c5cde33b318c4128fe73db4f631cc837eeaf706420a9508,1,"[""DEV_Q139""]",[],"[""17a7d29b9095203c135d37b478b4d9d7b6406e08d04ad64216f6a5282cffd4f3""]",0,1,train,42,connected-component-lexicographic-milp-v1,fd7d6b4ac7a37babc67da735fd1ed04174121bef144ab8b6151510a08d8b86db
phase01-data-v1,0b5bbc84b7f07d6d09d063130e90b716d8d4a32a,techqa-group:16d91e623072382fae96dacffbbb27672e12d4902539ba6b88485aede98c5e8d,1,"[""DEV_Q035""]","[""swg22013168.txt""]","[""f7539a13272cea4fbd26803b97a72d83b9cb86fcd372adc83335c8850c69128a""]",1,0,train,42,connected-component-lexicographic-milp-v1,0803ae8c5cf3d6e7a68550a5761ddcbccac4c8b5bef72b29f0ebdab45a24dfb4
phase01-data-v1,0b5bbc84b7f07d6d09d063130e90b716d8d4a32a,techqa-group:16dfd773a87c81433de258f7418ff8e5483f1fb85216e2a1cb98160375ce5f5a,1,"[""TRAIN_Q499""]","[""swg22009796.txt""]","[""328c51c67927ec135579e821e8c9cbe396173cbc2f7da17c0e9409e39bb22968""]",1,0,validation,42,connected-component-lexicographic-milp-v1,e84ef0539995daf602226359419bbae74d13f498b3bed3efe57e7353624c014a
phase01-data-v1,0b5bbc84b7f07d6d09d063130e90b716d8d4a32a,techqa-group:174b8785af1ac300c19b81529b83eb22f3b54666ef322f25efd7abf4b07531a7,1,"[""DEV_Q211""]","[""swg27050154.txt""]","[""118ba5c7f4660851137e995800add39020dc0a600d83a5846ccdc73c2d7238d6""]",1,0,train,42,connected-component-lexicographic-milp-v1,82a07ca25b753e91ebebdcc862cb38539a519b4fe14c7e893d1e617e371356a6
phase01-data-v1,0b5bbc84b7f07d6d09d063130e90b716d8d4a32a,techqa-group:17b8b0579d9e75cd552dc7ba1114978c979f73078434f8c49e85a7aed6175413,1,"[""DEV_Q036""]",[],"[""a08adef51dd7a651fcbd563299891e7d3d2e6a3b6d5f42c387de6d3f583d3db8""]",0,1,train,42,connected-component-lexicographic-milp-v1,9f337a2b21dfa620fbce1cadff6384c98f10a1dcd84cefc4a2b7050c6c5df6c2
phase01-data-v1,0b5bbc84b7f07d6d09d063130e90b716d8d4a32a,techqa-group:17ed85f24708ea4220bab3f1102f5e77adeb8144f30078caff5e2de62a29328b,1,"[""TRAIN_Q566""]",[],"[""907ac2150b556be9fa6a5638f8789076353618b99a2cc5e7035acaed9ca395ba""]",0,1,test,42,connected-component-lexicographic-milp-v1,b71e1769191512421f87715ce42ab2fc06943dc1790eb21a66ad8f7122da0616
phase01-data-v1,0b5bbc84b7f07d6d09d063130e90b716d8d4a32a,techqa-group:1818be6328fea92defd72effc98af60485b41f7e744d084ba3cacc5718bf5d49,1,"[""TRAIN_Q528""]","[""swg21976589.txt""]","[""3018e526449dbdf4545c39676d177e06546347be25321f18fb86a60d26174231""]",1,0,train,42,connected-component-lexicographic-milp-v1,60ab72114a77f87c5b159e6e9e7a27798a3d61bcf75ba93096478c045483bcb0
phase01-data-v1,0b5bbc84b7f07d6d09d063130e90b716d8d4a32a,techqa-group:189b7f6939a636ef527d11e0012159bf8383a4fa701a99bd2643071fa5d0e3a8,1,"[""TRAIN_Q218""]",[],"[""113f4a5e6d6fbdce1ae721be87b18008ac87f4b01e1b3d0fe7b5f7bf3c62393c""]",0,1,train,42,connected-component-lexicographic-milp-v1,657e5411c173dc78b9ac74cea7d2edcd462a2f045ba9fc07847913f6c3cbfb15
phase01-data-v1,0b5bbc84b7f07d6d09d063130e90b716d8d4a32a,techqa-group:18c651031465b3993dc7288760f6bad5cbdfe21b07f2e3e862eebc1d31a40aab,1,"[""TRAIN_Q544""]","[""swg21688718.txt""]","[""7e9f828afe13125aadf6b023c0b876335c5118341bf64cab60b5302e8b807eab""]",1,0,train,42,connected-component-lexicographic-milp-v1,1bc3d49372deb3a26ebf826f6ff8bc21329197ddea4f408ddb65235dd7df2825
phase01-data-v1,0b5bbc84b7f07d6d09d063130e90b716d8d4a32a,techqa-group:1933dc3aa0d03dd39510a5c65986a7045f6c5e0c17e952a282c2a723d3ae6c9f,1,"[""DEV_Q235""]","[""swg22001630.txt""]","[""ac7f9a9800a140d96e6c6c598714e9376b66dab25abfb260eabc4677a155d21e""]",1,0,train,42,connected-component-lexicographic-milp-v1,e6e54a4602a2bddcb3607431587d621c8aaf425e93526b473a1c62b134d6eb25
phase01-data-v1,0b5bbc84b7f07d6d09d063130e90b716d8d4a32a,techqa-group:19926edd8394017dbf91ed2c57f572fd7c04c23eaaf857e0924252b3fdf83eee,1,"[""DEV_Q151""]",[],"[""cf7c5bda089d1b22ef156b61cfe22605f4387887f620b08c3c4f2cd9ece9c7b8""]",0,1,train,42,connected-component-lexicographic-milp-v1,6f872579666adf2886339a5d79fa7bd6a235bbf67661c4d70cdb7cddf4a06413
phase01-data-v1,0b5bbc84b7f07d6d09d063130e90b716d8d4a32a,techqa-group:1a12f4ba2e5e33b94f457c823adaf23ddea748e3d47d4734a2850f918eead240,1,"[""TRAIN_Q119""]",[],"[""51efe9b87f397cece088f5bc0e1e060d4e3943cf8736f490345784994f95c9d0""]",0,1,train,42,connected-component-lexicographic-milp-v1,9e66862e65957faabddab1f2e20ce1b78b8d23c86fa0fa78bda14dda4be96d71
phase01-data-v1,0b5bbc84b7f07d6d09d063130e90b716d8d4a32a,techqa-group:1b0d44a6fe07749b5f52d773f2a729a6bec3680acc7cf9c2bee0fa65f25b3fce,1,"[""DEV_Q143""]",[],"[""00d40c5b45ac65c880435f196d0d0e09a2201241abf3378e58d74775e7cdada7""]",0,1,train,42,connected-component-lexicographic-milp-v1,1ed8c41c96cbb6ac93e04977f8793c8aa50a34854e2510763ce98735ba42b6cd
phase01-data-v1,0b5bbc84b7f07d6d09d063130e90b716d8d4a32a,techqa-group:1b214e2dad4c2111a708f5b0c898f5908e84b6a824891e4b514112e0c29208a8,1,"[""TRAIN_Q428""]","[""swg21585678.txt""]","[""fc17ac161760b5a96e15bc35a47fad821dbefda2906d9e7575ee4ec5ab0bc564""]",1,0,train,42,connected-component-lexicographic-milp-v1,9294941f285ab88c99e70890629d10e6b39f88bad69c874476e7383fcfba843a
phase01-data-v1,0b5bbc84b7f07d6d09d063130e90b716d8d4a32a,techqa-group:1b3e2e923501ff306dc2b4c4b98e6793caa4605585ac7a87129d29c70a8105d5,1,"[""TRAIN_Q502""]",[],"[""a1810b2c32a72468c51e8feeeea15ec6c2753dbb211c54497a9d39f7d3705fea""]",0,1,train,42,connected-component-lexicographic-milp-v1,4f32c4444779579dff5e28856312db863e8068d8b4e4a060556b56af734316ab
phase01-data-v1,0b5bbc84b7f07d6d09d063130e90b716d8d4a32a,techqa-group:1b5d2d3a880a5a87e60919167446039efce2a8446b867810edbac955f1ab6b8e,2,"[""DEV_Q298"",""TRAIN_Q138""]","[""swg27035841.txt""]","[""4418c7ae50a190ebf23e401b8f5ee894b9202ab7db64106e2d08f89b28255df3""]",1,1,train,42,connected-component-lexicographic-milp-v1,d22f768174c4e93e77e4c0a9876bc7c1b90048cdbf7880833802c5876f808f91
phase01-data-v1,0b5bbc84b7f07d6d09d063130e90b716d8d4a32a,techqa-group:1c0587749c4d4afa8a82706e328acf313629375c24b8ccf4b8ee0130dd1723f1,1,"[""TRAIN_Q375""]","[""swg21696640.txt""]","[""db76fc7a3ae714e191ba86c97c43c9f858c1293a636e89b13cfe200c1192f4ed""]",1,0,train,42,connected-component-lexicographic-milp-v1,cf411c5e0315f617ebbff6d5558b79feeeaa922095058bb5f40806fc168c5093
phase01-data-v1,0b5bbc84b7f07d6d09d063130e90b716d8d4a32a,techqa-group:1c1b9394027ab19a36c4c6f12f23addfe21e6d7e86f41911b5f0c11afc7bceb0,1,"[""TRAIN_Q126""]","[""swg22003510.txt""]","[""3aa5934bdec3a50c5d47ef22c958514683edca061074796d7c8f93a221f447e3""]",1,0,validation,42,connected-component-lexicographic-milp-v1,eb8bcea1138a16c09f5d988ab01e41a27a75b9d0cb9e77e4ec04d2bf0df602af
phase01-data-v1,0b5bbc84b7f07d6d09d063130e90b716d8d4a32a,techqa-group:1c38ae7c87486f8c9e0c26a1d22d3f1d91abbb547add99a54bb82b7065e30c4f,1,"[""TRAIN_Q114""]","[""swg21985013.txt""]","[""53eba1a6503cd673573c5f571010dca1a036920796ba0a82ecc96ecd307225d5""]",1,0,train,42,connected-component-lexicographic-milp-v1,351b02abea5b150d4571b9527c5ad90c666028adc6d51a0156c51bf662c803e9
phase01-data-v1,0b5bbc84b7f07d6d09d063130e90b716d8d4a32a,techqa-group:1c4cd44a3e27c1fced0c51ce26a7997a4bacead15ddf15e2ed1f01b971c2f892,1,"[""TRAIN_Q109""]","[""swg22011696.txt""]","[""d9ea790b2144b422f7b81a4a4b246ae8ce16e5bbd2e2c5e97fbc445644e0f56e""]",1,0,train,42,connected-component-lexicographic-milp-v1,5488bdc02cc8b81456f9651a78b7280b19074f71d16e9c4fe5ac1a4f051315c9
phase01-data-v1,0b5bbc84b7f07d6d09d063130e90b716d8d4a32a,techqa-group:1c521af6268b49d586491e450a65b89df0abccb5cb778cda8e48ebb0276973e9,1,"[""TRAIN_Q539""]",[],"[""a7c0b0269c709ffd60a83cecfa027c39d6a2c8418c8777565f2b241a318d9ecf""]",0,1,train,42,connected-component-lexicographic-milp-v1,db92910179a7d0fb7bd2a11c7771c1fdaf8d20cd3e6a5cb58dff259f51d90a51
phase01-data-v1,0b5bbc84b7f07d6d09d063130e90b716d8d4a32a,techqa-group:1d9039ff0dd3badfb9800d8a683ed211a59b51da642e2c02157f6f538b486de1,1,"[""DEV_Q092""]",[],"[""ae540c85c4843efe44ec7e46a02a8244b4f77887e4d0dd3abb9024bca211a861""]",0,1,test,42,connected-component-lexicographic-milp-v1,2912e8d12c5ce53ed226b3d7e4ee99559d20ff63cf17f0b85b82656450826e6e
phase01-data-v1,0b5bbc84b7f07d6d09d063130e90b716d8d4a32a,techqa-group:1de561ab6c1b5baf580e26a278f4ce9a52271caa972646c589686ba9b5fb0634,1,"[""DEV_Q269""]",[],"[""3a4c4c95c936f6717f77fc07245b1dd11319bff64cd6a55c11dd6f82d41181d2""]",0,1,train,42,connected-component-lexicographic-milp-v1,36ae2efcf2a274d82ecf93dad584641c8b956feb0dead3deb05e3b6ff5cb9ed7
phase01-data-v1,0b5bbc84b7f07d6d09d063130e90b716d8d4a32a,techqa-group:1e1ef4512696f85013c912863d4a6f8381202c0eda689584905240e0d44dc748,1,"[""DEV_Q086""]",[],"[""7f6c42985264ee7c8229ab995039a7f0f4048b6b1e0574a74ab54af099e34587""]",0,1,train,42,connected-component-lexicographic-milp-v1,adca5d02fdccf253d57d8854080ddf95b06d9f329fdec4ae1815f9352ac6d663
phase01-data-v1,0b5bbc84b7f07d6d09d063130e90b716d8d4a32a,techqa-group:1e5bde6a685ac21bcc7ad05366910d1e1a6a70436b2559271965a56730881825,1,"[""DEV_Q266""]","[""swg24037641.txt""]","[""5ac8c2091a827441b0cf35f3fb8c1f391d899552e307990ae3477cea137c6610""]",1,0,train,42,connected-component-lexicographic-milp-v1,c58fde123560fb561998d5b98b97cd80305ff72fd9a2cbcdd98746301c58e435
phase01-data-v1,0b5bbc84b7f07d6d09d063130e90b716d8d4a32a,techqa-group:1e8afb60341f2a00b485da8368893d41fb14ad08e1b8f2658aa973418bf7b6ee,1,"[""DEV_Q294""]",[],"[""22b66ca1ac99eb9893fd46283b93e2ad98d5afcf06fc6580ea2574237309b4c3""]",0,1,train,42,connected-component-lexicographic-milp-v1,669e44ea5d3f76c8f8e33ad9773f4fffc2ae8bca6b55ac27454dab0dfc31039c
phase01-data-v1,0b5bbc84b7f07d6d09d063130e90b716d8d4a32a,techqa-group:1ef2212ede74796d04f8a3a5b3bde6ff1753a143d3e658b312023878679d8ed5,1,"[""DEV_Q081""]",[],"[""10391674334fb2b4bd3060d100762a79b782a1c23ec4a5333f20ed986e14027a""]",0,1,test,42,connected-component-lexicographic-milp-v1,32c8939fef2037c30c936967ca9500c1e4606ed88c02ed413f6174c7b7a11503
phase01-data-v1,0b5bbc84b7f07d6d09d063130e90b716d8d4a32a,techqa-group:200cb3f4358d447f7293942f8c580444a14f6d98c25276f0b841e089bc457f91,1,"[""TRAIN_Q463""]","[""swg21227799.txt""]","[""c2bafa984baea44c8d96b5995ca673f41933a3f486933160606e46d27d0540cf""]",1,0,train,42,connected-component-lexicographic-milp-v1,6b36c92c27d9f66e77f8d79d6918dad83758eb46dc2cb714ce0d6e18b8b88b98
phase01-data-v1,0b5bbc84b7f07d6d09d063130e90b716d8d4a32a,techqa-group:202e66325d713be7c3c28c7d3ca8b71dc54c10e24b9925f6fb57a9bbec2bab0e,1,"[""TRAIN_Q327""]",[],"[""2c432f0e952da0e440a1668a77edb209e12ca91ce2e3b1008209ee16d500d42a""]",0,1,train,42,connected-component-lexicographic-milp-v1,1949b5f953fa4a1e9c97114f0da909aeee1e433ed961e6c7cd1ab715d753a483
phase01-data-v1,0b5bbc84b7f07d6d09d063130e90b716d8d4a32a,techqa-group:20da8b1c74904a2756547cab8890e91f0deb0ea88fba0e10a532dee3f720a4c0,1,"[""DEV_Q247""]",[],"[""0a40eb11a4b967cfeb05d8a421e57be5fd17b3331af8eefda472883f9eabf74d""]",0,1,validation,42,connected-component-lexicographic-milp-v1,d94870a4e2dcdd8e3d51bd658ed30e7d2a173cfdfa7f9f5686896cbf75324f0c
phase01-data-v1,0b5bbc84b7f07d6d09d063130e90b716d8d4a32a,techqa-group:2137b12db6e76b214ea88d6ff5d70e7e5a3a306e460ce2876f4981fe6e62a951,1,"[""TRAIN_Q013""]","[""swg21618719.txt""]","[""6438db57b9acd67cabde7f0255c0252fde5070a02b6de8e1bbaef56c69997e9c""]",1,0,train,42,connected-component-lexicographic-milp-v1,7e026c123c7f8d9ff36f530d24ff109bf17140acd160005a2681d566bc12f300
phase01-data-v1,0b5bbc84b7f07d6d09d063130e90b716d8d4a32a,techqa-group:216c57ac00b31840b3035141c54759ca3f09f8d11db119433d7582f5a58edb20,1,"[""TRAIN_Q314""]","[""swg21687172.txt""]","[""8b50e4bef51fa0f90dd0d5e68675febb7e14edaa748acba15c6bdca922c4fc86""]",1,0,train,42,connected-component-lexicographic-milp-v1,8569be549a92583f799a760b28c4add06cc6e33a2636966069af68aa8b890130
phase01-data-v1,0b5bbc84b7f07d6d09d063130e90b716d8d4a32a,techqa-group:220759db04838052182e4e83be5a36955fbc2981fcdecdf5f4dabb1f4a8ced39,1,"[""TRAIN_Q246""]",[],"[""f2ec441a4482ffaf686e7d1388fa161e7ab6a21462c2a6ceef37e535ee65bf48""]",0,1,train,42,connected-component-lexicographic-milp-v1,792cda04dc070cc5b32b4f159929a4ddec095302e18d53a7a933ab7ffddf2753
phase01-data-v1,0b5bbc84b7f07d6d09d063130e90b716d8d4a32a,techqa-group:221c7b37e32ed217e670e84f363d08f9f4a44c326aaa4b07f18ce00f8d6cd915,1,"[""TRAIN_Q069""]","[""swg21632275.txt""]","[""8e8ccc76b3a8a7a5696e08715438251b671520203d33ce7c62cf42be6c372fcd""]",1,0,train,42,connected-component-lexicographic-milp-v1,0788fecf80e7a38550d41ed2d84fac7585aab7badd0ebdf8ee959cfd8fb76c84
phase01-data-v1,0b5bbc84b7f07d6d09d063130e90b716d8d4a32a,techqa-group:2258b86d17ac0b1e114b894c81a5c79578bbb7e7c29767b37bc75e906e70b8a1,1,"[""TRAIN_Q304""]","[""swg21972681.txt""]","[""ae23c93d2a310eb3512b56e7df671a695a55bd3f2b1389acf9229930366b14ce""]",1,0,train,42,connected-component-lexicographic-milp-v1,b4b031414177cb3434e125649cc6c4d1d1cc83931cde7aafb1a26d4d7d033a37
phase01-data-v1,0b5bbc84b7f07d6d09d063130e90b716d8d4a32a,techqa-group:22d34ec4b3700aecd9ec266183c80c00b50e3dbc311c57d012e8fef9e4e98d37,2,"[""TRAIN_Q073"",""TRAIN_Q252""]","[""swg21598779.txt""]","[""7f3d50d1a5e2c7a21a3f45540874c08dc6fca2b6fc1e38a26791e3bc2963a805"",""9a69c6ba0291ebf8a8612991999ba2271ea86843acc55cc36d9e19e10cbe1cd9""]",2,0,test,42,connected-component-lexicographic-milp-v1,0c759300828503d3b784b894515820666ecfc752ed72c2d324e012cac63a29d6
phase01-data-v1,0b5bbc84b7f07d6d09d063130e90b716d8d4a32a,techqa-group:22dd85281e5ef9c639f6081ae86b7430ee29bb5c0e041523d287bc8d1b314ca3,1,"[""DEV_Q227""]",[],"[""3e9012ffc122adcee90b3d7685142f5737141b04099b00adc1fa5dab26a74b4c""]",0,1,train,42,connected-component-lexicographic-milp-v1,5fe4efff4114f2777e0fd678f4a2dbced64e57713d18d37c19c774aa7623ca6d
phase01-data-v1,0b5bbc84b7f07d6d09d063130e90b716d8d4a32a,techqa-group:22e55f996b001bb10a0a4e62acf5782fa18b7e557913100187ca82e41d0cd8c7,1,"[""TRAIN_Q082""]","[""swg21902778.txt""]","[""1cfd562017442407f3c02b071d62c92ba6d00eb00b1c2c0dade73251ebf65a60""]",1,0,validation,42,connected-component-lexicographic-milp-v1,cb3252a8099949148cf36b7a6bb14ed39dc25f57eb2b6d26597576fce1d5f0ac
phase01-data-v1,0b5bbc84b7f07d6d09d063130e90b716d8d4a32a,techqa-group:23001f59d2f9ef888dcab3a927a019b021b4ee37b40292660a580f92ea1af7f7,1,"[""TRAIN_Q572""]","[""swg21976896.txt""]","[""56e7341ea654aa1396f885eda82adf22e8ea185e2495778d371b5a280516f25a""]",1,0,train,42,connected-component-lexicographic-milp-v1,0f75450225ccd99cfbff8bdfda7be0e8379706d887a7ee1c9b197fa2af9af1a9
phase01-data-v1,0b5bbc84b7f07d6d09d063130e90b716d8d4a32a,techqa-group:2319cfe79ef4803689fc39f5b9786262c210f7a9912ead182e36d96587d56f54,1,"[""DEV_Q194""]",[],"[""d820da9739fbe027d2e5cddbe49662b0272c283e83a04febf0da17290954e928""]",0,1,train,42,connected-component-lexicographic-milp-v1,9fd58b23e915be4924386f7aa943713671879e08269657076bcb93b592c41998
phase01-data-v1,0b5bbc84b7f07d6d09d063130e90b716d8d4a32a,techqa-group:231dd527bce88636a20ce69d99ad8eacc47d9ab417d8c09c1bfb0b8dca9d668b,1,"[""TRAIN_Q092""]","[""swg21268440.txt""]","[""4d307f17cbdc45025348d6c6b3dfd7a5db03e08ac6b1d67bf244d69514fcdef8""]",1,0,train,42,connected-component-lexicographic-milp-v1,4aaad82ec1c137bc7ff2aa616118e3e386e87dcf355f485fcfe38d788331e7cb
phase01-data-v1,0b5bbc84b7f07d6d09d063130e90b716d8d4a32a,techqa-group:2404086abad1b0f54530029629721eb61ab3d966fe782828d116357e3db8d7e9,1,"[""TRAIN_Q273""]",[],"[""d99231a291f12c9582a97591c2f3ef71dcdd6bcf4df17bfa0f19e6a6e8805b2a""]",0,1,test,42,connected-component-lexicographic-milp-v1,c8fb077d6950f6bc5e5d8f8e234637600039d7786cd35bdd4cf35e78f30db2cf
phase01-data-v1,0b5bbc84b7f07d6d09d063130e90b716d8d4a32a,techqa-group:247236f269af8dacd8ab72803664cdcebbef5e39617d0632b0b235985bf2ae4d,1,"[""DEV_Q173""]",[],"[""7aee452848a2c1c19aea40e8bdf3328b5f99cc508ddbc63ef79b24c1950efa08""]",0,1,test,42,connected-component-lexicographic-milp-v1,e3ad7cb7d5044b70650e39ffe412418771f7b011987ac22afdcac979d134ecc8
phase01-data-v1,0b5bbc84b7f07d6d09d063130e90b716d8d4a32a,techqa-group:249caae1d760c1a721c4fee2da296d867fbc14c5fc7f7e1edc3d56491cd80a5e,3,"[""DEV_Q179"",""DEV_Q307"",""TRAIN_Q076""]","[""swg22014367.txt""]","[""01bed7c79f1f6bd4dccc7218b7834d66d6b3d0c2ab2749c114bc129eeefdc3e3"",""f3921b2238c37e01e1569537045104c4b79080a81b4ebce233a044b82bcd352a""]",3,0,train,42,connected-component-lexicographic-milp-v1,8b37f0164992f5dcf38f859e3419d862ba4e8cb7cb0c3434526b43ac3d9a512e
phase01-data-v1,0b5bbc84b7f07d6d09d063130e90b716d8d4a32a,techqa-group:24e4ae1ff66910608537fa2c7256eb50bba377144b17550e12cfe8adb6c9f8e1,1,"[""TRAIN_Q374""]","[""swg21621937.txt""]","[""ccc7279796dccee2ac40debd5497ea8dcd8b16c0965aaf3bd6a59f2d2e3d1107""]",1,0,train,42,connected-component-lexicographic-milp-v1,4cf6b9cad73017542d0c042901d05240aae12d1b2169511b12e877fc1a39c2c7
phase01-data-v1,0b5bbc84b7f07d6d09d063130e90b716d8d4a32a,techqa-group:250e8798ee6d4be29255285004e51697464d3bea0de3a069aa469f786673834e,1,"[""TRAIN_Q216""]","[""swg22009842.txt""]","[""d7864b9ebaf0a8c81573a8f74545c67d37dc3a015dc286102fcebc46d9b218d4""]",1,0,train,42,connected-component-lexicographic-milp-v1,917ef8158ec6e659f49a739a6bb19c3e77bd0b22b455b2ec514a99f66c88219f
phase01-data-v1,0b5bbc84b7f07d6d09d063130e90b716d8d4a32a,techqa-group:25de6fe60330a3e6a17d43f0a3c92b99dedebca98b2e91bce7df45173cb4a458,1,"[""TRAIN_Q100""]","[""swg24039742.txt""]","[""57633827e0196e699c1e1cabf69e803c802788daca9c791e274994987e7283a8""]",1,0,train,42,connected-component-lexicographic-milp-v1,1dfe3be62b80253d86d18aeb5a3b9af4bb8529418ad2279e2b825a2f53764647
phase01-data-v1,0b5bbc84b7f07d6d09d063130e90b716d8d4a32a,techqa-group:265a5ceb591c32f86101f4ca8d1e239a7050eb6093c17e31d0d79263771bf201,1,"[""TRAIN_Q431""]","[""swg21961222.txt""]","[""fed6f341c67943cc5d6cf7c6d6b73ce095c18e14405e0d2a964cd49921e96b6d""]",1,0,train,42,connected-component-lexicographic-milp-v1,c14c96b5aed23787224efe64283b22bbd3ddbf919da269c09999f85c80283c84
phase01-data-v1,0b5bbc84b7f07d6d09d063130e90b716d8d4a32a,techqa-group:2662d8c69c7f6e4571c0bf0ed99b8cfad23df265dd663353b94c2ed6317a3546,1,"[""TRAIN_Q292""]",[],"[""467ea1487a655e9ba66b32d5cce6019aff2f2ee38003b1b4fc542f6abfa7e1d8""]",0,1,train,42,connected-component-lexicographic-milp-v1,a79b73b3919486de9c0e03af0cdfcc53fe317072502346e92d51ade9485f930d
phase01-data-v1,0b5bbc84b7f07d6d09d063130e90b716d8d4a32a,techqa-group:2679cc22277d4dd0b4a6d60c1b6942d4b688be331adfaf35e00ee868436328f9,2,"[""TRAIN_Q011"",""TRAIN_Q306""]","[""swg21966637.txt""]","[""47bc037943896b5337fff486a07001afaace00a5056ecfaac21e0257b204dc14"",""78e8cb591e8fa4a05f1c01e43ba124d949a72bba9205e436617a34e2bc31c337""]",2,0,test,42,connected-component-lexicographic-milp-v1,09f8237ca50edaa0ff8544c41fefeae939728b003577551cefcebdf8b314376d
phase01-data-v1,0b5bbc84b7f07d6d09d063130e90b716d8d4a32a,techqa-group:26f9d0a4b8035594d08176b074e56005b4ff4833ad072e6f60f56521087cd856,1,"[""DEV_Q101""]",[],"[""a32a5a3213d51a7c1fa70e3f0ac6419e983f6462a90bcfe3edcd5db29dfb8ab3""]",0,1,train,42,connected-component-lexicographic-milp-v1,50d34b325e5dce84dee0efef90d2cabfb799afac26e13d0fe0b798e0694eac1f
phase01-data-v1,0b5bbc84b7f07d6d09d063130e90b716d8d4a32a,techqa-group:276de1197eb6253462d0d9a63862deb679f21707918f9e5c3a6183f3f68c271a,1,"[""DEV_Q187""]","[""swg22007002.txt""]","[""bb11a899eddaa3238dc9a7cab6d29a761b9a017b994575ddd4558a03e72ea384""]",1,0,train,42,connected-component-lexicographic-milp-v1,2946d8a0f2a43740663e4f15b87b4e393ae06c6ee1fff92d1b9dea2973491e24
phase01-data-v1,0b5bbc84b7f07d6d09d063130e90b716d8d4a32a,techqa-group:27c8ed5976a890027d911d0e7b9c5ae349d374d46603d5b6ab1a8e10952ee6a5,1,"[""TRAIN_Q052""]","[""swg22004378.txt""]","[""f163c8332e2de608fadb56c6431ee5a0e913a0e39fbf7620ab7aca82116d2d82""]",1,0,train,42,connected-component-lexicographic-milp-v1,b5ccfbc7ac72b89d68ae8e86882e294803ec50ae1c4d649f5b79dd2a82339afe
phase01-data-v1,0b5bbc84b7f07d6d09d063130e90b716d8d4a32a,techqa-group:27cc01dd76e05e0258e76b195ad70f0b557d574cf25548bb2fd6214d0d66041f,1,"[""TRAIN_Q355""]","[""swg21567862.txt""]","[""3a6d5df061bfb8f16f22a952789125044990f230eda2470e7ff558e639992b04""]",1,0,train,42,connected-component-lexicographic-milp-v1,3d4c055fb190a50379abe4a892ec7288dfd98f59db75208080e2366e5a2ba468
phase01-data-v1,0b5bbc84b7f07d6d09d063130e90b716d8d4a32a,techqa-group:27fb37292b242f8d15eea1fbcfa3a57f886ab7e599228f865ca5012ed05a59aa,1,"[""TRAIN_Q253""]",[],"[""9542a15246b616672408bb942203b1c0aa0bebb3902d487e2610053cc5107ba4""]",0,1,train,42,connected-component-lexicographic-milp-v1,20d9ed69bf041082e491ff68ff5e470a30eacbb8ae9d44a12d064ac3d9e2029d
phase01-data-v1,0b5bbc84b7f07d6d09d063130e90b716d8d4a32a,techqa-group:2805ab3caa58995c26f6be72759edae9707f125a12c0c434fae39b45733127b3,1,"[""TRAIN_Q179""]",[],"[""938bb2f7c7084a4abdfcff8681837a1ac7cf81ece2d469dbad9a57f7df54785d""]",0,1,test,42,connected-component-lexicographic-milp-v1,5d5aad22cbbe64bec096de462bd5d555e654f925edbc3641d706b56649a735d8
phase01-data-v1,0b5bbc84b7f07d6d09d063130e90b716d8d4a32a,techqa-group:281a06ade9fde147a934099a025937f4797c4a29ddafabf7b4b171c00e24777c,1,"[""DEV_Q118""]",[],"[""15b3543be443658f85d64d5644b701f1f0faf8aedde6abe16400be33735c810b""]",0,1,train,42,connected-component-lexicographic-milp-v1,f1d7caaa1df64dc2fa23176d061291ac6c197f83b5d2015f445a1a0b504242d5
phase01-data-v1,0b5bbc84b7f07d6d09d063130e90b716d8d4a32a,techqa-group:284f8583f041ed02113b253f1015a00226c4d36ba01e84ed6cd42d73e5b840d1,1,"[""DEV_Q205""]",[],"[""8924c4a48fd3d76b3971b04471e31b101e9dd7d654e078c4810c1442610768c6""]",0,1,test,42,connected-component-lexicographic-milp-v1,a10d24f0d3e082edc5622df5c4cf1369a9ccb135747ed358c1e2cf4d3c578d43
phase01-data-v1,0b5bbc84b7f07d6d09d063130e90b716d8d4a32a,techqa-group:285345ac3921387996343d6dea41f8804fcb45577f286b23aebb794420b4d90b,1,"[""TRAIN_Q531""]",[],"[""6456ed6f72d86ffb390562043b2dd0beb415df0fe6c0b83ae7412be01f2f8104""]",0,1,train,42,connected-component-lexicographic-milp-v1,f1b2f73c00a571e5745cbc4681d3ba4901633e001429355fb25fb0e5380d42fa
phase01-data-v1,0b5bbc84b7f07d6d09d063130e90b716d8d4a32a,techqa-group:285f11def2c76c937d59fba69e4572f50a05abfb89e40fa93b993b4aeee0d55a,1,"[""DEV_Q013""]","[""swg21665766.txt""]","[""35451bc1433db58f34625b22af8d004361ec39a02173121fe614b20f3d14a6a4""]",1,0,train,42,connected-component-lexicographic-milp-v1,d1f3b7507f053fb2ab6e075fbbc92302474cc1c5f080ea4a9700c9b3f0c93c43
phase01-data-v1,0b5bbc84b7f07d6d09d063130e90b716d8d4a32a,techqa-group:288d9b96336d9b681e1d475b9a0779c65b5177b70735d6582090073ae0f932b4,1,"[""DEV_Q251""]",[],"[""47d706a220ac2d5909bed4a18b8d929bdbac09183bd37bc1425291858b16cb58""]",0,1,train,42,connected-component-lexicographic-milp-v1,c33bc0258e2743c1d65fbc596ff78f4d3c20b986f5ef2fc61c608aba32b23f18
phase01-data-v1,0b5bbc84b7f07d6d09d063130e90b716d8d4a32a,techqa-group:28ad5fe6687e9ebd61602e4ad73b5dabfb64d9d4f40d807457fdb34d83204265,1,"[""TRAIN_Q345""]","[""swg21959083.txt""]","[""05d9a5aea4d95a2339c666f9c5985f4a248fdc2ab84a710052c4e4944124c546""]",1,0,train,42,connected-component-lexicographic-milp-v1,6b9a10a521c8ce8f4848d74a39c1d515a6309514c9cda72de047b9ee7ed86d43
phase01-data-v1,0b5bbc84b7f07d6d09d063130e90b716d8d4a32a,techqa-group:293a0274823e21d7fc28a2b1308365f481e6e7218840f83bc6ce549f8761a18c,2,"[""DEV_Q303"",""TRAIN_Q507""]","[""swg21690658.txt""]","[""673430f9ce4c3d619e302897e4244df2dfdc2ab8b97e7ed1faae37380a2c9d39""]",2,0,validation,42,connected-component-lexicographic-milp-v1,f99d3054fb9f2747b36d47b3206614737d6afaa0bb0de8b1c2844410bf98ad19
phase01-data-v1,0b5bbc84b7f07d6d09d063130e90b716d8d4a32a,techqa-group:2944c6c83efccae41c0752de0518511fc8a40fc34fd19ca4b3c9de0bcdaaefa1,1,"[""TRAIN_Q127""]","[""swg21292808.txt""]","[""dcad97881989a550e513884796325220ee4a48a4017052f837cd9da88904e774""]",1,0,train,42,connected-component-lexicographic-milp-v1,33b724fc9a20d46e8c40d025da5966ceefb92d680d81d150642749f0645e15c0
phase01-data-v1,0b5bbc84b7f07d6d09d063130e90b716d8d4a32a,techqa-group:296b5ed503c252da117e6a0190a3929a11fd27e8161836da73d440c51dca35d2,2,"[""TRAIN_Q029"",""TRAIN_Q490""]","[""swg21964202.txt""]","[""1d1d06fb7088062a9134636f2474847380e6c660638c71ecabf91715475f0672"",""5ea7cea1989df4520622cf9fd8a3805e0802f9d0945bcde4a3ca5dfafdaa4b05""]",2,0,validation,42,connected-component-lexicographic-milp-v1,d215751c873ac3dbb477a41f2edd259900c0ceecce312f28120581a23f725770
phase01-data-v1,0b5bbc84b7f07d6d09d063130e90b716d8d4a32a,techqa-group:2980ea34009703bcaef198d7a1bc9f235449710823c3f3c9488ebf3955798549,1,"[""TRAIN_Q034""]","[""swg24043575.txt""]","[""a2bb59a774ec57895437dcb9f590d684ee9a23561e31e799226af3d26d2bb385""]",1,0,train,42,connected-component-lexicographic-milp-v1,c5c05b1e46edfcd262c4a42bf8ad09f43e6818dc4689903c182508f6bd62eaa1
phase01-data-v1,0b5bbc84b7f07d6d09d063130e90b716d8d4a32a,techqa-group:29bbbae3c602a10cbe02770b9b44e1efbf76fee2e48978f06b096fbb8787a983,1,"[""DEV_Q217""]",[],"[""1e250f6b489dad20b81d1c9ad33ce79b7125340ae5bcef488b227b10fed308e3""]",0,1,validation,42,connected-component-lexicographic-milp-v1,6c7cf3df3de83241706bcc4e63dd47a0d74000738b49d39a775c528a803aa4c9
phase01-data-v1,0b5bbc84b7f07d6d09d063130e90b716d8d4a32a,techqa-group:2a1203dd7a402224f9444e3dd21d2430188ccf8aafd59f754dd7fab15ceba0e4,1,"[""TRAIN_Q586""]","[""swg21960526.txt""]","[""6bd73866844fdff346386f98954abf95397b79d32c990afa2d083a72104ca31a""]",1,0,train,42,connected-component-lexicographic-milp-v1,189dc52edd8bbc9a75ad7c50ca1a96d118e80a89fa4e46dc0303f71f6b81359b
phase01-data-v1,0b5bbc84b7f07d6d09d063130e90b716d8d4a32a,techqa-group:2aeeda01a2d97302d35a13eee4d1cae83d949aa53cd6f10f893ae2263e0aa53c,1,"[""TRAIN_Q481""]",[],"[""52d7e4c664b77be76cd3dd4f3cb50f42d9167a703096ee56a878177375b4d272""]",0,1,train,42,connected-component-lexicographic-milp-v1,de61a883c3044efef8584f0ef0f3a53207aa56b439d27f1e101b9e6e34ff5e45
phase01-data-v1,0b5bbc84b7f07d6d09d063130e90b716d8d4a32a,techqa-group:2b24f64006c334e2462826e3285bb0d74b0d0d0ef3c4bd4d2d355d0938b1c33a,1,"[""TRAIN_Q493""]","[""swg22012342.txt""]","[""c5c1042b91a5ec19bc78909f61ef4661f75e4168d51e63a0b612befb11212553""]",1,0,train,42,connected-component-lexicographic-milp-v1,16ff019b7d934cd07e42a2ef4bcd3b0167dfde6770be1fab32d7d798436d1ceb
phase01-data-v1,0b5bbc84b7f07d6d09d063130e90b716d8d4a32a,techqa-group:2b8b7c79bbb773a61b45527643574fbdc7462b0f8d7f798b8310c6483ea76504,1,"[""TRAIN_Q589""]","[""swg21114864.txt""]","[""8a2318cfa849e364054222714b56f93dc48597b8487d97289cc053baad540ad0""]",1,0,train,42,connected-component-lexicographic-milp-v1,3b5d714093cb359b0c048af8297d1f37ece266dc0b25a9debaa44c3da8309c36
phase01-data-v1,0b5bbc84b7f07d6d09d063130e90b716d8d4a32a,techqa-group:2bfa270b2a42c1152515ed301ba6afbb5029371d3166b177375f2b9aaf4c6e03,1,"[""DEV_Q287""]","[""swg22001558.txt""]","[""89a326c66a7885d624ee3e7224bb1f02e24700cde83fc089d310e8f90ec5457d""]",1,0,train,42,connected-component-lexicographic-milp-v1,65c54e37ebb107baed8b0e4eb3725205864e56fc918d4b1227c64836fb615dea
phase01-data-v1,0b5bbc84b7f07d6d09d063130e90b716d8d4a32a,techqa-group:2c4213132cff1014beb55f4f6d33c15ea5eb8ea27e7221c72100f7f7406581b6,1,"[""TRAIN_Q500""]","[""swg21631488.txt""]","[""024c41eecb91e64c831ace636b2b5a3f6ee083318f088d618d27ec964b8b2f16""]",1,0,train,42,connected-component-lexicographic-milp-v1,d115dfe085d2651efbefe3d0c3e005f58f0be1fcb97ca01fcb53c981fc72879c
phase01-data-v1,0b5bbc84b7f07d6d09d063130e90b716d8d4a32a,techqa-group:2d3ff036e01d8bdedd2fdb2d8bb8c3a72e18430492b36d71ad68ea2fce840f1d,1,"[""TRAIN_Q016""]","[""swg21469413.txt""]","[""eaa08c5c39c1c2811dd8cfa18fbd32f726298d191e86cb5d2723839aa797ba90""]",1,0,train,42,connected-component-lexicographic-milp-v1,836594126d415f6c9b1994f03e793b07c86313a25b40eaa85c56bf9e7f2978c5
phase01-data-v1,0b5bbc84b7f07d6d09d063130e90b716d8d4a32a,techqa-group:2d5f1ebc8d400e338ba3f0ba8818593c5c5ca6cc3adcf2191fe5ad1137f84247,1,"[""DEV_Q297""]",[],"[""24767e740d6b8fab1e9a923e042f7645b5d6564cfa5338e4efffc589b61291aa""]",0,1,validation,42,connected-component-lexicographic-milp-v1,ca3f67ef2b1771e136ca694de997599657942b785c974f49489231c4d90f6f45
phase01-data-v1,0b5bbc84b7f07d6d09d063130e90b716d8d4a32a,techqa-group:2d871de63f76cd46fa4aaefea16b39904e6779ea06813870b4c60b3fa07cefd6,1,"[""TRAIN_Q223""]","[""swg21979667.txt""]","[""17d5ba5dcb26bb38440fdda03ee73dc607b0c257dc6fc8f9308de32953db92fa""]",1,0,train,42,connected-component-lexicographic-milp-v1,53296ec0d81a3c1f5f0b95991a3eb8eba0f95ed8bd2413c5304cecd59fc37ea7
phase01-data-v1,0b5bbc84b7f07d6d09d063130e90b716d8d4a32a,techqa-group:2de501ee93f6df938845501e683ad7578cec51a2eaf6125e7c4b0f2e14d12266,1,"[""DEV_Q083""]",[],"[""d516809cf0f79b9faca7f4a36202ce2101c70c1349f489f127e6d868f58e0a8c""]",0,1,train,42,connected-component-lexicographic-milp-v1,d61d908a8be5bc6c1ad65c6fbb8162d94a36f5f4f4b69e59eb11182d313f65ee
phase01-data-v1,0b5bbc84b7f07d6d09d063130e90b716d8d4a32a,techqa-group:2e2a9699a18090ea860d31f05255829aba1f410dd84554d57e3662c6ca091b42,1,"[""TRAIN_Q456""]","[""swg21626683.txt""]","[""f6682babfcd120eba94e522b39500aa10e34134fe1f5f0b8f06b6f62a115ba0a""]",1,0,train,42,connected-component-lexicographic-milp-v1,9ea07fb3a65a081fdc9a19c1f28b289efac456351e69cbf49a9b9f4a603d3168
phase01-data-v1,0b5bbc84b7f07d6d09d063130e90b716d8d4a32a,techqa-group:2faa03f5eede9277339cc7734d2a5be7332c4dec73ad3ab96855350bd8f2a8a7,1,"[""TRAIN_Q291""]","[""swg22009436.txt""]","[""6da45637fc5b2975ac67a49415c842c2bb9b52c6fc3ed8af38105d871ac0c9e9""]",1,0,train,42,connected-component-lexicographic-milp-v1,6a5b28ea09ea2c3b43bcdd6251cdc1a066bcb92a507d77b92122ce408734577c
phase01-data-v1,0b5bbc84b7f07d6d09d063130e90b716d8d4a32a,techqa-group:2fab210ec433ddfdd38ce0374aded380f18a8c6b617112b21fc6ec66123dc11e,2,"[""TRAIN_Q212"",""TRAIN_Q369""]","[""swg21999724.txt""]","[""561afabf8eb71853f09946a21715c7033b8adba49c922be58e160c9d4b27987a"",""b0cac71e0bdf155772adf19413a9be2cb7d40c8867781beec6da9ebf1561fd96""]",2,0,test,42,connected-component-lexicographic-milp-v1,2a07b638a93d39960d1e36c7e1d517a4c1e75180cf51503bb230dab1225dc4af
phase01-data-v1,0b5bbc84b7f07d6d09d063130e90b716d8d4a32a,techqa-group:2fd6e36e9e648faae25fd10eae568ee26a417f87818057cfdc981aa5673a7d63,1,"[""TRAIN_Q447""]",[],"[""9c669eabf08ea454cf472b67b85b9f6c22b4e16a017914a2d212f54b70281326""]",0,1,train,42,connected-component-lexicographic-milp-v1,50610dfc431423d67635317846c822d442f7fb616bbfd42cb564359ca38407ea
phase01-data-v1,0b5bbc84b7f07d6d09d063130e90b716d8d4a32a,techqa-group:303975c5b55f491ce20933808b012fd014451cce9f83e855d6a4bce0ca5a4043,1,"[""TRAIN_Q504""]","[""swg21468340.txt""]","[""6511b7f57682277b87fdb96348cccb830e59697675075218e66d4e6e26dff96b""]",1,0,train,42,connected-component-lexicographic-milp-v1,98752318f7d37f8315a7f2cfe1e1c53a3f5ab79e95f7b7a7270a319b2a0d897f
phase01-data-v1,0b5bbc84b7f07d6d09d063130e90b716d8d4a32a,techqa-group:305faeb8bf7cc8f8f386647e378dcbc76c5f57cc4bfdb6adad1fe5cdb073148b,1,"[""DEV_Q272""]",[],"[""2c8300ce4ed52a6c77c30b180a2f714da8e6a4924081b283cc82ec56189326fd""]",0,1,test,42,connected-component-lexicographic-milp-v1,df4a5dbd96811cb3e75c5d71940d3b9637afcf40d36aa3ea1b2bc089d0e9693b
phase01-data-v1,0b5bbc84b7f07d6d09d063130e90b716d8d4a32a,techqa-group:3061c2d4dbd69ef287b147ba5f5b8a05e1f098d58b64159d7288b754ec4f2f51,1,"[""TRAIN_Q051""]",[],"[""653a1aabc4ee752d3c9378c5eacd26fb7b240bb768e92d88af643ff595672bfa""]",0,1,train,42,connected-component-lexicographic-milp-v1,04f2603daca81823f9e4ac83011667af839021820e0cc0ce4d474ffd0c8b8591
phase01-data-v1,0b5bbc84b7f07d6d09d063130e90b716d8d4a32a,techqa-group:3101ebac195bb072a016e3888eb7337d3d77eecc7ab6041e1afa0e8f78f31cb1,1,"[""DEV_Q130""]",[],"[""76a340e703149ca9d647aeca48b414a65c37571ef5fa306dacdea85bd35c02c7""]",0,1,train,42,connected-component-lexicographic-milp-v1,10d252b156b852dff77f15c398e008fad76ded04c973d8b49ec57f0634864c1e
phase01-data-v1,0b5bbc84b7f07d6d09d063130e90b716d8d4a32a,techqa-group:312e0321194982baf7b0dc296a907a5d9436ef9e2f8f05d6c0163d9694d73a29,1,"[""TRAIN_Q217""]","[""swg21255545.txt""]","[""b7450851e9859645ed693e335178a9ba315f8e317763ae2b4a9ea80ededa769e""]",1,0,train,42,connected-component-lexicographic-milp-v1,81cdebe719864408bc912731fcbf599ea58da4192bad55e38bc2c9afa2c07559
phase01-data-v1,0b5bbc84b7f07d6d09d063130e90b716d8d4a32a,techqa-group:3136a2bd6fb587fb5dce3970bf336e5c8c95078a01e54cc6951b60aefe23abd7,1,"[""TRAIN_Q596""]","[""swg24043057.txt""]","[""52dcf0085a6539028e435073913f77b5bbab370ecefb6a66f3e5eafb88a730db""]",1,0,train,42,connected-component-lexicographic-milp-v1,61ae5205093a43b8b811e17cd8320f30563fd1e9ec659358b4657c96b48ee8a0
phase01-data-v1,0b5bbc84b7f07d6d09d063130e90b716d8d4a32a,techqa-group:32ae2889f8e724982d609cb3c7760de69dad6b32af75913ab8fdce960e324220,1,"[""TRAIN_Q196""]",[],"[""de2fec16c21440923cfe2995cb13265801afe77b5ce2c7bdf34416ee6e9d86cf""]",0,1,train,42,connected-component-lexicographic-milp-v1,aeb9864d6138deb509aa945c60468c38edd353e86c5acb6e7fb206e141e72fbd
phase01-data-v1,0b5bbc84b7f07d6d09d063130e90b716d8d4a32a,techqa-group:32cbb70b3c9c51688befcb0cb63a66fb4b37d18e48b1d3422d20c4c599aaa801,1,"[""TRAIN_Q598""]","[""swg27023007.txt""]","[""33b48cf608a744d0113f2da6701ebd2b6dc539cf3f0fdf3720a42c307781955c""]",1,0,train,42,connected-component-lexicographic-milp-v1,9801294fa29d5fd3cf9562df719ea69c81a9d13804d33eb7264768191e112c8a
phase01-data-v1,0b5bbc84b7f07d6d09d063130e90b716d8d4a32a,techqa-group:336defe1507c1df1dd4a87ba6d2c09ca927101c4b070fc2bd7e8abdca2f69268,1,"[""TRAIN_Q171""]","[""swg21700633.txt""]","[""0595393980e2179220a2ad3b3b4354766d2f69e1d74d132974ec349ef0b817f6""]",1,0,train,42,connected-component-lexicographic-milp-v1,44b631217abf3ebff983f449435054c9b482d321fc3ffbe5d74e8f26ba92d641
phase01-data-v1,0b5bbc84b7f07d6d09d063130e90b716d8d4a32a,techqa-group:3389973b5a9566d59d58568210d4af097859c00c6f167ee351c5e4e65ba6d365,1,"[""TRAIN_Q209""]","[""swg21438208.txt""]","[""d1cc5c46b6f83e6b1e94a4dd55f44d71eef571fea35991971141a8ccba66e3ba""]",1,0,train,42,connected-component-lexicographic-milp-v1,ad0e8725fe544a40e3e9725a6f9318eabcdf1f0b713bb829c7ea61bf915c3cfa
phase01-data-v1,0b5bbc84b7f07d6d09d063130e90b716d8d4a32a,techqa-group:3435bfda2185fb5819fb61054adc0cd114a22257b7db41ac9298b3e43e90a26b,1,"[""TRAIN_Q225""]","[""swg21569953.txt""]","[""8d3469b01bd1bbd308661e41f72c9eafbd6ee9844dd7650257a87719b4d2373c""]",1,0,train,42,connected-component-lexicographic-milp-v1,218bbb03804f2e9fd7a10564b19db2850a6d01a60256140fd005a725c41e0528
phase01-data-v1,0b5bbc84b7f07d6d09d063130e90b716d8d4a32a,techqa-group:34fdbbd98f899e2ef583787e0ae9df279e1efe6e2be785071ada1ec1ead3490f,2,"[""DEV_Q208"",""TRAIN_Q458""]","[""swg21691034.txt""]","[""4fd1a359e0bbf0e08f4085b259b554426f280619c26c60ac229b44aaafa2e864"",""e4a677186c04f3330ae0ef6380e6bd15a6ae18c1b0e6bd115b893ab238a0c82a""]",2,0,test,42,connected-component-lexicographic-milp-v1,df0cc71ee2634ccf69ec0b3c3b3a15419cc982d22faada05dffa92f2869ceaf3
phase01-data-v1,0b5bbc84b7f07d6d09d063130e90b716d8d4a32a,techqa-group:350db76eb9b97277072c21f6e4bbbb1764c23fad705a3e0a3830fc1b46443d93,1,"[""TRAIN_Q469""]","[""swg22010993.txt""]","[""c41106694b27af93ecf23968dabd63ad25d44a9eec428c5e8ba06f0ad72453e6""]",1,0,train,42,connected-component-lexicographic-milp-v1,5b964fc50e4fe474d3cca68ea2343a421f91ed2f6821177a18d1c6de2237fe75
phase01-data-v1,0b5bbc84b7f07d6d09d063130e90b716d8d4a32a,techqa-group:3541e4cfec0da4377dc9bb513531318371b5baed1fc05b6f11ba4971a895461c,1,"[""TRAIN_Q462""]","[""swg22003852.txt""]","[""4e2abc6a22a8507ad5668c34b27bc516f63629683a4c43b9f56d9495fcb7f449""]",1,0,train,42,connected-component-lexicographic-milp-v1,01e8e332892aa29a9ce4f86f74244de2c86cc295155ddc940fc574e267c90ed9
phase01-data-v1,0b5bbc84b7f07d6d09d063130e90b716d8d4a32a,techqa-group:355d348dc4a9b05689f6940ec14e86eefdf3a40ef76ac367eee27b8e1c6c3489,1,"[""TRAIN_Q323""]",[],"[""751719217cbf43563ae486159ec5a69686cc486d8de001cf6d5c80824699f41f""]",0,1,validation,42,connected-component-lexicographic-milp-v1,44360fa7658aa4f281b413337644a30deda466c9aef3c614423434d679f81f4f
phase01-data-v1,0b5bbc84b7f07d6d09d063130e90b716d8d4a32a,techqa-group:368634bafc6450fa01b37a5d0a820726b35dd6a673993248c34cbd7062d639c2,1,"[""TRAIN_Q219""]","[""swg21529563.txt""]","[""ceff50392176a6e4a51f9290f61f115a0ce2710fd600d03749da5937e3e22e7b""]",1,0,train,42,connected-component-lexicographic-milp-v1,50ab41b633d0a450930c7e0a2c6453e677e3d40ae8d2a9f2961d58507952dd8b
phase01-data-v1,0b5bbc84b7f07d6d09d063130e90b716d8d4a32a,techqa-group:3719d4fc247dca46e2ed9cc2a46db80872538380cca0c7a991377ad946148357,1,"[""TRAIN_Q482""]","[""swg21698950.txt""]","[""9c0749985ede6046a8b91d3d3f6992fe69827cceca0872d840fc3b2173c19808""]",1,0,train,42,connected-component-lexicographic-milp-v1,84906967ec2556afbbcdaff9c687bf452640f34d692559d68f164cbe368e28cf
phase01-data-v1,0b5bbc84b7f07d6d09d063130e90b716d8d4a32a,techqa-group:3730da65c928a830a4249218cd89e231a7bf32a9ef17e77ebbbba9b1aab5d56e,1,"[""TRAIN_Q289""]",[],"[""dc508e91eec118c23a432995cec2ef83b95a43b08e2a67487b977cd557e204d0""]",0,1,train,42,connected-component-lexicographic-milp-v1,869127edf8c8661cab28b98e282a7d8e8deec489d152d8b84d7f749f383e8ba0
phase01-data-v1,0b5bbc84b7f07d6d09d063130e90b716d8d4a32a,techqa-group:3759dcbf1bfb6941a76f21840deab7f60c44b31d076d4adf1eb00a9f7a76207b,1,"[""TRAIN_Q102""]",[],"[""d33cc119a279305536c17684e1b44a7e0563345c191b10aec70b50c3470c65c6""]",0,1,train,42,connected-component-lexicographic-milp-v1,78b90c50cbc73702c2e1db328214254056cd8a4cd147e2cc95e14162009b77ea
phase01-data-v1,0b5bbc84b7f07d6d09d063130e90b716d8d4a32a,techqa-group:376f9e667fbfcb8fe53c98ecbeb7ecd9a15449f1eb9fa4eff26bbde1c4fc05ec,1,"[""TRAIN_Q220""]",[],"[""235f75d9bc0410c2dae0d1ba7ffaf967eebd60695bbfa5c92be8e9d9b3f89409""]",0,1,test,42,connected-component-lexicographic-milp-v1,ef1ebaafe36c22fa631cd8287f055941283e7d6cce0011cb9018bfe81c0b73ed
phase01-data-v1,0b5bbc84b7f07d6d09d063130e90b716d8d4a32a,techqa-group:380a21989b4b1057b862cd4bb4b89c0c8cd33741dc98eed3eda0410a22ff1e7d,2,"[""TRAIN_Q018"",""TRAIN_Q254""]","[""swg21611073.txt""]","[""9a343a0770fc75194cdccde73defc1d1f6287d65d65965f2d53ec82e21b144ac"",""cef0c044588633cf287b91475ebd13e3225a454b69c758428e42092788c48363""]",2,0,test,42,connected-component-lexicographic-milp-v1,ba52b13b87837900caceef40d0abf3736ecc3912d1330d29f677ee8a7a394fd5
phase01-data-v1,0b5bbc84b7f07d6d09d063130e90b716d8d4a32a,techqa-group:393debe8fe709b886f6127275c8044f65222405b0521390b5a816814aa7acb9f,1,"[""TRAIN_Q354""]",[],"[""20951435e2645198df08fe7c7fbadd806bbecb527207eb9c8cb9ce5fbca73475""]",0,1,train,42,connected-component-lexicographic-milp-v1,952ad5c0988863c429ca6684c3cea96cb5ee914b457299f82e904edfcde2d3ae
phase01-data-v1,0b5bbc84b7f07d6d09d063130e90b716d8d4a32a,techqa-group:39826447fb6ca4f030ab8dd93b71948f9437d17906832ee627e17ca1dae92d0a,1,"[""TRAIN_Q257""]",[],"[""cde211e5a94fceebe282b0196a0b875537161f40aed1c661be1ea4bc7f88716b""]",0,1,train,42,connected-component-lexicographic-milp-v1,a62582fb8e5fb598fa82b89f161ca962dd8ee216bf67c9be7379b9d2615dedc4
phase01-data-v1,0b5bbc84b7f07d6d09d063130e90b716d8d4a32a,techqa-group:39884945b890ee0e2ca95dd0bca64cfb19a7b5198003cd0d8be61bf19fe966d1,1,"[""DEV_Q220""]","[""swg21960375.txt""]","[""a64101dbb3cc98a4c5b2806814c77f68b4dd3d632a4e8d0282be3e69273794c0""]",1,0,train,42,connected-component-lexicographic-milp-v1,3f1da697c04b3457f4957f9656d8141a4b626c66b657a15d560b3a5727cf0208
phase01-data-v1,0b5bbc84b7f07d6d09d063130e90b716d8d4a32a,techqa-group:3a7e822865366ffd0386ef2b7b0bbea7bbb07b4d6bd17c3b67ee9db011123bac,1,"[""TRAIN_Q003""]","[""swg21179559.txt""]","[""94c17f1b99fccf685130eb141cb3a5fe9704138751ba0948f5de4fbd169e9311""]",1,0,train,42,connected-component-lexicographic-milp-v1,7b554a38f0878d794861c140037282ee9b41ed2e4760692e478458f90ec5d9e0
phase01-data-v1,0b5bbc84b7f07d6d09d063130e90b716d8d4a32a,techqa-group:3aad837ac3c2f2776632d6678e14740dd59d2b7c7a2a04dde05be72d75a3e639,1,"[""TRAIN_Q200""]",[],"[""fe49e436e47b48caed201cd3bae7e1f752e27b99d25e0224a4a987827080c488""]",0,1,train,42,connected-component-lexicographic-milp-v1,e49087b63a9991ce5504c314b3979b651b1e36a28c5d3f40fd5e7276107998df
phase01-data-v1,0b5bbc84b7f07d6d09d063130e90b716d8d4a32a,techqa-group:3b01c0162d7c9d9d94b34fd74604b2683098964b9cb640f7e439bbb16572cf74,1,"[""DEV_Q255""]",[],"[""d6b9fca995ae885a634da64982105dc201c533007fdf6d05d026c62e561f3fe4""]",0,1,test,42,connected-component-lexicographic-milp-v1,e2125d7bcfbe91951695dc0f2b2a5ff8287514a453ee365d52396fb69333cb3d
phase01-data-v1,0b5bbc84b7f07d6d09d063130e90b716d8d4a32a,techqa-group:3b570d213692c08f2054cfc51381b61f2874b1655eb92053b2201709b3511e4f,1,"[""TRAIN_Q277""]","[""swg22008622.txt""]","[""850955c1b85a9a2f185997e85f24fda7f5e793e440bc3e41810fc909e8dfa8c8""]",1,0,train,42,connected-component-lexicographic-milp-v1,886f4c61932ba26e6e87d91e026e671ae164d268bb971c6f4bb91175d2c6cdd5
phase01-data-v1,0b5bbc84b7f07d6d09d063130e90b716d8d4a32a,techqa-group:3bb8c5af20632a82dac2f17498bbb18382086ec0b1ebbc84c702aa01833514d4,1,"[""TRAIN_Q021""]",[],"[""2007390b4137965cd48242501912057cb9787f13702797cb55a9b7bd39a42175""]",0,1,validation,42,connected-component-lexicographic-milp-v1,87a680b5af99d4b0ad9c902eec1a096f89e155cde197123668d330e3b320caf5
phase01-data-v1,0b5bbc84b7f07d6d09d063130e90b716d8d4a32a,techqa-group:3c0c4f7cefb7083f3b3d703faed7896a81b82d7e7ea0f2874dc8f7b15bab5837,1,"[""TRAIN_Q010""]","[""swg21515420.txt""]","[""cb8b76d0d794691e4237d7a389a90bfa2da6685a6ec317bf8c7b32f4639b53ae""]",1,0,train,42,connected-component-lexicographic-milp-v1,587a9702059104bebc4cc1224e24044725b4e20811c04f360a3a3e5b82cfb7c4
phase01-data-v1,0b5bbc84b7f07d6d09d063130e90b716d8d4a32a,techqa-group:3c104c6524f6fb89ad36d2bad15b666a8471933a8e35b9646ee0d1c1486c042f,1,"[""DEV_Q177""]",[],"[""7cdb2974978483bc0e8ba5bf8cb5647e3b7c8cdc477e4727596a9caab1e99404""]",0,1,train,42,connected-component-lexicographic-milp-v1,75ba0550b3297c34fa45061ef031b1772eb5f2908fa746d8da96e6c91bf6f9a7
phase01-data-v1,0b5bbc84b7f07d6d09d063130e90b716d8d4a32a,techqa-group:3c7d1709c6d4ebd8a65dd370d9c51eb77241c0084ee90c2c7ef6167aead72c8e,2,"[""DEV_Q288"",""DEV_Q291""]","[""swg21639640.txt""]","[""195ef55d701ddcf8f12e4d8693961d31a8c7837485edc05635aa7d36a499999e"",""726caa45e2de1217d97dfc94cf300e73ccef1916374ad12dc1311f2fcdee92fc""]",2,0,validation,42,connected-component-lexicographic-milp-v1,5faaf5ed01968defa08a4f176e9054db337093e8f8c9c8a475cf8762f000b89d
phase01-data-v1,0b5bbc84b7f07d6d09d063130e90b716d8d4a32a,techqa-group:3caf8d896d9c2c327081cafcd921ab67c2ee7e7d33905b88cd54a5270e8f6cc1,1,"[""TRAIN_Q388""]","[""swg21417765.txt""]","[""d8451a82a8ee8d55969b507958a80fde500db4d2072b3e0d96c0b77226f4625f""]",1,0,validation,42,connected-component-lexicographic-milp-v1,1dddb711649da7ebf16ae708064947f6c045fe0a172cab4c758dca6e65f4b279
phase01-data-v1,0b5bbc84b7f07d6d09d063130e90b716d8d4a32a,techqa-group:3cf732bfb2a4b9ddc93db0f966356078ad7e16410826f768b767e0f8d9441477,2,"[""TRAIN_Q361"",""TRAIN_Q414""]","[""swg21674407.txt""]","[""19c1e9a980492746a19344152e82a71a46b370174f8a9877d2f41811db1b789a"",""fbc47e529ab0f543d71ae06145eabab95a06f3099de35f209684e90940226549""]",2,0,validation,42,connected-component-lexicographic-milp-v1,6c3bc9f6e5657d56469da63d497ba3761e2889bbf8afa8d9b51ff54a893099ce
phase01-data-v1,0b5bbc84b7f07d6d09d063130e90b716d8d4a32a,techqa-group:3d03a826f6d9605153aff1e36d13c4773022b3c4dfa1dbc1632ad064898b34f9,1,"[""TRAIN_Q315""]",[],"[""455f9333592e34f159a4c62b58dbc636f84184d5b7f9299258f013424095695c""]",0,1,validation,42,connected-component-lexicographic-milp-v1,6bb827b24245e23f63258806c6ddb3201d86df26b515624df1069005c6c7d612
phase01-data-v1,0b5bbc84b7f07d6d09d063130e90b716d8d4a32a,techqa-group:3d8c07b1c199030f2f36b26e6ff868ed4d2b5d77a35e0a848012b7c40c97e9ca,2,"[""TRAIN_Q226"",""TRAIN_Q296""]","[""swg21690163.txt""]","[""01ba505d6914458d77e5357ce972375ea4cc17b4720a46ec000a1591a1960952"",""c157d211bdea6b69ff490daaf400cab6563d5eb606f209c6f76e1fc2235ef670""]",2,0,test,42,connected-component-lexicographic-milp-v1,b332708ca9f6bc1fd842768e4d07fb9bf090652210fbf8b79e9d81e7f024f8af
phase01-data-v1,0b5bbc84b7f07d6d09d063130e90b716d8d4a32a,techqa-group:3d9b86bda4f8cfeec0a7b3968069142ebae83ac28ca1aed231b549328c76cb79,1,"[""DEV_Q124""]",[],"[""43552b5c6293c9ecebc842983da78a3f214ed1a646bb1262d788da6af8edf597""]",0,1,validation,42,connected-component-lexicographic-milp-v1,f4d78d7d82b339911b45ff25359eb0c9e5b59a70dce8805b5f5f58fd02936f1e
phase01-data-v1,0b5bbc84b7f07d6d09d063130e90b716d8d4a32a,techqa-group:3e3a7ce8a0460d4cbc333bb14866e44a75618227f9331d9fd3c5d540a80f652e,1,"[""TRAIN_Q422""]","[""swg21689914.txt""]","[""ab2e6f78a5cbf45a6342af00a4eefa1499d7ae1696202c6c00f0bcb0c0e3a8bc""]",1,0,train,42,connected-component-lexicographic-milp-v1,bfe7ddb8f79bdc8293229913047bde0d7b7c93880a18e9b15e663c8abdd905a8
phase01-data-v1,0b5bbc84b7f07d6d09d063130e90b716d8d4a32a,techqa-group:3ed0bcb5a8226f457fbbc088cd9daabcc08ba538f63d53aa4a6d2519d5ab2580,2,"[""TRAIN_Q348"",""TRAIN_Q394""]","[""swg21983739.txt""]","[""4559b018166ad6d0c91703c5acf758cdc087f91736f2b84982194bf5fa3fa382"",""5894c3e8e2c9d5192718df29802803d1251c21784656a92abd9757d9235a197e""]",2,0,test,42,connected-component-lexicographic-milp-v1,d426999d17aacf548e1ef80244b8fb7c84b4cce8fa0bf29a7ad023560bc3ad4c
phase01-data-v1,0b5bbc84b7f07d6d09d063130e90b716d8d4a32a,techqa-group:3f6324264b3aedec3d0a67eb77062c279e6a55fff0ecaed75091cf8d74fb84de,1,"[""TRAIN_Q274""]","[""swg21649807.txt""]","[""a1d8f453334b964e9c194776fe86a8a24ae3c3e4e245c634f4733a237487e7aa""]",1,0,train,42,connected-component-lexicographic-milp-v1,e00ded9e978218fb3fa6b7a93495f0274b8f142b772f6d0d972f3794a292e07e
phase01-data-v1,0b5bbc84b7f07d6d09d063130e90b716d8d4a32a,techqa-group:407bbd4c8d5d479c81932fb726edc018158085ff1640929508d768f4da7eeef7,1,"[""TRAIN_Q145""]","[""swg21618139.txt""]","[""102fd92e70e989755202c891b2953c210c58b165a2e97c7fcb490d87c24d9ca7""]",1,0,train,42,connected-component-lexicographic-milp-v1,9848eaf9a7f1a62f00a9f96a4ba86e642312abe583310e434e7c71677574a8b7
phase01-data-v1,0b5bbc84b7f07d6d09d063130e90b716d8d4a32a,techqa-group:40b349551a326bf8c91aeb3eede130507609d6b21bc7e4e3873b6118bd17d821,1,"[""TRAIN_Q062""]","[""swg21657458.txt""]","[""352075e8cb1502d05a022c2a56215e0f92e3b1a78fd65bfb3053bca7022a45b3""]",1,0,train,42,connected-component-lexicographic-milp-v1,47a710692058a7e9ead0a120da0f7496ad8b02935b8d063827eb92a16385bb16
phase01-data-v1,0b5bbc84b7f07d6d09d063130e90b716d8d4a32a,techqa-group:40d7f6a7297857770f2a6386e7798a06b257764fc000a00d104ac006984497ab,1,"[""DEV_Q125""]",[],"[""3a2d934f902bdc770c9caeb4e99852d25c9af41c4f5a5c05d8669d40d3b89cbc""]",0,1,train,42,connected-component-lexicographic-milp-v1,474572d431144dfa6463ab55249d52c618197b0ba96c12cbd5408c64ebf2452f
phase01-data-v1,0b5bbc84b7f07d6d09d063130e90b716d8d4a32a,techqa-group:411cd682799ad2ec1c6728d932cc107ab26e1cc5534b54306390453f8275e00b,1,"[""TRAIN_Q089""]","[""swg21965955.txt""]","[""c306ea395252d937391c271678d834029dc6b611e51d0cd967c1df7220604fc9""]",1,0,train,42,connected-component-lexicographic-milp-v1,1843a302dc895a2eea99b83e46847995262482236a1f5f9248ceb0441a99cec7
phase01-data-v1,0b5bbc84b7f07d6d09d063130e90b716d8d4a32a,techqa-group:41203e371d5cd1467ec43552ed91419821b8e2327c1a178c6f54ebd75bb9f01b,1,"[""DEV_Q268""]","[""swg1PI53566.txt""]","[""97139af2b6245560c22e19892f0b45c226cec2e709288a4f0ec8a823fabdcfb7""]",1,0,train,42,connected-component-lexicographic-milp-v1,1bbe7b9ecc701b35859366d0c111c498f5dcd3b7fa5ae5b52e55f98d7a12eb55
phase01-data-v1,0b5bbc84b7f07d6d09d063130e90b716d8d4a32a,techqa-group:417e443be32866195879898a49d62463961829322b0b5528350a1f5e4160677b,1,"[""TRAIN_Q149""]",[],"[""f8c2c547dfa76b3641ec606baa9b747849fb9f267ab2df745415af0a56a691ba""]",0,1,validation,42,connected-component-lexicographic-milp-v1,e9ddfbfb6c8737c39e75866e036d3d1cf7bfdecc00a728259a7d00e6a3c0b12f
phase01-data-v1,0b5bbc84b7f07d6d09d063130e90b716d8d4a32a,techqa-group:4244cebc7d00401e9b4b3e700161929e6d45a42b4a73319c8aa397f09ecb410e,1,"[""TRAIN_Q467""]","[""swg21442694.txt""]","[""cf1c9c15c953e97de3a17c54d11c32bff8270b5d3276435966d68037647992ea""]",1,0,train,42,connected-component-lexicographic-milp-v1,1941bd5f30f30def9bc8824a80a5cc94e272b08e23e0a741eae732410dba2571
phase01-data-v1,0b5bbc84b7f07d6d09d063130e90b716d8d4a32a,techqa-group:427fdcde28d6f6a8ceaaf93e8957859f8f980919cbfa39b3f84c7a2e01ee51ca,1,"[""TRAIN_Q294""]","[""swg27048530.txt""]","[""d22a1deff292918279be42715008fab92d3132be354e0fe5ab071d2d1a73f0fe""]",1,0,train,42,connected-component-lexicographic-milp-v1,3409b08d0d067b380f20fafe034bd1c301c1d0f7874192ef8b8aa8bd44bbd9ea
phase01-data-v1,0b5bbc84b7f07d6d09d063130e90b716d8d4a32a,techqa-group:42e880c6aa88b7d499dea413e45ee1664833ef021eaa0a88c56c516f359f4856,1,"[""TRAIN_Q496""]","[""swg21663373.txt""]","[""dddca7cd9299cc8d7def1043c93d368828c7b37c5cdf9c1ce017eab3bb7922b4""]",1,0,train,42,connected-component-lexicographic-milp-v1,91985679b1af51ebcfc263020fa5ef65742a5654f8b99363011c4cbb480e211d
phase01-data-v1,0b5bbc84b7f07d6d09d063130e90b716d8d4a32a,techqa-group:442bab01b16316fde995972215a3ddebcd6ed4493261f61eea7c77f32bfdcb1d,1,"[""DEV_Q046""]","[""swg22002589.txt""]","[""e7a94bc8d75c0a07dd391de085e89069e043032f6505a84d66f63d4911281082""]",1,0,train,42,connected-component-lexicographic-milp-v1,c7fe7e85a54a32e84c6f3245f6dd849e4e0e8de5fab1c39e8e79c2cc8926ded5
phase01-data-v1,0b5bbc84b7f07d6d09d063130e90b716d8d4a32a,techqa-group:44edff1ee5e3ed27cf2dc58c19719dcc7a1a9a4bc5a2e9706afc4e4e31a5b373,1,"[""TRAIN_Q563""]",[],"[""a240f4ed47f20504e505695fbe01abbf89972e66ff7b76d2ba5559b26db44682""]",0,1,train,42,connected-component-lexicographic-milp-v1,d94d35cf240ea62b0106a474f33f68e593cc8cb13a9be0d22732e007a0208e0a
phase01-data-v1,0b5bbc84b7f07d6d09d063130e90b716d8d4a32a,techqa-group:454b0c1e876068b60996f1ebeecadf612f56329f96883b87ad72757fa26f41d0,1,"[""TRAIN_Q038""]","[""swg21341204.txt""]","[""d5501c5b120ef9156203fac1b78411b43e1945a69ab688ac150e50f217cf9453""]",1,0,train,42,connected-component-lexicographic-milp-v1,72416f1d2f034ae388673f8ccdf63fba4136dd2ccf9a54b6e9f4ce4a8dddec6f
phase01-data-v1,0b5bbc84b7f07d6d09d063130e90b716d8d4a32a,techqa-group:45c645b8f349a935c46e40935dff7986058a70f6c2af2f8e9581242ce7009b26,2,"[""TRAIN_Q383"",""TRAIN_Q417""]","[""swg21672402.txt""]","[""61512e05156b89efa5d701762b72c5a586574e099ea675d8776253d5232a9e15"",""b13e53b42556adf8e15303ddb74532e1a7842886dce25e75e6a346d6f46c7f8f""]",2,0,test,42,connected-component-lexicographic-milp-v1,c952e42e2d1956bab2ba45929e98b366f1ffa62b97015a2b2d41d0435a806508
phase01-data-v1,0b5bbc84b7f07d6d09d063130e90b716d8d4a32a,techqa-group:466312eb95feb29aac2cba11ae6d4e0a8237d5af925bfbd5f6c4188708638da6,1,"[""TRAIN_Q581""]","[""swg21959444.txt""]","[""529a1be6653a88b0cb9870a10eae0e86ecb5822ee4f24a6104f67690aa8b5531""]",1,0,train,42,connected-component-lexicographic-milp-v1,0640337c75e725808073c67eae4fc3bd6e2e5b0080e0c72c77e5b2023f14b362
phase01-data-v1,0b5bbc84b7f07d6d09d063130e90b716d8d4a32a,techqa-group:46cc7f00b58541c7b2625ebce6a53990c45f4a89e4e12361e9d7dbec19aa6fc5,1,"[""TRAIN_Q350""]","[""swg27044407.txt""]","[""5d829aa6c5ed1ad88977a43b0639f0a5c18d48abcb5f966100e14db241e1d7d2""]",1,0,train,42,connected-component-lexicographic-milp-v1,ba69b1a221d4271db17f3f718df624abd8428c75a3889e8db97ba106201b97d1
phase01-data-v1,0b5bbc84b7f07d6d09d063130e90b716d8d4a32a,techqa-group:47b8a20b9c1f501885428c7a775b4190ee1d58f0cffc5d9a446c99da7dcbd83e,1,"[""TRAIN_Q367""]","[""swg21968549.txt""]","[""00bed479b4f1a846cf2ee7ed277eb39d96d17b2758bd7a1b4aacb5f5b4ff6b82""]",1,0,train,42,connected-component-lexicographic-milp-v1,d0e14a491e4796dbd0079d78d34f1f45273dd46999a0cebf48a7c11377aad782
phase01-data-v1,0b5bbc84b7f07d6d09d063130e90b716d8d4a32a,techqa-group:4807dc13b3dc77372bc711bc27287081c82e0c3f097d9d77a4eb093c53b10dac,1,"[""TRAIN_Q409""]",[],"[""06e357ff2ffbb69b40486a8e8910b04a34ce6b524850b57762477e1f2fdc279a""]",0,1,train,42,connected-component-lexicographic-milp-v1,6717fd2178d8a1ba81cd0e32ce382fea6f0a1b1ab85611ab09605122475287b8
phase01-data-v1,0b5bbc84b7f07d6d09d063130e90b716d8d4a32a,techqa-group:4816cd21763daf5220cc77cf2a2a234cf36553f7dba1ac968edcfd738ca5fd38,1,"[""TRAIN_Q063""]","[""swg24039235.txt""]","[""9c2fdb6cbaf7c5577966ba2838eeeceaaa1a00972d026fdd3f8b7c0e9419a458""]",1,0,validation,42,connected-component-lexicographic-milp-v1,d6f32a923e4e43b0da42cc71f8b1073d4246ad51f7dcfbf604ad15cc0e2e2208
phase01-data-v1,0b5bbc84b7f07d6d09d063130e90b716d8d4a32a,techqa-group:493a7d739469b0330407ef48fb8410d0fac69c0edd16a5b485590be03a898bf8,1,"[""TRAIN_Q313""]",[],"[""8c9c17944beda99679529cb5156789dfcf924bb58d23dfe8f29e87b4d947221b""]",0,1,test,42,connected-component-lexicographic-milp-v1,40fd8228bc059a618b91340c953a28aa3580d74eb0181485ce03c330d3041b9f
phase01-data-v1,0b5bbc84b7f07d6d09d063130e90b716d8d4a32a,techqa-group:4992112a0d5e6bf8b981cdb849ced4f7ef09eecf2750b7ab31748f09035acea0,1,"[""DEV_Q127""]",[],"[""1a80847585a4bd3db78afd058420601e9287b4c4702db89ed4d9a24dfa23844b""]",0,1,train,42,connected-component-lexicographic-milp-v1,8022a41a3b9d66f9438b99a9f393647b84e7983aafa5c9e65d83d8a834a81be5
phase01-data-v1,0b5bbc84b7f07d6d09d063130e90b716d8d4a32a,techqa-group:499a344048f8717efa23ab15ffca8d7854b7507bda27a7998d4ff653d8a5af40,1,"[""TRAIN_Q538""]","[""swg21653030.txt""]","[""617d70cb4ae555ea4bdfa510a339cc89a1c9e656301c5da02632b846097bc6b8""]",1,0,train,42,connected-component-lexicographic-milp-v1,84129681613d0b1a23b39ebf62f78ec4387f365b21328ff274788eccb4360746
phase01-data-v1,0b5bbc84b7f07d6d09d063130e90b716d8d4a32a,techqa-group:49b44cbdff2ee9d0a320533f178d72e37de90cdfc73f049a67306f5d2f01888d,1,"[""TRAIN_Q096""]",[],"[""082d0851cd905a79c9c9d4aa10a967621f756b6c19d0a2d5fd9f164cdf5826f5""]",0,1,train,42,connected-component-lexicographic-milp-v1,9f83e9b22b910ff7f8d63b4c129ac6452eff903c2a8056eae5ac91f85216242f
phase01-data-v1,0b5bbc84b7f07d6d09d063130e90b716d8d4a32a,techqa-group:49b9ee3fe533ff716fe3e5537550edf6ddd34c4c3c67656dda0bf0056dd9c85c,1,"[""TRAIN_Q474""]",[],"[""98c153960743a825df947501840d78179c839685f4f8ac7b467fc6acafc12a23""]",0,1,train,42,connected-component-lexicographic-milp-v1,351955959677706e7a5f474fd70cf57df35450ef5e279c6029e8e07aedec6993
phase01-data-v1,0b5bbc84b7f07d6d09d063130e90b716d8d4a32a,techqa-group:49f80ae7c8c02833feb80900b758a09f63e82555a86155f9cd93f35bb6b9c4a6,1,"[""DEV_Q116""]","[""swg27042065.txt""]","[""0e661d71dfe854b68d3a510830ec56b3a094206b7cb41885004eb64f22c50350""]",1,0,train,42,connected-component-lexicographic-milp-v1,058061d81181295868cf1c53c69d6fceef009ed0e8b412cf232d666d3f6fdeec
phase01-data-v1,0b5bbc84b7f07d6d09d063130e90b716d8d4a32a,techqa-group:4a35bff536712974bd72188070fa3c2d7c7f7e40a4e922bd4478a8607a1440ab,1,"[""DEV_Q028""]","[""swg21975747.txt""]","[""02408059c4d0dc32e0a6f04ebdbe9cdbe4462c3ad4de72bc4b72ff4247e92197""]",1,0,train,42,connected-component-lexicographic-milp-v1,cc34d7e76f9c04e3b1f21fae8e7e2fed82cf4d246d57e72769cd188ea78eef67
phase01-data-v1,0b5bbc84b7f07d6d09d063130e90b716d8d4a32a,techqa-group:4a36c5b987272d9012d38dd90efffca5074f5a50b374cd9c48714b27f1fd3a99,2,"[""DEV_Q098"",""TRAIN_Q302""]","[""swg22013955.txt""]","[""750881063d8147afe38398edf293932775295ea296a43b45cc0d404cdb06a3c2"",""769718695a321f34a16387b6d58fe8aa75ff5796d32cbda68d11be7a369ad60c""]",2,0,test,42,connected-component-lexicographic-milp-v1,d69ceb2b8df8b467307ab480c83df93c783800a5ac7adc71cc36ef08f39433bd
phase01-data-v1,0b5bbc84b7f07d6d09d063130e90b716d8d4a32a,techqa-group:4a3ddc01cf87e81cb02e9b697a99379226cb8af059b34b8bf3160008db1b5d9f,2,"[""DEV_Q030"",""TRAIN_Q065""]","[""swg21636533.txt""]","[""24739f79dd6378baff2ba51b96235926622642474a530772bc9b66a72726cfae"",""5711646d9d2ffed075afde5f6396642a0cdd56713e041148f60faf9dff16a4f7""]",2,0,validation,42,connected-component-lexicographic-milp-v1,a2bdf5f8c508e113d364b3d2ccb2d393adf188fbd9f447f136e8bcf321e2bdd6
phase01-data-v1,0b5bbc84b7f07d6d09d063130e90b716d8d4a32a,techqa-group:4a552b11979fde867041c09ddde8e55b7925818ea7449752eb1e08693b8f645f,1,"[""DEV_Q280""]",[],"[""0a92df2993c79fcaedf0f136cd35458b17992a05c58a0232151ff4b112a99c28""]",0,1,test,42,connected-component-lexicographic-milp-v1,36a143126333fcea0adb8b27277c5492b3e38c3bde566e1f8cbc63890c85f287
phase01-data-v1,0b5bbc84b7f07d6d09d063130e90b716d8d4a32a,techqa-group:4a6aa1f7af5c15319f63f0658b8bc32ad209fd9713a6530ef9447e34ab034c3b,1,"[""TRAIN_Q074""]",[],"[""6fbf33d56ee12adbefc2712dad71f2447102ff5ff386492249dc47612365884e""]",0,1,train,42,connected-component-lexicographic-milp-v1,990f3c5c605f18609272d6b65f9655b49784f2d2ded082a9c4b22166227bbaf8
phase01-data-v1,0b5bbc84b7f07d6d09d063130e90b716d8d4a32a,techqa-group:4a7092a00464ee37649debb5e5d1d3d9b01cfc59cc662840b7daa3cb05402458,1,"[""TRAIN_Q201""]","[""swg21365841.txt""]","[""a3e05955cfad59d581e6eacd24c30cd5acea33a3f2ab547c735d4a2841b7f003""]",1,0,train,42,connected-component-lexicographic-milp-v1,03bbf91a402d813bc05a581d0e5a4f95a0b1afb5badbee274c8b33aa67ebd957
phase01-data-v1,0b5bbc84b7f07d6d09d063130e90b716d8d4a32a,techqa-group:4b0663caddc8d3b910ef1ef87a20de2cfec63d791cc4c41793503c13b7701cbb,1,"[""TRAIN_Q565""]","[""swg21312967.txt""]","[""0e0f3773ec32a012576a7ab9b5e25324f58bc4ca1eaff16a88948062de162967""]",1,0,train,42,connected-component-lexicographic-milp-v1,2e112cc602bd6230895fe430f968b34fc1edc46489407ac99aeb6056162d4a9d
phase01-data-v1,0b5bbc84b7f07d6d09d063130e90b716d8d4a32a,techqa-group:4b52f6678aac2151114f33012afb3bd665c18bb131dfb09f50403a7ca7fe7b75,1,"[""TRAIN_Q241""]","[""swg21282614.txt""]","[""14e84edf3f29dfcb75b5239f23f24e6170bae600326dfe8524694c7203cfea26""]",1,0,train,42,connected-component-lexicographic-milp-v1,406b423c9e804f7001eb231be8151c5eebb901ac3c713e6ab8ecf8552def0a8b
phase01-data-v1,0b5bbc84b7f07d6d09d063130e90b716d8d4a32a,techqa-group:4bb0dfb1373c25f2c34c510088298f8df184e93415ba80a39766f0c6ef035dfe,2,"[""DEV_Q112"",""DEV_Q206""]","[""swg21672071.txt""]","[""1337f68501aa70ae4798c9bc92504db0611a8401bd2c05ecc36708122d45301c"",""279b747f27867c4fd4a335ac61802f9d6458e52069e336d6ddda87617057d4de""]",2,0,test,42,connected-component-lexicographic-milp-v1,abfba259d4d2b7d3737d126b78d5b2fd36a426592fd1e989bae7e02eacf25a54
phase01-data-v1,0b5bbc84b7f07d6d09d063130e90b716d8d4a32a,techqa-group:4bd22c9454d02761d534f4ccce3d696761b56c82ce6818a1ef052f7dd7ff4761,1,"[""DEV_Q050""]","[""swg21991890.txt""]","[""a53e7a61a626a03d9336ef631676af983d5daf0393d1092fe6dc7a7d9437ae78""]",1,0,train,42,connected-component-lexicographic-milp-v1,ca602f58153f266216ab00bb4aec558a8dc67da0896ea645883dea49ed65dece
phase01-data-v1,0b5bbc84b7f07d6d09d063130e90b716d8d4a32a,techqa-group:4c54ed9cc15cdbb114e2f4a29511704be2b85d04c2506b8cc661a0135a91401b,1,"[""TRAIN_Q536""]",[],"[""6807ebcc62619f7b9e3bbf57f8f324cb4e87c734a6c55811749162a8a9317d1c""]",0,1,train,42,connected-component-lexicographic-milp-v1,f2f11e23b5917b20b328facb34877d2169d9ffb472c2cda4682ff4ae0c17ce59
phase01-data-v1,0b5bbc84b7f07d6d09d063130e90b716d8d4a32a,techqa-group:4d0340b590105efa77c889c2a9ee54e62d51dc4dde657c566c23a34a2e188316,1,"[""DEV_Q104""]",[],"[""c8fe65f04d014657f5059f2a8fd2af8617cdaf404802369c0c46a3cc35e4ca8b""]",0,1,train,42,connected-component-lexicographic-milp-v1,5e6776e51e476f2deb77a8e233def6319fa3d3bfa0d7197ff8881c00cdea4609
phase01-data-v1,0b5bbc84b7f07d6d09d063130e90b716d8d4a32a,techqa-group:4db285d16c61285b3e0400a9374c3ce3354e946e3a014bce5b1ab3aa0f772915,1,"[""DEV_Q057""]",[],"[""da29d85853513711b5b18298c57c9bc5f0cb0e72b46fa00bab069bdacca1167a""]",0,1,test,42,connected-component-lexicographic-milp-v1,89388c985fc12ba08792dae27b548f0a6424e75adc822c5d2f2e4ec294b96cae
phase01-data-v1,0b5bbc84b7f07d6d09d063130e90b716d8d4a32a,techqa-group:4ddae3f3ed36f6775cf13ff817a1d91ab5195fffb38a2911bf7baf58296b454b,2,"[""TRAIN_Q128"",""TRAIN_Q452""]","[""swg21680391.txt""]","[""b763a1c55c85e4ce575daf4e2c15fc2f4c6b76a8724fc724b7cb0a6226965a0d"",""e117db036f548f498e9618c1cac6da66520baaeeeab4dc4a67a9d259303c0cc2""]",2,0,test,42,connected-component-lexicographic-milp-v1,dff4c0e467ac9613c7a6a49de5c160050d5c4866bf1793fdadc914184b8a03d0
phase01-data-v1,0b5bbc84b7f07d6d09d063130e90b716d8d4a32a,techqa-group:4dede33c4fbd831acee5d1dc4720605da3f3de0f9aec71f7d5124a8e6b72c2da,2,"[""DEV_Q040"",""TRAIN_Q134""]","[""swg21600618.txt""]","[""7f12bbfcd699a268018875ce5dc18b8136269b40097f8c5c064e0b85c631c993"",""f9a2365f33a58ab4f82cc25d6f26ab8e210cdd3ed57665ab0f2f1ac3e68bae7c""]",2,0,validation,42,connected-component-lexicographic-milp-v1,c96cceb726f61b69073bcc87cc2c71577a13722ef97daab29fa665832f086461
phase01-data-v1,0b5bbc84b7f07d6d09d063130e90b716d8d4a32a,techqa-group:4e02ee516917938d608f0e906e1420617fd07634082fd2bead630bb6a50f4a43,1,"[""TRAIN_Q099""]",[],"[""533180b3761c12159f2c3d7918e3f18fdf11cd3b0561ec45f27a58b69ec4f3db""]",0,1,train,42,connected-component-lexicographic-milp-v1,d431ab7a22b63f60005b0a9ef2b6ef17dcaca6054c75edf572a62faa025c0809
phase01-data-v1,0b5bbc84b7f07d6d09d063130e90b716d8d4a32a,techqa-group:4f91f132a695894fd17d4e80ed42aa726c29f6a991001f33e163eace97dd2d71,1,"[""TRAIN_Q231""]","[""swg21675858.txt""]","[""b41c4b53196385c5e24850fb3a21abf6e513aa32ee786f438d0dcfa9b0480552""]",1,0,train,42,connected-component-lexicographic-milp-v1,2eb9d0d47e070cdc0d9722a84a95dfc157a093745ff07efbfc7cc917da5245aa
phase01-data-v1,0b5bbc84b7f07d6d09d063130e90b716d8d4a32a,techqa-group:4fa09c03514cc40c4bfbe414d4bf62ce07d42c6534b9164fd4e32fe135d146d8,1,"[""TRAIN_Q525""]","[""swg21700308.txt""]","[""62ce6bcb88ac52520ce51b7e6cbf0cfff2fc939f4313a77b6d4fd9aafb02e3f0""]",1,0,train,42,connected-component-lexicographic-milp-v1,b6701a1caca1161851c2273f89eae10090085a2fe49b10d7a54dd3efeea50410
phase01-data-v1,0b5bbc84b7f07d6d09d063130e90b716d8d4a32a,techqa-group:4fb2d426045ab2828c6e8b6d5b49526d8995a9b36e87a3b234400c368d8a1715,1,"[""TRAIN_Q523""]","[""swg21971127.txt""]","[""eda29135c4bd7839441f73d459efc1de59b109ea31eabf1e0b8cefeace0c14ec""]",1,0,train,42,connected-component-lexicographic-milp-v1,d4a86c91ca700a1a54de1be474ebc16b058e173ebd7c5e4f363b77e92cba8db9
phase01-data-v1,0b5bbc84b7f07d6d09d063130e90b716d8d4a32a,techqa-group:4fcbf4d50d3b306e84eca3553ed2a3ca8b5260725c8529b06fe575f79e2d6769,1,"[""TRAIN_Q547""]","[""swg21968518.txt""]","[""8016fd4a3288227df069fe7ad30b1f7471aae37c313c3e42338c311d92d8454e""]",1,0,train,42,connected-component-lexicographic-milp-v1,1cf8fcdc3fd4a3e568709eebfe0fea2e72a2e76ebe834385c1ff194b0c72c231
phase01-data-v1,0b5bbc84b7f07d6d09d063130e90b716d8d4a32a,techqa-group:501b9312c9b449e21fba18ca10e7a07396c3725e733fc833f31e028a71a050a0,1,"[""DEV_Q002""]","[""swg21978390.txt""]","[""cbafdc4acada838dd2a8d26f63e451231e55a5380e3000c53c6b59341c2bb296""]",1,0,train,42,connected-component-lexicographic-milp-v1,082186f137c2271335ba2270f7fb6a1951a7f5a42bfd27639f0331678e469563
phase01-data-v1,0b5bbc84b7f07d6d09d063130e90b716d8d4a32a,techqa-group:502874e5feac59dda4fbf9e18b08fb1bd85e958fce2e96d336752154666a177f,1,"[""TRAIN_Q530""]",[],"[""14b59ee14bc8da5f2fe8c3e834b6b0b70a31da8e291f4138e9980ead1c730f34""]",0,1,test,42,connected-component-lexicographic-milp-v1,b270db04fde2b3fd6d56fd0e432b03008033c501aa37ac6bc20f162f95c8ec12
phase01-data-v1,0b5bbc84b7f07d6d09d063130e90b716d8d4a32a,techqa-group:509812d34c52d9dbf416c117beebd5411758293415016cfe97838e0d9c6618bb,1,"[""TRAIN_Q133""]",[],"[""eb82d42fd7ffcab77530e94d9cc966034dedc5f691e826b6ad602dbdd4106087""]",0,1,test,42,connected-component-lexicographic-milp-v1,8b7ce5e7d3970ee1907911ad82d7887d74adef80eeddb38867a02b54ca8f9d8d
phase01-data-v1,0b5bbc84b7f07d6d09d063130e90b716d8d4a32a,techqa-group:50b95c49a5aed379963422b8819d4ba86a30ac8d1703e473eb5a3b4b6c48b3d1,1,"[""TRAIN_Q159""]","[""swg22002444.txt""]","[""4d8724cf3ef487bdda2a12d8f66387340b8b44fac8edce0966c09b443822a96f""]",1,0,train,42,connected-component-lexicographic-milp-v1,429b1742b7357ac197df6b260f27d6cfe25dd3d42ddcf931cc71b34b60a33d37
phase01-data-v1,0b5bbc84b7f07d6d09d063130e90b716d8d4a32a,techqa-group:50c5461cce8db660d55eb0714d60b6382b40bc5a98327dc7170a1e5854ad7e94,1,"[""TRAIN_Q303""]","[""swg21480755.txt""]","[""461d7101309bdb21845fc504831df2f7977cdb3d5ce178f3864f7ee9c6aef168""]",1,0,train,42,connected-component-lexicographic-milp-v1,a571f063db65396e49e7372350e6b372ff4501e4d5c24bb306efb61f426d7d4b
phase01-data-v1,0b5bbc84b7f07d6d09d063130e90b716d8d4a32a,techqa-group:51925f954d1b9013e3d49361e385c3f02f4d5aaf82973b0c063a49c907d8bc14,2,"[""DEV_Q165"",""TRAIN_Q160""]","[""swg1PI19804.txt""]","[""76b81c2b04396e8c85635f024b3dd4c105e58ec197b1046d7bcd5c8d3911ab99""]",1,1,train,42,connected-component-lexicographic-milp-v1,0d5e151928bcc8413ad2d197400e458d4792e54d9d2d4d12a739dd08560f9f12
phase01-data-v1,0b5bbc84b7f07d6d09d063130e90b716d8d4a32a,techqa-group:519f4f154a57d314c5a3314269635505ce6149f3cc0496a8a32ed2fb5c13324f,1,"[""TRAIN_Q395""]","[""swg27036410.txt""]","[""b7af31f5183aba49265256cde03677ef37275fb3a56013a64413b3829f0afdf8""]",1,0,train,42,connected-component-lexicographic-milp-v1,7be942c2a8edacc64591c26b70976d8024d054daffd3dd7789e443e1fb26da68
phase01-data-v1,0b5bbc84b7f07d6d09d063130e90b716d8d4a32a,techqa-group:525b35001e8d831fc23bd75e1b5a54152b5329466864f47410bc0a77fc6364a4,1,"[""TRAIN_Q019""]","[""swg22001418.txt""]","[""d5db28d3ca69a405721ec84a34171805ccb53a12f299f2dacd4306ae3365939a""]",1,0,train,42,connected-component-lexicographic-milp-v1,e549181f739352f7ceab9bf901833e16b34f45bcbee4a2dc4bcfb5bf2ca6c49a
phase01-data-v1,0b5bbc84b7f07d6d09d063130e90b716d8d4a32a,techqa-group:52ba1de0e94d53a6882f77b7f7e75c6479894e5aa68b182d67a5621fed0c95d7,1,"[""TRAIN_Q590""]","[""swg21960133.txt""]","[""b213c56e3477cd5e032dd6fbee6ec1d630354a0f1ba492f843b85a98393ae3af""]",1,0,train,42,connected-component-lexicographic-milp-v1,3a3f753b1be1f3d8038697a257f599ae782ed04bbd79684879f5d78a6b460fc9
phase01-data-v1,0b5bbc84b7f07d6d09d063130e90b716d8d4a32a,techqa-group:52e6faa75104a78c3baf5c3f672dd127ee40c47119c57af550e3ed2a4f3e8f38,1,"[""TRAIN_Q457""]","[""swg21509634.txt""]","[""dc6a6ade84df2dd9b3e96d666d451f6c33f19e1319d4a150ea5b25378997c6df""]",1,0,train,42,connected-component-lexicographic-milp-v1,db5cbedfe68f7702869915e499579004a1fd3634d88ae6f578dcaad95cbe06a3
phase01-data-v1,0b5bbc84b7f07d6d09d063130e90b716d8d4a32a,techqa-group:53250dbfe3b62d8423b4a123df19753ba56ad7329b2a99058d765c2228dd251a,1,"[""DEV_Q135""]",[],"[""edd7d311ac43187b313aa22374a4b2c8ef39db40a95163c0554acf9346c63b4c""]",0,1,train,42,connected-component-lexicographic-milp-v1,d9b2bde9d0cec5eb0330eafb2a22e45812e12f952153ce4ba1b2dc77bc66adf5
phase01-data-v1,0b5bbc84b7f07d6d09d063130e90b716d8d4a32a,techqa-group:5414e999a681c7c5fb934762ece63e6a9c08e9f45e8d8a66b66ec3ec5c00d7ad,1,"[""TRAIN_Q491""]",[],"[""e7b56b35879cfc1847b1a21f6a31adbd1b6c15c1813fa3d26936e57427f18496""]",0,1,train,42,connected-component-lexicographic-milp-v1,c930d781b2ff763c4b5c50d40bf7d5c53ec377b0ba5c32e8f432dfe21a3f5d76
phase01-data-v1,0b5bbc84b7f07d6d09d063130e90b716d8d4a32a,techqa-group:5442321fcf75296fc0372fb439f3d3e9f51c15458acb327cc9ac3bad1a7d0459,1,"[""TRAIN_Q270""]","[""swg27046675.txt""]","[""8c1aa84e142c4523d83ec77ef541d1d9fb4cce7b1978339ed3bc6757b8079dad""]",1,0,train,42,connected-component-lexicographic-milp-v1,af712acb8ea03b05712f2df40941c801ab7206460384af15f259b3e2b09b30c5
phase01-data-v1,0b5bbc84b7f07d6d09d063130e90b716d8d4a32a,techqa-group:5444ad1773115929179b518b0ff8e3748121968575a659fc2f81e21d2e4ba7fe,1,"[""TRAIN_Q061""]",[],"[""c5fdabfd1b1be649c3e938617b76d5532330368b4aa9a1330e7e475462148f91""]",0,1,train,42,connected-component-lexicographic-milp-v1,21958887904b993b43c817d3f708389fc509f1510d4ca6b6f60edef588c38d7a
phase01-data-v1,0b5bbc84b7f07d6d09d063130e90b716d8d4a32a,techqa-group:547f464393b7077a9d6d39e903bb17bb2d1d8ab56aa58f4b98958dc121898ebb,1,"[""DEV_Q041""]",[],"[""70099dd67c19d6c07f372b5b38dba3efac2727da818977c9c1de873f64cfa9f3""]",0,1,train,42,connected-component-lexicographic-milp-v1,2953cc02ca6d7139bcd879d36f4cc8e9266478e52514ee1c8a142ec50eed5d3f
phase01-data-v1,0b5bbc84b7f07d6d09d063130e90b716d8d4a32a,techqa-group:54efaafbb709d909728462f8653f8be9661f3eaafca47f71cc8901d098688b7f,1,"[""DEV_Q133""]",[],"[""de6ac21c9935ae2afd696c2fc088fcda61e44cc0bab955876430ccfba1bc8ace""]",0,1,train,42,connected-component-lexicographic-milp-v1,7b5db54be7a29d96c4f40a417d094fa28728d1d15c87f26a251cfea81ecea7d8
phase01-data-v1,0b5bbc84b7f07d6d09d063130e90b716d8d4a32a,techqa-group:55501c10cd7fbb673b173603ffbd3694353b55f0072c8f785f02dfd8bc479709,1,"[""TRAIN_Q329""]",[],"[""6e6a3393274c819e1950ec7df989e6c79d840fe828f159f5f34481bcd0d8a397""]",0,1,train,42,connected-component-lexicographic-milp-v1,f5e42efb87643f30fba9a4070daec8e99f36e4a7762ac504c4a491eacfcfefe0
phase01-data-v1,0b5bbc84b7f07d6d09d063130e90b716d8d4a32a,techqa-group:5561b66e40275fb8fd73cdcfe25d148924220216ee70e5f659af405a316f5d02,1,"[""TRAIN_Q265""]",[],"[""518d5924dbf78b491dc92ab0106d96eff35528792850b5f44fdce74dcecc43c6""]",0,1,test,42,connected-component-lexicographic-milp-v1,fab4af042c4a94209a36b79345cf7a20c451971f18b424c9060693589a9c5706
phase01-data-v1,0b5bbc84b7f07d6d09d063130e90b716d8d4a32a,techqa-group:5589ccfe6c13ac0834d010d3ba89031c9faf01eef5e8b42b116d91260e4ae2e9,2,"[""DEV_Q226"",""TRAIN_Q341""]","[""swg21157005.txt""]","[""72ab8c6a2ae5ac784c6193a205f0518f28bba11320cfc8fb010b0e69f358903d""]",1,1,train,42,connected-component-lexicographic-milp-v1,cfc0abd204445489724f1652eef2a0c20b486886e2f4583fabf56af1a9229bd0
phase01-data-v1,0b5bbc84b7f07d6d09d063130e90b716d8d4a32a,techqa-group:558f41d927159f6b1e110ddd0556fdc19f672a77ed44667c2b43542bc74cb83d,1,"[""TRAIN_Q002""]",[],"[""0b135bb341a8e8e58f72becd3c7b7a31e58db1c9392fad3dcbe27f32424b450b""]",0,1,test,42,connected-component-lexicographic-milp-v1,44151839841491df9b934acc99edef552b3bd6a1161429908c280313ea3d3884
phase01-data-v1,0b5bbc84b7f07d6d09d063130e90b716d8d4a32a,techqa-group:55a7c2e02ab9d535f18a132868d599d6a37faecda0a3bdc127cb649f819a8b90,1,"[""TRAIN_Q442""]","[""swg21959412.txt""]","[""27e9e07fb2a5f3d99b83de1d0d5375f139c78b608bd985bbdd3a33077243829d""]",1,0,train,42,connected-component-lexicographic-milp-v1,9e2437611add44aae744aab65a59471cfb12394472d6fcbdccc0736b7a372ff9
phase01-data-v1,0b5bbc84b7f07d6d09d063130e90b716d8d4a32a,techqa-group:55cd2ba1fc7d0a26de261da57d2fcd64c7c1ccbb154b218373ae8d02fe6f1bf7,1,"[""TRAIN_Q035""]",[],"[""79118d51098e1535fef6d8a962b1069109c9f85eff36124687dcd47d05e868d4""]",0,1,train,42,connected-component-lexicographic-milp-v1,fe2e6849d61f141a6df197feff6f8e7b416328485dd9423d7e7c562edcf9c789
phase01-data-v1,0b5bbc84b7f07d6d09d063130e90b716d8d4a32a,techqa-group:572bf0468c73c7945e52357794685946e1d6aa9a2b2e09eca76937a3435db76d,1,"[""DEV_Q066""]","[""swg22000947.txt""]","[""c059e8daad9bb9dc1d5351e9bb8e7154ebddc836ddae9badaaaf8b17dca8e384""]",1,0,train,42,connected-component-lexicographic-milp-v1,d44e56b3748192c41426d830b3f52b002703452e930470db2f35081cab3a8d76
phase01-data-v1,0b5bbc84b7f07d6d09d063130e90b716d8d4a32a,techqa-group:574a84a619633893cca0c36f8930f60dba35cd10fc51982caad5af3fc1f10a8c,2,"[""TRAIN_Q053"",""TRAIN_Q055""]","[""swg21502037.txt""]","[""2b4dcb033b5be9e063aacb2447cb93283010b2eb926c4b7127629f2c49bb8fb3"",""ca14338874a9cf89c1bbc2bc372bebef705d8d3714d956622e74b5d2e02faa5a""]",2,0,test,42,connected-component-lexicographic-milp-v1,61cfa31f590d2a3b5926f34bbc8110b2ec0d323d6bdd1b6929040fe5e6b906d4
phase01-data-v1,0b5bbc84b7f07d6d09d063130e90b716d8d4a32a,techqa-group:575af6b5a67b2929b4e5ae5981a5299b8bcb8256488a89d2d5c658db3956926d,1,"[""DEV_Q241""]",[],"[""46a8565c1e9c5e1d93ef0706a02c5237897a3299aba0af9c9804c2f779a35aec""]",0,1,train,42,connected-component-lexicographic-milp-v1,973aea0b3ceeec48fcee38db611e7df50e71451ed993fff80d607fa4955147ee
phase01-data-v1,0b5bbc84b7f07d6d09d063130e90b716d8d4a32a,techqa-group:5775f9bfb0d16a8daf54364585b5031bc4ee7316b6a007659c1812ee1a5b0734,1,"[""DEV_Q166""]",[],"[""25374605acf5e355e88b91deaad8aecb2dcb9339e914e087c0086cb980c35015""]",0,1,train,42,connected-component-lexicographic-milp-v1,c166d5c3b0c131911b8db2b3c5cce10d437ed17704d613755f3d34a63a227663
phase01-data-v1,0b5bbc84b7f07d6d09d063130e90b716d8d4a32a,techqa-group:57ed676aca871ed97d14f63e459fc426cca3bbec4a42b44dcfd6dc93cff42ef8,1,"[""TRAIN_Q416""]","[""swg21984301.txt""]","[""87b0662b4a0b55cd9e6cba18cb807af2de14196e62f86baf3fa6672f8a1701b4""]",1,0,train,42,connected-component-lexicographic-milp-v1,af1615901a7640a1d4f323b64a0fa63caef48e0bdafe765e1c2050958d0d7acd
phase01-data-v1,0b5bbc84b7f07d6d09d063130e90b716d8d4a32a,techqa-group:586993d826caabe4fea8b09806ba8bd6df2786e39ab0a8343edcc71f09ea3af9,3,"[""DEV_Q171"",""TRAIN_Q072"",""TRAIN_Q150""]","[""swg1PI34677.txt""]","[""83c9ba60dc5efc6e131a0d6c2bd698cef09ceb16cf5bea32c8dc1d4b86daeef9"",""95be2e74c52db8ea05c81b68572477adabba7dad19c12a3d7087d748b198db7f"",""c077518effc89e6163a46643db571c03b89c9765ebc028c6a61a0e0cdddb981f""]",3,0,train,42,connected-component-lexicographic-milp-v1,ef7b4d1d375fb8dc9b01d4e2afa2109da8aa618093251bdd7d348a6d3d58224f
phase01-data-v1,0b5bbc84b7f07d6d09d063130e90b716d8d4a32a,techqa-group:586cfd8c548751b550946dee7b40c13165629b7d314abed8a996b41f5c29da3b,1,"[""TRAIN_Q343""]","[""swg22010419.txt""]","[""841991aa98ac76b676c58205090ce3a98873ae26f32d363a93f44cea4a8b8f46""]",1,0,train,42,connected-component-lexicographic-milp-v1,114b5a31a73ddbd3580d9d3f28b0e87e633bcb3ea6d995979a6231f43e27a778
phase01-data-v1,0b5bbc84b7f07d6d09d063130e90b716d8d4a32a,techqa-group:59962ce21c53d17188a03e782e549ad7cbe63d8ec1c29caa2de6f46b11b856de,1,"[""DEV_Q250""]",[],"[""a0bdb28520dad7cafb5962c53e54499eb693d55fdd73d44f9582e1874405471b""]",0,1,train,42,connected-component-lexicographic-milp-v1,d105cc2a7121135c714e323a383d9b7222d4fdfec8cf69a046451b00e62d9ccd
phase01-data-v1,0b5bbc84b7f07d6d09d063130e90b716d8d4a32a,techqa-group:59d5672987729a118b0fb7ee2d136b18ed949530cc9617e418b3859a56ad3ddd,1,"[""DEV_Q016""]","[""swg21502095.txt""]","[""8235196f829b17b9be866ff846c168ebd42dfb67378d5d2c971b9a8e81fad2b2""]",1,0,train,42,connected-component-lexicographic-milp-v1,d485a7460cf293bfaae624c94acc77c898bdc43e4252fea08b9cb1e596b67c25
phase01-data-v1,0b5bbc84b7f07d6d09d063130e90b716d8d4a32a,techqa-group:59ebdaabd16dc8cf3a68719c1ba69777949074308f9b3da1114851c574af15c8,1,"[""TRAIN_Q524""]","[""swg21647026.txt""]","[""81d567b3c6801fecb89952af6829084b87d118b440b2b97859acbf8ea32e22fc""]",1,0,train,42,connected-component-lexicographic-milp-v1,132bc2ea5a74e2f086500a58ee92d38f54ef8f2b724cd2696cb51a6278a50d62
phase01-data-v1,0b5bbc84b7f07d6d09d063130e90b716d8d4a32a,techqa-group:59f7b6d5e70cbe87f4fe087f00741ad2f115980f74d81372163149b0f3c23a14,1,"[""TRAIN_Q495""]","[""swg21995397.txt""]","[""11f9af48b787be520efbb991dd3653d5df0d8b10eb7a6a5789af09b3513caed1""]",1,0,train,42,connected-component-lexicographic-milp-v1,8271757bf4fc4893e8d667cedaed3a014a8f291513959ba79fb3d7651ef2591a
phase01-data-v1,0b5bbc84b7f07d6d09d063130e90b716d8d4a32a,techqa-group:5a06e31d7f89314f9a4e85d36d69eb5733d217e7a3dec85d8b71a974021ae741,1,"[""DEV_Q296""]","[""swg21663414.txt""]","[""a74109ccb723a65905e0f8aaca09edbe876a15222920ca62e7c3f0ded4780905""]",1,0,train,42,connected-component-lexicographic-milp-v1,115d598e4abcbe534362ff83dbddba714875aa0da3ec5c9a6179e1379b39b469
phase01-data-v1,0b5bbc84b7f07d6d09d063130e90b716d8d4a32a,techqa-group:5b58336cbea64ca6a7535cc5f749f045302ecb41d70f23821cacde9f907dd4df,1,"[""TRAIN_Q142""]",[],"[""511a9f9cff55dd302d5019f506712eabe9bf0eb0e620c63eefc476f8b0cd1bb9""]",0,1,train,42,connected-component-lexicographic-milp-v1,14e9965211a85e98f1a5b417ff50fbe99102d55abce43f2b7f59c8e885a55dd5
phase01-data-v1,0b5bbc84b7f07d6d09d063130e90b716d8d4a32a,techqa-group:5b984851618b0f6577753e925f80eb046f005892579b65e2f369579e153de74b,1,"[""TRAIN_Q153""]",[],"[""9f9225d17726d73c93af6b41214b78f71a20ab2d09d690a0268cbc46723b877b""]",0,1,train,42,connected-component-lexicographic-milp-v1,39a0a700adf45655ebc54beaa3d33953ee0a2dd42024d8847b504c619e82cacd
phase01-data-v1,0b5bbc84b7f07d6d09d063130e90b716d8d4a32a,techqa-group:5bb13c0f6173d026b551aeb7eab2e56f2f2a50290c39daf058ceb496a68639f5,1,"[""TRAIN_Q384""]","[""swg21978407.txt""]","[""7d5057763c691a79135f9fe5f095e49fd73f112a2acbd7a9b83f8f209a26985a""]",1,0,train,42,connected-component-lexicographic-milp-v1,8e9a5f85d24f5e852da468ac2efc67126cd797d086ff20a4b61e0fc2f5a58753
phase01-data-v1,0b5bbc84b7f07d6d09d063130e90b716d8d4a32a,techqa-group:5c199c54a3cc148e4f86fd827c7e4adfcdc7f7391dfbaa29693522c32adfbf59,1,"[""DEV_Q204""]","[""swg21903101.txt""]","[""5371715d5e5ba209fddb19dec5cdbe690d772f2c595bdc9c9af0e1d5e2877080""]",1,0,train,42,connected-component-lexicographic-milp-v1,96abd9956aaae61c6123a6fbf304e41ffe38abdf46adb7d2af067c62351001e9
phase01-data-v1,0b5bbc84b7f07d6d09d063130e90b716d8d4a32a,techqa-group:5c9c0c9198a4b839d594b22e8335ed3bba9740557ba1482343c4b6bd9c005e42,1,"[""DEV_Q279""]","[""swg21988939.txt""]","[""53bcd6c7e1dfb4c3dc9fe1de77f661150b92dfcb76f38478981ce42c56451e5a""]",1,0,train,42,connected-component-lexicographic-milp-v1,1c3878e06290d789605876b38ca8e5889ce64ea135a26ec20602d66019612d09
phase01-data-v1,0b5bbc84b7f07d6d09d063130e90b716d8d4a32a,techqa-group:5d07b2639f500b4921b1c3bd476dadf4f2da0355fb45da922ac3d73c8c836e99,1,"[""DEV_Q168""]",[],"[""2fe58c917d1fed4d74d1c3751e5bb510e42b120726d6a2b4ac971108cd7d9a32""]",0,1,train,42,connected-component-lexicographic-milp-v1,4e7b097c03016ed8bcd7ab4e21a3fcf4d5ddea62140b7a7290ff88e883806057
phase01-data-v1,0b5bbc84b7f07d6d09d063130e90b716d8d4a32a,techqa-group:5d5d3f1a205f1a01a08f82394c61a418ceb3bc558abc54fdd1de557bed471f91,2,"[""TRAIN_Q272"",""TRAIN_Q450""]","[""swg21662193.txt""]","[""170c763abd1b17e86b0e2363591a8b916397f3fb3cd0871733a256e0df78b728"",""d0ca99a46095776ff54170458023df5f7b5ac370ee5a44c7d8749523ff680e47""]",2,0,validation,42,connected-component-lexicographic-milp-v1,bbb6c1578572ec6af453958a4df8ba2b14ba48f38f061d1e6f08ad947ea82af9
phase01-data-v1,0b5bbc84b7f07d6d09d063130e90b716d8d4a32a,techqa-group:5d7269621280aa11b38105306585fa705229c79844c6a036eea554653e4c9cfe,2,"[""DEV_Q149"",""TRAIN_Q347""]","[""swg21974106.txt""]","[""56c3a798db155b4d332497e6cd776e32caa715e85a1b3a3f497cbcfb7d4ec734"",""5c9e9c14501a048eae1808304acc81e8f0643dcb74a3ef036e7921df337adcd4""]",2,0,validation,42,connected-component-lexicographic-milp-v1,5731ad7f31775bdcbe27672204051dd20ad8ec943517ec93ee40dbceca3bb022
phase01-data-v1,0b5bbc84b7f07d6d09d063130e90b716d8d4a32a,techqa-group:5d75fc5628e53db6b1956bee8ebfe566afc69a8d56366ca036d7b5d76f6c8613,1,"[""DEV_Q231""]",[],"[""6ba5143683291255cdc2039f5d2ead85ab99efa69b9530191f9b1b82f63422a3""]",0,1,test,42,connected-component-lexicographic-milp-v1,2e774a7794a30dee87c007e647c2f3f0eec0999faf6a4822f3c728cd65943a34
phase01-data-v1,0b5bbc84b7f07d6d09d063130e90b716d8d4a32a,techqa-group:5d7648b95238140c2677a3b46387843e47b08f445dc74d4b4b915f4376aca9de,2,"[""TRAIN_Q402"",""TRAIN_Q551""]","[""swg21063645.txt""]","[""cd941def70b165f0905180ef0630779229272fd920e437e5bf919c8fdd963b46""]",1,1,train,42,connected-component-lexicographic-milp-v1,e83f24a34548caa1d2f48b61c6820093324896d5ae92866b4ec8cd3b97ed0275
phase01-data-v1,0b5bbc84b7f07d6d09d063130e90b716d8d4a32a,techqa-group:5dc01d850adb985943070f3b16b38be473f297d043631ad6a93f34fa5979303a,1,"[""DEV_Q003""]",[],"[""e9cc560baf991e9e15dd262cd49c8b045d3240572fe296ada713f4855b4cc605""]",0,1,train,42,connected-component-lexicographic-milp-v1,23cf119f50a18c650851484a79695dd8814a7029e6165215ac2559c05ddfe68c
phase01-data-v1,0b5bbc84b7f07d6d09d063130e90b716d8d4a32a,techqa-group:5de4fbad3033a2d225be7eda7b8a7ad7cce12cf434294014ea6d52dc08d4340b,1,"[""DEV_Q067""]","[""swg21615427.txt""]","[""5240df9d3c56829b15121044f408f94f05d58565898eabeae8f689a9ae068d0a""]",1,0,train,42,connected-component-lexicographic-milp-v1,ee5b05b3a7dea0f9bcb9bd642f8164b0f5a6c4c85eadd9322b2485b5e35a6361
phase01-data-v1,0b5bbc84b7f07d6d09d063130e90b716d8d4a32a,techqa-group:5dfbe5933509fa4d880924450e48c0c8bf37ba6a42166f3175ca43ea08dbc2fc,1,"[""TRAIN_Q356""]",[],"[""199e69d5688eee2a7ac6b72366316ccc02a63fafdb71bee663f6ded408061ba8""]",0,1,train,42,connected-component-lexicographic-milp-v1,87f5b2ee0515351586920a9a68b4940de57bb4959491e82e4d7a98372d9e0ff1
phase01-data-v1,0b5bbc84b7f07d6d09d063130e90b716d8d4a32a,techqa-group:5e260b7712449b2230a97946cc6fe044ec7077b192f4f23c26d7efa2b51c85c1,1,"[""TRAIN_Q515""]","[""swg21651225.txt""]","[""512b764041138e71d55f60d609373a5228f9417f7b5825749be3d040714d4547""]",1,0,train,42,connected-component-lexicographic-milp-v1,fcdda8e268609bc39b358d721dbb56b6264c1a75906bf627f0521177a4082e3e
phase01-data-v1,0b5bbc84b7f07d6d09d063130e90b716d8d4a32a,techqa-group:5e9f656aed036496864aaa49607f4007982beab725d67c5335dfc45d0bbddab4,2,"[""TRAIN_Q401"",""TRAIN_Q483""]","[""swg21681142.txt""]","[""1308e7c47b5d0af751b418ddcba6abad51ed3fbc3e953e3dce15c090d0d53e63"",""a80b2de149afe5c8724f2da59195b45e1aa8811e50422872c7e160ef21eab42e""]",2,0,test,42,connected-component-lexicographic-milp-v1,2104583273b3fbd2ce35f898e8d38d966b6e658b17bc4f7f3335627cea81a56d
phase01-data-v1,0b5bbc84b7f07d6d09d063130e90b716d8d4a32a,techqa-group:5ebea112508b855b4830baf0d0e0abf646e5e2dae18bfd766bb8db942cb14fd5,1,"[""TRAIN_Q239""]","[""swg22008829.txt""]","[""8c38aa2c8753e53b2303fd543eca5572d49f1734e1f807d8f196ab2b6955fcb9""]",1,0,train,42,connected-component-lexicographic-milp-v1,6c4f8be85961c7f72272c0625982f1dd4aaf14a94208534095e30da2814ca958
phase01-data-v1,0b5bbc84b7f07d6d09d063130e90b716d8d4a32a,techqa-group:5edcd4ba37cfd748ed5672448ab42d312f45de3e94beb2b9d8328639a8478800,1,"[""TRAIN_Q311""]",[],"[""2b844998c64adf343ceefbdae45cc9923b55258eb757a39b62270c859ec426b3""]",0,1,train,42,connected-component-lexicographic-milp-v1,eb689b460a7aa5894b044122145a6746c2dee325951e9820f5ed93623d83c1bc
phase01-data-v1,0b5bbc84b7f07d6d09d063130e90b716d8d4a32a,techqa-group:5eec097dc3b9aaeaddee8cb0ca363390839ac40759a8abf05ea363fa169a5389,1,"[""DEV_Q259""]",[],"[""77e0a1a8d77eadedf116d2a476af6dafa90bed62503afaa3caf8f56698da48b2""]",0,1,train,42,connected-component-lexicographic-milp-v1,a72d878248e1c91c012f69582d0af49fa925d84dcf3dc934992758dae5ee91ce
phase01-data-v1,0b5bbc84b7f07d6d09d063130e90b716d8d4a32a,techqa-group:5f2c98ec398a57ac2b16498043cb4b1eda521c717411d02c1c6f3ab6e15549b8,1,"[""TRAIN_Q025""]",[],"[""7effe4726f437261cee5ee8a743a9ed912bb03150b50a9670d12a3a848657981""]",0,1,test,42,connected-component-lexicographic-milp-v1,0c76c3fc8017a7afc9f4bd91ab37764ca2abcf67c94ed019c6340fdb10398b5b
phase01-data-v1,0b5bbc84b7f07d6d09d063130e90b716d8d4a32a,techqa-group:5f3c8e49fc980cae8eff4765f6560b420bda0c0b55cfefeb15ec30f1c1be578d,1,"[""TRAIN_Q543""]","[""swg21681093.txt""]","[""f7802e46d36bd7747612e616886fc302aad2cc7916bd03bf93f38164eff13c30""]",1,0,train,42,connected-component-lexicographic-milp-v1,077d1ccdf43098dca325d0f7205e104b8b708888e2b29cb20238dffdca9d394a
phase01-data-v1,0b5bbc84b7f07d6d09d063130e90b716d8d4a32a,techqa-group:5f49f8ad0d937c9cb77f8710f7f8d4a94217df578e6d657f0b0cfd3fbd035f7a,1,"[""TRAIN_Q433""]","[""swg21973794.txt""]","[""4c856e99dd55d04733a5efb39c0505fc0a349928396ea4c2f971e952230ab55c""]",1,0,train,42,connected-component-lexicographic-milp-v1,b6565d3dad1a4b2bee365e4eae108992966ecde3c7057de0f3966a98bdcfb2f4
phase01-data-v1,0b5bbc84b7f07d6d09d063130e90b716d8d4a32a,techqa-group:5f8c654ce606c1ff157e20aa285e14f8543adb2ad2c8d045d2eec4bb73446e61,1,"[""TRAIN_Q242""]","[""swg21399255.txt""]","[""690e90daa83b41f84deff0059be47558b0f69ec470d914f50c5e5caf9c727bdb""]",1,0,train,42,connected-component-lexicographic-milp-v1,0fd13c9c5f6c1e0f00cd0cd49c276a0af4c4d428c676635d0f0d75dc793ed6e4
phase01-data-v1,0b5bbc84b7f07d6d09d063130e90b716d8d4a32a,techqa-group:5f8e7722919ba374dd583f1aabc745cc45fae8a0bc5b9aa7a177ca6c799f41bc,1,"[""DEV_Q181""]","[""swg21569933.txt""]","[""8dd22790f62895eaff90eae822fdc311aa1278663bb48f57bb41ec4658f09f04""]",1,0,train,42,connected-component-lexicographic-milp-v1,9ccafa70f82bb1ff4110c65ec4ae45ee53d78dd85115215166e1ea60f4fdeef3
phase01-data-v1,0b5bbc84b7f07d6d09d063130e90b716d8d4a32a,techqa-group:607200b09574d2e7ccbe7b53b3612f30708a439f0f66dddf588b805edae091bd,1,"[""DEV_Q196""]","[""swg21577970.txt""]","[""fe2e523313bfb527e5b7ad849ca350b48f2b3e0a40faae110c3c831e4f0384db""]",1,0,train,42,connected-component-lexicographic-milp-v1,4720ccab6be64d7b69ae0c756f0294d132faa98e2d0ff5262f81bf6ba69a70dc
phase01-data-v1,0b5bbc84b7f07d6d09d063130e90b716d8d4a32a,techqa-group:60c7b2838f1b312ceff7a08a3b78a9142c8b8a9b5a55647f5bdf046d5849134c,1,"[""TRAIN_Q309""]",[],"[""69fe41c0d389d518f5a1f6cf3ec447c6ae769db8379e8878f255bc1e6ec74014""]",0,1,validation,42,connected-component-lexicographic-milp-v1,618410a1f2d45ced09dc92a6810022470e6c19a446958fce7885fcc49bf0bae9
phase01-data-v1,0b5bbc84b7f07d6d09d063130e90b716d8d4a32a,techqa-group:60df090e3d63da1dfdded31bab36384a35780bec9fb3bbd32fb2c18dc7f74982,1,"[""DEV_Q305""]","[""swg21656263.txt""]","[""2a0c2df9df22031159ef905628257a13312ae77f511297625082eaacc77036ff""]",1,0,train,42,connected-component-lexicographic-milp-v1,dc76295285a8fca7dd0ddd3847728e0168fb21f43d9e78c89f5a37eb2b00534a
phase01-data-v1,0b5bbc84b7f07d6d09d063130e90b716d8d4a32a,techqa-group:611b317d67134f27517223076297594f3a15d6f48d858b0b743d0ea7b3494427,2,"[""DEV_Q029"",""TRAIN_Q489""]","[""swg21496354.txt""]","[""82067278c5134391f469445d0e68f48268b87707115da6c4990fcf2ec55cf33e""]",2,0,test,42,connected-component-lexicographic-milp-v1,ee93559ff4d9224ea097e716e03876ff2bc8596499cbe8993a0c89ccf8d14e7e
phase01-data-v1,0b5bbc84b7f07d6d09d063130e90b716d8d4a32a,techqa-group:6184120bfb90acec1849c77ff24f67c328ea0651d994bf754d2ea2f8508c8d07,1,"[""DEV_Q274""]",[],"[""5cbeadfb524932506c309a904b9282b2c55749f688a9553840b74e135170b235""]",0,1,train,42,connected-component-lexicographic-milp-v1,ac95dc646316253496cc8e79fee7654ca868379a574a4de35bb1b88b77154697
phase01-data-v1,0b5bbc84b7f07d6d09d063130e90b716d8d4a32a,techqa-group:61ba1daf36537ad29405e8efcce64b000c26e00748993dc569309962d0c1c69a,1,"[""DEV_Q105""]",[],"[""9346792739526930b85834674082697d03d18b8b9dbc51ebb043b9488160ff93""]",0,1,train,42,connected-component-lexicographic-milp-v1,e6fd4c0d00510d8a2b2742a8782d05b6e0d843953dd4c8a2d227bd4814743ece
phase01-data-v1,0b5bbc84b7f07d6d09d063130e90b716d8d4a32a,techqa-group:621919ecdec356b789b461be790155ec01cdc105103636fe5f6d3edc58fa2a7b,1,"[""TRAIN_Q026""]","[""swg24039229.txt""]","[""35999f0f2c1d0c9c822b89faf15bb01104c56a1f0c26ad8ca9b4ecc875afb930""]",1,0,train,42,connected-component-lexicographic-milp-v1,ce196e666c5ac581f9424ed540d527e75c6f2cff236d5559c947ef7757bd7b7a
phase01-data-v1,0b5bbc84b7f07d6d09d063130e90b716d8d4a32a,techqa-group:624c2e593b1cfd5317d9d8b90a424c9cd7e57d9514768ddd153deffee2d5615e,1,"[""TRAIN_Q028""]","[""swg22011689.txt""]","[""a807f5dafe4c3e62536069560ed94508fc2d4ce62344e38ae8582271e58f857d""]",1,0,train,42,connected-component-lexicographic-milp-v1,5eb62ff6861bbf3a4c1edc3c29f20e66a91fcecdb6f9a0dd44529a26ee488fab
phase01-data-v1,0b5bbc84b7f07d6d09d063130e90b716d8d4a32a,techqa-group:628659fe13bc4132d4f7c3da240cff33128b13e7e6177db751ff909c532f7844,1,"[""TRAIN_Q334""]","[""swg21572905.txt""]","[""0fdaf246d53423aa19e20d3b2aa7da6aeaebb61a0a9fa7f1e1de35078138b9b6""]",1,0,train,42,connected-component-lexicographic-milp-v1,efc4b0bd821ea7ad020363778c84fa2ab4ff8e62114d377d305617415d778040
phase01-data-v1,0b5bbc84b7f07d6d09d063130e90b716d8d4a32a,techqa-group:62e4e53dd578dbb39ad01e91022eb48fd87dbe092b9aae5d0899d234e25aacac,1,"[""DEV_Q243""]","[""swg21684407.txt""]","[""c4b416825e789da895a64e6880731083a1ffb1c6a5897e479ffb7b028a462e3a""]",1,0,train,42,connected-component-lexicographic-milp-v1,8cf3ba137befa9b1bb20e52701fb9783ed0f664fdb3e87bc49f13512ad559828
phase01-data-v1,0b5bbc84b7f07d6d09d063130e90b716d8d4a32a,techqa-group:636d322894111abf08879d584c7608cc955cb1915537b8650c8faacaf1150d6d,2,"[""DEV_Q055"",""DEV_Q262""]","[""swg21412846.txt""]","[""71b0226f8d8e6ac623157a9f48e962adb8d0fe7927d3f9f89e6ce86e3c2a118e"",""9a2fec534ac3f49e4a811f8cff4da5be4586d27d459fd89ee74f7d2d2a92d865""]",2,0,test,42,connected-component-lexicographic-milp-v1,51097f5a06b1b8c37094a1b63f98f6375cb5f3914bef4286ed885d8554e3f8ab
phase01-data-v1,0b5bbc84b7f07d6d09d063130e90b716d8d4a32a,techqa-group:63adaf920da3e50f7e8d6d0b93396403de9c57da30c9051437d145a1e66ed61a,1,"[""DEV_Q009""]",[],"[""0e1b3eccb1d1b0a0d9dcba62709216f07923373257f4a8d68befe12a8afd5c24""]",0,1,train,42,connected-component-lexicographic-milp-v1,65e57f23b1c89c821388103bf0b5936c5e79ba3f20ee145fb93a08b077b7be15
phase01-data-v1,0b5bbc84b7f07d6d09d063130e90b716d8d4a32a,techqa-group:63bfc2f5725e319d22d4bdcb3f012bacbf3a3246d621b951a3aefa9bce3220a8,1,"[""TRAIN_Q349""]","[""swg21697120.txt""]","[""3123f669d19a78b6f193aab9939a59f8224820e707b6ae0d6f8b2dffe786dfe9""]",1,0,train,42,connected-component-lexicographic-milp-v1,5190202072064d40b7f98c3b0c4e3ccfc305f76054ebfea0b341ab6647500642
phase01-data-v1,0b5bbc84b7f07d6d09d063130e90b716d8d4a32a,techqa-group:63c6479b77bce9e16a2e3daf09f80eca038cb39d11e450d82ed2c58224b81fe2,1,"[""TRAIN_Q360""]","[""swg24042283.txt""]","[""816c3d4ec65bde1e4420c3daa4754568118507d9f2ec6889c2fbca26abe63f03""]",1,0,train,42,connected-component-lexicographic-milp-v1,e1dad640d0745913b787a8ba1774acf179e6285d30704eb120e34c5f58cf694f
phase01-data-v1,0b5bbc84b7f07d6d09d063130e90b716d8d4a32a,techqa-group:64014072dfda313705b01b45c5ac049c9c5fe1f3d57b8194b92fa35b0c9aed57,1,"[""DEV_Q299""]","[""swg21500040.txt""]","[""c7662473e1d0d043fa063cba7224a3f318c9c28e40daef5379386ba70619253b""]",1,0,train,42,connected-component-lexicographic-milp-v1,a116b4404f4a51cf34f9e027ccb9b1bc60deebcbc8bca19a2582e6ac176e033f
phase01-data-v1,0b5bbc84b7f07d6d09d063130e90b716d8d4a32a,techqa-group:64370db313ec6e1075ef6e6e1b760a878221793593a0d4bdc60ab93cda78c822,3,"[""DEV_Q209"",""TRAIN_Q009"",""TRAIN_Q048""]","[""swg21696083.txt""]","[""126a953b2e83673d556e697090cffd0704ee71855a1287022b982dc92057bb35"",""b915f7dafdb43add7fb62b648ce240b2c7b6899b29a6d2931def0eb4bda84e83"",""fa8a7845ac6b4df916ef412764422b9a0fda1a990a64a6f6e3e0aea812d7126f""]",3,0,train,42,connected-component-lexicographic-milp-v1,68ac0d0c089a8bcf466b4c7b5be57d49d6ce3b22fdd4626d9cefb2ae8f119520
phase01-data-v1,0b5bbc84b7f07d6d09d063130e90b716d8d4a32a,techqa-group:64ccf2371c65ca64db18b739cbce4ce15dafedb23f2f29307d92506088e03ab4,2,"[""TRAIN_Q017"",""TRAIN_Q562""]","[""swg27019359.txt""]","[""6393ad10223a6c6befbd0efcc37e01813aa955608a71834fac8d769971ba88dc"",""b17a6e1b976908a42e86f09df5db623fff16737531b3bfe197685e0ff7c9ef45""]",2,0,test,42,connected-component-lexicographic-milp-v1,e92d2ef796228043c4054421cca7ccecd726fc978fa5528b8fb43ea9b2bd88ac
phase01-data-v1,0b5bbc84b7f07d6d09d063130e90b716d8d4a32a,techqa-group:6534197406ffe0422508ce4c0f176518b5656716536706881a4c42a250391a09,1,"[""TRAIN_Q429""]","[""swg27020885.txt""]","[""4c7ccba23d8819ba1d36c76aa0f08f263804568ce8636d00ac7c724960472079""]",1,0,train,42,connected-component-lexicographic-milp-v1,fdedf0025415c528a16832a5ba9da70aca60118330d1a3a178a6f9b0409411c5
phase01-data-v1,0b5bbc84b7f07d6d09d063130e90b716d8d4a32a,techqa-group:654ce8e76f107521e17dc8d747ff6bd1f14f750c7d4d88eb311e675f31600445,1,"[""DEV_Q011""]","[""swg21577379.txt""]","[""a67fadca58808f34b9bdba9fe1e9f621a9e672c2bd04140c4f38e5360d729562""]",1,0,train,42,connected-component-lexicographic-milp-v1,454347542ff48ac9572e25aa2e232f211fb93412085fccbc9b79cd8f36bf0495
phase01-data-v1,0b5bbc84b7f07d6d09d063130e90b716d8d4a32a,techqa-group:655c5c3cb1da907af07f5359731c415332c98581895a5cb098dd2084c8d86e49,1,"[""TRAIN_Q032""]",[],"[""3ce5b9507f933fa6646e146e697cc12d2f881a8e6b066038d99f10bcaf82d813""]",0,1,train,42,connected-component-lexicographic-milp-v1,8385d277a985917405877c30fe41f1997509d653d0964cb361788e2e5dd99622
phase01-data-v1,0b5bbc84b7f07d6d09d063130e90b716d8d4a32a,techqa-group:65abfd9da412d703d11fb914d4bd3b218d4b3eb02b2296a5d509a996b75384b1,1,"[""DEV_Q152""]",[],"[""a35d27ca9b43180ba473de3f28f57df2c805e89998f7f76871d2977424c80dd6""]",0,1,test,42,connected-component-lexicographic-milp-v1,1177dec331ab4eb2d2661f0674ca2a957320866fbc07e9e2bbc718ac999389e0
phase01-data-v1,0b5bbc84b7f07d6d09d063130e90b716d8d4a32a,techqa-group:65d4bc27ee20c9d6cf1ef9025aecfde11c82521804e16cb78542d3b833b576c2,1,"[""TRAIN_Q208""]","[""swg21568844.txt""]","[""2c44fe226787de3b3a113e6ba7a0dbe5e45b9af4bc25910621433bf848605931""]",1,0,train,42,connected-component-lexicographic-milp-v1,c2f40b0147b1d567c853b89569f199a3b69055b5086702e1efa741e1e7e5a01a
phase01-data-v1,0b5bbc84b7f07d6d09d063130e90b716d8d4a32a,techqa-group:660410c2d6a1b07b1e013c7b515c7c10af339477e7097923122114ac6d6f0192,1,"[""DEV_Q031""]",[],"[""93f9c8b5177517bc65b4bf790408fc988e5e5b5600eece77ba2c167615aaaf52""]",0,1,train,42,connected-component-lexicographic-milp-v1,4d7956d0f07d1eb4b3f70ec7353dadf3d01c0fe85bb27c56972ca550e5ba4968
phase01-data-v1,0b5bbc84b7f07d6d09d063130e90b716d8d4a32a,techqa-group:6625403fcd96ea2f461a74b9f776aa2eb515e97fcf12d57a9bac702e2e4c560e,1,"[""DEV_Q223""]",[],"[""b18a48f42a30cc4089979189628895879eeb4adc5e65f60e69bf268d6ed61829""]",0,1,validation,42,connected-component-lexicographic-milp-v1,999c61eb65a79d6e265dd1ff90ceae1ee5373dd019f97987039ce26f5f41f94c
phase01-data-v1,0b5bbc84b7f07d6d09d063130e90b716d8d4a32a,techqa-group:6683a79355e3d73c56ad859d19c5c4420c53a2e4812749d29007f1bc24a03162,1,"[""TRAIN_Q320""]","[""swg21902438.txt""]","[""b5be2d0f43c2ec4ad0f508dc2c7e6a9cddcb0a220e45bbc269a3406ec074d20b""]",1,0,train,42,connected-component-lexicographic-milp-v1,a057f72176c8472ca1897dcad4c4e1d1265a3d565643759d90687175d0fa8a16
phase01-data-v1,0b5bbc84b7f07d6d09d063130e90b716d8d4a32a,techqa-group:6774d3ef200317403fd30436b07626dee9510b598aac1b42cb9b32c74a758593,1,"[""TRAIN_Q235""]","[""swg21959714.txt""]","[""cc5a8b99478a71c227b2ab5007a997f0c86b74eefd1e8508ca10acc5886d918d""]",1,0,train,42,connected-component-lexicographic-milp-v1,81db1dc05cfb73d2b759201f7977a365ef2882007fce92304d96cc6530a8ee0a
phase01-data-v1,0b5bbc84b7f07d6d09d063130e90b716d8d4a32a,techqa-group:67a73a861224b6c8c58ae9286683548f1373edd959ea0fa8319402ee8b9f2e34,2,"[""DEV_Q154"",""TRAIN_Q390""]","[""swg21598417.txt""]","[""5917902a0bf4f39bfcb2d33e0aa211018eb08496f18567eb6d5bfadeaed5ce3a"",""6835de9a958aaf86161e766295c07c98d5798121f3e562df53a186dc757794ea""]",2,0,validation,42,connected-component-lexicographic-milp-v1,1ab2d91247353349afd7f1727b359c499fc9b5e2e38490aedc8b768b9c0110c6
phase01-data-v1,0b5bbc84b7f07d6d09d063130e90b716d8d4a32a,techqa-group:67f965ffb5336d59aabc886fff86515dba38dddc8afed17425f5d9047c6eaf84,1,"[""TRAIN_Q403""]","[""swg21964025.txt""]","[""21314f1df7e1b1a79c1abbe7660fac160b0955330c8660af9bf376800bc0c9c1""]",1,0,train,42,connected-component-lexicographic-milp-v1,a39879cbf1797b3a20c98758f889a5da0323a8e851b98e6e23427778f8fef14a
phase01-data-v1,0b5bbc84b7f07d6d09d063130e90b716d8d4a32a,techqa-group:684a1dac01c12c0000b8af58910ec1bc83669aa94109275648e5bafcd5f24706,1,"[""TRAIN_Q263""]","[""swg24040390.txt""]","[""eb8a1fbc8482fe5b7403bb87e7e39920392ece2110d7fbeab820a67ac8c6f4e8""]",1,0,train,42,connected-component-lexicographic-milp-v1,16149cb73364e0bceaeb8a1c90e0b0b2e24db7dbdaecb11f3653f22e84b70f73
phase01-data-v1,0b5bbc84b7f07d6d09d063130e90b716d8d4a32a,techqa-group:685c16006ac4f2222238ea1a77cb0db36c0de83efb736e9156dcd3ee4fca6259,1,"[""TRAIN_Q316""]","[""swg21498634.txt""]","[""1a9d5211b5f8a7e8eede7da139e6d4fb6f66ce381f2b1fc1efe486cb3c40fefa""]",1,0,train,42,connected-component-lexicographic-milp-v1,b024434973b485dfd9aa3c7063aa425b0a547b12cb36f3797bda5de18d6b8384
phase01-data-v1,0b5bbc84b7f07d6d09d063130e90b716d8d4a32a,techqa-group:697a0286cf490d713ac76c9e4067aeef60604bdc5b07c6871d62cb605fc49d4e,1,"[""TRAIN_Q560""]","[""swg21966881.txt""]","[""fbe78e0beef411c47a0727eb59af688a9f0e9cd8b7b5eb9bb3e271bac97b7226""]",1,0,train,42,connected-component-lexicographic-milp-v1,03cd6ff167c8988e1d165d2d249c789132e29dd9a351bb968516df54c95fd1c6
phase01-data-v1,0b5bbc84b7f07d6d09d063130e90b716d8d4a32a,techqa-group:697e77a399d722a67901018b8cad807922cddd339e463e361ce30712496b6375,1,"[""DEV_Q047""]","[""swg22013294.txt""]","[""b3106caf79a873239d2e2b651677df4aca981c4cae187d832aeaf45c5551ff6e""]",1,0,train,42,connected-component-lexicographic-milp-v1,e3031db415c8b3806698d59b9d8dbbe38e577d83fc2c8f12273142fce65e4199
phase01-data-v1,0b5bbc84b7f07d6d09d063130e90b716d8d4a32a,techqa-group:69c32720564781e5c4cb2747740b4d5aedfb204e7737f5bd5314c3120526ea38,1,"[""TRAIN_Q091""]","[""swg21648986.txt""]","[""2c52976c5ce3d5efb22aea13a6023b2c964136be2d34903154cffc548151cbe2""]",1,0,train,42,connected-component-lexicographic-milp-v1,1dd94f14c5eac309c3db6e598cdc6744580f100f4211103fba9963b10d7d3199
phase01-data-v1,0b5bbc84b7f07d6d09d063130e90b716d8d4a32a,techqa-group:69c6e64f28c3c6bbb5a538e08f0f2591bf96954e6b887e8145112ca5d90e4199,1,"[""TRAIN_Q229""]",[],"[""ea23cc1bc6c37ab0351397608320538d102ae82d5c63328a24e44a546256319c""]",0,1,train,42,connected-component-lexicographic-milp-v1,920c48ec2470c3e495f10d61daeca96c21d6ba72c76609c8b05634e524389010
phase01-data-v1,0b5bbc84b7f07d6d09d063130e90b716d8d4a32a,techqa-group:6a3c7a8354ac79ebf079e87e6c9499a1e7463d27123610ba90cef571d5a076ff,1,"[""TRAIN_Q164""]",[],"[""3e994170fab7c087072a3f7e5206eb8efff57d6dd583a5a2322bdfbc870fe845""]",0,1,validation,42,connected-component-lexicographic-milp-v1,9f595e242b2d0ea688981cac0feb35ea7801ad83bbf1caeae9c97596c080609a
phase01-data-v1,0b5bbc84b7f07d6d09d063130e90b716d8d4a32a,techqa-group:6ab2181d24826a2966d6fdf98c96683e887ab42959dd9b23b890d3c5da93e5f8,1,"[""TRAIN_Q325""]",[],"[""0fd7d399eb98a0f4917424dec0a25d804ce514dc040dc069f14529ee6ff1b228""]",0,1,validation,42,connected-component-lexicographic-milp-v1,8c780cb37cc796160b724f6ec7cfaa2e8086aaada118b7ce87c43b17ce45be9f
phase01-data-v1,0b5bbc84b7f07d6d09d063130e90b716d8d4a32a,techqa-group:6adbe1591df3ac1d9e08b18e15c662a987de2206b580085140f1079ed24bf80e,1,"[""DEV_Q113""]",[],"[""3568af974f982e62af755830f6fc298c315d4806adb5bdd7ed7cc035534f6fdd""]",0,1,validation,42,connected-component-lexicographic-milp-v1,2348a014327c83c8e016c10076e421cead7f1e67e3eacd3ff104393d933b0853
phase01-data-v1,0b5bbc84b7f07d6d09d063130e90b716d8d4a32a,techqa-group:6ae2be483103a7c7cb183a8eafaf55fe8e16bc14ba7cafeb3bf62e02c041b020,1,"[""TRAIN_Q529""]",[],"[""721acb0dd2ce87d14250c931335265927df6e8750be3387ffe3d180dbaada73b""]",0,1,train,42,connected-component-lexicographic-milp-v1,91a2b6887ef19ca4085982fd76349f9983f6acaafcf9941eed8804ff0185cac2
phase01-data-v1,0b5bbc84b7f07d6d09d063130e90b716d8d4a32a,techqa-group:6b134b43e9829ced68f0c09de34eaaf268cf9bfc2decd37fbec2d65a5b62d4fa,1,"[""DEV_Q256""]",[],"[""ccd101a56623f46994a5661adf386f509077929d367c7f36968ae9d057004d0b""]",0,1,train,42,connected-component-lexicographic-milp-v1,f624aab1cfae30ea7d859c1d7d7ac474fa95e248cafb29aca5f5fb5a8463fa33
phase01-data-v1,0b5bbc84b7f07d6d09d063130e90b716d8d4a32a,techqa-group:6b7c3ddd306659702ab26b590f79c76c1bbb06739ff54f5e34f45c65f5498a1c,1,"[""DEV_Q183""]","[""swg21607690.txt""]","[""411c2b42f612d6a3287419ac5169f5fd8e70f004ef4584843554097b6d56d54a""]",1,0,train,42,connected-component-lexicographic-milp-v1,3b44f35093381266e709177323f79dfcb802f7a72e51b70e54679ced60863367
phase01-data-v1,0b5bbc84b7f07d6d09d063130e90b716d8d4a32a,techqa-group:6b9729d018e64d4087ccbcbf7777ab599e76128d13b72792499b2cce9dd1bf2d,1,"[""TRAIN_Q371""]","[""swg27041395.txt""]","[""95bac67795823ae2743338b86d79169be58b93923a4ddf1faab69293b4257676""]",1,0,train,42,connected-component-lexicographic-milp-v1,621247b6aa1f17b54d1609d4093595505733669ad15759679c2874cca9b5c6f1
phase01-data-v1,0b5bbc84b7f07d6d09d063130e90b716d8d4a32a,techqa-group:6bbb79688e4e8a78ece2b578e7c85a6a79e44eb54f50c673683bed6e654f885d,1,"[""DEV_Q136""]",[],"[""aa65429f822621e9dccef7da52aa38ecace7d50a12444361646a63912ae3dd8c""]",0,1,train,42,connected-component-lexicographic-milp-v1,4b07bc9229fe9a72c0c9afeecbdb0dda83d53d74e470a5562ed02bde5f132bc1
phase01-data-v1,0b5bbc84b7f07d6d09d063130e90b716d8d4a32a,techqa-group:6bf330cd05d63bc8209dad6ab7c2d2b6a93fb5cba22edfbe31130a612e629ce2,1,"[""TRAIN_Q233""]","[""swg22013054.txt""]","[""d86f13b0fed31b3c8dcfbf05e69f2e1edcf20aa221b1162a5941bdf5ea7c049f""]",1,0,train,42,connected-component-lexicographic-milp-v1,c69416e1e0033cf69f468aad58ffe695db90fda323877385f37e9ab39fd05848
phase01-data-v1,0b5bbc84b7f07d6d09d063130e90b716d8d4a32a,techqa-group:6c3f219c883f54a3c2f39057d10acd607e840ad73eb5986623eb501f34db6c69,1,"[""TRAIN_Q269""]","[""swg21964407.txt""]","[""07c7b56ddeafd57b5e6e06f08293e91554c2b1534c7773938ea8662e77fe26a8""]",1,0,train,42,connected-component-lexicographic-milp-v1,81724bc5d7ee228af962d1869cc58091268d4fdbc47e1c7007b57de209619f74
phase01-data-v1,0b5bbc84b7f07d6d09d063130e90b716d8d4a32a,techqa-group:6cba55e077c7f379eabbe27cd56b32e6553c7d83e1eab8188f3046f497aa38f3,1,"[""TRAIN_Q169""]",[],"[""d5c2e0dc5d5f5b0d302abd2630b8ab7a0c90c0209cfd2c2040f57b86d7ac1e5d""]",0,1,train,42,connected-component-lexicographic-milp-v1,3f341945d3b6a6136a742f29fc59a38dc27bf4abe22c8807912b38253eb8253c
phase01-data-v1,0b5bbc84b7f07d6d09d063130e90b716d8d4a32a,techqa-group:6d1addf5bc501d696e4e54e73d1de274ae16df134ce1313f0d7bc491c0c67d4c,1,"[""DEV_Q022""]","[""swg22005352.txt""]","[""e1931079dcec10bc87048963e6d5d339e9b3c3d6f382edf6e63d52ef67d534db""]",1,0,train,42,connected-component-lexicographic-milp-v1,63b0a9c7e11c5ffeba3e2d9a31c2c02e41cecf1634a8f98e020d9452a5424851
phase01-data-v1,0b5bbc84b7f07d6d09d063130e90b716d8d4a32a,techqa-group:6dea75a9e520f4eb5bbb79406c0d19721dfd0cfc4a63bcf4706f7dea5d9cab5f,1,"[""DEV_Q005""]",[],"[""3722c3e47bd38bf9931450d4ef0e9151ed24f3316bb4623ac6f02738b34eaa62""]",0,1,train,42,connected-component-lexicographic-milp-v1,128f4b4c7d5389413feeb7b9864b36c6cfb0bf2ae6eff1952b0cf1e454bd3733
phase01-data-v1,0b5bbc84b7f07d6d09d063130e90b716d8d4a32a,techqa-group:6e81d2562a2da4bcb63c444b1aac3e1f8cd38d910ab90d5c39c48476921e62ad,1,"[""DEV_Q034""]","[""swg21413628.txt""]","[""82703bfde95a3f0a10679e4cc2e528c68ace02ce2daf014cf59291bb1a302bb4""]",1,0,train,42,connected-component-lexicographic-milp-v1,eb3c8fe9204aa0b296f6718135ce5114b826f4285ecee2f468458b7584693598
phase01-data-v1,0b5bbc84b7f07d6d09d063130e90b716d8d4a32a,techqa-group:6e94eed1cafdc72f1412b9563108c9a096a4e33b6431abedebde85ec961f4839,1,"[""TRAIN_Q103""]","[""swg27050456.txt""]","[""2dd73bcb0e60eaa76ea7e5c86cbfd39123a11fbb909683f764b312522dea71f6""]",1,0,train,42,connected-component-lexicographic-milp-v1,c38c3c1b488c948d59a7d8794d2a33a62930696cd0e59bc3aa02bfc8768d8c23
phase01-data-v1,0b5bbc84b7f07d6d09d063130e90b716d8d4a32a,techqa-group:6ecc06fb0be4f45576151a9e846a96879006dc4206bf847c8319d9c54a87daf9,2,"[""TRAIN_Q227"",""TRAIN_Q564""]","[""swg21577138.txt""]","[""7286e7af9bfda89d0a6731ab373a03104d9c390724c8bdb6fc797facdd940aca"",""e24703163240875d6959b42cbb39cfe6e715b979187a50c2adcb135ee9df957c""]",2,0,test,42,connected-component-lexicographic-milp-v1,e74bff180b78cefb1b30c9857e646dd41db88b98c3f197782f2fd878edc541a4
phase01-data-v1,0b5bbc84b7f07d6d09d063130e90b716d8d4a32a,techqa-group:6f0b338476271561dcc5d22b597fa670f14cef4d2874000b550354b2454633bb,1,"[""TRAIN_Q461""]","[""swg21657452.txt""]","[""3878d571d67430469544e548a9039fe3d8852aaa223b20a1718014cd781158ad""]",1,0,validation,42,connected-component-lexicographic-milp-v1,e4a2c244f380c523ee79230a883082b8217dae36525002f9264385d121943da5
phase01-data-v1,0b5bbc84b7f07d6d09d063130e90b716d8d4a32a,techqa-group:6f15853a2857fbe07cf4ac1a2ce1821f004ca23a678f76287f1b17de5f494333,1,"[""TRAIN_Q318""]","[""swg21974546.txt""]","[""a9a52717188e34a8d527fce15ecd42520e0352cf68b9cd01c77a93035d17855e""]",1,0,train,42,connected-component-lexicographic-milp-v1,1d88962143d06eea2a73aa15a713970c4cd7d9dd68615802e05a900ad8a26c73
phase01-data-v1,0b5bbc84b7f07d6d09d063130e90b716d8d4a32a,techqa-group:6f48ce17fd47e5541db910684f563315003b622100423f9f62121c2d1c77c5c0,1,"[""DEV_Q221""]","[""swg21452870.txt""]","[""4f1ee76edba0eda701da76f1aaded05b05057cd95c2ed4e12af9a4665ff0a63f""]",1,0,train,42,connected-component-lexicographic-milp-v1,154d87fe174c7fa363041f3019fc2bc9144e2fe65740bcd289a03cadd86a5697
phase01-data-v1,0b5bbc84b7f07d6d09d063130e90b716d8d4a32a,techqa-group:6f580c0af383ec304b7df37d3881efbd277acd6144705387ab7007cd4332025d,1,"[""TRAIN_Q534""]",[],"[""611c06b40e7689805a7b23f18b7d30a4200c5afc364085ac2b1f3f68f5c3afe8""]",0,1,train,42,connected-component-lexicographic-milp-v1,d3ed180d1486699cfad218122de5174191645e9223b84dc262ecebab280d6658
phase01-data-v1,0b5bbc84b7f07d6d09d063130e90b716d8d4a32a,techqa-group:6f5e30405b9c91b872246de89aa9bee5b8ee6b5b76f7b0b27c67ea9846aa507b,1,"[""DEV_Q075""]",[],"[""0a258e8e0d8996d16fbe189059dffb6d45e044f6567e7ceeff4639a81ea26a1e""]",0,1,train,42,connected-component-lexicographic-milp-v1,847faa420f3f4524bb77aa2287575b9ec9046d0c548e64a5d863ac27cc8b8e0e
phase01-data-v1,0b5bbc84b7f07d6d09d063130e90b716d8d4a32a,techqa-group:6fa81b46a85c5aedd0395e059d9fecf3314e9f445e6fd548efa124c7145ca970,1,"[""DEV_Q242""]","[""swg21641516.txt""]","[""abd987e2f49655f73d24ff2ec91ccde41bd6c8b0bc9976a19487f72642af5265""]",1,0,train,42,connected-component-lexicographic-milp-v1,8cca3fd8e39d6a5d98ae7ba20186b05e9fb6592283f3f59317ffcf20dd56ef95
phase01-data-v1,0b5bbc84b7f07d6d09d063130e90b716d8d4a32a,techqa-group:6fbedea03540c1af8b1bb29e17229933cc860d84d95c491ebaf187ab10d2d886,1,"[""TRAIN_Q167""]",[],"[""d264dee737b435262b27357c6d396d6a5222e0f17407fa42e5ee2193eb9bbada""]",0,1,train,42,connected-component-lexicographic-milp-v1,78ccc6efd659a85301dca02f353f1e0bf7d529ed4c6c1b8171f4c273baf7eb19
phase01-data-v1,0b5bbc84b7f07d6d09d063130e90b716d8d4a32a,techqa-group:70198c33a8aaa1e33098baebb9232e3e6f88652cd718148826d1209da91777fb,1,"[""TRAIN_Q487""]",[],"[""8b0ff98aeac498913be62789a914486afa212b27088321047be035bc85b9dab7""]",0,1,train,42,connected-component-lexicographic-milp-v1,fbe647bf9a7bf19ddad7651d67539571ea4a380430b0ed3ee6b18ba0350a2158
phase01-data-v1,0b5bbc84b7f07d6d09d063130e90b716d8d4a32a,techqa-group:70965d06ec743f8fd0577861bfed9673ea4e388d2f811c6db33998ea22b19757,2,"[""DEV_Q088"",""TRAIN_Q353""]","[""swg21320206.txt""]","[""5df81b7807bad3a1a720e44e587655836e805367ca36b413ad3b614b2fa23bbc"",""d36decaf3a9789140828ec9f025cbcd385f1ff167aa4f5687c77d2a76381d8ff""]",2,0,test,42,connected-component-lexicographic-milp-v1,e73446886dc2fdc3473331ffc01ac3dc5fac10bcdbb5ec2f985cbffb50b48e32
phase01-data-v1,0b5bbc84b7f07d6d09d063130e90b716d8d4a32a,techqa-group:70dd9d6cb4c0a595a8fa6df3cb10db34b0f26a786b27a6552392077397ac4b5b,1,"[""DEV_Q131""]",[],"[""a3dc6c89360891e5610866d5005c2d074f7beb285206c83c0e8fe09bdb7ce0d4""]",0,1,train,42,connected-component-lexicographic-milp-v1,1033802a67ada05dc60fa4a9b0d24466f3612a3da964a642e83971036c744c34
phase01-data-v1,0b5bbc84b7f07d6d09d063130e90b716d8d4a32a,techqa-group:70e950963e26bab0b3485512512f67d6c3c3326b3b25b30f9277e85cd0cbb08a,1,"[""TRAIN_Q366""]","[""swg21631606.txt""]","[""33e9d7516c8b7b951edf9127ecbb7166a15b629824ce70b99b4c404f6eafedd6""]",1,0,train,42,connected-component-lexicographic-milp-v1,0178bc331ff0c4e3192ae94aa4ddb50e6af28aaf9bc1c5c934c787e6765a2bee
phase01-data-v1,0b5bbc84b7f07d6d09d063130e90b716d8d4a32a,techqa-group:70fd3268aee99ce1e175fdec3fb51db9a9b87a8641842f75edb88905a2d07b5b,1,"[""TRAIN_Q037""]","[""swg21576245.txt""]","[""76366f386ae6cca7d1460b157a50ec0dbaf78e33a3317ffa590a91d10618924b""]",1,0,train,42,connected-component-lexicographic-milp-v1,748ffea3ceba49e0247c6e34a0b01ebe9ba3d425a85256b403f00f04bb8c17e1
phase01-data-v1,0b5bbc84b7f07d6d09d063130e90b716d8d4a32a,techqa-group:71293ce8b8b4a1442e258a467b37d8e6be0555b04d6761b99be0f5ab475d10d5,1,"[""DEV_Q263""]","[""swg21675742.txt""]","[""de649ee1e8efbcf16ea3c0fd43b23d189c367631968998c654a50dcfb8a0be1f""]",1,0,train,42,connected-component-lexicographic-milp-v1,5733498bc45e5caddfba05b2e48f878a34674f44a28300cdbecdf1a67f0aeae1
phase01-data-v1,0b5bbc84b7f07d6d09d063130e90b716d8d4a32a,techqa-group:714f2ada04356c1c45702bb90a7d426ca15f07b4f13c46169fe22347df316a81,2,"[""TRAIN_Q373"",""TRAIN_Q516""]","[""swg21654520.txt""]","[""47868ad84ecc7905260b27a7975b2faa31fd94b9760ac525c00986733f03506d""]",2,0,test,42,connected-component-lexicographic-milp-v1,f55c832e7abe308f8f7866cf4ca84d9f3fdef08a7359a453a5a89de1c306afba
phase01-data-v1,0b5bbc84b7f07d6d09d063130e90b716d8d4a32a,techqa-group:71aa99c6b11344f2c2d47e6690ca480aed2029b131743cca765680911f33384b,1,"[""TRAIN_Q419""]",[],"[""c6fccf57c016f628daf654b2e7b1de120a488cb294f159b59497c2c2951675fb""]",0,1,validation,42,connected-component-lexicographic-milp-v1,7c29b582828d3d4d4a4e435b58879a8a6a31441356a86e883e1cbd4e315d8ee0
phase01-data-v1,0b5bbc84b7f07d6d09d063130e90b716d8d4a32a,techqa-group:732d78c83964e14d40b5469991e473862c402e51c5e33802e95eb2d65540a3bf,1,"[""DEV_Q207""]",[],"[""4f42c1c969b4679703ae3575f47363a7ea3456536993c25e5447e5862be82ab3""]",0,1,validation,42,connected-component-lexicographic-milp-v1,2b6f6587c35d09f1f6bf33e76c2e05076bf544cdc5593da9e6116edd7fbebf98
phase01-data-v1,0b5bbc84b7f07d6d09d063130e90b716d8d4a32a,techqa-group:733df90a438f2475c410ec02250d651ae89146b04b98dfc974a6494b0097976b,1,"[""DEV_Q140""]","[""swg21979066.txt""]","[""f7d57bfdaeccda0c3b2a21f0f5af271ae6669984eac1c4da181fd0cdc7eec1ae""]",1,0,train,42,connected-component-lexicographic-milp-v1,5c69182861b27a171458840036fba46989c35eeb35ea2b918e08b378c35e62ce
phase01-data-v1,0b5bbc84b7f07d6d09d063130e90b716d8d4a32a,techqa-group:73db87cc6949af1d28495c06c2e2e1969f1aef7e591c096f14dae7fad32bf8bb,1,"[""TRAIN_Q122""]","[""swg21647572.txt""]","[""1ae6cbe9df86399a277649111e79f3466f4a2f8c4adcc19164de1fa4111b7fd9""]",1,0,train,42,connected-component-lexicographic-milp-v1,0757c176c643f019270cc711a1e8b7fbfb7ba6a19fb7813d93dbaa1fec839181
phase01-data-v1,0b5bbc84b7f07d6d09d063130e90b716d8d4a32a,techqa-group:742c90ede851ec7c237fb29680e4dd4ea2828b2cd1e1ff12c004a24924cfd9c3,2,"[""DEV_Q129"",""TRAIN_Q206""]","[""swg21962588.txt""]","[""1517d1876acbd6ea9e59451bbcc3e645382ec60115e2148bc0f6a61b6c77ae1a""]",2,0,test,42,connected-component-lexicographic-milp-v1,ac8a2b353f5717318b66fc361978356dba91108177e942c7e4fbb5c2e2fe0d5a
phase01-data-v1,0b5bbc84b7f07d6d09d063130e90b716d8d4a32a,techqa-group:744f4cf97d164a3dbffd694fccf833f46599eef47c66891c6fa4e381f4138539,1,"[""TRAIN_Q040""]","[""swg21628092.txt""]","[""f673f78a07b3f5ce003429c1d89590b5f5dc8edd0ce53383360771f8ca1008da""]",1,0,train,42,connected-component-lexicographic-milp-v1,bf1a8a81d94e2125bcbb89ac1e218de5a153fd8c52de00f7bb54ab308bde23a1
phase01-data-v1,0b5bbc84b7f07d6d09d063130e90b716d8d4a32a,techqa-group:7497514caecc0d4be231aded2815c968f6303feb38c035bca563bd11ad2078db,1,"[""TRAIN_Q332""]","[""swg21078845.txt""]","[""cfbb2cbccbdad30eada24ac185040617eee76f936d188339a9656dc9e45ceb72""]",1,0,train,42,connected-component-lexicographic-milp-v1,4b3e9934ceda8a030ee15a45a28e14513bee93d5ca0dde94d2ebfd992b519454
phase01-data-v1,0b5bbc84b7f07d6d09d063130e90b716d8d4a32a,techqa-group:752cce008afddc658efa7f7f556b8ffe0f24d36cdce7f1c21708ab9ab0ef55ce,1,"[""DEV_Q292""]","[""swg21566663.txt""]","[""8ca79b83046c79601be73dd55bcbe5f5e9d74257608adfc5738537b0c68d9569""]",1,0,train,42,connected-component-lexicographic-milp-v1,e7c2df0fb1dbbb7504277bd0efcf421898371113ca8a7386146a54570d9a59a7
phase01-data-v1,0b5bbc84b7f07d6d09d063130e90b716d8d4a32a,techqa-group:75582198b32701e73bc3c98c8075a2db67d40678a58801dc36dc66b82ddbaa4a,1,"[""TRAIN_Q337""]","[""swg21192546.txt""]","[""f53b0046d0aab116fce05bdaad6d2ae652810c629c25208e753e8d3f1d035aa8""]",1,0,train,42,connected-component-lexicographic-milp-v1,8993b795f8adac609a6092c91b56f6e8fbe7f7c2bd44a13fcb08ac401f31a059
phase01-data-v1,0b5bbc84b7f07d6d09d063130e90b716d8d4a32a,techqa-group:757cb2e5d70b2143aebc508329a395d332964a9b90e97e532297cd86bf81c83a,1,"[""TRAIN_Q250""]","[""swg21664126.txt""]","[""fda870c151de42804d791d1bb59b3ddbd66ac39d492401482e3cef52cc2ce8f3""]",1,0,train,42,connected-component-lexicographic-milp-v1,d810c19493ed45703a20794b6964a4f23cc2e92f15079a6d69cd29f5fd30f18f
phase01-data-v1,0b5bbc84b7f07d6d09d063130e90b716d8d4a32a,techqa-group:7584b59cd61c227e7e816cfd6ee92b4c039210732c805b5d6d24196e2eccdec1,1,"[""DEV_Q020""]",[],"[""b4d1e00f5e62f0256579e6ee177d16f0c928aa5026b4f0bb6f71510ec65d406e""]",0,1,test,42,connected-component-lexicographic-milp-v1,8725b552d1f705b6304dd590bebd727359d77b44f35011ab23b2c70a9fb9c6a9
phase01-data-v1,0b5bbc84b7f07d6d09d063130e90b716d8d4a32a,techqa-group:7634fdf9870e7027cad93e6d38a4fd34164b821872e53e920ed03b426158c7e2,1,"[""DEV_Q108""]","[""swg27048240.txt""]","[""5c711b86ea60c581bfbbee90336006cf51511e485f98f0b6d833aeb9584dd456""]",1,0,train,42,connected-component-lexicographic-milp-v1,4d10484b82e3070cba7bc96be4d7766e0ed79073186c82c3705bfe0acb28921d
phase01-data-v1,0b5bbc84b7f07d6d09d063130e90b716d8d4a32a,techqa-group:772242b8d2523f1b3ccee7118cd8a7f38d6a40c8cbab51158da0a227f0d0e795,1,"[""TRAIN_Q326""]",[],"[""4f366e85eb0507b52dad2c84e27142c36f03acd3364979ae2aa5dbcec6e011d9""]",0,1,train,42,connected-component-lexicographic-milp-v1,735f31cd11775e1a8885f26bf42ff4c828f4d9de4bae4a12d79279804f2b6f20
phase01-data-v1,0b5bbc84b7f07d6d09d063130e90b716d8d4a32a,techqa-group:774180a4506caecad269df133f6725611b0ba562868d9aad2e232cefb07f738b,1,"[""TRAIN_Q382""]","[""swg24043574.txt""]","[""2d9660c1c69419fae28a691832b70e6cde0aff3ddfee84faec486110343e7401""]",1,0,train,42,connected-component-lexicographic-milp-v1,35e875c631ce6c83c4c64403a8cc4ffa21544ca581adadf01bdf9b045d3ca8f8
phase01-data-v1,0b5bbc84b7f07d6d09d063130e90b716d8d4a32a,techqa-group:7771ab7c627b771b2a5f2d4e00af24d16ee7d7fb93f2666f3f3eb1f9f4ea44c6,1,"[""TRAIN_Q161""]","[""swg21249798.txt""]","[""f0b7d8daa72ace3b9a17833f6c9eb31140b2a7bfd4ca7a5189e48c002944e33d""]",1,0,train,42,connected-component-lexicographic-milp-v1,a0de299518d7047269fcce0b875f9d1f04bce806d5dd618cfbd33a81a8912c92
phase01-data-v1,0b5bbc84b7f07d6d09d063130e90b716d8d4a32a,techqa-group:7777d4dc4099f50cef780d8f5da7dc79a0a65801f1166763c276b75e3f0c37f2,1,"[""TRAIN_Q180""]",[],"[""3379cbaa5208b719b6443ec988738288e89f52a3919a7c5a15ff193a031806cb""]",0,1,test,42,connected-component-lexicographic-milp-v1,8f09836abba22a91360478dc0b347939db5928b1cbaa49f37578ab24530a4935
phase01-data-v1,0b5bbc84b7f07d6d09d063130e90b716d8d4a32a,techqa-group:7796fa41dd4afc3f33e46206ebf854b7a7bfb265d0d89447cf113656bdfd3ca7,2,"[""DEV_Q156"",""TRAIN_Q047""]","[""swg21998655.txt""]","[""7e25f2a3925ba501e89b4058c49182914f7223b7f2439752220ab920937f5557""]",2,0,validation,42,connected-component-lexicographic-milp-v1,bb87c341c8b0f07586fb588f909c5dce5b3d92b837999c7b83cbf8e889c91c00
phase01-data-v1,0b5bbc84b7f07d6d09d063130e90b716d8d4a32a,techqa-group:77a9526d5e7b88b83ffaf2a1b23b04cd8f9121811fa48284847427e4e99b8932,1,"[""TRAIN_Q086""]",[],"[""6bf1ce2a709d0b01002b461917f5bcc072270ea95b4e9e1be8d897f74c424dd0""]",0,1,train,42,connected-component-lexicographic-milp-v1,64f4e105b7edd60e4bd1cf786e454e703f352921112f243fbbf343e9bbdfdcb5
phase01-data-v1,0b5bbc84b7f07d6d09d063130e90b716d8d4a32a,techqa-group:782d8fe394fa4bb4e0269f966e7823efc2727b46f9e44998ce9b4f270d5f463d,1,"[""TRAIN_Q243""]","[""swg21512416.txt""]","[""1b45cde6d1fe28a01401c05e944dd4f4285428e016e52a8121a52a82952cfbee""]",1,0,train,42,connected-component-lexicographic-milp-v1,dcd3f40879dc60d5e445e0464a85c6837f0a8444a5158df0de9cf7dbe5ff8e3a
phase01-data-v1,0b5bbc84b7f07d6d09d063130e90b716d8d4a32a,techqa-group:7840e6f90d6f7163cdec5eba74f4ac8948dead2c710565fc79b604d1a56149e6,1,"[""TRAIN_Q397""]","[""swg21700534.txt""]","[""da8edc21bbcb512c1de19fe4e8ca9511115e90f3c983d27151ec8aae01e4000d""]",1,0,train,42,connected-component-lexicographic-milp-v1,9a56cc4d0c395f3e6fcdec398dbc0db746818b405999b9f2d06548b779adc084
phase01-data-v1,0b5bbc84b7f07d6d09d063130e90b716d8d4a32a,techqa-group:78db0f2c2d08ccad4d3a50da19d806cbbcfe927473d2a63dc1e88223874ff0f9,1,"[""TRAIN_Q592""]","[""swg21685666.txt""]","[""e68a22694032ddc221c391fe4f822caf305973bcd016de77ab317ef0a1d1bfeb""]",1,0,validation,42,connected-component-lexicographic-milp-v1,63fcb07237031433bc5fc95b958049b8f5fdb42d93495fd8b233d4a2b509b6b1
phase01-data-v1,0b5bbc84b7f07d6d09d063130e90b716d8d4a32a,techqa-group:78e1fb5332b385c6ebb8225793822423a138f6e5bb7a7ca600b58e26db6b2f7a,1,"[""TRAIN_Q284""]",[],"[""6f89026ada9e6f244912fab831cad3531660a86d627bd39042f718dfeb76eb92""]",0,1,test,42,connected-component-lexicographic-milp-v1,196529a82272077ee64d6c5fad7b97954dd1bde61c6bd89e3dab10e1889bba81
phase01-data-v1,0b5bbc84b7f07d6d09d063130e90b716d8d4a32a,techqa-group:791276cfaaeb55c09aac5c463ff2546707eb4d32bef7b95a7063af8e039cacb3,1,"[""DEV_Q100""]",[],"[""4160d43e33a611ca19106c51fa09c920cbe0c29c3fb693c0dee814ca014c1b44""]",0,1,train,42,connected-component-lexicographic-milp-v1,a74070eb89dab8f6fe41bf5b18621130d253b7a2da39d1af75130e3ef7c1c060
phase01-data-v1,0b5bbc84b7f07d6d09d063130e90b716d8d4a32a,techqa-group:791bd9719947c5f17ac40dadf299682601991c86eb362e00281735a6cfec793f,6,"[""TRAIN_Q154"",""TRAIN_Q186"",""TRAIN_Q236"",""TRAIN_Q389"",""TRAIN_Q555"",""TRAIN_Q579""]","[""swg21507587.txt""]","[""144cc93fc02e99941057f81989e8b1755dc11993584e9c9608a7a1430b82b00a"",""20c690e455921f49963997972cfe24188af3fd0790d30798a70ecf8980958941"",""2f666e767a34b435962cda5bcc6e9292276e5e86cd69d74070ab0f7fe232e9f1"",""3a4c87badf2c10d61dc3a3f2c8f7642450a5b822c0b05032c88d3cb1a4b7d379"",""55290b6fde8892e4103a96a6861b845887bfdc6e6997d8fd2f37ba15ec011f44"",""e4e128f4d7e03bc0fd6d37af5f2374dafbcef41ee782fc75c5a5514b1b2bd75d""]",6,0,test,42,connected-component-lexicographic-milp-v1,86fe99b65197513c8b9b1848bc68264507e5536935eee230c80bcde8a42711a0
phase01-data-v1,0b5bbc84b7f07d6d09d063130e90b716d8d4a32a,techqa-group:7945a5b09636c6f99e60e2994c2ea5f6bbb0975cd218f40ae4572c316b30a12c,5,"[""DEV_Q160"",""TRAIN_Q107"",""TRAIN_Q187"",""TRAIN_Q351"",""TRAIN_Q427""]","[""swg21163875.txt""]","[""248969a35aa850b02d94552f2bfcfdc85fca5f07cbbf7f595c352b53634b74dd"",""807360d3c8ce553800aabb633df4651b9fc94e3d53bb08a258255bdeceb420aa"",""b77a68850fe0b9bd250eb01e9d53997fd2c80ce5f9adeb9cff21fe10eaa2f967"",""f58731dba5c2098d07e5898264b1ed2bf9790af2274ea25684b161a1a2ddeea9""]",5,0,validation,42,connected-component-lexicographic-milp-v1,e2576b809a5cd0889f1ec648d1de66cbbdf15334678481292f213924a25a053e
phase01-data-v1,0b5bbc84b7f07d6d09d063130e90b716d8d4a32a,techqa-group:79cdb331bb9c387e837a3afc795ab8520a80046048f0b1effa4c955f4ed6409a,1,"[""DEV_Q281""]","[""swg21975568.txt""]","[""1bfb31bb34e26cb4645905d0e812d3d36d8404142edf5a13867c6b547665e61e""]",1,0,train,42,connected-component-lexicographic-milp-v1,0687c5878188172c72e40db4a3ab70aee2de124a8d9603fe9b1ec90272e18eca
phase01-data-v1,0b5bbc84b7f07d6d09d063130e90b716d8d4a32a,techqa-group:7a4e5d9525e64dd22c3a0deced90f875a6142cc086eae5cf2e91e2c74332bcb1,1,"[""TRAIN_Q569""]","[""swg21486143.txt""]","[""29bd6159c9daa3ea9bf9de3dbcc4e7ea235cc78014c28e306f3a0b637cd4d20b""]",1,0,train,42,connected-component-lexicographic-milp-v1,e1c845bf0e81b9473a882ffcd1a8e406fcd41abcbc43c73ff199998770c6daea
phase01-data-v1,0b5bbc84b7f07d6d09d063130e90b716d8d4a32a,techqa-group:7a5087a9a51b1d001a711f8270fd28f78b3f24ec58d6f254e375ec571a9cef18,1,"[""DEV_Q172""]",[],"[""b16626e22b3a1b701466e8e0d94a1d73f1566b0d2e4a21a3dbcbfdb28f4bee4f""]",0,1,train,42,connected-component-lexicographic-milp-v1,fa5f1bfd09d3e9e8971299bb742b465342641fe346e2f5f2c18ddee45990c813
phase01-data-v1,0b5bbc84b7f07d6d09d063130e90b716d8d4a32a,techqa-group:7a7ebec9952278482f6d5158043dbb41dd3f9f26a9143e98e814ca153d1981a7,1,"[""DEV_Q097""]",[],"[""52874c2b83e5b0e9b6f9789018b058c16af6487c7db50cc5ac4bfd4752032b84""]",0,1,test,42,connected-component-lexicographic-milp-v1,34d4f3f9d0651af2789ede783981272d526b9d52a0721a5394b656bccee09712
phase01-data-v1,0b5bbc84b7f07d6d09d063130e90b716d8d4a32a,techqa-group:7abb7696db2d5a306f4a478fcc6cfb6d21ff5e842dd3a7c2093d9474df2dc21f,1,"[""TRAIN_Q000""]","[""swg21996508.txt""]","[""33a561d2bcab610ac7f0ae63790b7fd7e1f996238b5d76e701d03b29db8e2aa5""]",1,0,train,42,connected-component-lexicographic-milp-v1,fad02d4bbec5c095fa293eab3b5aee9abed59a3e18276090498e56a0468931f3
phase01-data-v1,0b5bbc84b7f07d6d09d063130e90b716d8d4a32a,techqa-group:7ad4d1f0fe864dd09ac8202861d702ee1e9e248d749942a2442fa2dcbfe361f5,1,"[""DEV_Q122""]","[""swg21969653.txt""]","[""e1aa8e30ed11f18b5f464d840607dcaadcea372efa40334dcf9e5d92c88682df""]",1,0,train,42,connected-component-lexicographic-milp-v1,da7a0c6a111a71bb6bb0f2f734d80be62a4735b70f7a116cf6a87ce56e739c16
phase01-data-v1,0b5bbc84b7f07d6d09d063130e90b716d8d4a32a,techqa-group:7af548ec60bea007a6701aad2d61c526338b8789fb9da4cec0a7867a0f9c5d0f,1,"[""DEV_Q159""]",[],"[""6c32ea23bfddb937532d7834f9505dae4c04d349b8a1babf26faa03edf523739""]",0,1,train,42,connected-component-lexicographic-milp-v1,2838c90553b8848d364cf49683a1755d01dd1ca6c18936bcbf5c3c0f63f47862
phase01-data-v1,0b5bbc84b7f07d6d09d063130e90b716d8d4a32a,techqa-group:7ba8f91054e8b8bc026954ca728cca500098eb3587e8994ce38b08b5bd2008ef,9,"[""DEV_Q077"",""DEV_Q283"",""TRAIN_Q024"",""TRAIN_Q044"",""TRAIN_Q305"",""TRAIN_Q331"",""TRAIN_Q421"",""TRAIN_Q460"",""TRAIN_Q505""]","[""swg21592093.txt""]","[""09eee7aca2df7ace8838439c9844e64b23b0f865bf6f9980b07c7958fcc2b06f"",""29457d54aff2bdc17eaa21bfc5293ec26633c05436b58c08a5f41b1624e860ab"",""2abb52e905eb7c6fa2be8aa5f3f1b72eec511a4da925d467dcacacbe3ff24b61"",""36e18108b1100b942b0f86a298321dd43bb49fa916beff1d6418d9934dfb036a"",""41bca608dd611acc1c69c54c7c8d80489aaa136b2b5ad702d5df40dec380ec9b"",""922db2805c011acf1308711f49084e3be5270d814fe42857ea5271adb9aa0a8d"",""a3f4ad601ff553e88baffda66811900bbb220336fa67913ff2a5f33f9a390a5c"",""c56a4a5b080d1c2e24c015d74db3548ff881cf01e744b85459de7de7b4f84bb7""]",9,0,test,42,connected-component-lexicographic-milp-v1,cab70462de61c805a55b6e441c290c69f816b29af230510438bbccd9f18c8d20
phase01-data-v1,0b5bbc84b7f07d6d09d063130e90b716d8d4a32a,techqa-group:7bf4fb811af5895d450297c5b61d913f3ee5b3355d769b962e7ee2749aeeef86,1,"[""DEV_Q142""]",[],"[""cf2d7aebf366c2cf8dac0f539ac6a7fc50ecccbb27fa7547b657eb0e77c083a8""]",0,1,train,42,connected-component-lexicographic-milp-v1,f0e08b0cd00a9beedd9f3eef1a969a9349acb3d89f77b1e777c0aeb4cdeb868d
phase01-data-v1,0b5bbc84b7f07d6d09d063130e90b716d8d4a32a,techqa-group:7c398b80f9061dbee36dc4970009524a5f0a14328da14a9a9ec9522ca4d1f239,1,"[""TRAIN_Q261""]","[""swg21405302.txt""]","[""4c5427169ea8f3e6f889d153cbb61aa6ba198262d71c74ce141426ae45e1844a""]",1,0,train,42,connected-component-lexicographic-milp-v1,5f72c2d64ea4bdf5305576c8a7b8f6f6bec1bba69f11b9d3204cdec78e1375eb
phase01-data-v1,0b5bbc84b7f07d6d09d063130e90b716d8d4a32a,techqa-group:7cfdc4c22d41379070b7a28419ee0ef4af58a7d20dca266c61b67077cfad7074,1,"[""DEV_Q167""]","[""swg21580830.txt""]","[""3a0d7fd9b4ebc8df5dfba8347b68781f366f846d125cdee83cc8b418537e934e""]",1,0,train,42,connected-component-lexicographic-milp-v1,8cc31b9fcc52839e3e32014c9831020b53d92afb7bedd413c570095ac53f3b77
phase01-data-v1,0b5bbc84b7f07d6d09d063130e90b716d8d4a32a,techqa-group:7d85488fb37cdc0e577699c769372f8117c8ebe80caf43215038339064a09822,1,"[""DEV_Q095""]",[],"[""78d0e7f2a70c3eb9c7bf4f9ddb81259df6af7276148116e9060cdab05c6f76fc""]",0,1,train,42,connected-component-lexicographic-milp-v1,17e448c9cf0196d87925c8b8224bd60d61dc1c78719a3150d163b7de16e8cfc8
phase01-data-v1,0b5bbc84b7f07d6d09d063130e90b716d8d4a32a,techqa-group:7dcc018957797580bb7d7475aa685933cabf8214fbc0d3e8d3f8527ba274a081,1,"[""TRAIN_Q486""]",[],"[""0dae36aabb4459128586b248f1148321f23ecc7633ac6c0aeb7b3de22248a1e3""]",0,1,train,42,connected-component-lexicographic-milp-v1,04d6f88227298d54e830ca41a79aa609dec0198b79d07fa27874f4f274897170
phase01-data-v1,0b5bbc84b7f07d6d09d063130e90b716d8d4a32a,techqa-group:7e0c172b9c56036a54dc510ab7e8b77ce33c152bbd0b623ca651c8f6a8289a0b,1,"[""DEV_Q170""]",[],"[""165f1087d1b24e5ed79959e54c290d72a376f2f9b392d576b412c181e9a4219e""]",0,1,train,42,connected-component-lexicographic-milp-v1,586b51fd37986c7dfdfde710a31ed613252593433c4627855a810fd2035c9634
phase01-data-v1,0b5bbc84b7f07d6d09d063130e90b716d8d4a32a,techqa-group:7e1a49f4c87ce867fcfe2bc68ee6acd4b980160a438491af2900f525cc717cf5,1,"[""DEV_Q123""]","[""swg21419540.txt""]","[""2a2888132071b5bc5564401645f0806d12a94e1d0a2452a72faf58af812218ca""]",1,0,train,42,connected-component-lexicographic-milp-v1,68b39b61c525e5e8c572e99c6b7682e6ffc7c55f3bbd9cf02764255980cbd993
phase01-data-v1,0b5bbc84b7f07d6d09d063130e90b716d8d4a32a,techqa-group:7e290d4f61d19019e7321a6bf852ac16e5f46d10a5ab0abdf9d265181bbca74a,1,"[""TRAIN_Q359""]","[""swg21974599.txt""]","[""02e8dcfa3a2e25662edb329cc2627b6afdd1049376e7a95d629e58b5b8526cf8""]",1,0,train,42,connected-component-lexicographic-milp-v1,e978bc513e27d89034ecd4bce2438848f246d72b8fdfcba2649e25175d28a522
phase01-data-v1,0b5bbc84b7f07d6d09d063130e90b716d8d4a32a,techqa-group:7f131c17972cc6eb0111f734192bd22127d5f079189c4971c4fe49a8ce309507,1,"[""DEV_Q096""]",[],"[""49c1f992646cc6027cba9e6500a6d7cb4a33ca6cd3f1ee4a6bc1b96db74ec08a""]",0,1,train,42,connected-component-lexicographic-milp-v1,42bbd6a4f5363893657c711a1e89b106570d86eb24f276408393cd5bead12185
phase01-data-v1,0b5bbc84b7f07d6d09d063130e90b716d8d4a32a,techqa-group:7f1534269ec3b7323ae40b822f83b62fe094904431c0a558c767d25fe4b78dc0,1,"[""DEV_Q099""]","[""swg21652265.txt""]","[""90c46985731b47637d36377bb4c7bd5c4b02835a106ac826b4e68b80b35fc490""]",1,0,train,42,connected-component-lexicographic-milp-v1,703beb957cd6aa479dbc6e0c089c620c20b1462661d236108489749ef3086d03
phase01-data-v1,0b5bbc84b7f07d6d09d063130e90b716d8d4a32a,techqa-group:7f8f07880157ff84b1f48e9f62caeffec6580271ab8ef78fceaf570602d64690,1,"[""DEV_Q012""]","[""swg21959723.txt""]","[""8d2d878d626dd6bc227ccb0c6563f9722a1b1ce77af6544c34a21c9279249ba0""]",1,0,train,42,connected-component-lexicographic-milp-v1,3e022388a9168dd04d4626e7e356c783bd2c897935a7469305368f1b318f18c6
phase01-data-v1,0b5bbc84b7f07d6d09d063130e90b716d8d4a32a,techqa-group:7fde30bdbdec79f7af73d5fd053e1849fad2564ecbc92dfccdaad89b5a1595ac,1,"[""DEV_Q091""]",[],"[""e4cfdaa2cfe9b3af90e194bda6c3a89a1e4dfced7898857221505a07412228f7""]",0,1,train,42,connected-component-lexicographic-milp-v1,675fe88833f46626c2e18d49089c6942f6fdd5b507328deec13bd527d365193a
phase01-data-v1,0b5bbc84b7f07d6d09d063130e90b716d8d4a32a,techqa-group:7fedd6aec2e08503346ad42dfa0fe3cdd6159b3cb62758ac5a705ad5fa659dcf,1,"[""TRAIN_Q237""]","[""swg21569731.txt""]","[""ba766e168afb043abc1cb5713c0b2b04bb53e729ed11b66fee202fe13170cff2""]",1,0,validation,42,connected-component-lexicographic-milp-v1,1db98916306c07335a8d5b094b38651f063363c2dbcf6dab8cd34b70104b2fed
phase01-data-v1,0b5bbc84b7f07d6d09d063130e90b716d8d4a32a,techqa-group:801252d1b7f3099adf54c21a6c6b66fb60ff31fe020fa696b1610fe1ab3f0b12,1,"[""DEV_Q184""]","[""swg21584783.txt""]","[""a6741c14a003800897ac588f266d48cc6a2f1e1cf6c0006f76fd55f605ccdebb""]",1,0,train,42,connected-component-lexicographic-milp-v1,638041b0ab7df0f25ebeafaf4ef8cae3254afc9154ec525ba8fa0a558877ab82
phase01-data-v1,0b5bbc84b7f07d6d09d063130e90b716d8d4a32a,techqa-group:803ca46c1a9a639df6ab91f86b2eb3a0df7f7c5f2a33acdb4f75d991ab723802,1,"[""TRAIN_Q509""]",[],"[""6215b072fafd2325ad893972150f11b19b5fbf94b383738e692240b442d08d75""]",0,1,validation,42,connected-component-lexicographic-milp-v1,617964b12afd896316211f8a007f78ca3fbdf508333b7f9d484477fca27039b7
phase01-data-v1,0b5bbc84b7f07d6d09d063130e90b716d8d4a32a,techqa-group:8079eed6ec79bb7fb4b5c9475c2441c67d459e99ce41725d30e3773550e88e79,1,"[""DEV_Q277""]","[""swg21665086.txt""]","[""994d4947d73c36b37a8bf94d0895ccfa524bb240555c93c284eb1be9e7b840e0""]",1,0,train,42,connected-component-lexicographic-milp-v1,3a4b20824f619fa483f39e81093e5287d5ce6a70aa19a4eda767aabebe6abdaf
phase01-data-v1,0b5bbc84b7f07d6d09d063130e90b716d8d4a32a,techqa-group:8095854c17ecc328d41c33a2812c87949305814099d54ec181d42ca1fc9b58ba,1,"[""TRAIN_Q438""]","[""swg27040251.txt""]","[""f1a2247a0f3b9402432b3c82bbb4e3400582b1f8c9302767141a4f9e00761f35""]",1,0,train,42,connected-component-lexicographic-milp-v1,c28261767bf172533651a9e0e77438cd52e5c1843498ea28701281b2300af3a5
phase01-data-v1,0b5bbc84b7f07d6d09d063130e90b716d8d4a32a,techqa-group:80a07883ebf0ac5a6beae1ac7108c47060fcb7d94f52361c2d1df87fcef54f6f,3,"[""DEV_Q145"",""DEV_Q261"",""TRAIN_Q247""]","[""swg1PI47826.txt""]","[""328f3eba88ed4a36e07b0c5501c3fd2950adbebc2fd8f59341cd9e5003c3968e"",""5cbd10b218f0acca389392f79adee594a371a6739342699d05fcb30c313603ec"",""d3982394b8fed6aa4f9e6e449aa809cc80d0b2f20ce341da94107851015ad955""]",3,0,train,42,connected-component-lexicographic-milp-v1,e7b3dd9b40c8361e91796f0354aa7cdfaffa1a385009471bc71434886d11cd59
phase01-data-v1,0b5bbc84b7f07d6d09d063130e90b716d8d4a32a,techqa-group:80b3fa965be7d48462ee6638d77d23c2545a535e2db416f3e51606ae4adf1e5a,1,"[""DEV_Q026""]",[],"[""4fec64ff69950985ce67c758bcd465d9771cff30fabc38fe4f86b8762354528c""]",0,1,train,42,connected-component-lexicographic-milp-v1,9f5fd73e9661ded62f94c536c0e01b5d89be6134684a7788745049a35c02d88b
phase01-data-v1,0b5bbc84b7f07d6d09d063130e90b716d8d4a32a,techqa-group:80ec49223febb861fee9e3b809ea3af7d2bf950cd6af51b95f9f1b09dff54d4f,1,"[""TRAIN_Q385""]",[],"[""400ffac2d1b5b2187e950f01c2c80aeff5441d533c2d824ad6abad8c07dc997b""]",0,1,train,42,connected-component-lexicographic-milp-v1,5daa353d4233b7bfb1ceab27d14d690bae195e6549887323f40ad35c69cafd6e
phase01-data-v1,0b5bbc84b7f07d6d09d063130e90b716d8d4a32a,techqa-group:80ef908efab96d7532f1bc98c20385d1b03f1338fb63306e12b302c6cdfd4c7e,1,"[""TRAIN_Q116""]","[""swg21426787.txt""]","[""c0e76b3eb8c8d5b5bf6cc2b996c9f30e69c0877ecae7194d060facd80bd900ae""]",1,0,train,42,connected-component-lexicographic-milp-v1,46d8179c139a552a6c0e94a7fff2f88fe8e0817807d53e187428f602ca0b5d9e
phase01-data-v1,0b5bbc84b7f07d6d09d063130e90b716d8d4a32a,techqa-group:80f41edbbaf68408edd89b449428a5b1424a386360eca47ddb1ff5fc729ef4b3,1,"[""TRAIN_Q111""]","[""swg21983129.txt""]","[""c08e7dcd4888e9c6c83fcfede719da4aa4dbb39a58fba2a39b7a6965db55c05b""]",1,0,train,42,connected-component-lexicographic-milp-v1,e3c652b1198d0a79618921deb7dacb202d84363afd728517b9f8467448e1e92f
phase01-data-v1,0b5bbc84b7f07d6d09d063130e90b716d8d4a32a,techqa-group:8148251faffeb56a3c7ff459a4fc0d0e6bb95374f65fafbda179fb7d0b22da77,1,"[""DEV_Q233""]",[],"[""a24547e9f7b15419377eb003acf3d8aed7485041c6fb74257e64c3cdd73e1552""]",0,1,train,42,connected-component-lexicographic-milp-v1,28b3153454e3ac827cbe1c156cf2114612f66d7872c4fc7da00a9ce62b8ac554
phase01-data-v1,0b5bbc84b7f07d6d09d063130e90b716d8d4a32a,techqa-group:81b13a8a5e39e6d65add99b1d647b57995f4af10982a34d4b4943e0f182d24f5,2,"[""TRAIN_Q455"",""TRAIN_Q593""]","[""swg21381009.txt""]","[""f4bc06cc1d4711daf0208fe965967b82dfa6d48193dd38a0f9f9174108d446a5""]",2,0,test,42,connected-component-lexicographic-milp-v1,cfbcd29e37ec4c68bbd0ed6b6d5f903c138d6c545f8b8457b76530d78a724a2a
phase01-data-v1,0b5bbc84b7f07d6d09d063130e90b716d8d4a32a,techqa-group:81c91d0a07a6e5c13751dc9dd756c77c5c79d46f9a06bb497d7099520ec55dc7,1,"[""TRAIN_Q195""]","[""swg27046676.txt""]","[""cc382518e57b244aff4dd1acc575cbab16f9b5c344c56daed29c7399e60362d0""]",1,0,train,42,connected-component-lexicographic-milp-v1,a29e47051627271b81c8cb5ebf36a5669ddb0239ca545a0d9bb0235ea312c0e3
phase01-data-v1,0b5bbc84b7f07d6d09d063130e90b716d8d4a32a,techqa-group:81f28836e9c4d5936ad1f38980c6c0495b56f46439294dde6a36df06d0c3ad13,1,"[""DEV_Q232""]",[],"[""69e0e39e6ebbe2d99faa158849abfa11f11470952a65d1bd1cb0a785043f705b""]",0,1,train,42,connected-component-lexicographic-milp-v1,6cd8f7eecfa278e5d01de84d7bacc1a66d13082152ddb074683c565279e145ca
phase01-data-v1,0b5bbc84b7f07d6d09d063130e90b716d8d4a32a,techqa-group:81fc6a9b2928d1a6e4afb6969973f09678e880e811074683d897ef760dcfb8fb,1,"[""DEV_Q090""]","[""swg21608473.txt""]","[""a99ff738562f9b5794b50e9eb60184015626bed2d727483c49419f85b6713d5d""]",1,0,train,42,connected-component-lexicographic-milp-v1,fa38f72527eff854e53dbc10a963bec9a64f633d76efcccf12ceea1638cb6f0a
phase01-data-v1,0b5bbc84b7f07d6d09d063130e90b716d8d4a32a,techqa-group:8230ce0cc1400a99de2197dff825a1d84c2a445334fd3f8216cfacafa4e87911,1,"[""TRAIN_Q368""]","[""swg21318303.txt""]","[""0f606e8e84403f29d7552a11b825944384c318298f87997b0ed44f4ca926526a""]",1,0,train,42,connected-component-lexicographic-milp-v1,44005439fa97172f7b8f98012f9fc72bdf09334d2361b5ba40cf3e830996d15d
phase01-data-v1,0b5bbc84b7f07d6d09d063130e90b716d8d4a32a,techqa-group:835f7972aa4ec55fbc9f1f6ed51ec61447bb5ac58c3f21616c7a472bbd8572df,2,"[""DEV_Q290"",""TRAIN_Q189""]","[""swg21967756.txt""]","[""62d3ed6891634c3bb7b1c0038716eab9417665f41a110dd72a2a6117b8579cc8""]",2,0,validation,42,connected-component-lexicographic-milp-v1,8790af0d275aaea8b99d7313ddee6c3b12fba573a08956ea825f435d735f84b3
phase01-data-v1,0b5bbc84b7f07d6d09d063130e90b716d8d4a32a,techqa-group:840b19697ffc28f8ecfc2653dc11bda3b29ab228a205f98b494ac129ed7d6459,2,"[""DEV_Q195"",""TRAIN_Q156""]","[""swg21959224.txt""]","[""1dc41d78b2567d0658d79c3d8198b03a75d967a94471ddec03a9e65c4c5f6433""]",1,1,train,42,connected-component-lexicographic-milp-v1,136a0e7a4ba3eead702092f096fdbd1a6d32aff9ae733961449d0e9bbc91e5dc
phase01-data-v1,0b5bbc84b7f07d6d09d063130e90b716d8d4a32a,techqa-group:85bb5111b325b120b8a4420fb0efca7233243ac475aa5c2bed5554be4c403772,1,"[""TRAIN_Q007""]","[""swg21636093.txt""]","[""b1c0761d9b40f49df9b19bcaa80d17ffad0de055c69732ac0cd5dbc5632c9b69""]",1,0,train,42,connected-component-lexicographic-milp-v1,9c1cf8130a8f3d8e47f2d745a6118c9cc86e312ee8fbe97c7c03af3c8ba11864
phase01-data-v1,0b5bbc84b7f07d6d09d063130e90b716d8d4a32a,techqa-group:85c06632b21fa32d7f2102a3534da46d8aca92d58ddeee931ed23b0d026033b1,1,"[""DEV_Q064""]","[""swg21995099.txt""]","[""daca6ea7faaac2dd4577dc937c08c73a5dc9f010a3c7a0f4698d865a655ff453""]",1,0,train,42,connected-component-lexicographic-milp-v1,973582b3286fc35883b0b2909c8c74f249ba2d11a9f46b59189d62b53f855d2a
phase01-data-v1,0b5bbc84b7f07d6d09d063130e90b716d8d4a32a,techqa-group:85d6552c3d9c3d9248501e4f5e74b056142bd7d85d2c4abd387bedb3725ce29f,1,"[""TRAIN_Q141""]","[""swg21244384.txt""]","[""9fdff4c622171695d0978df9427d221bbfbd5392761a44a1fc6ff39a3f729696""]",1,0,train,42,connected-component-lexicographic-milp-v1,db6854e20d01514ed73745fe28991abcb6f72dc6e21a3f30094af39381f01f69
phase01-data-v1,0b5bbc84b7f07d6d09d063130e90b716d8d4a32a,techqa-group:85fee2625ac3ba53a24e1a2272608a6dd2a9f740a69d73e554aa661c0b6d7c25,1,"[""DEV_Q043""]","[""swg24042656.txt""]","[""f86dbe98d630ec7a6bf6d463377b1da17241e953fce094df33e5a936266c94f1""]",1,0,train,42,connected-component-lexicographic-milp-v1,00821c4360161c2d9a0cdabf4b3ab5a3d913b6d1568aeb70b25e3de871eb5a15
phase01-data-v1,0b5bbc84b7f07d6d09d063130e90b716d8d4a32a,techqa-group:863e131a55577a2ad5f76513bdbb609334ccdfa4f2e9f656b8818ef53e00940f,1,"[""DEV_Q286""]",[],"[""f6cb446a781041dbc580ba8a0856dc33a6e92b7d398ed09521b6d59f261d6a99""]",0,1,train,42,connected-component-lexicographic-milp-v1,d278f9daf32085089d113b107975b9ca968129c3362030c456e44c3baf07d56a
phase01-data-v1,0b5bbc84b7f07d6d09d063130e90b716d8d4a32a,techqa-group:865b82a2cb63e20ae533517182cbdd7c45f3675e0de683e63e7184538507ab1f,2,"[""DEV_Q063"",""TRAIN_Q258""]","[""swg21509510.txt""]","[""5b7c5e8193a593281db13cdb6bedb2bd05be098f732d5990203508933caa53b0"",""5ec808ae7addf32be3ede0f55cb450bde70162ccf8daf738b8a48ad2cc02c494""]",2,0,validation,42,connected-component-lexicographic-milp-v1,04961b24c128a07ffd1d9fdce97e1cc1b6509e6d7a3b5ad024bea6e35bba25c2
phase01-data-v1,0b5bbc84b7f07d6d09d063130e90b716d8d4a32a,techqa-group:866e8f14eb78d8ffe14d28bc0253bce42450233e11fe1fd10253b9295ed5104e,1,"[""DEV_Q010""]","[""swg21317981.txt""]","[""233b177c0f361ac9dd62942b2c5c7426fbf4e52c1be9d98b567eb33a78169490""]",1,0,train,42,connected-component-lexicographic-milp-v1,f88280b9929edf1a9fad1b7806cbeacbe348d2acf5a468aabe3edde9552551b4
phase01-data-v1,0b5bbc84b7f07d6d09d063130e90b716d8d4a32a,techqa-group:86b56d88aca56f4186274e8ee1d0e7fc8fd77357a6c79dcb1f6f909edad1df55,1,"[""TRAIN_Q115""]",[],"[""b6c1b3fb1a4ffadc2b32b7a29ca618c7f9a63c0a750a0aae8272959e3eda8785""]",0,1,train,42,connected-component-lexicographic-milp-v1,f7f68cd67e40a78035b2de425bef824729677cecffecf88523db472617df0eaa
phase01-data-v1,0b5bbc84b7f07d6d09d063130e90b716d8d4a32a,techqa-group:86f6ea47cfa4d80585013ea1b4a374f83175b184062a0e72730fde21b9f23abe,1,"[""DEV_Q153""]","[""swg21409481.txt""]","[""0c94f22c0241f653b16ad4e54bec28cca8ba7f7c80c4f7b165cda6c77512a456""]",1,0,train,42,connected-component-lexicographic-milp-v1,c934aee35e17330467beff5099b72a7f5363c926899dee653d82953ff0a0a424
phase01-data-v1,0b5bbc84b7f07d6d09d063130e90b716d8d4a32a,techqa-group:87d619f3e036b6dfb52203ca4980c162a3bebbfa44845914cc6412aefbfe627a,1,"[""TRAIN_Q050""]","[""swg21974566.txt""]","[""391910eb3bae6c5d58244530deee9bfecbfbd8b4f88d06d1b2aa796c5cf2f7d1""]",1,0,train,42,connected-component-lexicographic-milp-v1,61d234e1e0512fe921accf00456e342ecf0c0b7ec08d16bbad8d3300808c3442
phase01-data-v1,0b5bbc84b7f07d6d09d063130e90b716d8d4a32a,techqa-group:881ea8145c45f523d94582475dbbb0afb880b967568d04ab4a0b4551d2b7bba5,1,"[""DEV_Q037""]",[],"[""750088e42ec6122b207789fbe161fcdc006ff51de99ce262a493be19e43b268c""]",0,1,train,42,connected-component-lexicographic-milp-v1,a90c340fdfae541bf75b57ee565c38adfa903cad96a25006d15f48c19996377b
phase01-data-v1,0b5bbc84b7f07d6d09d063130e90b716d8d4a32a,techqa-group:8832aeebede676a4148e3db441dad4568691a90b14e823eaa3d6aa2cde6fbeb7,1,"[""TRAIN_Q146""]",[],"[""75eec6c3fcd881b3a90bc9e8b60359eae4a84c81d51591ef551bad69749512fd""]",0,1,train,42,connected-component-lexicographic-milp-v1,46358152b5b389a155d1240deaf68a8bde853618366f19426b23c49992cbbdeb
phase01-data-v1,0b5bbc84b7f07d6d09d063130e90b716d8d4a32a,techqa-group:8882e95ac052d0f123135433154cbb3f12139c1d520816a7e12d278b3ab399c6,2,"[""TRAIN_Q083"",""TRAIN_Q478""]","[""swg21634612.txt""]","[""6688aa86aeb7d62310d1294f4f8bed220048d4464ef09f618a6032bb09637382"",""f91aa1631659ba87f4076717f7d218776a5b608b00a7c8efa5724a668660c707""]",2,0,validation,42,connected-component-lexicographic-milp-v1,8c569c4dbca212d3f95b20cfb677c9a4be1476424f0b5192a8b015b37e48dca6
phase01-data-v1,0b5bbc84b7f07d6d09d063130e90b716d8d4a32a,techqa-group:890460b19258d8199bc7e4495a0a1c9aedf5af7780263eab006dbda7d788bc43,1,"[""TRAIN_Q121""]","[""swg21514810.txt""]","[""346d66271c53d21b41fce29e75c8808b2c9f9567feae30ed8aa09d31ed785ad7""]",1,0,train,42,connected-component-lexicographic-milp-v1,744e705ba60a3a1db2b1dae9817af27517670086bbfce6bf6c850f202f5d5f70
phase01-data-v1,0b5bbc84b7f07d6d09d063130e90b716d8d4a32a,techqa-group:8909e8e29a74db8b9f3f5d44ee77fd366a3aa49127fbc47908458cdbe2f2f942,1,"[""TRAIN_Q567""]","[""swg21678261.txt""]","[""2cc8e10220d868c5abb8d446e9f8d8450f6f586d29f888d3446d670606a81350""]",1,0,train,42,connected-component-lexicographic-milp-v1,f5be1579e0c78326014fff7b6336d2c4953afd663fe78e7bf9dc73bbbbc743f1
phase01-data-v1,0b5bbc84b7f07d6d09d063130e90b716d8d4a32a,techqa-group:894a2d3f4816ee0d97c4bd512e041c4feb59f38462d63324bc965a95f0dc7032,1,"[""TRAIN_Q106""]","[""swg21968399.txt""]","[""82692a349f5d75225ca641d95cf0166c20fa08860c5fce6994f1a94a4820ca0c""]",1,0,train,42,connected-component-lexicographic-milp-v1,0293ee3b56c6b9b3f26d5f8ce4b30f14b678480f881ec12f9e9895b6015d57c0
phase01-data-v1,0b5bbc84b7f07d6d09d063130e90b716d8d4a32a,techqa-group:89ca4fe763798dd7c078934920c300dd39d4ef681f612c9ada30f7a9994ec990,1,"[""DEV_Q060""]",[],"[""996ee1774e46f7edb4851d472aac8fd3fda66301ec00f7467abde2f5a2ff8803""]",0,1,test,42,connected-component-lexicographic-milp-v1,a52b76692f3515688dcdbd4fc7c782aed7c8e43d114d43cc2979ce4a2ce55d82
phase01-data-v1,0b5bbc84b7f07d6d09d063130e90b716d8d4a32a,techqa-group:89d4649f0c489ce15592eea58aaa7c573474325580a1867b775cc3f4180255a5,1,"[""DEV_Q042""]",[],"[""3b5ee66108e8b756400eedd674188de3322ab686f89ec713b5992cc073718126""]",0,1,train,42,connected-component-lexicographic-milp-v1,13dc36e40c9650ea69b7525d446fc69cedabc806f6066aefbc57f5f79f852fdd
phase01-data-v1,0b5bbc84b7f07d6d09d063130e90b716d8d4a32a,techqa-group:8a1a9b2fd73b369ff58583966d77e779e248d66978e3ea1a28c1723dd7b3c044,1,"[""DEV_Q048""]","[""swg21685441.txt""]","[""77b7786b222f9c242d9bdcb7174f18414807b3aca35242e60a8e4016f579e4ca""]",1,0,train,42,connected-component-lexicographic-milp-v1,8fdbb6ea0d970e9478ec6144b5330a94089940f5276367cea9bc00e32119e4a5
phase01-data-v1,0b5bbc84b7f07d6d09d063130e90b716d8d4a32a,techqa-group:8a21acf3ef9bfa5ce0eaa8dbcf69e9b303e33da7e60fea2c78e87a0888e25007,1,"[""TRAIN_Q188""]","[""swg21976068.txt""]","[""f56b242ba1de90fa3360e5707b323017eead9d7bce8f842806a2eb2ef3ce37bf""]",1,0,train,42,connected-component-lexicographic-milp-v1,144b383d2f2bc9598e62cdf462c653f9d0b94ffadecbb23f3abdf842ea3b04ff
phase01-data-v1,0b5bbc84b7f07d6d09d063130e90b716d8d4a32a,techqa-group:8a4898e535d3fed29ea028e223399abe0ac07d7adee8687403bd84e8ade9c1b0,1,"[""TRAIN_Q512""]","[""swg21651101.txt""]","[""09664c8cd0660631381148f88237ac478c675da8f5787fff45d96fdc37cfb4ae""]",1,0,train,42,connected-component-lexicographic-milp-v1,06ae70b4725c48bf2f1c4a2572dc2f8ef76ff0426f9caf459c649b2e309142ad
phase01-data-v1,0b5bbc84b7f07d6d09d063130e90b716d8d4a32a,techqa-group:8a66865f86fb7303a6ba32c53546473f9cf26837b015aa969a65e6d885ba8902,1,"[""TRAIN_Q570""]","[""swg22002442.txt""]","[""07bb451978039708b1c17148021424659bd6bc81a8807a862f83c94a0ccd3359""]",1,0,train,42,connected-component-lexicographic-milp-v1,93a36843a7354d78a43e1cd76c710e5ffc1f2aad6bbfc33437fb5bc6d94ba72a
phase01-data-v1,0b5bbc84b7f07d6d09d063130e90b716d8d4a32a,techqa-group:8b55440e2ef57c4dd732964f3048e63516c3b6fbe6b3b110620945e3d3caebe9,1,"[""DEV_Q074""]","[""swg21959169.txt""]","[""67a0def8c2fe3254c8025dd646d0dfd0f8feb62bd21a4efd3a7fdae93cd833d0""]",1,0,train,42,connected-component-lexicographic-milp-v1,e88846f33413189a85b9543129b4e731188269d786cde91a01900a31084207e0
phase01-data-v1,0b5bbc84b7f07d6d09d063130e90b716d8d4a32a,techqa-group:8bb112d1f2165a69082b9849d00af32cebfc3c666489d26998dc71610d67319d,2,"[""DEV_Q228"",""TRAIN_Q333""]","[""swg21498780.txt""]","[""fe7ef2b0d58f899b64288eb61950a0a685326c0950394ea44782f4cbb29c41e4""]",1,1,train,42,connected-component-lexicographic-milp-v1,41d346ec8d56ca65a37bddd2251974d345a07b7b5e06f7895895efbaa8fb9410
phase01-data-v1,0b5bbc84b7f07d6d09d063130e90b716d8d4a32a,techqa-group:8bcda92e5434bbdf42fc203acd60e1f21ad07faa142c87982943bc551d750994,1,"[""TRAIN_Q576""]","[""swg27021012.txt""]","[""574858f4f08aa409e44aae91ae7186098f3059f8378f02c81970409a55894c5a""]",1,0,validation,42,connected-component-lexicographic-milp-v1,67c0c0f5e020e7f399463ada76f9e30e596f2adc1c32962f2349ad30df836be2
phase01-data-v1,0b5bbc84b7f07d6d09d063130e90b716d8d4a32a,techqa-group:8c2fb0402967b50023dc1b90b41341e1ec55794ae4b7d39ea1ffc48bff25de23,1,"[""DEV_Q239""]","[""swg21330011.txt""]","[""346eb16078af7453eb6db077a3a22fa8523329124734fd66c95a79b19d2d719c""]",1,0,train,42,connected-component-lexicographic-milp-v1,f600e2dbc61558ebf652ddaea892aba44ac77b0d461efea0d5c9b9c992b6b0a3
phase01-data-v1,0b5bbc84b7f07d6d09d063130e90b716d8d4a32a,techqa-group:8dc2cc993ab73ec22e6795ea80b4445324905a01a1b8a85eb9b3a35c27ec80d4,1,"[""DEV_Q252""]",[],"[""33be8393c2397045fe10cfbcc4621597f53e10292a9c4381fa6c81935283e987""]",0,1,test,42,connected-component-lexicographic-milp-v1,5ecb0996ddb8f17e8c5c5c1d6857726873a38384504ab020b635ab5fc59fdb38
phase01-data-v1,0b5bbc84b7f07d6d09d063130e90b716d8d4a32a,techqa-group:8dd0280321326f8d2f364155bb0672447c92dc3c2ab2d1b376fc46691702ebc1,1,"[""TRAIN_Q485""]",[],"[""bdbe3eab35beeb45c8091541eee9a72ab89929af0ab22a0fd877249358a38a33""]",0,1,validation,42,connected-component-lexicographic-milp-v1,db682a7a994c18d5cf2d3efa5c844e6ffa3aa9ba7e91a520202feb30756c2abb
phase01-data-v1,0b5bbc84b7f07d6d09d063130e90b716d8d4a32a,techqa-group:8de377807a921f65a3250cadc90a50d6d452249f563e6f6013cdc3d64ff895f7,1,"[""TRAIN_Q362""]","[""swg21964501.txt""]","[""0c8d6fc5a1257b1b0580e690529058e3989e4d4afea6555badb14222417e0d8c""]",1,0,train,42,connected-component-lexicographic-milp-v1,6f784d3832d2799a4bc8aeff8f2c2d5616871f9eabd0d52ea742cd5e89b745b0
phase01-data-v1,0b5bbc84b7f07d6d09d063130e90b716d8d4a32a,techqa-group:8e30a9dc39fac11dc3fbc98529f90d01a132ea4ada6f5fa243708d28756fc854,1,"[""TRAIN_Q185""]",[],"[""7440736f6ba9e001d2c431d56e442b000e2b4107cda238b38e5f4f3622f201c1""]",0,1,train,42,connected-component-lexicographic-milp-v1,63a7f19ac6e8f5ebcbd8fdeb3899279cf8de8c8ed7a571e3dc81435dfcf514ad
phase01-data-v1,0b5bbc84b7f07d6d09d063130e90b716d8d4a32a,techqa-group:8e3fdd7eef2f209fcc6ff467c211a94129a2542177df46e2054a7c4758a49208,1,"[""TRAIN_Q459""]",[],"[""7b1c47914ef3d5a608866e5e00223716143c04f00cec76bdaf3a8341584f1446""]",0,1,train,42,connected-component-lexicographic-milp-v1,fa80be81317d6a00a85ec7e11ab5a25c605548bfff60a1ce5c42ab10d09c7c2f
phase01-data-v1,0b5bbc84b7f07d6d09d063130e90b716d8d4a32a,techqa-group:8e5a6386b09db30ba06b46e9d89f2a9376f338544150eb60e55924e000974274,1,"[""TRAIN_Q418""]",[],"[""ca602c6472d558c9127311f2b10d1c2ecaf7ba93741db5f37e753a1287a1f4fa""]",0,1,train,42,connected-component-lexicographic-milp-v1,c5f5eb17f124c02dbbde60690db94f9b878c368b98325938e34a2a56377d20fe
phase01-data-v1,0b5bbc84b7f07d6d09d063130e90b716d8d4a32a,techqa-group:8f8a50eafc19430c6e44f13dcc10d2d699232fae594f075d5d9806b9a1253383,1,"[""TRAIN_Q425""]","[""swg21150579.txt""]","[""0cfa8c4324ed7676a9db24149b8dfd97a539cda10a13a2d2480ee3e47ba0789c""]",1,0,validation,42,connected-component-lexicographic-milp-v1,006722a15d93a8ac20466a9b8c2aa8b442e36409abb6d3402d8281880df3cf84
phase01-data-v1,0b5bbc84b7f07d6d09d063130e90b716d8d4a32a,techqa-group:8fa26a825798612b94db969d172b4c9bec7c4cfec1374c7d7818cb88e3621550,1,"[""TRAIN_Q440""]","[""swg21983904.txt""]","[""9d78a19756b50a7a05964dbb40a65a346d12b4bd47469dea0764e8555e948468""]",1,0,train,42,connected-component-lexicographic-milp-v1,b323924f909a152ce51e448984f9579a359cc5c7e009c4a69bd4e69c9926c3fb
phase01-data-v1,0b5bbc84b7f07d6d09d063130e90b716d8d4a32a,techqa-group:8fa735c404c7f70db61ed8475a7ce392b4b8945ae94032ce5d3b54a9129203c6,1,"[""TRAIN_Q476""]",[],"[""ba01569943335cec1f209d2419b7c61a4d1c5da35653a3871b7e50b91828e35f""]",0,1,train,42,connected-component-lexicographic-milp-v1,9e0fdcf28ec85dc1576da610c1552f7e785e4754d150ff9a736530cc609fa151
phase01-data-v1,0b5bbc84b7f07d6d09d063130e90b716d8d4a32a,techqa-group:8fb05aa1a35ebdf418385af4be293349ea99abd3a6e8e115ea8d2db44f4a7707,1,"[""TRAIN_Q173""]",[],"[""e427a414d4bfaedf97dd31419c60d56f89b859c004ccd42cc0d13926984e1454""]",0,1,test,42,connected-component-lexicographic-milp-v1,681d41804ca15791cb2e75840de5533ccf18c0aa8a97b261e247ea7b2859f5a4
phase01-data-v1,0b5bbc84b7f07d6d09d063130e90b716d8d4a32a,techqa-group:903e7b3448a54de62ae863d600cbe7ca3442b5f5bc85c2aad54f8ba051c96fc4,1,"[""DEV_Q236""]",[],"[""ed8b9a69fc3f396c2d1455df98beed932efc4f734d203b07ed8cb430524f12fd""]",0,1,test,42,connected-component-lexicographic-milp-v1,c27d6954dfa407ddb1afb29d7bc890875f5413e2c2bece65dbdf3f21dbc92bdc
phase01-data-v1,0b5bbc84b7f07d6d09d063130e90b716d8d4a32a,techqa-group:90458f1c019055393f2d6a4977a3f671cc0f89ce7aabdef775769ecde3e6ab2c,1,"[""TRAIN_Q202""]","[""swg21984463.txt""]","[""f69146ecaf97c83c79662f3677e7260ae6a8a4f33d69e7f9a20237de3bd71b95""]",1,0,train,42,connected-component-lexicographic-milp-v1,5e8e8fdf274669214302929cfc6ef01e85f2cf00bc9282aebb12c7e04c0add22
phase01-data-v1,0b5bbc84b7f07d6d09d063130e90b716d8d4a32a,techqa-group:907d73f607a66e51ba024b1d007cdf8c4723969f6ceaba713d3bc824e1a47be4,1,"[""DEV_Q218""]","[""swg21984588.txt""]","[""b4f056ffda423ba34aa5399d0763fc9acde820bf2e827aafe3f2635c8a3e83cc""]",1,0,train,42,connected-component-lexicographic-milp-v1,c57ac71fb36fc4a7ac02d03a223537cf66a08b01b6f7e51ea22aa7bb3f3a1456
phase01-data-v1,0b5bbc84b7f07d6d09d063130e90b716d8d4a32a,techqa-group:9083dea9d3b9cd1bd860443b9be3c404b8d373a86f267a85676ac2517aecf446,1,"[""TRAIN_Q006""]","[""swg22008493.txt""]","[""e97a65da893a29133c94a8f3c1e5f92eeee03adf9879c88e377223915037def7""]",1,0,train,42,connected-component-lexicographic-milp-v1,38abdfc10dd39d066bb346b25b5ae19e17a7595225efec951397b6ec28fd96b5
phase01-data-v1,0b5bbc84b7f07d6d09d063130e90b716d8d4a32a,techqa-group:90b1fc606c9c61c4d418463b0d5c098ca966922bdf42ecc0844bf2d40cd38645,1,"[""DEV_Q254""]","[""swg21980860.txt""]","[""162d8c1978188b402826b0af3e1197143899b6dd8cc9634e84ec83093dd33f83""]",1,0,train,42,connected-component-lexicographic-milp-v1,a6bb22abd5374731805e7c2ad74babe33439f403314f60e8e417e71dbe4a52b1
phase01-data-v1,0b5bbc84b7f07d6d09d063130e90b716d8d4a32a,techqa-group:90f53b152b8ff1f3b010cda2ddb99200d8a8e50671dba686f21c38019c17edad,2,"[""DEV_Q014"",""TRAIN_Q299""]","[""swg21138332.txt""]","[""cbe53903b76d73960fd2cc997d4306a95d29ea04e911216e2f4a49e0df9d1372""]",2,0,validation,42,connected-component-lexicographic-milp-v1,a54d5b73e13fc1a041f631f728a594453aaf767ba173aa63d16cd8651d4ab656
phase01-data-v1,0b5bbc84b7f07d6d09d063130e90b716d8d4a32a,techqa-group:90fc1d42ba1ce49563f5f6685aa355037a4dda79c923185d2298b365ed8ba681,1,"[""TRAIN_Q144""]","[""swg21995004.txt""]","[""557e4f2ca5fb2a5e73d7df1a2b3379fb4620fc62557f87b95a16411251141271""]",1,0,train,42,connected-component-lexicographic-milp-v1,38156232e518563337cc25b6dc31c072c31454a4c7fc8ea0b14e419c6788beca
phase01-data-v1,0b5bbc84b7f07d6d09d063130e90b716d8d4a32a,techqa-group:91428eff3da5c51ff29c7ac9708e7aa226934c867ad1d0029d949f36a53158df,1,"[""TRAIN_Q336""]","[""swg21882989.txt""]","[""41bde8464913d447c878a6e6dca401d6826eac33e0c9b582e774979ac154a6d6""]",1,0,train,42,connected-component-lexicographic-milp-v1,33a0edb805f0352faffb7cff6eda8797412a18a089e2b3235eec65cb5030064a
phase01-data-v1,0b5bbc84b7f07d6d09d063130e90b716d8d4a32a,techqa-group:93b272fa2b2643b586bda73071af6e317477ab1fa2d59e1f7e2a7343ec75846e,1,"[""TRAIN_Q527""]",[],"[""6f78c520a7062eaa61b88bbca000c637f29788d5e4d6606fd1c8a9287d90a610""]",0,1,test,42,connected-component-lexicographic-milp-v1,1143b0dd6e4fcc15cb4a4127c6279a227e6ca91eab41a8aa8d27fdb2172f1117
phase01-data-v1,0b5bbc84b7f07d6d09d063130e90b716d8d4a32a,techqa-group:9409fdf55360fe52a6be96425e0cd6a5e236c1c989a2c768190e2878b4bfd3c7,1,"[""TRAIN_Q441""]","[""swg21508890.txt""]","[""084d6d646dbcb194aa7a55793f1a3563d111662a38e0efb0f14e3a110b4ab4f1""]",1,0,train,42,connected-component-lexicographic-milp-v1,f37de8def79ce3ffcb8ff607b9c1d83579576fc0207683a895dc40ca3c586ef3
phase01-data-v1,0b5bbc84b7f07d6d09d063130e90b716d8d4a32a,techqa-group:9429210399bcd2572d8128a929b01b4aaa65eb50140f27424ff99cf738ab7ec4,1,"[""TRAIN_Q574""]","[""swg22008470.txt""]","[""cbeb3032f0910ba26f97b8d0ad62f5629a550762af48c460691a653dc9260c3e""]",1,0,train,42,connected-component-lexicographic-milp-v1,53943f8be835665090712681259dbebc7e8cc71a6286e2ae98121ae9a816ca6d
phase01-data-v1,0b5bbc84b7f07d6d09d063130e90b716d8d4a32a,techqa-group:94405ee9283ef81d64314b470e2fc36004a4e07b5d1edd425b784a5f9575b059,1,"[""TRAIN_Q081""]","[""swg24042387.txt""]","[""644e175c28e207e3858e9a1b039ac4c2b9046b4c3b15287ab7b7ed26b4f5d721""]",1,0,train,42,connected-component-lexicographic-milp-v1,7800d4c2fc7668eb871e5efe7edcda392f16f8dd19a1a395a2761b4b7bdab713
phase01-data-v1,0b5bbc84b7f07d6d09d063130e90b716d8d4a32a,techqa-group:946f3334225563234a7b2dec4249dc6803f568b3d8dc77120dff36b917c25e89,3,"[""DEV_Q039"",""DEV_Q094"",""TRAIN_Q285""]","[""swg21638268.txt""]","[""2b78b91c1017145cd96ea7e41f9b2e34c8112ca1e10f987a05949e8d7cb5d4d0"",""49f2fd6a2f4a80d4a9e90181f9b51dd638241a36d1a1e058139cfae6488c0227""]",3,0,train,42,connected-component-lexicographic-milp-v1,04628e3a8cfc6dce1a9ef24d9b42244002e40241b723748c4a6ac7ecacb4d21d
phase01-data-v1,0b5bbc84b7f07d6d09d063130e90b716d8d4a32a,techqa-group:9494deba3e9a7f198bfef6d04f2ae36f4a09f46d68f816820578a4d1168cdc23,1,"[""TRAIN_Q075""]","[""swg24044440.txt""]","[""ef4b77a4be76c5b233f48e9952834fccfec557b1ba4f116c2bf54445fd6b5128""]",1,0,train,42,connected-component-lexicographic-milp-v1,c3c5e4b70caf7563917ae1a9463f16d4e93c305fd5968e83624b9e59710a9f44
phase01-data-v1,0b5bbc84b7f07d6d09d063130e90b716d8d4a32a,techqa-group:94defb0c8b785f1b1445a256d5de058e83294435f211575001941ebc45c5d3bc,1,"[""TRAIN_Q230""]","[""swg27038676.txt""]","[""8a8ec238d1f6a454191ca4c7b1f0d6cea6fee02bfc81d924ed65c64da4bfd240""]",1,0,train,42,connected-component-lexicographic-milp-v1,037a8301caf318f9ae82c74e96028d1c8af0753ab40af474fdbe35bba9acf548
phase01-data-v1,0b5bbc84b7f07d6d09d063130e90b716d8d4a32a,techqa-group:94e3bf552387a144e27d84292ded36e2a99f316c2e1aa54b8e8030ee2f7494d3,1,"[""DEV_Q214""]",[],"[""2b441c379ca4070ecf39ff37fb7db66bfb81956b9156e9d314029faa82d23c70""]",0,1,train,42,connected-component-lexicographic-milp-v1,545b7a3c2059822f3c89a1946f269747b197c2e73fd9beae9b17b77a64f1ddf7
phase01-data-v1,0b5bbc84b7f07d6d09d063130e90b716d8d4a32a,techqa-group:9577fcd219f0fb40a3cdbeaa9df1d3fd6d6b12ec10723671b21d0163444d8ca9,1,"[""TRAIN_Q279""]","[""swg22005400.txt""]","[""b1a6d44907e6c8038a3debfc984763a93eda029e33cc79da8a96c70bf9c86338""]",1,0,train,42,connected-component-lexicographic-milp-v1,74720e11868d9d81d0354c95e9208cd7f7d9105fe44e9369f68a56a0f4f5795a
phase01-data-v1,0b5bbc84b7f07d6d09d063130e90b716d8d4a32a,techqa-group:958cb8e6832403a4eea69b1ee1fc6171387cb31cfe023d7af464882001dc3c4d,1,"[""TRAIN_Q513""]","[""swg21697458.txt""]","[""593d23dd22f411a6031b744b1811b0af2941680c1fdba75006d160199a66d449""]",1,0,train,42,connected-component-lexicographic-milp-v1,05f0ae1119bdf5a23ba728e725750673ee3b2c03602e4f6a8b76642e18074ca7
phase01-data-v1,0b5bbc84b7f07d6d09d063130e90b716d8d4a32a,techqa-group:95fa8445153588260b42fc23896487d1cb4ab9a8f361556e43db7cbbc6a48407,1,"[""TRAIN_Q339""]","[""swg21974757.txt""]","[""1a57c72dad51f606b7bd6c96109597bc3522cb4e1805c55194428dbcec90e910""]",1,0,train,42,connected-component-lexicographic-milp-v1,be73c3f45902cdae3f228b0eb41b4b659cf859308b99ad351d7fcdda1e5a3024
phase01-data-v1,0b5bbc84b7f07d6d09d063130e90b716d8d4a32a,techqa-group:9613b6294cd6ae5fe076d1aa277310c6c644acbaf87561bf26948d66abebe300,1,"[""TRAIN_Q577""]","[""swg1PI54477.txt""]","[""6dae600e28e007f5ea8486ceda413db44936d543848ddf7cdd999f65f3decd09""]",1,0,train,42,connected-component-lexicographic-milp-v1,8281ecb60935a1fd25dda029fd562ac91cda1a8f622d7e537da808130e97f7ab
phase01-data-v1,0b5bbc84b7f07d6d09d063130e90b716d8d4a32a,techqa-group:963b0d75948d2ceb6e9960f4e8c2cd7822c94a2876b131a0f708ab76ad3d4e19,1,"[""TRAIN_Q183""]","[""swg22001607.txt""]","[""426d997bf53065cd047bbd64a616029c7adff776ba852d6bcd906ab6ba5bfbf0""]",1,0,train,42,connected-component-lexicographic-milp-v1,b9526165008471dd45a8a013a718dffcd854d0a3cf5d4411b10a36f08089cfc0
phase01-data-v1,0b5bbc84b7f07d6d09d063130e90b716d8d4a32a,techqa-group:964667f2a7d290f5488dec2f7a45dcd3a666f0a998c47b460f24521669d67b1c,1,"[""DEV_Q219""]",[],"[""b7a19d23db6603ddb1fa3e210069d4fec4938481d5145364c725761497c32e2e""]",0,1,train,42,connected-component-lexicographic-milp-v1,aae41f806d30362c09970743130897332ae7553f919716f64e444f2966ac6c03
phase01-data-v1,0b5bbc84b7f07d6d09d063130e90b716d8d4a32a,techqa-group:96505c154df0563c59632bb01296e14464de357a8c379509d06143465c6d8809,1,"[""TRAIN_Q392""]",[],"[""c2dc601a9e3f84aadfa896f1c1ecb080bb753d52811d045a04f2cb645a30ba68""]",0,1,test,42,connected-component-lexicographic-milp-v1,2034f0dbb1ab09abc78a246f04d4e2b8836bf7aceb82f2163b8cbffd2c24ab4e
phase01-data-v1,0b5bbc84b7f07d6d09d063130e90b716d8d4a32a,techqa-group:9673d34f5c52327e275babf79b58bbb36eb05c83b95f9c92e364c1a55434f921,2,"[""TRAIN_Q152"",""TRAIN_Q322""]","[""swg21978641.txt""]","[""ba51f950d456484a7fba15cc1c35752bde9016637c05b8bb810ea1219d8d96c3"",""f5a2861ae08d088b5827deadc80ff326160e0d4b1817f9326ec6b63343b2ed99""]",2,0,test,42,connected-component-lexicographic-milp-v1,9ff5eedbc9d8fd5d9cb4b1af6baeee5a8a46e7e4842536a45f7a4702373991ca
phase01-data-v1,0b5bbc84b7f07d6d09d063130e90b716d8d4a32a,techqa-group:96ed5574a2d37ed330ee3078f8f44f3458a0012f177dbad22e25752756dc54f8,1,"[""TRAIN_Q191""]",[],"[""0c6140b4106354690d06d279b1323b407a44b1c9deaf8b6e1b7b22622ce775b0""]",0,1,train,42,connected-component-lexicographic-milp-v1,a8c04225c96a94046cca863494204f4a2a35763d30d0599e2c0dd7832e14251d
phase01-data-v1,0b5bbc84b7f07d6d09d063130e90b716d8d4a32a,techqa-group:9736f2f39fca4d2e695c174eb7a6b20f999e71130c85dfc3fe53752b8e91220e,1,"[""TRAIN_Q240""]","[""swg21635057.txt""]","[""2319a10f344eac99f25b66e27c4946581f2a41d0b060d641b454b4178904a4b1""]",1,0,train,42,connected-component-lexicographic-milp-v1,00039bf7a830928483e40f735e1efde0914f471f4b4b84d0af290eb4f579678e
phase01-data-v1,0b5bbc84b7f07d6d09d063130e90b716d8d4a32a,techqa-group:9747e8a3e987c87665fd78e2c109fc3d024c8163b8684fcc427d9cb47b0fcc8c,2,"[""DEV_Q155"",""TRAIN_Q056""]","[""swg21445430.txt""]","[""f0384981f0b9c21f7262aebed65a4d5092831775c3bcaed50b50b0dbd77f60fe""]",2,0,validation,42,connected-component-lexicographic-milp-v1,1d2b7a8c21fde49db6473ccd935c1cf95d74f1b2521ed1c74cf9495ef407ca03
phase01-data-v1,0b5bbc84b7f07d6d09d063130e90b716d8d4a32a,techqa-group:9750517e7c610e8b97559f22436d4ea847f3389044eb8d1c4577dfa3a3981b87,1,"[""TRAIN_Q023""]",[],"[""3f98c608bee1fe406bae5be688ab1a733938ff7e39355158efdbb9abfcb6cecf""]",0,1,train,42,connected-component-lexicographic-milp-v1,42a2d33784de9ff0c7c674e660cc7c2e9c6163268a5f370975e7b73614fdf13b
phase01-data-v1,0b5bbc84b7f07d6d09d063130e90b716d8d4a32a,techqa-group:97ff7d3d80d976cb8439a12ad84d08811ed2e28edffe12488325d759c8cfe4b9,2,"[""DEV_Q257"",""TRAIN_Q278""]","[""swg21959281.txt""]","[""81144f8f867679cc1bfdb3d563ce1e7431420f41077eded35c4c0b2ba93b24f1"",""fc788407a342be9925990111058daf363f5c11d9759c05157796e643cc1d0d35""]",2,0,test,42,connected-component-lexicographic-milp-v1,00fe4f6b36df986c99dc98067d1ef0741be617932d4a8bb67236ba89605a08d0
phase01-data-v1,0b5bbc84b7f07d6d09d063130e90b716d8d4a32a,techqa-group:98763610bbfabfd85682edf7a98494e40be700f82d1fe981950f218e7ef0f78b,1,"[""TRAIN_Q280""]","[""swg21197705.txt""]","[""e779cc6347f5b452133d8820ad6393ff866e47f54b5a125bf3bdbcbfdc710025""]",1,0,train,42,connected-component-lexicographic-milp-v1,decd9c7b9372cce7fbcc482f3813f0b6a9cc55895b00cb15fc585d391f390a46
phase01-data-v1,0b5bbc84b7f07d6d09d063130e90b716d8d4a32a,techqa-group:9a40b38ccaa3cbeadc5df056658ed1cda99b8c9ca896b0fbe2d2d308e0f204f5,1,"[""TRAIN_Q510""]",[],"[""527cc609aed4294a93235a4029512c0216db8cf1baa85d99c56309e99482c953""]",0,1,validation,42,connected-component-lexicographic-milp-v1,1ad03de3b1c53fdf6fc4c81f521525b5572b0e3bfd13f411a3a0e497a7385886
phase01-data-v1,0b5bbc84b7f07d6d09d063130e90b716d8d4a32a,techqa-group:9a4165b18cef1f7af17f52c4eaad9984245f7ab8200764076a95452557cb3c10,1,"[""DEV_Q230""]","[""swg21066791.txt""]","[""ce8c9d2eccf3462f45168e9811679c883aa34d6702aadd755581c3383d03ad09""]",1,0,train,42,connected-component-lexicographic-milp-v1,5e97c43cba7fb12a298eac8c499775c1f6a7f9a351d6203b3b1154b2da9fdfd1
phase01-data-v1,0b5bbc84b7f07d6d09d063130e90b716d8d4a32a,techqa-group:9aed63046c9b9f98a39b46d984507758becaeb62b4798f2017800b0788392bd4,1,"[""DEV_Q076""]",[],"[""c6a1a3565f1d81aa416fa5ce8d507fd9c882c237f368078770724226464adf3e""]",0,1,train,42,connected-component-lexicographic-milp-v1,604b4564772f5d02c44f3af9bdea85a137e9519431bc7ab007d61d69a54b3cc3
phase01-data-v1,0b5bbc84b7f07d6d09d063130e90b716d8d4a32a,techqa-group:9b90debab6071ef63ef8d28787da347c10423d77ced4d71d9cb8eadb3fb91025,1,"[""TRAIN_Q497""]","[""swg21632844.txt""]","[""a60ea93ab30dbfde34d8e74f280f539cb3412f8ef734dd28e3da7c5e3b4b647e""]",1,0,train,42,connected-component-lexicographic-milp-v1,1fa95d13980f6b07f91ed36d55d6c199edcb68857189d2abaca162d20d679c41
phase01-data-v1,0b5bbc84b7f07d6d09d063130e90b716d8d4a32a,techqa-group:9bef45a61f1b39e5565b969bb218e993588914e22bf8fb6d2a4d856d7a2d97eb,1,"[""DEV_Q198""]",[],"[""fe7b4cc77a4a2679572c106b747cd0a7d61501e0dfa7777ffee3548493a05087""]",0,1,train,42,connected-component-lexicographic-milp-v1,87d80283e2f80d88ea5e5d9e247eadfc65de75861e6be036c7f21f5a1eb1763f
phase01-data-v1,0b5bbc84b7f07d6d09d063130e90b716d8d4a32a,techqa-group:9bf2e1acfcf637f657d6217ce92f2812f152dc086c4be97db346c743ed4879a5,1,"[""TRAIN_Q379""]","[""swg21984540.txt""]","[""ac3c9e1c66f8c5275c0154cc44987ce00294881311974109b229925aac3d9961""]",1,0,train,42,connected-component-lexicographic-milp-v1,0b93110ab606882d0b91b842c442458574c4b70703fe94c0bc830783a3af285b
phase01-data-v1,0b5bbc84b7f07d6d09d063130e90b716d8d4a32a,techqa-group:9c71a26f15e3463273cd0b43e8f2286d55f82609c2998ace7d4f23780a6c68f6,1,"[""TRAIN_Q163""]","[""swg22000563.txt""]","[""cda8eb93548d0e2dbb205e2603c957ce1be9e5968f0c006b24c5b5051a01a51a""]",1,0,train,42,connected-component-lexicographic-milp-v1,ee8189158ef37547271344ab66ecee82e9a6a7c6b36cadea8bd30299ffb8c864
phase01-data-v1,0b5bbc84b7f07d6d09d063130e90b716d8d4a32a,techqa-group:9c8ba7d45cae71d20921af47bae9db34c239dc158d7df3753ca8a3b501937621,1,"[""TRAIN_Q561""]","[""swg21632223.txt""]","[""b77cee79b60f00ccc190e4761f5ffe7d77cafb55f46573363de55ef3e15bdf6e""]",1,0,train,42,connected-component-lexicographic-milp-v1,4d7afc20c4fdb8a512952e08b550fdabc164c936e5b0a7a3281019458dc5a292
phase01-data-v1,0b5bbc84b7f07d6d09d063130e90b716d8d4a32a,techqa-group:9c90308c47b6b7e1acc936e6bcc21f61b751d24622a7921907291140999dc953,1,"[""TRAIN_Q437""]","[""swg24042177.txt""]","[""bf37aaed3550d0c0fb43de4fd2b221f2338ade5896c51f901a620f5c92fa7a93""]",1,0,train,42,connected-component-lexicographic-milp-v1,faaf71ccec38558f0d6ecd84f81b21030d2f2f4a4105e95f6d4cb510bfd018ac
phase01-data-v1,0b5bbc84b7f07d6d09d063130e90b716d8d4a32a,techqa-group:9ca1036f6d730f1570c0782989e11180c914e131dc83d6fe228a8c03cfcbed4f,1,"[""TRAIN_Q175""]",[],"[""026064ce9e143c775dae3f95f44e40c9d85090308eccf14d915899dbf20f49aa""]",0,1,train,42,connected-component-lexicographic-milp-v1,2f8f4ef68da674aa57080ae2dc7c13ee1f19b9832f5c6cdb84e460adbdbeed3d
phase01-data-v1,0b5bbc84b7f07d6d09d063130e90b716d8d4a32a,techqa-group:9d7cb6b208da3334c460c039dce3053f065f264b1ac3a84700e5d7abdbc89c38,2,"[""TRAIN_Q199"",""TRAIN_Q234""]","[""swg21397335.txt""]","[""95935df41866db82e6a30ea1e87d6398c14d17c1edcd923b5a9d58b09f72bae0"",""d2feb677e6196d0b53b2973756d65e42b8c61c0b3037f89f2c0783d542e64ac4""]",2,0,validation,42,connected-component-lexicographic-milp-v1,6c34317cc85ae7e1c370881aceaddd1dd56b36a16c055f6128403b32abfbe1d3
phase01-data-v1,0b5bbc84b7f07d6d09d063130e90b716d8d4a32a,techqa-group:9d9cbf656d05253e576d202074adec3613dcf32700940d207ab85fd2d1344af2,2,"[""TRAIN_Q104"",""TRAIN_Q123""]","[""swg21639375.txt""]","[""8167c8cd71f186f16078940621b613c8d7f85a39281a90c34554a8ee966963e0"",""8d8a255924ae4e0124657d9003a6b1da2f16344f6d9b1cf8ab05e438b45dc10c""]",2,0,test,42,connected-component-lexicographic-milp-v1,79bc01cc2892c18df52028cff2997b5b4da566f3b000d9e84f0e729cdb4e5d10
phase01-data-v1,0b5bbc84b7f07d6d09d063130e90b716d8d4a32a,techqa-group:9e3efbec97ef720d285e3b0f57e6fbc582422e9244b564da66e53fd39bdbe097,1,"[""DEV_Q072""]","[""swg22005345.txt""]","[""f7ceb9ff99719e84e862291c0927536cd6120f6e8afba0d3953c0d4c66333390""]",1,0,train,42,connected-component-lexicographic-milp-v1,511c8649e49f307bbe39ce0bc5b7153f87441e08013767cb867e777716596284
phase01-data-v1,0b5bbc84b7f07d6d09d063130e90b716d8d4a32a,techqa-group:9e4d1f22e5f06b6723d7291a92d4b46dd0395736ab885e28289c468bfb4c4e1e,1,"[""TRAIN_Q205""]","[""swg22004607.txt""]","[""f5272ac4f8023db806b0b4021b604b5dbccc351baee351e2ff6c3e9619d057e4""]",1,0,train,42,connected-component-lexicographic-milp-v1,1152808129bd1b474b8d335b0e492e24d08d2cd5c6117034061ffc1143c0cead
phase01-data-v1,0b5bbc84b7f07d6d09d063130e90b716d8d4a32a,techqa-group:9ec5c2583dc862dc868c75ddd9d8e7f5329e749b2682462c020c0ba6bbc730b2,1,"[""TRAIN_Q045""]","[""swg21598974.txt""]","[""420eee9d36339508e3591022bc4a9486c596d4d04d0567f37ff78d2f8c91d84a""]",1,0,train,42,connected-component-lexicographic-milp-v1,dfaff797452dc85da41d5982c1edd7cfccf79772ad54a097af3a8ad58b38e7d3
phase01-data-v1,0b5bbc84b7f07d6d09d063130e90b716d8d4a32a,techqa-group:9ef312b1da84ac251b7e4589e5db9a4240d5907c2684bd4b3f892cb04b8a10ab,1,"[""TRAIN_Q129""]","[""swg21982458.txt""]","[""62f097db6b3af2c2db2a9b29545f24353549870ce076df8131c5293582cca519""]",1,0,train,42,connected-component-lexicographic-milp-v1,6c5e8305605dc30e314089cb1d200fe61e674c97ad9c8a8f1583b58325a01ccd
phase01-data-v1,0b5bbc84b7f07d6d09d063130e90b716d8d4a32a,techqa-group:9f0d029760795ffdf3d6d1ddad881977c35d663a56c642e44a91cd423229908b,1,"[""TRAIN_Q057""]",[],"[""1d87552ee4f604ae68aa9ab8d7ee37db7c08ad1b7de81c4fe93d4d12048a3f8b""]",0,1,train,42,connected-component-lexicographic-milp-v1,a84c899818c36391487c306e9a9f5f0a32e6b820efc46cbd19d3046e48e045ef
phase01-data-v1,0b5bbc84b7f07d6d09d063130e90b716d8d4a32a,techqa-group:9fae387d69930b76805612e95970753f7018cfd6d0bd2478154a3f028ae5dcd1,1,"[""TRAIN_Q093""]","[""swg21993043.txt""]","[""b7728ca935c2262de2b30948e2fd97b56cc4eaf8db4a7d1a8a3fb0d092faf6eb""]",1,0,train,42,connected-component-lexicographic-milp-v1,8d65516d6fa1de4402583bf760aa38607271db335e89022b7adf141df420a1f5
phase01-data-v1,0b5bbc84b7f07d6d09d063130e90b716d8d4a32a,techqa-group:9ffac653319a10c8bc3ac5aafab655a1552bdb5c7e73c97d2c301e35d181d253,1,"[""TRAIN_Q423""]","[""swg21371279.txt""]","[""387e005106be23ac7069a2500dcf90cc51ffbfb83b4bfd6b930be90300ba1612""]",1,0,train,42,connected-component-lexicographic-milp-v1,9ec7deab6cd93496380b5cb4963ad14c7e83db16fa3a5219f66bd00b835f4b8b
phase01-data-v1,0b5bbc84b7f07d6d09d063130e90b716d8d4a32a,techqa-group:a01f9ced6e3825c6332d4c30beab78d1a874bf00f54bcc92cd3700511be57027,1,"[""DEV_Q062""]",[],"[""cae7f29d4e4881c63c5d3892e0e106ab607371ae3263771310a109d45408c6e9""]",0,1,train,42,connected-component-lexicographic-milp-v1,f5bf74b2eff9ebe676830347e24775c071e9d2ae20d19fabd38903894b1f9cdc
phase01-data-v1,0b5bbc84b7f07d6d09d063130e90b716d8d4a32a,techqa-group:a0bac03b8440d4ab05ed9e3bec001771b25e738c0c63a69e25eb925d709cab68,1,"[""TRAIN_Q557""]","[""swg21209523.txt""]","[""e4a519dc865531076d5a402182f69ab2128dfe43ca19e8a016a5c98a3d3bbb75""]",1,0,train,42,connected-component-lexicographic-milp-v1,12eb8bbff63cabef412b120967bb361307abf19ebfeb590b8555e0870a13afa4
phase01-data-v1,0b5bbc84b7f07d6d09d063130e90b716d8d4a32a,techqa-group:a10f1635477e202423033609533e94de0163165723dc0dfd4603f14abd5bbef4,1,"[""DEV_Q147""]",[],"[""43d55eb1ef2307991506cb0f16cee58942cb30e6d971581299eef330ae027c89""]",0,1,validation,42,connected-component-lexicographic-milp-v1,9cb78451473211d8291759a21e081dc56e67981e8096353e2b66e93bd60cdbea
phase01-data-v1,0b5bbc84b7f07d6d09d063130e90b716d8d4a32a,techqa-group:a18dd06e647656a889bd08cc4721c9a006ae8fa457242dc4bf5e34249bef5a22,1,"[""TRAIN_Q182""]","[""swg21961542.txt""]","[""476e952076f227cfc71b55e06df9bd7f066a3d0c8c04dea0b7e2a0f759fc14ae""]",1,0,train,42,connected-component-lexicographic-milp-v1,2dcf1fdc3f099902288fe11023ce1b5f4d72b6488af6cdfc6305cecd1f8d7dc2
phase01-data-v1,0b5bbc84b7f07d6d09d063130e90b716d8d4a32a,techqa-group:a1a6c6f8aa2e4b55c094c2f54d66f9bb9121edd5a5bb2319ce08ff6709020ed3,1,"[""DEV_Q265""]",[],"[""3933f05387ca295fed25f3c72be40d070a46f8ac211ceaaea6a3fb41a908f118""]",0,1,train,42,connected-component-lexicographic-milp-v1,4ba76d168e927e3030b08a5dd65306284b364fa533265d978d2e23ef55fd36fc
phase01-data-v1,0b5bbc84b7f07d6d09d063130e90b716d8d4a32a,techqa-group:a2273264957757ee20f5fb8fddc5ea67532a71e6209e5991aaa9bf192a2760e0,1,"[""TRAIN_Q249""]",[],"[""0f03516035952d959d0baaf0b947bdaea3454f40d31377290b770012f72d5293""]",0,1,train,42,connected-component-lexicographic-milp-v1,77963ba1ac8c66f6480bc45e08af6bdec9c1dd70ad5f4b4d5e13049fa386a6fd
phase01-data-v1,0b5bbc84b7f07d6d09d063130e90b716d8d4a32a,techqa-group:a25c15e282542ce1517fb183511be43189b084c06b7979a311dcf64f8b08035b,1,"[""TRAIN_Q130""]","[""swg21246298.txt""]","[""7fee0426af3c1ec966de8c24a72c13ff0f3de712069046ad86d675944975f28b""]",1,0,train,42,connected-component-lexicographic-milp-v1,c3221ccbf044142a29326274f345565329288d8bdab244b7e5991400f0c6666d
phase01-data-v1,0b5bbc84b7f07d6d09d063130e90b716d8d4a32a,techqa-group:a282b6ed05e8940fb12d987abb24d75fd88264a17f940f84c87225566a3b23a1,1,"[""TRAIN_Q407""]",[],"[""4aa34e894250c1d3d0e54982dba6e7541d2acb019f61340eacc0af735bc87d1f""]",0,1,validation,42,connected-component-lexicographic-milp-v1,0593a845fe795ffa9016e6ebaf932f980f07de360edf36e089917aef10d9a595
phase01-data-v1,0b5bbc84b7f07d6d09d063130e90b716d8d4a32a,techqa-group:a2e8433992cd1a34569107284b6a9d6b6445a26fdeeaca6a4e68c9394f3a5b59,2,"[""DEV_Q276"",""TRAIN_Q248""]","[""swg27023600.txt""]","[""e2df6d4b99866288c72a420dc35548310bfd06a470d96ef85e027a9cef0b830c""]",1,1,train,42,connected-component-lexicographic-milp-v1,5a9fe3e5f903815db3a17fca94c803de67d7c49ef691ca9a3c7b7d6f870f0bc3
phase01-data-v1,0b5bbc84b7f07d6d09d063130e90b716d8d4a32a,techqa-group:a2fc417b82fe8baabedbde46018c584ec2e8ee4a3dd20b3c50981ef61d44077e,1,"[""TRAIN_Q136""]","[""swg24041994.txt""]","[""3f52bd2634dcd9f9d27a01d2a9b6a0a4328b75bef6b3a90a1f2299e62d35199f""]",1,0,train,42,connected-component-lexicographic-milp-v1,464d202027f7525a62bf8eb9cced3c91bea872cc1e4524934b155303ff9b7619
phase01-data-v1,0b5bbc84b7f07d6d09d063130e90b716d8d4a32a,techqa-group:a320c6aa70f3faf661295d1f82083525a0b48b95ffd36c2f450124dcc5be4c2b,1,"[""TRAIN_Q084""]","[""swg22012983.txt""]","[""bb565401d77bbf148e5d4c6cf082d72be903b9008c4228b51274d22b8a068777""]",1,0,train,42,connected-component-lexicographic-milp-v1,59b372be9417d5fe60adb10579ecc9379a68fc5bc7adc881c010aa5e2575c485
phase01-data-v1,0b5bbc84b7f07d6d09d063130e90b716d8d4a32a,techqa-group:a3212fda3a96a1c86c5eec9f3418b1d2e883fdea730ccaffe7536c21e07f9a11,1,"[""TRAIN_Q477""]","[""swg21602521.txt""]","[""ad04facc4b908f1e387dfccc3f7932f48628e7bdd8e00d82dcfcdca7a14f374e""]",1,0,train,42,connected-component-lexicographic-milp-v1,4a566b35590e8a8c495a55f3bec739ebcc6e0a2109358b30695460d8cf6dee05
phase01-data-v1,0b5bbc84b7f07d6d09d063130e90b716d8d4a32a,techqa-group:a3fc54a9025ee867e8abb7fd4f668dbe63e9f01ca1199c45063a39561d4791fe,1,"[""DEV_Q065""]",[],"[""282e1159cb4e27db15b717b8a596828716e961eea5045bd72f0cb20715c867c6""]",0,1,test,42,connected-component-lexicographic-milp-v1,065c9ac12180e041e4a7981baffe20e64b19464eb7dace293ba4d396b3894f0f
phase01-data-v1,0b5bbc84b7f07d6d09d063130e90b716d8d4a32a,techqa-group:a402b1395500ad09aaae46a0d1923ee2ac467bcad0159b5d062b00aa41533e5b,2,"[""DEV_Q082"",""TRAIN_Q238""]","[""swg22011695.txt""]","[""e09818372cc575de770dab94e325c8af178ff109451c8274d8de650f51e215a0""]",1,1,train,42,connected-component-lexicographic-milp-v1,f4b1ee6c0ae744bce7963f237bd6dbd5360027c9bf20afd7580f91b0b0afa3b3
phase01-data-v1,0b5bbc84b7f07d6d09d063130e90b716d8d4a32a,techqa-group:a404864d49ce5534306908e5e4530c8f247fbd6e7c6fb0cf8790904d5cd64b2e,1,"[""TRAIN_Q166""]","[""swg21192604.txt""]","[""a2997c03de95a3bd7369c6f500257483fd532cbe038daff0333c84ea42c24bac""]",1,0,train,42,connected-component-lexicographic-milp-v1,57251e8fd933060d90cf2132a4b33c27796eae9aa4b9ebe88251c2c4cded4eed
phase01-data-v1,0b5bbc84b7f07d6d09d063130e90b716d8d4a32a,techqa-group:a453b6dfced7f9d4be6eaf004990fe7a2710357a38ee24feb3bf077e16626e77,1,"[""DEV_Q309""]",[],"[""695f01c6d93ca71019d6f28eff257ed26f75297c307cc6772cabe2ac8a2183c7""]",0,1,train,42,connected-component-lexicographic-milp-v1,d1b8c2873b24611e84d9151f352a3d5e0402cc635882d8e1ada4cde2027f6b0e
phase01-data-v1,0b5bbc84b7f07d6d09d063130e90b716d8d4a32a,techqa-group:a5566d9a7e6f7f8dc24f8e0d244298654194c450a274e924f84f880bc581a9b7,1,"[""TRAIN_Q244""]","[""swg21971058.txt""]","[""a19c3edeba03e01ced0cf7cec636f11c5843a04da97fee49566b1c4a226b8f0b""]",1,0,train,42,connected-component-lexicographic-milp-v1,d737c59e08498dded6d47a96c388edbcefb263903cfc109d362e3c9c614d09bc
phase01-data-v1,0b5bbc84b7f07d6d09d063130e90b716d8d4a32a,techqa-group:a55b2c98b122d713ab06ca877b0448f9004b4588daba133b27a50725929f3e2b,1,"[""TRAIN_Q435""]",[],"[""1d8af1b3d746a13717d008194008f7cb4597edf394d53cc671eb57bf003d5253""]",0,1,validation,42,connected-component-lexicographic-milp-v1,fb8f4a99e82d1dbe44ab55c4773d9b384a588e2f324b12a8c1f974eaa138a912
phase01-data-v1,0b5bbc84b7f07d6d09d063130e90b716d8d4a32a,techqa-group:a5cb6f7f06ba87803c8f63b180753e10f8ce610ddc58a7f3d878ca1b8c211c80,1,"[""DEV_Q295""]",[],"[""c05305f7d0c3eb73ba13cb1c69c132cd14dd318deddc4e959712896c8598f51e""]",0,1,validation,42,connected-component-lexicographic-milp-v1,25cea2da0f1f09ce93c86b9f582e7e23d201abf5ac8c9d81f76d9619b72627a0
phase01-data-v1,0b5bbc84b7f07d6d09d063130e90b716d8d4a32a,techqa-group:a5f1529a6961b58598324fec328962084055eabe2b668c91f08aea35d6709237,1,"[""TRAIN_Q370""]",[],"[""2f0948f5998a0bf95fc124bc28bb4472b9bffb4bcef7308c12e8f2da0172a7ad""]",0,1,train,42,connected-component-lexicographic-milp-v1,635370f99e1dc74c8f66853cbc6af906e32aa6201ab2528e5dcc6ac87cd0d732
phase01-data-v1,0b5bbc84b7f07d6d09d063130e90b716d8d4a32a,techqa-group:a65da41a28bd124ae3b368b9498433bc848d8f017cc29964517fcde3baa4da33,2,"[""TRAIN_Q573"",""TRAIN_Q575""]","[""swg21986534.txt""]","[""05ac998e195cadfa74c94083bc9bde2545d9f2a916711a1733a934605f85c728"",""1ceb8db3dd7d922ee6b8b440651792c29e421223a59b37a29ae800ad05a1f3d3""]",2,0,test,42,connected-component-lexicographic-milp-v1,326086457164e8cadfcb97fff73c274e6d8d3a669c51384949243eb8a899200f
phase01-data-v1,0b5bbc84b7f07d6d09d063130e90b716d8d4a32a,techqa-group:a66bf6a39d42ef891f8decec99383d444b506aaf898c378fd6d57434435be717,1,"[""TRAIN_Q168""]","[""swg21985017.txt""]","[""ef7b572c040bbcb57402e63726f302eb102f36e2757fab70429a9860cfaaafdf""]",1,0,train,42,connected-component-lexicographic-milp-v1,11d27b62e7591d5135092e07bb8794bef99718014660c6ed8314dbbde2aee1c8
phase01-data-v1,0b5bbc84b7f07d6d09d063130e90b716d8d4a32a,techqa-group:a6a019c7da814cb4c582f1e7687f6152992c03ce87307b3822a852b310f736cc,1,"[""TRAIN_Q541""]","[""swg21593254.txt""]","[""bcc719f1c7bdad117e6ceeb683dff92430ecb65cee72e1e809a7682727831383""]",1,0,train,42,connected-component-lexicographic-milp-v1,168f082bd8b2345d90b95ee2e7a2d5d80294712ebf2b94cbc1b1b92a1d4c29fe
phase01-data-v1,0b5bbc84b7f07d6d09d063130e90b716d8d4a32a,techqa-group:a76324d2af01eea149b3936ba8891a2d9452add9fd7c247ed12c9502a3ebbe74,3,"[""DEV_Q304"",""TRAIN_Q151"",""TRAIN_Q578""]","[""swg21612222.txt""]","[""4acce96b1a1915430d90dce6450414c0fd031d6800ac0a4af454ece29740e870"",""6cf93f6e18ca1418fbfe3d474c1cd46ef2044eba4aae8c9e9fc0f2fb336494b9"",""dea07f1ac8ca44ccb44e747599f56a901e24e31d46fbac0321daec58fdf03d42""]",3,0,train,42,connected-component-lexicographic-milp-v1,32ccbe1bf773a9dfe09cb0722580b4ce4a69263c8a58b7bd9a9459f30dc31a1f
phase01-data-v1,0b5bbc84b7f07d6d09d063130e90b716d8d4a32a,techqa-group:a7b5630e219fc5492982cfe8e671f905de1aa4bc5f292676f1df9a2f739e3d5d,1,"[""TRAIN_Q454""]","[""swg21591143.txt""]","[""93614cbbdade44a1910e52b15deba5f92ce5b65462e70566fe78819471646d1f""]",1,0,train,42,connected-component-lexicographic-milp-v1,42d8c692d09c4d889f95e1cb49866d832d4d6f4d18a222ec06e3a73adb427f53
phase01-data-v1,0b5bbc84b7f07d6d09d063130e90b716d8d4a32a,techqa-group:a876b1b8e2165089e1e9aba9d0d6c79aafa201ae0e8aa7cccf87578dec84dd95,1,"[""TRAIN_Q301""]","[""swg21692240.txt""]","[""d2d3438db218f8fa9082861bcfd7b5d33dd1a057642810e2d928b1d09469ce09""]",1,0,train,42,connected-component-lexicographic-milp-v1,c4f7d13f1a0901b3c533fc76be0d66430576b0167512b2255eac2c051e7e1206
phase01-data-v1,0b5bbc84b7f07d6d09d063130e90b716d8d4a32a,techqa-group:a87806b69025aeda151934380f58c56e0d2c480a8163669d9e92bbff7fef8a9d,1,"[""TRAIN_Q364""]",[],"[""cd2624afdb2adc7dcf4afe7d076ce563268e20af9d9bfe645cf1b47cad05610c""]",0,1,train,42,connected-component-lexicographic-milp-v1,f969208551afd61c9ca3a7b8620618afdd3e24ae5c294856775e30b3ba082fc2
phase01-data-v1,0b5bbc84b7f07d6d09d063130e90b716d8d4a32a,techqa-group:a8a16dceecf5131270df70ed54b680af487e68fdfb173bd0963aa8feaffb2a4c,1,"[""DEV_Q203""]",[],"[""bd0035f0f06b656aa766c829fcf941ac14b6c9fe05a9ef55a4551094ae50f8a5""]",0,1,validation,42,connected-component-lexicographic-milp-v1,47ebacc02abcd85e9ff98336edb1d5ff673be0d9258304b7019a1d1b4258b0b5
phase01-data-v1,0b5bbc84b7f07d6d09d063130e90b716d8d4a32a,techqa-group:a8a3dfe00eb6645b51b06d1d53d832739953984255bdef6fae7cf33918f3e348,1,"[""TRAIN_Q198""]","[""swg22013088.txt""]","[""1728f935f48084e1cf8683ee5582bf5af9452456b3de5ebeef715a4cd1d64639""]",1,0,train,42,connected-component-lexicographic-milp-v1,4f43a1813d9b31dfb9371d520da3c27b560afdbb20981db7cbb32f1b10528d67
phase01-data-v1,0b5bbc84b7f07d6d09d063130e90b716d8d4a32a,techqa-group:a8c597aa9a46ff459c2c151af6ca84e477610e484f5107188a7fe58682dfcb7c,1,"[""TRAIN_Q014""]","[""swg21983839.txt""]","[""94582220895d677cdbe9ee88c10ff622f284089af47194738a0bba85f450b86b""]",1,0,validation,42,connected-component-lexicographic-milp-v1,06685cb92594be94eab2c53374a214e48c347f77e160e6c40fca57af2c0c75d0
phase01-data-v1,0b5bbc84b7f07d6d09d063130e90b716d8d4a32a,techqa-group:a8ea434ee74a1cd3acdf88dffea1ce42acf7bed0e8f2092e26cd646476f5699f,2,"[""TRAIN_Q358"",""TRAIN_Q398""]","[""swg21681464.txt""]","[""44df19fbafebd97feec608c037235ab9d3ba1793b43c99c4086c8713cf9362d1""]",2,0,validation,42,connected-component-lexicographic-milp-v1,1a53ab0df5cf5f35be8a6288baff6f96bcd04a2e3cdd76845f3ab0f1b8a80a3b
phase01-data-v1,0b5bbc84b7f07d6d09d063130e90b716d8d4a32a,techqa-group:a8fc49421ea406ab7ad44d4d3a4d838429dd65b4744304d5485ddbf4893263d0,1,"[""DEV_Q182""]","[""swg22010090.txt""]","[""8cb936a4cf682110df9fbef61bd2097e22c3750e65894eded1b5bff3c48547a8""]",1,0,train,42,connected-component-lexicographic-milp-v1,5ee3d216a813b5a320763ec3c158ea8c7c78d59ec2b71f008ee655fb665dacf8
phase01-data-v1,0b5bbc84b7f07d6d09d063130e90b716d8d4a32a,techqa-group:a9d360022bb02069aeefbcb0cbe43d50b7d9a0ea915004ebfe5fd0f4018622fb,1,"[""TRAIN_Q300""]","[""swg21606716.txt""]","[""bf1b83728ba287128a35d46c136e6108389810e1d5fc8097fbf1c7b0f84e048b""]",1,0,train,42,connected-component-lexicographic-milp-v1,a86de2ed5e078fb152f6aedae5a424f8fa37e14e931db987c2b06aa19c7e22b0
phase01-data-v1,0b5bbc84b7f07d6d09d063130e90b716d8d4a32a,techqa-group:aa8a65dd8a56957c9dc416d384c134f20ad7d44e4e22c8da71b44f1932f68177,2,"[""DEV_Q260"",""TRAIN_Q162""]","[""swg24041394.txt""]","[""612aaf634609314dc71f3715dfdc9c242b6b4b5c713dd8d0b88763c234c421b2"",""d908ee13f852e572af44fa2b477a9c42ee392e22ba001244c4bfa526f094fcc0""]",2,0,validation,42,connected-component-lexicographic-milp-v1,0533879b0e858525454855fb0f317d99ad0035b6d5f02bd7aab3af0985f68e05
phase01-data-v1,0b5bbc84b7f07d6d09d063130e90b716d8d4a32a,techqa-group:aabe3e2105c284a78aa64e7ddbdfe51903fabe7b700d26a6eeec9b1ca8b00756,1,"[""DEV_Q273""]",[],"[""01251e3e9f54fffff7942838035d4e17cb7a43a9f7af19673bf4d731dbf7b9d9""]",0,1,train,42,connected-component-lexicographic-milp-v1,722a8b0d51c7a7140cb7f994b92cbdd9d017d0c9505c18398e3d2307baae3f90
phase01-data-v1,0b5bbc84b7f07d6d09d063130e90b716d8d4a32a,techqa-group:aac6891411452913ee984f4b352f7bdff17d1bfa6f171e82520342bf3212096c,2,"[""DEV_Q146"",""DEV_Q264""]",[],"[""a459332ed3b7d67c8cf8812e431042326199848447bd7a0708d61ea7aace66df""]",0,2,validation,42,connected-component-lexicographic-milp-v1,a857a044fdbbedd88f62e1296b47e53aa06c838cd6b6dbd7d129fbbddc2f867b
phase01-data-v1,0b5bbc84b7f07d6d09d063130e90b716d8d4a32a,techqa-group:ab2d5a261fa70d3770f7d21f300b290f9e8f3893f12d0cd07cd9ea94d5f69171,2,"[""DEV_Q253"",""TRAIN_Q411""]","[""swg27042658.txt""]","[""223141f12b6a0701db73a4fcaf932e8a69e25b4030fe5bd9e5299f44e6203e5b"",""9f67f2961cda18b6881dc6a4b9131250ff04a725337e6ea7fc9823d3a05b7964""]",2,0,validation,42,connected-component-lexicographic-milp-v1,b39227ed0a1ed447ee61d22f732e35ad3ec4d1cee1b9cf7b9ab1bd5028ce8236
phase01-data-v1,0b5bbc84b7f07d6d09d063130e90b716d8d4a32a,techqa-group:ab6c2748c38bedbeea0577fecb149aac12d4d544d6ff666a6f8438e823d19728,1,"[""TRAIN_Q095""]",[],"[""70312ca0eeebf87cea2cb235dbec4e78b6ce345070915c3692aec0e1051c94ac""]",0,1,validation,42,connected-component-lexicographic-milp-v1,6495fcecf5d97f81f2ba6d50bd694a0b64ab4db2f4b42707cb813e934aeb1bb5
phase01-data-v1,0b5bbc84b7f07d6d09d063130e90b716d8d4a32a,techqa-group:ab961a60724f287290f7848f819a9475daee6e54569cd2c3c34ff51433537d6f,1,"[""DEV_Q024""]",[],"[""0eb04f6400ad831b660268c6f32cb7ddc251372a052b08a2387a5d199f13a083""]",0,1,train,42,connected-component-lexicographic-milp-v1,c224965d5d362b520b7a77997571e93d8331d40b18a78dd6aea52e7ca6a801f5
phase01-data-v1,0b5bbc84b7f07d6d09d063130e90b716d8d4a32a,techqa-group:ac1d01a1323888c1948055c8bd668fec1b68ff1315ee6311dd79bb25c371fb1c,1,"[""DEV_Q073""]",[],"[""cde46bf9953901051ebdc65e8c72997242861c18105c62aab9f2ac000710ecb5""]",0,1,validation,42,connected-component-lexicographic-milp-v1,bd5212a59f6ca3a3bd5d8dd8584b3018e42749f0089c58d2c0fc241885744052
phase01-data-v1,0b5bbc84b7f07d6d09d063130e90b716d8d4a32a,techqa-group:acca7bcd24c30a141c054ec00d6dc6e2afe21ae1b311575847947100424823b5,1,"[""DEV_Q051""]","[""swg21495799.txt""]","[""d381920208172816bf4b92d67be9959b202ab36e91005eb86fa1f631ef5093fd""]",1,0,train,42,connected-component-lexicographic-milp-v1,fdfa33ba995a4a6697d94a8eb42324bf94eafd00a6e9f9e0d5a3fb168ea5dbf5
phase01-data-v1,0b5bbc84b7f07d6d09d063130e90b716d8d4a32a,techqa-group:acd496c5cd7f54d4de923c02f0348bf5a5b8e9bb4509807aaf1f4647a396159d,1,"[""DEV_Q271""]","[""swg24031674.txt""]","[""9f5535cae18cf7d0522c95fe397ceb5d8105e1690cf4b02534fc101aa482c8af""]",1,0,train,42,connected-component-lexicographic-milp-v1,edb503042b50a39b6018ffbb3d5f54f302de60a7ff36361151d697a701c8952d
phase01-data-v1,0b5bbc84b7f07d6d09d063130e90b716d8d4a32a,techqa-group:acf63612ac76b6ee2a74199c32a478027fd293fc998e481dffea0a824f6af2ba,1,"[""DEV_Q200""]",[],"[""6f661bb7888c2a7e4a5115d3a48a40ea0ab5e8f81df5a583a4a3374791aad9ad""]",0,1,train,42,connected-component-lexicographic-milp-v1,737f7e65f29bec2fdae32d2a4da12856f10cc61d687446a66fc60cb0a48cec56
phase01-data-v1,0b5bbc84b7f07d6d09d063130e90b716d8d4a32a,techqa-group:ad217dc20181cefb866512d2f2a21cc262863d69f32cb09d4c04469d327c69ab,1,"[""TRAIN_Q276""]","[""swg21567091.txt""]","[""4f56eeedfabfb63099d9ddf42b8c74cdc44738a2f65b9d558329ba5bfab40cfb""]",1,0,train,42,connected-component-lexicographic-milp-v1,0435454c89834ae7ae3b120def5cf635112c53d88110627699236cb7094b9f6d
phase01-data-v1,0b5bbc84b7f07d6d09d063130e90b716d8d4a32a,techqa-group:adce149745ceadb77b9ac5749a5a1c750e405bda230f0450005a043e9eccf89b,1,"[""DEV_Q185""]",[],"[""2b34dfe01def8eed61f4d06fa870b77abfe5cccff8673bae29f9bd13f753e90d""]",0,1,train,42,connected-component-lexicographic-milp-v1,125b12c702188136010fd3250ef29f26d8cbac2b95d8c3466197154c5a1c27a0
phase01-data-v1,0b5bbc84b7f07d6d09d063130e90b716d8d4a32a,techqa-group:ae2393218637f69d815187ccd3cb004f5f8fd5eb0419a93b946399d62aa89b3e,1,"[""TRAIN_Q148""]",[],"[""31d44f9e1fc8e8439b3a8a8ab12963977e1866265bbafb542ae5f999f10192b8""]",0,1,train,42,connected-component-lexicographic-milp-v1,0f87b4360e73d638c3a47e9c4dfa2d75e0eb349a2e223616f8f99db95a78d1ef
phase01-data-v1,0b5bbc84b7f07d6d09d063130e90b716d8d4a32a,techqa-group:ae300727def39d74f1e22f80490e76a064522d96b4a74b41fef7a4bd7c40b29e,1,"[""TRAIN_Q484""]",[],"[""77c2c612d703d54531d963e82c901a8b07c010efac354756d0552da2016d5424""]",0,1,validation,42,connected-component-lexicographic-milp-v1,9f1e1113b32e295fdea8fdfe6dd28ccee861b5d7102c369738b5bd369f823d8b
phase01-data-v1,0b5bbc84b7f07d6d09d063130e90b716d8d4a32a,techqa-group:ae4703c53b48b21f51924f2e341497f1b17eb68a26fa4ebbc330f321b8d47cb2,1,"[""TRAIN_Q190""]","[""swg24034421.txt""]","[""5f84efbf6a9d77015941d20d6d4ad59860ddb70a50a4429356e2fd72849a077b""]",1,0,train,42,connected-component-lexicographic-milp-v1,f10f5cad5f35b1a4c9837f224ea6bc0a6843f51e52b81bc07badfc0c79a6dce7
phase01-data-v1,0b5bbc84b7f07d6d09d063130e90b716d8d4a32a,techqa-group:ae783d068182b82b326f98d8c0a7b5196e35f9f207cb11692dddf7f619d93913,1,"[""DEV_Q044""]",[],"[""f1a8f091233f08f7b513f9ecdb71d4f95884dd6ff838794d90872e3029b1c2ca""]",0,1,train,42,connected-component-lexicographic-milp-v1,64abca055d1a5456c0fd4c507652f7e3414288576859f220b302a0de2fcd3932
phase01-data-v1,0b5bbc84b7f07d6d09d063130e90b716d8d4a32a,techqa-group:ae843ba7f81bccdd7fe2d7fce1414e11a0fa87b54072e0f14898db78cc013df4,1,"[""TRAIN_Q399""]","[""swg24032010.txt""]","[""187feaa4cf4fb31e65d081b73aaacef11a62ed0bc94253ccfe7c4598f5c1519a""]",1,0,train,42,connected-component-lexicographic-milp-v1,6fdd7c618e0fdd8b7180be1879c61ef45d31449f5a5d5418ff31354dfa0eefce
phase01-data-v1,0b5bbc84b7f07d6d09d063130e90b716d8d4a32a,techqa-group:ae921257a0bd3abc2fdbfa702986e2c871f6478fdb8ba34b4f16cfc0af79908a,2,"[""DEV_Q180"",""TRAIN_Q559""]","[""swg21964873.txt""]","[""b408c62038a02a54d693ab22718e254408770b844a3e7a04dfa4f022314d38cb""]",2,0,test,42,connected-component-lexicographic-milp-v1,1b6e0acebdccaa3be4b53ea7fc53f9ec28fda59ac4bd1eb44b748a528698d484
phase01-data-v1,0b5bbc84b7f07d6d09d063130e90b716d8d4a32a,techqa-group:aeaeeaf5da6c8a1f0b11578064894ecb83d7e2a48b57965deed74a701f267d8b,1,"[""TRAIN_Q131""]","[""swg21994039.txt""]","[""cb58bb3f8c5221a957eb96d744db2568ef2c367935b7ffb1f62201efa0dc2a7e""]",1,0,train,42,connected-component-lexicographic-milp-v1,d973f9d7ac058d122fda70a7186dd3ed5441c3b3271a22d554286523356083b7
phase01-data-v1,0b5bbc84b7f07d6d09d063130e90b716d8d4a32a,techqa-group:af12f1387e0f9e569b855a8bde401c66a60de7103ff9d47b389dde05342beeb0,1,"[""TRAIN_Q020""]","[""swg24035040.txt""]","[""125443a13e1ca50314458a6286a0b7b5346b8daac423ece946fbe009a0a1f303""]",1,0,train,42,connected-component-lexicographic-milp-v1,a8dcda4dc41227298e603c450a76d487ecdf5935b091e3bf6c15aed596b40c94
phase01-data-v1,0b5bbc84b7f07d6d09d063130e90b716d8d4a32a,techqa-group:af2c6ffb267d3bbc0b4618aa918fae5fdfa556becfc146ebb72316236cdd114c,1,"[""TRAIN_Q376""]","[""swg22010680.txt""]","[""b3d7ebaf437b4e8ca3e1daf0c05c245dbd539fe04f4862d6642b483f3f8bd072""]",1,0,train,42,connected-component-lexicographic-milp-v1,cc99256e13db08dcbee3b50cad9fb6cb03d023ccb7fcf8e58f880a655f0b0a8c
phase01-data-v1,0b5bbc84b7f07d6d09d063130e90b716d8d4a32a,techqa-group:af81b9f177af461748b7cbc1f500099cbd30ceffdbb607edf21f7ae484f1e732,1,"[""TRAIN_Q550""]","[""swg22004767.txt""]","[""f53c758267fb637522f7cca4933708528c36c06fca6fd4ed32abbc82741b12ce""]",1,0,train,42,connected-component-lexicographic-milp-v1,45f2bb2e7ad73f3f79f4acea0c1a6a0665844ef7d120b8ac14154dccc6e47796
phase01-data-v1,0b5bbc84b7f07d6d09d063130e90b716d8d4a32a,techqa-group:affa573e73bcafd9915b7cba6c20797758336cf016d1c5556e2614463160dc59,1,"[""TRAIN_Q405""]",[],"[""3b2cb58a3cdc7e985675c22c8f18bc0cd54d3dca8762c1ce9d06a7413b351596""]",0,1,validation,42,connected-component-lexicographic-milp-v1,129c5b0f75ca3f61297b5e45000da25ac06a3fc5fbb6ac057351b56fbf1bb9b0
phase01-data-v1,0b5bbc84b7f07d6d09d063130e90b716d8d4a32a,techqa-group:b013387364bb4f54c8d63f771bb7780c967545979bb0f4a6c1ca04f45415d423,1,"[""DEV_Q059""]",[],"[""7a74c48f00c8a6e37546a1a3908965cdcc6ecd804c12fcc17c7b2c77c011c8ac""]",0,1,test,42,connected-component-lexicographic-milp-v1,ea454d34d7f313cee500a4c8395f700dc10fc4723465db05b036eecf751a2933
phase01-data-v1,0b5bbc84b7f07d6d09d063130e90b716d8d4a32a,techqa-group:b0285a2a0cad952792614c2f4dba5f3e8b0b51799106aab858340c5f1db16428,1,"[""TRAIN_Q522""]","[""swg21980148.txt""]","[""30db7b2a7ee0b3cc905838c9089433d1a498989f89e12b821e3ea92fa1cff755""]",1,0,train,42,connected-component-lexicographic-milp-v1,8d56a6568db52a6a6d78354499dbcb1752c4d33616134b7221b118490675c426
phase01-data-v1,0b5bbc84b7f07d6d09d063130e90b716d8d4a32a,techqa-group:b14a229f5895ac0a6554299123c3fe9641ff6d3ae7d0bd9b5c654c419b6c66c0,1,"[""TRAIN_Q015""]","[""swg21998452.txt""]","[""80b2039c22683e83c6be97cac59ab4e782e68880ab91b5289c119d3375c86d32""]",1,0,train,42,connected-component-lexicographic-milp-v1,7e44d85c3db3cbb02443da901cac976e08c12f05715cea94a87ab3d587ad72f8
phase01-data-v1,0b5bbc84b7f07d6d09d063130e90b716d8d4a32a,techqa-group:b1a69f59e56f87d5d8245da85d4aaf935c900f14ea89cf5a342f181ae9aeb7d7,1,"[""TRAIN_Q176""]",[],"[""ed0b24701953d0e50487302c45775f5986f2991655e323321c43fa116125c288""]",0,1,test,42,connected-component-lexicographic-milp-v1,cfde16f60cb578316c5c0b6ddc344dd11af39086f05d611644e1bcd128c45d6e
phase01-data-v1,0b5bbc84b7f07d6d09d063130e90b716d8d4a32a,techqa-group:b238e7aae5d58803b6baca48840fb12a140fe0fba46870f14257e602fd6c7bde,1,"[""TRAIN_Q046""]","[""swg21695194.txt""]","[""4da454e4b85d342d525c5e7c0a19804084ccbb0569dc2c70778a75e2eaac9cf3""]",1,0,train,42,connected-component-lexicographic-milp-v1,c7921281a5fc0b35304e59252892cd5a18002511b6d58f5b31a59f272288a5ec
phase01-data-v1,0b5bbc84b7f07d6d09d063130e90b716d8d4a32a,techqa-group:b2d7d4fb61e50be388b6c9e4423ada6ef129af5d6f8696a6c2af7a3cc23b2634,3,"[""TRAIN_Q039"",""TRAIN_Q054"",""TRAIN_Q387""]","[""swg21660890.txt""]","[""086fa70d541d6403904907d53f8546a97d51fd8485ab39c0d00199fdb70b5b3e"",""703c9f93d99bda5a2d3dc4e5cd8e7585beb0583d3ab311ed400d395d16585fc8"",""e4e0d0adde5ff1eab991da2e67033ec706ccce08229193e1d080a55462dcb7a9""]",3,0,train,42,connected-component-lexicographic-milp-v1,b024a4e3a2c89f018184589b2e67662e264c7fbd4f3e01ea57eb0e587cba28d6
phase01-data-v1,0b5bbc84b7f07d6d09d063130e90b716d8d4a32a,techqa-group:b2f48dab07b36e6ef31e40c3acb905c451a3cda50f3a1905570a26a2ff9e2510,2,"[""TRAIN_Q492"",""TRAIN_Q533""]","[""swg21972012.txt""]","[""5954e23b15bdd95039bdaccbceb0a23b6420fa9886b6d4ed76ff69a0ce59e553"",""c86df8a285d2a2617b83385c29dc73af449a3a61de6c460e19af23183b1c42c6""]",2,0,validation,42,connected-component-lexicographic-milp-v1,651cce78f1c175e9c80ec7b693fcf1112ba561c470b4e10bea7172098cfe1673
phase01-data-v1,0b5bbc84b7f07d6d09d063130e90b716d8d4a32a,techqa-group:b353c84a1f08556b02e84efd79f3483c78f4b8fc34bc69398d6f1c6b2a3c7cb3,1,"[""DEV_Q114""]","[""swg21989702.txt""]","[""70af5f2a78301c9f6a2b9f94dd71757228841797772a2c1b8b7910a87d51369b""]",1,0,validation,42,connected-component-lexicographic-milp-v1,bfb157def61a6e37d0a89fc685789b9e36d1d63905906714344f6e0751e80a10
phase01-data-v1,0b5bbc84b7f07d6d09d063130e90b716d8d4a32a,techqa-group:b353e625cd89841e98aa09ab12ba75f7fd7874580080b5f01e32e64bf9714ff7,2,"[""TRAIN_Q338"",""TRAIN_Q413""]","[""swg21967312.txt""]","[""0ae93f8dc6a8b34d089ff315c8639b11c9ff9722cf3167b2bcee19707b3e530c"",""d55d78f2420acfb62de75822757e79e8e70452c74f7d04a74b8ba02e4390f72d""]",2,0,validation,42,connected-component-lexicographic-milp-v1,256cb0b885518e478b0e1bcc530626b002cab9b0759aea0b897e5d44e89c10e3
phase01-data-v1,0b5bbc84b7f07d6d09d063130e90b716d8d4a32a,techqa-group:b373659162d29085113c4e26d1fbc7a687abceea447c53d532e51fb2b47c2801,1,"[""TRAIN_Q268""]",[],"[""e8bd535ba5ca67f7dc966e7b1fe04eef6187ff32962bcf8d5d32bbb2bf21ae13""]",0,1,train,42,connected-component-lexicographic-milp-v1,16bd1533a5d4743e6ea2a0ead309013f0c9e8cf4f488208d483cc0791ea1c261
phase01-data-v1,0b5bbc84b7f07d6d09d063130e90b716d8d4a32a,techqa-group:b388cadd2f52a846b4db86e8ed409d7dc1322c5ec1978b6ad499011747350e03,1,"[""DEV_Q000""]","[""swg24042191.txt""]","[""56e25ab2836ee0faee995dfc99f1af68d0291f7f38dbb862db41587e359d05ca""]",1,0,train,42,connected-component-lexicographic-milp-v1,954e5ac3358b62b3cd4ac54fabc0e3073aaddafa905f559afcf3b2704b598418
phase01-data-v1,0b5bbc84b7f07d6d09d063130e90b716d8d4a32a,techqa-group:b38e341c59227a36315afee90e3850d130c1ed172e0365566383f99fddbbe099,1,"[""DEV_Q270""]",[],"[""2b40d1d2f0c0828bea4879222887b38a9424560351b83fbef096a48b1f555079""]",0,1,train,42,connected-component-lexicographic-milp-v1,6048d090ca0159c048367a5c1f82dcd6294f2d74782fa97f229e31f5e5a6603d
phase01-data-v1,0b5bbc84b7f07d6d09d063130e90b716d8d4a32a,techqa-group:b4b66b0146874d44aec9f631e7eb654de60a492afba4e62546be05ede7ac5aa6,1,"[""DEV_Q141""]","[""swg21701910.txt""]","[""8d141db68655793a4a984f310df2558bbaa1d0b608467a51f7c0aed445f8d53c""]",1,0,train,42,connected-component-lexicographic-milp-v1,3199cf3a9979ff6438426bd4d1f97f871061457bdf21f2a5edfd4dca8ddeac56
phase01-data-v1,0b5bbc84b7f07d6d09d063130e90b716d8d4a32a,techqa-group:b4be6fbef950ff650ce2ee3c31b438be93f355ca1be16fb0fd5df07365c37f46,1,"[""TRAIN_Q211""]",[],"[""6f2a547d3d8115e13545fb2adfd1dff12ed9e3a1265596d3a5d94e0eb5388ed8""]",0,1,train,42,connected-component-lexicographic-milp-v1,4b0ecea4d79f17e0a08e809ab3c03167e721563292c1c27ded55c6ccd2a319db
phase01-data-v1,0b5bbc84b7f07d6d09d063130e90b716d8d4a32a,techqa-group:b4e1bc4ae4492fb0aefd68770edb4e158baca80f01d664c47c55b175a31f201f,1,"[""TRAIN_Q582""]","[""swg24041224.txt""]","[""d5a73cfa587cd241dd6c9f239e985a588c8639638b9afe5a2b8fa8bb2d1c32a7""]",1,0,train,42,connected-component-lexicographic-milp-v1,305acdf7ec6fa38157faf115d84fe15e77d5c26d63bc0e23fe1d690f62fc8ed9
phase01-data-v1,0b5bbc84b7f07d6d09d063130e90b716d8d4a32a,techqa-group:b4ea833319806779767636dcbff342ab67439f53b02d6c0e19c08a9356827d08,2,"[""DEV_Q225"",""TRAIN_Q042""]","[""swg21664629.txt""]","[""8b2c2e2f256bd63d6cd5e048242ce49c14ee58264ef7518d3ba2195e97d0a877""]",2,0,test,42,connected-component-lexicographic-milp-v1,cb89c89145043662708b9c0bf91be1a1f0dd0a6c08863659a959191468a1cb92
phase01-data-v1,0b5bbc84b7f07d6d09d063130e90b716d8d4a32a,techqa-group:b503baf90d25f18aa7340c6ab74552953b1322e374e074e5587b9e67302b5003,1,"[""TRAIN_Q448""]","[""swg21649798.txt""]","[""4a85a5f16b5ee4eaf8fa7ab62deac2818d1c2b9553b0342698321afc348feebb""]",1,0,train,42,connected-component-lexicographic-milp-v1,40bb1e4e182fbd4c576406dbcd6b04386bb1ca49ce4d9a49ee3e7892d601301d
phase01-data-v1,0b5bbc84b7f07d6d09d063130e90b716d8d4a32a,techqa-group:b533a692bf2b3ee890e445d43b723bd74083528b37eb704099f9fee76908be34,1,"[""DEV_Q001""]",[],"[""a4533b5c8b96f6b53f26f0c397e4655b2d2fd0ace626b08bc81a9d3f928301fb""]",0,1,train,42,connected-component-lexicographic-milp-v1,923551a1790d859e5fbd250d7ec28f245f3ab447780df1f3f44a6f10fe1dd331
phase01-data-v1,0b5bbc84b7f07d6d09d063130e90b716d8d4a32a,techqa-group:b5383cf04930626848691aaef475de9dc2ab81b52a0d0c64d79dcba8fc486d83,2,"[""DEV_Q038"",""TRAIN_Q067""]","[""swg21451229.txt""]","[""3ec3993c42982f7313ce45a2314b609e4bc90b70a9523f41d47dd64ce6b2fe40""]",2,0,validation,42,connected-component-lexicographic-milp-v1,03c178e7a31935059db26ccb9ea5e78db812d3110576b299990874fbca965cbb
phase01-data-v1,0b5bbc84b7f07d6d09d063130e90b716d8d4a32a,techqa-group:b55b8cda856c340308c9694698292d328d7e1d4736d6b17b6ccad8477afc3c34,1,"[""DEV_Q121""]","[""swg24017225.txt""]","[""ab447c4df1f16bd39e27345da2dc45f675c4ccdbdc5142381add662b97cbc7f5""]",1,0,train,42,connected-component-lexicographic-milp-v1,bb8790bbae63bb1db3238f885e1e29c056582f4b5a19273aa74f73ecb2b7e8cf
phase01-data-v1,0b5bbc84b7f07d6d09d063130e90b716d8d4a32a,techqa-group:b5ccf2aad43b87a0acfdf4eb882ceafd5a6b9b8e9b0c84f07a3bfa44425131ca,1,"[""DEV_Q103""]",[],"[""7efa0ef1425884911c6db2d07874a69f6aa37c259a36f33da37cf57035eb7c2a""]",0,1,train,42,connected-component-lexicographic-milp-v1,69f9e69ac8833cb06fd7937bece238ee75452819a460b5852da2fa3e72e4ef97
phase01-data-v1,0b5bbc84b7f07d6d09d063130e90b716d8d4a32a,techqa-group:b64fe2624cc8556e5b35005d9ca92e15a1a360be6e78f504ac8725f51f085e56,1,"[""TRAIN_Q571""]",[],"[""c30a92aef74e8adf82cc84d8d88853567ea8ab2f59d2c09d56d3a8ac3056bc83""]",0,1,validation,42,connected-component-lexicographic-milp-v1,d0daaa39e2c893725b50174ed9fc04f629939ca7bbcb89813a76d9090c014c77
phase01-data-v1,0b5bbc84b7f07d6d09d063130e90b716d8d4a32a,techqa-group:b66e16436683f17b3c77bfc4aff606dab3a6d6889b6e863d252e0ff24e89bc70,1,"[""TRAIN_Q181""]",[],"[""1aba914a27f6948640e07cbb03283a2b50a701e14efd012244b83c07c08006bb""]",0,1,train,42,connected-component-lexicographic-milp-v1,30a82b0f35c6c6c9a88d20478e773b03777a7b056f72259162f239e45c605544
phase01-data-v1,0b5bbc84b7f07d6d09d063130e90b716d8d4a32a,techqa-group:b6e876a6fde8309328c758e4305da26ddcc0f4d0474870cb357da25ea5dfca50,1,"[""TRAIN_Q041""]","[""swg22005055.txt""]","[""04b8ba4684d18ea94eba2af4a9e7255d18e8638c1463bed3034d18c12e8f1d1d""]",1,0,train,42,connected-component-lexicographic-milp-v1,eae1c2001d480d39422df7b5d5bf3106698ac31d771921f0d7315208570eadc0
phase01-data-v1,0b5bbc84b7f07d6d09d063130e90b716d8d4a32a,techqa-group:b82d044bfa8a4bc970310c311906de876a316c65493f6422d2128c74df0b837a,1,"[""TRAIN_Q043""]","[""swg21657023.txt""]","[""f01816a54c04534f25ec29bb25651db74ccdb2686de98ccee253b296bef7b9cb""]",1,0,train,42,connected-component-lexicographic-milp-v1,277926bc20d29db26d3c47b376b47883e9203a380e23a18960566a82a46cab3f
phase01-data-v1,0b5bbc84b7f07d6d09d063130e90b716d8d4a32a,techqa-group:b83f3832a9a6b5a686986584e52ddeb8396e3109d3e9bd9553bce807a9846eb8,1,"[""DEV_Q246""]",[],"[""367181be7c87a0d1751956cb51e724db0988b3d58e3476bdc914efcdf0c752d5""]",0,1,test,42,connected-component-lexicographic-milp-v1,44635fe611233abd620df935451c5a20fd6fcfb013cdce3bde8f30a3f41b9a0a
phase01-data-v1,0b5bbc84b7f07d6d09d063130e90b716d8d4a32a,techqa-group:b840dac71f7e6f7b3acf7697618b771b68552809f1423e935c31aace620d7319,1,"[""DEV_Q056""]",[],"[""33660052491813151e8ad67e276f4466db0fea7c7501995f9c1d58a054357484""]",0,1,train,42,connected-component-lexicographic-milp-v1,5a8bf21f068d02190b0940c4d1112cdb3e28497b3ae69bc4379cdf2140f85ee7
phase01-data-v1,0b5bbc84b7f07d6d09d063130e90b716d8d4a32a,techqa-group:b883bbfeafeb31f3851c65f60c99eedd7cb2d6c63b8534d6f0fe319e775f5b79,1,"[""DEV_Q087""]",[],"[""73c8344f62a68090d640e07782c89d6a3753c7557736700ada022a68d5192312""]",0,1,train,42,connected-component-lexicographic-milp-v1,a1c95ab4e647285a5fd4f6690531f200af7efbcff3dd1d1bb39ae46ef76391a2
phase01-data-v1,0b5bbc84b7f07d6d09d063130e90b716d8d4a32a,techqa-group:b8dc1478853143003e26e7684f25f25569c6cc08e54038c009b9983e7bc6fcf9,1,"[""TRAIN_Q406""]","[""swg22006126.txt""]","[""ee060f2caa660f224a96bc228e3a54c9d41ca8fa63a8f0e815b7d8075dff72d4""]",1,0,train,42,connected-component-lexicographic-milp-v1,f43ff9ffecc308094c2a5d983178a40e45406e3b0d8f1dc363a6ff2c982b9aaa
phase01-data-v1,0b5bbc84b7f07d6d09d063130e90b716d8d4a32a,techqa-group:b9192f519788e90650b494214716674d528f0160169655c1c15cc8ea9e7aff51,1,"[""TRAIN_Q004""]",[],"[""3dacb82476056d28b3a3082768bfcb7294e69b65cc0878ee1615c38d714f95ce""]",0,1,train,42,connected-component-lexicographic-milp-v1,ebcc18241c4f751870157bad9d98b98d7e0bb8cb2275fdf75a6b16f76fe5e3b0
phase01-data-v1,0b5bbc84b7f07d6d09d063130e90b716d8d4a32a,techqa-group:b94824f472a3d3c909d326a9a5c6699a25ea7be6438e5072a0c68a4b78b30955,3,"[""DEV_Q300"",""TRAIN_Q228"",""TRAIN_Q554""]","[""swg21438047.txt""]","[""0481566d4b0f4a1151724990c2bc6bbea624db41556a521ffd3b997cf77af64f"",""7695f1f1217c395885e88ddefc6e6054d76a41b7a2b46e17d513b4d78bfd6b5a""]",3,0,train,42,connected-component-lexicographic-milp-v1,15e6823d73bd90c33d415fd8119f39fcac15594bd53cc16f083e86bd797c6eab
phase01-data-v1,0b5bbc84b7f07d6d09d063130e90b716d8d4a32a,techqa-group:b95884a3ed68217924bf1b1fba3df9185dbfbfc9b3a60711895c67fbb91d1e2c,1,"[""TRAIN_Q178""]","[""swg21977398.txt""]","[""67a6bc85c355a09d8f14442b0863455fae51df60b612a3a659db5f2f62631d9a""]",1,0,train,42,connected-component-lexicographic-milp-v1,60d5addb75dbf1a8c09f6bd11aaf28703f296e4f3ecc37a0c896f410c8872130
phase01-data-v1,0b5bbc84b7f07d6d09d063130e90b716d8d4a32a,techqa-group:b9c2b7dfc6670fac0ef23f6f1d348b42d6fa9ecef62ec58b20780723f37b1873,1,"[""TRAIN_Q143""]",[],"[""10069b5022899e3824e93ea585c566cd1ff121522c457571c14ea440dd32bb18""]",0,1,train,42,connected-component-lexicographic-milp-v1,666a52b14d154f1dba8379ac7b3cce06a0b86f580097b6734765c6ed70a3235c
phase01-data-v1,0b5bbc84b7f07d6d09d063130e90b716d8d4a32a,techqa-group:bb4dd84f2761cd9cc31ea0166ac4aa38aea32bdf35010bc9de5a3d3ef1e75095,2,"[""TRAIN_Q312"",""TRAIN_Q386""]","[""swg21962370.txt""]","[""48b6d4da6ca41378aa119f03d8accddc93c88d37c7e7982d5417f3212945c86b"",""77f021eb3188ca8825cba117e346f10180b7f4ed535a4655099018a6b7aa06b1""]",2,0,test,42,connected-component-lexicographic-milp-v1,8be62d0ace718576ef60749fa17974745228cb0e04064b3497c73e137095441d
phase01-data-v1,0b5bbc84b7f07d6d09d063130e90b716d8d4a32a,techqa-group:bb6b61c5436092cffbccc262ec314e056360f8b4a7e9eb351b4438583ba9ccf7,1,"[""TRAIN_Q147""]",[],"[""d7b7bc5e82fe02d4efcf159bcaea873f0d7c9489e68bb463ddd5791da7129a56""]",0,1,test,42,connected-component-lexicographic-milp-v1,815008ea7eb18a8496c7b8bb3460f57d657c53c58ef078a8c8768f3448acb9c1
phase01-data-v1,0b5bbc84b7f07d6d09d063130e90b716d8d4a32a,techqa-group:bb80a8ad848f7f95dd7c67a2a64039d077fc91708a42493be88ea918991c23d1,1,"[""TRAIN_Q260""]","[""swg21624136.txt""]","[""b57fde5c0e3d3245be07a0efb95d19d42c4c116121c1e8b1e67d80c62e44fa54""]",1,0,train,42,connected-component-lexicographic-milp-v1,1286273f0a8c43de2a99598e9bcd3955704b8bfaa983a5082021ffa107c30f46
phase01-data-v1,0b5bbc84b7f07d6d09d063130e90b716d8d4a32a,techqa-group:bc8977263280346baef5daefb7aad27171e96ec9164eebf30e0aaaee14b82507,1,"[""TRAIN_Q031""]","[""swg21318593.txt""]","[""342aabb0d43f65b5823c63da2061c93f5059bb43c8f1e34b22f35a968b019c18""]",1,0,train,42,connected-component-lexicographic-milp-v1,3e86eea69e4b6213ab0890b7204fc1a218ea071a7cac439f65840a260e4bb023
phase01-data-v1,0b5bbc84b7f07d6d09d063130e90b716d8d4a32a,techqa-group:bcfb80d6ad682abafcb855468a1a980c7a9088783dd2f3a67ed3c6c7cd0da2dc,1,"[""TRAIN_Q377""]",[],"[""98e9785b6df441a99905f7b0e0a124795845d6bf95baaf56be546233dd987b01""]",0,1,train,42,connected-component-lexicographic-milp-v1,26ab30b8dd3c2b4e8487baa2c6b2e26c0cb15dd3be8c5096f7f4c5ac58ef9a79
phase01-data-v1,0b5bbc84b7f07d6d09d063130e90b716d8d4a32a,techqa-group:bd1b5241df2e1e0e0b1f15e1e682f6fa9c3634ae03a48fde9f3d203c671e381b,1,"[""TRAIN_Q078""]",[],"[""4e1b36a35587ee5cff2771e12ebc991b3062892dfc3e61ccb17e3fddf49f1443""]",0,1,train,42,connected-component-lexicographic-milp-v1,9244ef356664ac4cf8eeb53b6806c1bf3859efc7eb7db047f2b92fde5501b288
phase01-data-v1,0b5bbc84b7f07d6d09d063130e90b716d8d4a32a,techqa-group:bee5b713df6814e37d9d6cc5e7db5b38a74a2e06184312bf2906a2e8e9222477,1,"[""TRAIN_Q420""]",[],"[""d9c1445b8bb16a3695332efd46bbe66545efdd000257892d333bb33e3a7f431c""]",0,1,train,42,connected-component-lexicographic-milp-v1,d1ed5e2cb3a6fb44b41c569a8cb6059b36f2dbe86b081edfff7cb28a32b9fb95
phase01-data-v1,0b5bbc84b7f07d6d09d063130e90b716d8d4a32a,techqa-group:bf094a04f2af27b4543999ba5f5ff7c5d73e971a3e8adb330f3f9d84edd965f7,1,"[""DEV_Q191""]",[],"[""0e18a4996db61e15c35edff5b333de0d0f5f193134b08d3e6bb03a36c95eee53""]",0,1,train,42,connected-component-lexicographic-milp-v1,80eec0a194e2c3f173a88f7973842d2d52bee8776124dde71e4835b1820de26d
phase01-data-v1,0b5bbc84b7f07d6d09d063130e90b716d8d4a32a,techqa-group:bf095d270dfab704c535885428840ec1da02cfdef5cc67d61dcdcd94447d9261,1,"[""DEV_Q071""]","[""swg21260969.txt""]","[""ccff8fc17b4c5c65714addb750b367bf6e076eed9b7a740aee5317eccc3e2fd4""]",1,0,train,42,connected-component-lexicographic-milp-v1,d2d63cb230c51c5618daf62929f94668bc9c79d5a9cae4b8b6d25857923f9d32
phase01-data-v1,0b5bbc84b7f07d6d09d063130e90b716d8d4a32a,techqa-group:bf8831b8e5e1f86a68ff412a7c9ed816db7dfa0b2d7fc55f355c379c045c16a9,3,"[""TRAIN_Q030"",""TRAIN_Q068"",""TRAIN_Q357""]","[""swg21406783.txt""]","[""01969752081803345d1f6cc9d4d045761006f69967fe5c6afa1b81d379bb94cf"",""51754a6103a5faccde9d8d5871ef2231463fa8a8659dc22b0163b47374f20885"",""a601f28fc95597fc7c4a91423294d19d93333987bedc69861a7d5ba437eedc83""]",3,0,train,42,connected-component-lexicographic-milp-v1,936bdcced878d97977fabd8ee43ea80228212d69f17a921935f7113a34947728
phase01-data-v1,0b5bbc84b7f07d6d09d063130e90b716d8d4a32a,techqa-group:bfb8f1fa9d6abb2aadc968b51052c3136e96c25c76049d0444549de83c117045,1,"[""DEV_Q275""]","[""swg21417266.txt""]","[""1fdbe739acc5970d4c53d7df3c4ecca8deb881e874ce9cd24a3663385524ac83""]",1,0,train,42,connected-component-lexicographic-milp-v1,81a7e5f9a2376f7411afacf8b84e21bc20c8b37fc05727ba416f733fbf0e8a5d
phase01-data-v1,0b5bbc84b7f07d6d09d063130e90b716d8d4a32a,techqa-group:bfd2464933a9dd5370e740a1293c23aa5f2529345c5d886064f89446b538b999,1,"[""DEV_Q126""]",[],"[""73a86ee036ecdc1f7659e7e5e1ffab3f24583d1b0c84637ae465a2f684940b5b""]",0,1,train,42,connected-component-lexicographic-milp-v1,3f0da0d13ff4f71095879c5fe35f4ffc999d5dbd4e60c09917df23c3315bf048
phase01-data-v1,0b5bbc84b7f07d6d09d063130e90b716d8d4a32a,techqa-group:c02b89796aac168d496e97aec46481db31174bfc5331578a32c066c96f2627c2,1,"[""TRAIN_Q479""]",[],"[""2f35ba0599aeedfb23335ca0c4820e20dd1102c5dbcc67ac50b33e9399285b07""]",0,1,train,42,connected-component-lexicographic-milp-v1,aa0cf40835d4aa39e9ff08883937bfcf0af73d5eb659a444f173322c7075e6a8
phase01-data-v1,0b5bbc84b7f07d6d09d063130e90b716d8d4a32a,techqa-group:c030aab05756659921e0724227c5aaa88eb307dc74ff24a29a4d67862156c352,1,"[""TRAIN_Q335""]",[],"[""915ae5c82fc7c6e7760ad5e2d1a26091d304a6ad6d40889bc0f5e919d676015d""]",0,1,validation,42,connected-component-lexicographic-milp-v1,898f12621f1ef81fa56320676135ea9af18f549de768c342a3f91b1d3e477b33
phase01-data-v1,0b5bbc84b7f07d6d09d063130e90b716d8d4a32a,techqa-group:c0d1bdef74002f1eac3f88bd2f658ebbe323d94d4ebdfa90fb84c848fcb06d86,2,"[""TRAIN_Q255"",""TRAIN_Q424""]","[""swg21991414.txt""]","[""5c182f1e4bc3b9114beac99a3ef35ac082103cf62c5b490a453552a35cbde6be"",""5de249f19d91fed056d4416ca8204854bf4b6e8edf6416b2e406a9a03d258ad7""]",2,0,test,42,connected-component-lexicographic-milp-v1,bc17d95c8e1957283aba7e8e56e79eac6fad4862ccda375d696cefa6da102e7e
phase01-data-v1,0b5bbc84b7f07d6d09d063130e90b716d8d4a32a,techqa-group:c0f2c6855e46dacb9cec1384aeeae5af0ccbf3b90fdb8327824ff51506b66a8f,1,"[""TRAIN_Q465""]","[""swg21459952.txt""]","[""b16ff47c7d489bbf627aee1d14f5cc9821230afe8f9d7510b0d9ac4505312d3a""]",1,0,train,42,connected-component-lexicographic-milp-v1,4ac9548e734e5b1379fdb325d066a1250abd79d84aaa892333fe476242be51a8
phase01-data-v1,0b5bbc84b7f07d6d09d063130e90b716d8d4a32a,techqa-group:c10cf41325da6af07d9effa5f2d6c6e9babfb3337b6105c6d7ee17aad7074d8b,1,"[""DEV_Q301""]",[],"[""7b7d4e92234df4bf4094cd0652fed8b803313b5fbb60c6ee909c510b3e7e0474""]",0,1,train,42,connected-component-lexicographic-milp-v1,5f00a494c058b7bc3256acb726b55ec98eae46701a43a8c33592fcbb5d6ab93e
phase01-data-v1,0b5bbc84b7f07d6d09d063130e90b716d8d4a32a,techqa-group:c120e3d5635fa6cbaf9e6cfdc76882c36a62dc41a02f932b3afcf086559dc478,2,"[""TRAIN_Q058"",""TRAIN_Q124""]","[""swg1PI37248.txt""]","[""62ec744b8168d1bab082e0e3e8014fbd38b7cdec3c04e75c1ede0b3aae6e79b4"",""6bcf25a7b19df901fb607b56732c4713fbb3c717bd6d7f46a506965126c7b8c2""]",2,0,validation,42,connected-component-lexicographic-milp-v1,40a97379c373afbe3f5702ff3833deeb0f192c3a7331d7f7f4cf91821983d80b
phase01-data-v1,0b5bbc84b7f07d6d09d063130e90b716d8d4a32a,techqa-group:c14eb4a00f2a0bbe04727a7796e02b8cc1b7673b2dce2e465e9fc7830a901f8f,1,"[""DEV_Q229""]","[""swg21609958.txt""]","[""e7deafdb215cf93e197ba7b2f0428d00a0504f44d131baee4c4b5254ed64a983""]",1,0,train,42,connected-component-lexicographic-milp-v1,7216e60cf702a450a3f04373fbf8f4c91433b394b381b2753bd1d5ba6deae1e6
phase01-data-v1,0b5bbc84b7f07d6d09d063130e90b716d8d4a32a,techqa-group:c1843f64cf45f10242c74272dd56b2f413718856a272d5699296a179e932c843,1,"[""DEV_Q245""]","[""swg21988389.txt""]","[""2fb6f072f2fae2036089c71a2ef085001f38d903ace5113d12899dcd3174f99d""]",1,0,train,42,connected-component-lexicographic-milp-v1,7928cff7f90e496f67c7c4781a0d85386b5dd2a7a17560f44cd133bae7d47b74
phase01-data-v1,0b5bbc84b7f07d6d09d063130e90b716d8d4a32a,techqa-group:c1b3de8b1b9680c6b9baf7e757d987514bf56cd2b9540984414319fb304e26a0,1,"[""TRAIN_Q204""]","[""swg21500151.txt""]","[""bc78db06597031b92cf59ef8625b0e0487b0f7a4659408a1ea0763a3a343e3ed""]",1,0,train,42,connected-component-lexicographic-milp-v1,92686ea6da9451a931351f120283370dbaf1318d3c7c938a8da10db4ab628885
phase01-data-v1,0b5bbc84b7f07d6d09d063130e90b716d8d4a32a,techqa-group:c28adce152d03c853ac400e007502a95e135ca881378ebd69edbfee42812bf4f,1,"[""TRAIN_Q027""]","[""swg21611699.txt""]","[""f081006d2e597cd5dd1648889080be46ef554493cdbaf63ed8e45a3f352fd0e3""]",1,0,validation,42,connected-component-lexicographic-milp-v1,987e937ec860d21d2a6776e551910a0daed50dfd1e5f980895d15b150d52f714
phase01-data-v1,0b5bbc84b7f07d6d09d063130e90b716d8d4a32a,techqa-group:c2ac02ad8ed575549a910cece95eeddb4621913abd21c120edc5e899ec6d2375,1,"[""TRAIN_Q453""]","[""swg2C1000132.txt""]","[""3f8e04f6fb594406a0ca2d89acde6c0c6e5a9b1ddf1f318e229e3573f5cbfbcf""]",1,0,train,42,connected-component-lexicographic-milp-v1,85798e49da5c810f45fcba5bdd0ac6cd965e6062e49dc60554c85b003d49f06e
phase01-data-v1,0b5bbc84b7f07d6d09d063130e90b716d8d4a32a,techqa-group:c2ae4d951969d000fcd1c4ae2db7032140fcacdb0a31313a52ef555a936c6884,1,"[""TRAIN_Q553""]","[""swg21903249.txt""]","[""4cced48444ba27830d7a97136ecab1f655deeb4f460550710dace53aa65c4393""]",1,0,train,42,connected-component-lexicographic-milp-v1,586b724850e9711afb3ebcdd1a46786212583399181f953d30075a6a8b3445d7
phase01-data-v1,0b5bbc84b7f07d6d09d063130e90b716d8d4a32a,techqa-group:c2c223f33ae91b41443ec371db9700623dea04eb4eac05993673b1e2fd40af1c,1,"[""DEV_Q054""]",[],"[""94e594620d64f9c57bcde270d74d340bf51304c05366da63f2b55465b22f2320""]",0,1,train,42,connected-component-lexicographic-milp-v1,eb198afaec42b97403e4483cbb050791d21d4ac28d83aa4a8bdb6d7b2a8d2cef
phase01-data-v1,0b5bbc84b7f07d6d09d063130e90b716d8d4a32a,techqa-group:c310cddc8ba7643a730e12b6c18bea3c429b505b0160915f628f8389d6ea091c,1,"[""TRAIN_Q088""]",[],"[""eb086bfc24cac16ae7d90eacad0ec3f4938842fd1ad28b15fedfff70d73de84e""]",0,1,validation,42,connected-component-lexicographic-milp-v1,820081b2c8a6f26eebcaa314e9e1652c8c902bdfd527fb8ca7cb33316c324569
phase01-data-v1,0b5bbc84b7f07d6d09d063130e90b716d8d4a32a,techqa-group:c47e1d698d894851856fee520ac0c01036666ff1ef5fe58db3a721833416ee94,1,"[""TRAIN_Q594""]",[],"[""42650a2cbcaebb8a87e76e1e05c9683abf32d3e60f6168c2148354eec745fac1""]",0,1,train,42,connected-component-lexicographic-milp-v1,fb2f1e428ebe3ea984bc421b83633b28d764d0200a4d02e0fa8d7fa56d07c135
phase01-data-v1,0b5bbc84b7f07d6d09d063130e90b716d8d4a32a,techqa-group:c6b0266a3be460c6c7131149d49ddf8b223bf40385585e507882b51093d02f7f,1,"[""DEV_Q199""]",[],"[""6462180b6714aa666cac4fb3a04eacd1cf2fc70e1c01aa1243685788e3a7b134""]",0,1,train,42,connected-component-lexicographic-milp-v1,1df6e32032eb43881aae9761634275a49c2bbe93e59d02d15ea40d36781c216b
phase01-data-v1,0b5bbc84b7f07d6d09d063130e90b716d8d4a32a,techqa-group:c761255d4887d6c40001d1e415d99b269412b3bcf5fe794681259fe14d1d8f79,1,"[""TRAIN_Q381""]",[],"[""a526aca1e04d15424355f31ed6ae3ec09b8c1fcb7dd48c4bafe82c5435afe05d""]",0,1,train,42,connected-component-lexicographic-milp-v1,4cdd329e5341d96297688fe91f82eb1e168429ba737969a22380faa099851b35
phase01-data-v1,0b5bbc84b7f07d6d09d063130e90b716d8d4a32a,techqa-group:c8048c634583c90728fc5e7e2644d597654abc4f50ec2514c07005748f44531a,1,"[""TRAIN_Q518""]","[""swg21688949.txt""]","[""2a684581fa61a4b92c8407d38d4e0aaa1a8e0146be91ba6c07ddee244535ee49""]",1,0,train,42,connected-component-lexicographic-milp-v1,8607f8a3e16195f3c16cc7ea53f602755d6068f5e1591aaa1760318e925e0ecc
phase01-data-v1,0b5bbc84b7f07d6d09d063130e90b716d8d4a32a,techqa-group:c886f598dd11b550495e0f17648c390db7dad6487c8ce390daa837e872ce44ab,1,"[""TRAIN_Q165""]","[""swg21994741.txt""]","[""d79f0bc262f0ed79c6bd2e1540dd1e4f13ba7ec4ea8a7f2196df0874cb48ee1b""]",1,0,train,42,connected-component-lexicographic-milp-v1,4d0d959d0a667c8ed9b445f2b61d0e6c9485d14ae322b4a7c7b04b44650feb47
phase01-data-v1,0b5bbc84b7f07d6d09d063130e90b716d8d4a32a,techqa-group:c92ede744597a1e845ffff59743e27d6301176b004e9319b075c296145cfc35e,1,"[""TRAIN_Q501""]","[""swg21655808.txt""]","[""dddff7b79b0fbb5236a2a475fd51b0c169ec0341f9c8db254ce2ed9b784a2d14""]",1,0,train,42,connected-component-lexicographic-milp-v1,b5d0520347b2b51fd5277a03161aade7ab7bbcf90f96ef94e69abc8020344573
phase01-data-v1,0b5bbc84b7f07d6d09d063130e90b716d8d4a32a,techqa-group:c96fd0dfdc015677467fbd7611c6ec4aec1c8ab1116533acae19bd2927cc84ff,1,"[""DEV_Q079""]",[],"[""571159326f55ed8794c78d02ea7eb4048ffbd368a8a89462129cf3b78c84ceb9""]",0,1,validation,42,connected-component-lexicographic-milp-v1,b06e91c41682a249b8b87e9b6b7a10c96f0f87a3d47c852e661b84ae797ec1a8
phase01-data-v1,0b5bbc84b7f07d6d09d063130e90b716d8d4a32a,techqa-group:c98f49e26caf4007070aaec2ed78b33c56df38d0e3e64c70c19ac865b61c51e6,1,"[""TRAIN_Q363""]","[""swg27046040.txt""]","[""9e788216dfbf54121c4770bfab4a976e5a2a9f12756ae66cca72e8fceb335b5f""]",1,0,train,42,connected-component-lexicographic-milp-v1,844d12db161cbee749af74b8ca2544036c31636b09ddac02d6e9507f8480d016
phase01-data-v1,0b5bbc84b7f07d6d09d063130e90b716d8d4a32a,techqa-group:c9c52de28050ebdc18afa13a2e88582e165211deb1c36603273d9a9919598da1,1,"[""TRAIN_Q293""]",[],"[""1dcb64d783661cb202a084992083cd8da3bc46f49e1db876a6823d65b68585dd""]",0,1,train,42,connected-component-lexicographic-milp-v1,c3726f34ad02670715c3d1e3873789ce304dddde0687b15ce5c3100d2d7e5744
phase01-data-v1,0b5bbc84b7f07d6d09d063130e90b716d8d4a32a,techqa-group:c9ffe5968bd508b7702ce3f0ffdf7fc78ab8e4fbcec6964f6b5de81b4b613b46,2,"[""DEV_Q210"",""TRAIN_Q097""]","[""swg21067352.txt""]","[""559b97e3c03bfc5d0942e787ec72800c134046324fe0ff4376bf55f7bfb083c1"",""bf57d71938d16824099045edcb79a5ae58d471c46f9fbee9b01b6dd94766f6b9""]",2,0,validation,42,connected-component-lexicographic-milp-v1,2060d07849e03ca04accbf16f88a309efe3769dec60e5f3bee25768e228cdd69
phase01-data-v1,0b5bbc84b7f07d6d09d063130e90b716d8d4a32a,techqa-group:ca502696d4f2aac2b9cd033c12bb785a1a99719587db9617404f305e49414f7d,1,"[""TRAIN_Q307""]","[""swg21967589.txt""]","[""21048bc12c7eda46ee20956624fbf6a2460d9ca28d52d2e4fcb4bf9f00ba88c6""]",1,0,train,42,connected-component-lexicographic-milp-v1,0c53ed771c3f982b34ea4a86167c121f7bf2b34b1d123251f0e1eba1d2f2e12e
phase01-data-v1,0b5bbc84b7f07d6d09d063130e90b716d8d4a32a,techqa-group:cc683a37c13e3741cfa91a6690944e2842f76b9b5a5e0b6fdef07436e293e2fa,1,"[""TRAIN_Q558""]",[],"[""89074923d9aa9d2f589eaf56cf2c4c981a2667db82f2771511fc016ede80bf24""]",0,1,test,42,connected-component-lexicographic-milp-v1,b3df295a2065972353cbe522bb8669ae33454b7ae69c739013770f5506383312
phase01-data-v1,0b5bbc84b7f07d6d09d063130e90b716d8d4a32a,techqa-group:cd3e8b817680844dc30a4c9256c79d552438134d6467bc3765b5c4c48c6e3c32,1,"[""DEV_Q053""]","[""swg21635341.txt""]","[""b5631d46b6190536b41022f84699672c4cf481b09f5260f00c465b2f7b193f70""]",1,0,validation,42,connected-component-lexicographic-milp-v1,a0e579130999658ae4d6a1b34d15f3950fa6bfd7c65432f2c5a673d05a2bd32f
phase01-data-v1,0b5bbc84b7f07d6d09d063130e90b716d8d4a32a,techqa-group:cdba7d39b537749499020d538af994b4710da4edaaf70df65845be9fcd246684,1,"[""DEV_Q058""]",[],"[""6810b84852d093458b7674b4a29fcfab183edddb432d74716fa61e1eeab6de4f""]",0,1,train,42,connected-component-lexicographic-milp-v1,2d76e8711db5861d102090d7f54d1fefb1c2b3c62d9a281b54eb71e8914c84be
phase01-data-v1,0b5bbc84b7f07d6d09d063130e90b716d8d4a32a,techqa-group:ce08df2377c299f2121184dcb323673bb629f5ea0515ae2e437faa58052379be,1,"[""TRAIN_Q264""]",[],"[""85b28adcab296bcb1ace0844c25f0b02e7cde24f514cd1d7a5861efaa0e4481f""]",0,1,train,42,connected-component-lexicographic-milp-v1,be3802d7bcb9330fcc5c253f25850a7202b6431942375a03e010c5a0cea5a031
phase01-data-v1,0b5bbc84b7f07d6d09d063130e90b716d8d4a32a,techqa-group:ce196502f5ff596ce6c589f2f650e567f8dbe413144e33b4a71e69dcf0c0f97a,1,"[""TRAIN_Q281""]",[],"[""1fc9f1d3c98a5a799be320e670c22b566e939d8e02993aee47e1289f7f266971""]",0,1,train,42,connected-component-lexicographic-milp-v1,a856f5613888824e441cea8d5d97b64047b9f33a3a6d15f7d55247cbc1a50e9a
phase01-data-v1,0b5bbc84b7f07d6d09d063130e90b716d8d4a32a,techqa-group:ce1bb2b7acad080d847f9e8a3963b2817f6c0131bec9a4f79560a2a59e663e9a,1,"[""DEV_Q027""]","[""swg21618564.txt""]","[""b2dc07b2d3085f8aa07e122ec749103ad90b3ab00b42847714829321784b335c""]",1,0,train,42,connected-component-lexicographic-milp-v1,5f459c28200dab47edd643f09ac04aef341622c8f127180d71d45f83ba99225e
phase01-data-v1,0b5bbc84b7f07d6d09d063130e90b716d8d4a32a,techqa-group:ce40339e764e743c09da0573c58503dfd75f6fe278f20ce912059fd4ec957485,1,"[""TRAIN_Q245""]",[],"[""bb4800b3b499d2c3d4969293db1bf786061cf479afae0c5fb134e802439bd1fa""]",0,1,train,42,connected-component-lexicographic-milp-v1,a31c7ec8377f78095c19cf8e5cf53c451ecf5a67f70c87893c4ca0a7edb9544a
phase01-data-v1,0b5bbc84b7f07d6d09d063130e90b716d8d4a32a,techqa-group:ce5becb8c9736c52f082947e0911bba23183dd9d3bc0faf51040a3f407061940,1,"[""TRAIN_Q391""]","[""swg21983638.txt""]","[""22ee6437a4282db36ab11f81f082967ce4791a9c1b03fda420160d3a28a2c41f""]",1,0,train,42,connected-component-lexicographic-milp-v1,fcb2334d5f0a9e9bc4c775508c66792579188f0380fdc6e79282ff012c00a53a
phase01-data-v1,0b5bbc84b7f07d6d09d063130e90b716d8d4a32a,techqa-group:ce6fcbc3a8b80daaba6172e5336d1a6ef9973d24c60ae23c58a1c3c7e26fbd00,1,"[""DEV_Q128""]",[],"[""8672a89296631ae2d40edb8b53981f79b00fec15a8059ef819a221d2cc983aec""]",0,1,train,42,connected-component-lexicographic-milp-v1,13ac3a45f0407f5a24084ac092aa9de6f0e5cd7d7233980aa8f0df3b8c16ddb7
phase01-data-v1,0b5bbc84b7f07d6d09d063130e90b716d8d4a32a,techqa-group:cf3511c813f77fd8baf8297da5da1cd6d81713dbb850258a6f9428d3abd4bae1,1,"[""DEV_Q006""]",[],"[""ba612ca45ea5ad07f88fc2217474bed60d6fb396d56355355bf57aa7ef2c833c""]",0,1,train,42,connected-component-lexicographic-milp-v1,b66702dd57a9444dba7d2f396618df3b6936521b4472de8b6df9cb578e35a2b0
phase01-data-v1,0b5bbc84b7f07d6d09d063130e90b716d8d4a32a,techqa-group:cf97051b309adb546596d21bea4f75c6d06bba10f7bb60fa4759650d9ae4a71d,1,"[""DEV_Q032""]","[""swg21994175.txt""]","[""285f2538203c12b553f506ce92388ee43cef08a38450af34bcf8c6b78b299baa""]",1,0,train,42,connected-component-lexicographic-milp-v1,ccbf4dbcc4a0df5385e02bf9930a72bb121bf0b27e7e25c8010c9c1c24e12cfb
phase01-data-v1,0b5bbc84b7f07d6d09d063130e90b716d8d4a32a,techqa-group:cfb7e7f5bda63994f5bbe44c399c8f5536459f576586d0ea7d5c2187048e5bbf,1,"[""DEV_Q117""]",[],"[""a08ef0cc7b84f8e88a7aad6c60791f1b84129041e9a1bafbb6d48d10fe64ae69""]",0,1,train,42,connected-component-lexicographic-milp-v1,28d523dc829a2ac377cf1e774df4e6e1f137f2005315c349f0e9e852804057e7
phase01-data-v1,0b5bbc84b7f07d6d09d063130e90b716d8d4a32a,techqa-group:d0351834d6fb13d43b3e4bc45aa7e0f2911f7a68efbd27608c6a0d992fa555b1,1,"[""TRAIN_Q070""]","[""swg21982451.txt""]","[""feb3dd1730a9d9028afac237e768e18a1a4cce3593a744c900916b3f9d680639""]",1,0,train,42,connected-component-lexicographic-milp-v1,23e3ac80739b4076229b81ca81db5e6de7e25277489eebcc34e5e409eb503368
phase01-data-v1,0b5bbc84b7f07d6d09d063130e90b716d8d4a32a,techqa-group:d049de0e2e1799be42b0b43274bb3e24315cf451c1fed25fb3387776a3ca4444,2,"[""DEV_Q202"",""TRAIN_Q087""]","[""swg21631478.txt""]","[""5315ca807c629f252559f1620e9f842c5c88d453eafc0e966b17daf9094edc8d"",""bdbd83de4de38294feb8eb418c512b447076702b40c06e8da2e0a9120201fb78""]",2,0,validation,42,connected-component-lexicographic-milp-v1,cc8132986a5ad245728ab450f91a476bfded74de649c3c1e7dc16afcefa85e44
phase01-data-v1,0b5bbc84b7f07d6d09d063130e90b716d8d4a32a,techqa-group:d11b700618a6df03679d5a0bb0f2593fc05a2b2656f461ccac3d2603bd0631ba,1,"[""TRAIN_Q519""]","[""swg21697944.txt""]","[""f71b9bdfa5bc0cd96cd2cbe6c770c3de5eb857af766e1c3dad8a2c045bfad7d0""]",1,0,train,42,connected-component-lexicographic-milp-v1,4a4255c9803d5b32748fa479381c860ef706959bf9b862aec7847da3a4514616
phase01-data-v1,0b5bbc84b7f07d6d09d063130e90b716d8d4a32a,techqa-group:d210e6a74270ac3b04b9c80b6289f37427753c260d5ecb0553f2f8cb22ee8a83,2,"[""TRAIN_Q549"",""TRAIN_Q583""]","[""swg21985630.txt""]","[""080c6713d30ab09d280e871815f540195f9336eaf20d94a370a15a6cdc6b101e"",""b8543bb348dc7939746b90c61952ab844c5a413c2ab7f64c1f66b58419dfb1cd""]",2,0,validation,42,connected-component-lexicographic-milp-v1,659d52015208693361e34b42ad71674ebac4b54b91e0c0e2618ae52d0f217e87
phase01-data-v1,0b5bbc84b7f07d6d09d063130e90b716d8d4a32a,techqa-group:d25e7fecefd12b0eb64b5966b6cc971f0d05fdbf945733179aa415ad72d413b0,1,"[""TRAIN_Q193""]","[""swg22009938.txt""]","[""c685599f36cb619f0a2fab6703774d2f791df010a81421bff34a2d000d630cb9""]",1,0,train,42,connected-component-lexicographic-milp-v1,2e353cef1dbf7ccb44e75110c1f3c4808da60d7f33a46a7bc2182de2c7c7d713
phase01-data-v1,0b5bbc84b7f07d6d09d063130e90b716d8d4a32a,techqa-group:d2710b812de295a6a19eee95d873cc48e15e59e85c5603415c1dc686ad5f766f,1,"[""TRAIN_Q352""]","[""swg21425772.txt""]","[""5ef8b4ab0de02e6b304424324b2ccb9a5fa863f4643453500088fb298bf86039""]",1,0,train,42,connected-component-lexicographic-milp-v1,d5218e79ca13a81cff95210b9f1fd3d757de2881bc98b72c173011e99d138b0e
phase01-data-v1,0b5bbc84b7f07d6d09d063130e90b716d8d4a32a,techqa-group:d2b7eb972d184fc08d113a1cbd3b6412dacbdb17b696c4d30bdb053a2a6ea39c,1,"[""DEV_Q163""]",[],"[""2f7a2a2252710caf2e3a927255678ef80aa6452b467d94bcade081ff233c24a8""]",0,1,validation,42,connected-component-lexicographic-milp-v1,624f1ca5b2e824483ae1adc6c52759728c71fb4010f139de4ea3079907a7cb7a
phase01-data-v1,0b5bbc84b7f07d6d09d063130e90b716d8d4a32a,techqa-group:d3dbf4bf9621af405bb6bf057470235efc23080bf49b0d5be34377ca0d85f6d3,1,"[""DEV_Q161""]","[""swg21610844.txt""]","[""4c2a85d822150cc6406932cc57dd7dafac88a8c93b07cc2bad1797ebce7a12da""]",1,0,train,42,connected-component-lexicographic-milp-v1,d7e20dc98db31061c030e006145a3a9d57bd3c926c1fae236663953366a0b944
phase01-data-v1,0b5bbc84b7f07d6d09d063130e90b716d8d4a32a,techqa-group:d3e0948a6b46b8fc2fa9016ad6d3ebafe5915fb87e07e46c0f541f811dde3ae9,1,"[""TRAIN_Q444""]","[""swg21477587.txt""]","[""e2d95dc0f49e41a8ff5d13cc40bec5604042bc87f13075eb72eb4de1bcb5cec3""]",1,0,train,42,connected-component-lexicographic-milp-v1,fa69fd6733785229b174f7137b51853d9fdda19693f2242d9de6732f03190476
phase01-data-v1,0b5bbc84b7f07d6d09d063130e90b716d8d4a32a,techqa-group:d3e78f663cc4c5830b89216ed9b62f6d71e98388968035bf3307202b0766674f,1,"[""TRAIN_Q118""]","[""swg27023910.txt""]","[""1d139f9d7b7b26ecc2707740a33b82029319769584c4514aa4bf25daf8b3965f""]",1,0,train,42,connected-component-lexicographic-milp-v1,33d2d1ac7797724693d288a47df049c8d63eef6c5669a58cc45d87ba85e1635a
phase01-data-v1,0b5bbc84b7f07d6d09d063130e90b716d8d4a32a,techqa-group:d453c8a77afe4b3ba03a156e7912d5fef4e478515822b6b51b0c3bf03c0a4064,2,"[""TRAIN_Q266"",""TRAIN_Q446""]","[""swg21685435.txt""]","[""060da8cae553f0cb1d301ac8c83d29556b0b477a5529fe5a0f08328863cda004"",""b0bd959490c6e917a4ca45a628ce39e22021f9c60e28be0cae5e6b4d122ecd57""]",2,0,test,42,connected-component-lexicographic-milp-v1,01526755be68039654a3ac433bd35e2b9b2a41f0ec01c10b9ed6562db1aada75
phase01-data-v1,0b5bbc84b7f07d6d09d063130e90b716d8d4a32a,techqa-group:d54040bb286e6e34605c0c1988defab7cc9e6803dba725b1bccbc4bcff6ad79c,1,"[""TRAIN_Q511""]","[""swg21902172.txt""]","[""bf5191a1f1c9d2ad578124f7a51a174198e8cf5336e00c84306433f3a1f4048b""]",1,0,train,42,connected-component-lexicographic-milp-v1,b37f85a0462c1dad02a6f2a4abc6da38b82b1cc6e26621202e369d390f0bf13d
phase01-data-v1,0b5bbc84b7f07d6d09d063130e90b716d8d4a32a,techqa-group:d5b523a89c928d83d35d614de3a77697efa514cbc0c65e21cbdf49405ed67d2c,2,"[""DEV_Q189"",""TRAIN_Q210""]","[""swg22007765.txt""]","[""d33756b6ff785bc8816765a15fd7f400c4a6a499900a970b59838a7aa8604572""]",1,1,train,42,connected-component-lexicographic-milp-v1,9b7e52999d13ea43b22ab8a4881618abdfa0e48bc92f3e9aa208ca5a86b3d286
phase01-data-v1,0b5bbc84b7f07d6d09d063130e90b716d8d4a32a,techqa-group:d71364709bb8944e3aa0ff642be54e8c35b49c5bbe2836508ef469d52ff83b84,1,"[""DEV_Q249""]","[""swg21998663.txt""]","[""d543f628572a4153e97fea76b95f1ef49540767fb77e768c993af9e4d01832a9""]",1,0,train,42,connected-component-lexicographic-milp-v1,8bfbfadaea823793d380a4d1bd335bfa37a6496c95b0c559ffe228514883cbd1
phase01-data-v1,0b5bbc84b7f07d6d09d063130e90b716d8d4a32a,techqa-group:d72f7d585b927c6394136d366f1d9f0a50cc1b1cbb5598786485d997cdc6b751,1,"[""TRAIN_Q132""]","[""swg21661918.txt""]","[""11513f15d7d5ff330e1e9830b2b1c141bf15fd733eaec5d97a042fc97f67dcca""]",1,0,train,42,connected-component-lexicographic-milp-v1,8760e7d75221952e2aea471fe3a23768f9f744b94d0693ab9099f02dcfb86e87
phase01-data-v1,0b5bbc84b7f07d6d09d063130e90b716d8d4a32a,techqa-group:d739a9855208b1c7fc2c1ddb9766f0ba10135889eb7d51c5856052b35dcc6e2a,1,"[""TRAIN_Q221""]","[""swg22004617.txt""]","[""890dd2a048b9ed10ff8e7dbe89a9d163b20b9afc34e1a5f4e7a36a255b8fe85b""]",1,0,train,42,connected-component-lexicographic-milp-v1,2a6674870d21df6ac9974913dee87d6f4afce1922b1f617689fbc38908d6321e
phase01-data-v1,0b5bbc84b7f07d6d09d063130e90b716d8d4a32a,techqa-group:d80932ffcbb63529c24b2213393d525b1faaf4d7a9b110d11a98f9737b1de761,1,"[""TRAIN_Q256""]","[""swg24035571.txt""]","[""86be6f3ef6f824cbdc1fdd648d6bc74c1c3c083295d6aef668ca893727bc85d7""]",1,0,train,42,connected-component-lexicographic-milp-v1,ce9991550240049195bbacae6b88a8930647329633940f9d8172a1851a4ab516
phase01-data-v1,0b5bbc84b7f07d6d09d063130e90b716d8d4a32a,techqa-group:d81bff6d325a7d79e931d94b436395163e052b381a5db3a5228f01bcbb8610c2,1,"[""DEV_Q061""]",[],"[""1dfb64c0120211c44a8ed26e3387523164812e62ca20dfbe865071c997379134""]",0,1,train,42,connected-component-lexicographic-milp-v1,addb59e1858ab79149678e9cf5d36f2150f6ab1b3207038a5a68485535b67c2a
phase01-data-v1,0b5bbc84b7f07d6d09d063130e90b716d8d4a32a,techqa-group:d857d62ad3ca0ac8df5bbd82b06111899cbc5a037d9bd4157b9f96967cb8d421,1,"[""TRAIN_Q170""]","[""swg21391724.txt""]","[""756cef43532b6252ef55cfcfbe0c2453ed2765e23b56891e302ad2e084b0cdf8""]",1,0,train,42,connected-component-lexicographic-milp-v1,d3b1eb18778620d772da25e7b1fcaffe08b53ca25caab5956fd0c5f080290e27
phase01-data-v1,0b5bbc84b7f07d6d09d063130e90b716d8d4a32a,techqa-group:d8758410eb3f4a417224f8aa36b93bcd0d34be12081e594b48fb7975ecb8a062,1,"[""TRAIN_Q295""]","[""swg21499307.txt""]","[""f4625dbbc86e0b2d7ceeff6032e075fe4c710f46479704d39d062544dc87b871""]",1,0,train,42,connected-component-lexicographic-milp-v1,ffaafeb06ac0c8ae12d27a8ced224de62791512891c0d16f45a4f8ccc051ccf3
phase01-data-v1,0b5bbc84b7f07d6d09d063130e90b716d8d4a32a,techqa-group:d8b9626630cdaf0d1c7d03c26568b02325b96f33a65ebbeb8af8fdd917d5dbea,1,"[""TRAIN_Q580""]","[""swg21902248.txt""]","[""54a4f150812c9c889d80cfa27077ba20bee03dbf1afe497849fbe61cc5713329""]",1,0,train,42,connected-component-lexicographic-milp-v1,0187154a115540f6422c8f7b4fd099cb80256bc31dfdc568551d480ec84cc7d7
phase01-data-v1,0b5bbc84b7f07d6d09d063130e90b716d8d4a32a,techqa-group:d8d10d52d6b1e5705246dd33ba434b67f3b0188c237d47e8de85580e107a86e0,1,"[""TRAIN_Q443""]","[""swg21980147.txt""]","[""847e959873278d91f10f426642cc4ca95f3035543426ed02eadacdbcac4d6910""]",1,0,train,42,connected-component-lexicographic-milp-v1,cfe095ed81f6e4cab61378a80072bf756a1c1c9142c59e1d89d86bc49cd4ae78
phase01-data-v1,0b5bbc84b7f07d6d09d063130e90b716d8d4a32a,techqa-group:d8d51dbc15245ddef1504267f2934c1c07013f548a01975a9923617354041995,1,"[""TRAIN_Q139""]","[""swg21975233.txt""]","[""caf1e856717e459cfba3052018c9d2fb35b202315ee45d9a4eb7674289f304b6""]",1,0,train,42,connected-component-lexicographic-milp-v1,8337ec690860baee2b74fa088aba2a2b1d9d8e4744e0b126e24b15edefa5bd54
phase01-data-v1,0b5bbc84b7f07d6d09d063130e90b716d8d4a32a,techqa-group:d90dfc8ba2eb8a5276d9c69d16b5ee54ec3aac42c7a9a872d7561a78c1f4b6cd,1,"[""TRAIN_Q117""]","[""swg21695094.txt""]","[""b8c87ebc2e8e23077bf8ed224b192f3a6a5bf551aa8a3ed4e0bd2c793f4c4bb5""]",1,0,train,42,connected-component-lexicographic-milp-v1,0d264801a691f04aea964cc3886bd369b548540ecd40cb5084772a8fab9a77de
phase01-data-v1,0b5bbc84b7f07d6d09d063130e90b716d8d4a32a,techqa-group:d9149523259336b9322899ae4b24acbe59d524b56346f924f07ce5a3f17bef65,1,"[""DEV_Q049""]",[],"[""18bd8b255f45679cdaeafa6f1601bc0d99940babb417c33d9994fa56f4a39888""]",0,1,train,42,connected-component-lexicographic-milp-v1,b2ea01b313dea759e4c59b7609e6d2dec71a396e42da1de3f038e43ecb33810c
phase01-data-v1,0b5bbc84b7f07d6d09d063130e90b716d8d4a32a,techqa-group:d96af722b9abbdb3fa243eefca6376a810d88baa7df866439b6fb3fae1bd2d78,1,"[""TRAIN_Q184""]","[""swg21701478.txt""]","[""e48a23b1856c40e23a12e242d884cfc61784c148dfbcf9c00a0ad764edc6b4cc""]",1,0,validation,42,connected-component-lexicographic-milp-v1,a5aff548806cf084cc75fba5c4b5f34669ccc228bf5d1187dded109f1eae50c1
phase01-data-v1,0b5bbc84b7f07d6d09d063130e90b716d8d4a32a,techqa-group:d9c5839796478bf61a3d6644e15e7e245c7ff989c03279ff494a3cfdec9d0806,1,"[""DEV_Q015""]",[],"[""a2a0acb5cb7873a168db71e5b471134cc60201ea88164d61da53bb907d576100""]",0,1,train,42,connected-component-lexicographic-milp-v1,b263149de881dcc604b21ef3fad92fdf22d80e66e886b66a83f126f14bda26f0
phase01-data-v1,0b5bbc84b7f07d6d09d063130e90b716d8d4a32a,techqa-group:d9ed87719082712cfffba51edac9081cdceb6e61d50c3210366ec93989df3091,1,"[""TRAIN_Q464""]",[],"[""136c59e4cae9b25bdee078fe8623a15c00c75f6e741c8009a54470fba32205e7""]",0,1,train,42,connected-component-lexicographic-milp-v1,580607e5d53a96180f8365b433f01d72777d82ecd9c05a3c309d55f73f91c412
phase01-data-v1,0b5bbc84b7f07d6d09d063130e90b716d8d4a32a,techqa-group:d9f570f46ff4a37ed4b80bceb41509b7dffe270169f160e28305b0e405bd7aa5,1,"[""TRAIN_Q174""]","[""swg21445801.txt""]","[""0b4caef48060205da2bafb093d40f7432ae510c47c15265635286b2371015206""]",1,0,train,42,connected-component-lexicographic-milp-v1,4dc0203f91ee12dba2b229d5215a90ff2bda38b4be7b4e8ca9bbe08e23bf94d8
phase01-data-v1,0b5bbc84b7f07d6d09d063130e90b716d8d4a32a,techqa-group:da98563d8f03d822624762eea1be69539410c8e16a6b418f86401f9ac8faa482,1,"[""TRAIN_Q506""]",[],"[""33d0b73d3272fda5df039a52311090b621a4c4d0884ba11b3275b3f24c62f9bf""]",0,1,train,42,connected-component-lexicographic-milp-v1,c90c99e817f34900a8d28eece3ef002a9e295b5d465180aee23fdcbdbda7f248
phase01-data-v1,0b5bbc84b7f07d6d09d063130e90b716d8d4a32a,techqa-group:daf0ca3c6d52b77a2dfd3b9da1c68cdbcc16ed5da81214e77c9d65a34f045c23,1,"[""TRAIN_Q158""]","[""swg22002443.txt""]","[""5b595317d6801f0da7bbf38aed3b4ae9e6fa7d1a3e06cf987370be12ca3bd98b""]",1,0,train,42,connected-component-lexicographic-milp-v1,36a4d2a860035bf2e9110c7d176f5c899b8a4a455527a0528d63715c797f2f37
phase01-data-v1,0b5bbc84b7f07d6d09d063130e90b716d8d4a32a,techqa-group:dba6b011e01f5c1640fd21c9d92e167fc1ac86484f887a48fec8adc7c371380e,1,"[""TRAIN_Q155""]","[""swg21987296.txt""]","[""045922519b6f225558d577ef00951a68b07e0d7f8da91c9118c5aa198b0d0185""]",1,0,train,42,connected-component-lexicographic-milp-v1,94ab70be73f1bdca202e0ceaf65191a7d2d9dfc0c418563608586ec840964995
phase01-data-v1,0b5bbc84b7f07d6d09d063130e90b716d8d4a32a,techqa-group:dd42d5c163b03df3d837c1c457a00e459200c517fd5e250a49e6d4f6fb69112e,1,"[""TRAIN_Q207""]","[""swg24041563.txt""]","[""d2dec53c58489a3afc6154272721e0b89e08bb1f3e8d6230da1eaf5da87b81ff""]",1,0,validation,42,connected-component-lexicographic-milp-v1,6bf64143c5bd763880561969978fe6440cb624d22dd1edb6aca7562f3b44f181
phase01-data-v1,0b5bbc84b7f07d6d09d063130e90b716d8d4a32a,techqa-group:dda0c35c9f82106efee1aae5b4f8abd4120b06bdbadb3b8c9d334b50ee3e9507,1,"[""DEV_Q111""]",[],"[""28e35c9d2738492f8a33be7b68f06c1e7b0f84286cbe660fe5921377e3bc031a""]",0,1,validation,42,connected-component-lexicographic-milp-v1,cd40673cf5f9d4f072c8f9541595bbe10308abf9ca5796ade8ec7a28fd7830e7
phase01-data-v1,0b5bbc84b7f07d6d09d063130e90b716d8d4a32a,techqa-group:dddafbd272d515713a233145247df38dc425dfacd142bd3536c665a5678d8742,2,"[""DEV_Q132"",""DEV_Q258""]","[""swg21653905.txt""]","[""082ba58f9a3799b9486d62cd013e87a3dca853478c78c3b7dd5d86156efce37d"",""791bbf0764b570f0c6de3818c4f26ffd3c0a3c1d8872fc2d941f4538888a2b70""]",2,0,test,42,connected-component-lexicographic-milp-v1,4ee9347f9bbc1f21bacfd974acbe839d037c4689f13924b750a325842c4c0e24
phase01-data-v1,0b5bbc84b7f07d6d09d063130e90b716d8d4a32a,techqa-group:de4e2df74a7a22392a9bc01596142c065e3561ae40595f1b601f7d09e2e40f0e,1,"[""DEV_Q018""]",[],"[""22f48293a0e5a197da9a1bf868678b8484011b4ff0a76bd33d845ed447458595""]",0,1,train,42,connected-component-lexicographic-milp-v1,1ba6a7042a1405da02f3e97678b6046eda9e4a3a01f7cad8500f2caed4fdf654
phase01-data-v1,0b5bbc84b7f07d6d09d063130e90b716d8d4a32a,techqa-group:de757ebe53d48cb025f38edc8846ed561390c37c445777a72ee145773eb16b83,1,"[""TRAIN_Q494""]","[""swg21690673.txt""]","[""0d802aedcf78054d50a657c524fc496fac2af4bfd003a7ed528b4004b6f8a043""]",1,0,train,42,connected-component-lexicographic-milp-v1,94a5bfdcc40685cef5165ca1bd561156ec9e3a38210b6c2ca3cb4ee5b48a672b
phase01-data-v1,0b5bbc84b7f07d6d09d063130e90b716d8d4a32a,techqa-group:de7740b6b4c0d3b2ce0f75809638bf70cf41ce1f4c18d71546a390b2c5622663,2,"[""TRAIN_Q488"",""TRAIN_Q556""]","[""swg21237078.txt""]","[""af4e173ad18aca9b04c7f373ad3f39656cdbef77379df37917c44cdc75b3c0d7"",""ea5ae8aadd9ab824c2b6590d268463e47a9f4a95bfadb0725aa92488106a7620""]",2,0,validation,42,connected-component-lexicographic-milp-v1,57412c54f503e170e86f491c0fc0b4a7781172d0bba7f479589243e09dcf1be0
phase01-data-v1,0b5bbc84b7f07d6d09d063130e90b716d8d4a32a,techqa-group:de84749a212e33e4f7b4979dc9f519c0bada9172cf3c0444df9be488923ac1db,1,"[""TRAIN_Q271""]",[],"[""6b1c711eb1eda59ec5473f3ad210a20516306f356ec7927a6560542d08fe5801""]",0,1,train,42,connected-component-lexicographic-milp-v1,9d6e8f816bea50ee3fc78b7c86fedca067edd2f83a397685c748396bb5ed8c69
phase01-data-v1,0b5bbc84b7f07d6d09d063130e90b716d8d4a32a,techqa-group:de98bd5024ba8b640be8fb4c97b1deecdf687ff41f2bc897a710107fb299b9e2,1,"[""DEV_Q070""]",[],"[""e2d3cbbbddfe958a3ccac6633083461590614ea7a552acf34fc5c08e4e9243f7""]",0,1,train,42,connected-component-lexicographic-milp-v1,8f287fe5ff5c4b186ceaae1e692a80d08935911b6c5f0482ff10383378a1701d
phase01-data-v1,0b5bbc84b7f07d6d09d063130e90b716d8d4a32a,techqa-group:deecc79e32bf63eeba37d72c7f8db1ce8574423cb9b54eeaeddce74c9732eaf3,3,"[""TRAIN_Q060"",""TRAIN_Q101"",""TRAIN_Q517""]","[""swg22009818.txt""]","[""54cb02a01e6d10a6dfb58991b23cdd6145dc9d874e624a487b2158a4ecdeba4d"",""8170dd8775966455814d7112c1e85c67ace64f9f4e57bc6bc92db64d5a47b7fb"",""bd8e152d9cbda1217de6fdea15c4e943677616619eb7242e8f7bea4a9f51e315""]",3,0,train,42,connected-component-lexicographic-milp-v1,e78e6dc35ce57e98395798d603d75706413aa9a143ea1f86f7dc74580b76a3fe
phase01-data-v1,0b5bbc84b7f07d6d09d063130e90b716d8d4a32a,techqa-group:e05ba13ed9d7d419c5c0adaec65733263eb07830e2ff70b816d80a49715d1f2e,1,"[""TRAIN_Q503""]","[""swg21512729.txt""]","[""01dcdaddf5ae64724c91091e52c5930fc2a96d962a4196123e2bcf70987b9c63""]",1,0,train,42,connected-component-lexicographic-milp-v1,6c765cc2479955dc9a341cdf37e384f2de9f651dc821a8eff9a85de5fa72baf8
phase01-data-v1,0b5bbc84b7f07d6d09d063130e90b716d8d4a32a,techqa-group:e09bd5fe6c72559f71fce5abade6f3515914016f69bc7f7b03c476b01b5045fe,1,"[""TRAIN_Q508""]",[],"[""298d210415167213b3d2b4e50cc87ebf679c75086ae64402e296317ead1cb1a4""]",0,1,test,42,connected-component-lexicographic-milp-v1,8ab535603a63930d299f5718016a6b07c6f21f9b9cbb3cd9c0ad6b42a1d9da28
phase01-data-v1,0b5bbc84b7f07d6d09d063130e90b716d8d4a32a,techqa-group:e127e9cda7189230762c74caad9372a5163594ddd1f270ee47780ddc22d825b2,2,"[""DEV_Q134"",""TRAIN_Q120""]","[""swg21512291.txt""]","[""07d684c56fe968f777d47dbe229da769608ab78cce45723c3fa4e1680658b6c3"",""c0a3e04ae869d043326b29a36faa5d56ac4df494dc57ab6acaad2058a85172ee""]",2,0,validation,42,connected-component-lexicographic-milp-v1,c2e17cfcb699f70d483a3b53627766fdae6cd15c68f93fbd6bb17c72074aa451
phase01-data-v1,0b5bbc84b7f07d6d09d063130e90b716d8d4a32a,techqa-group:e24596eefbfba0f7319333dba21e5f9dc8c15acb0d0e563e6625c5d15ce633cb,1,"[""TRAIN_Q098""]","[""swg21902654.txt""]","[""5b77676d151853d9d6117e50ff2eae50e99724b2f80d90666f4a29495a810ad9""]",1,0,train,42,connected-component-lexicographic-milp-v1,ab27ce18dfe0c97cee3e5c0cc6cf69e5cdaa1a3ac7685232b8bc8a4d4e5c9f00
phase01-data-v1,0b5bbc84b7f07d6d09d063130e90b716d8d4a32a,techqa-group:e2f06f87c7bde32513eeb80fb0d61638bc383c88df4478a8da043b82cfdb44be,1,"[""DEV_Q019""]","[""swg21700397.txt""]","[""66e69bf21b0dc1a488bead9e6768ff03968f2c1b98196af48b057671eb748cb1""]",1,0,train,42,connected-component-lexicographic-milp-v1,a432524b63e6cc7fdacecfb3365d752109647c3f3492b19e01f062b01ce71827
phase01-data-v1,0b5bbc84b7f07d6d09d063130e90b716d8d4a32a,techqa-group:e2f9ec4c966c2128e6f25a1ce6c227d05c027f2e113971b0ce7c2dc9d5de8b1b,1,"[""TRAIN_Q298""]","[""swg21688543.txt""]","[""e7518bd554006fc93aa70c3246fdd3744ac5e23612b19c95c646ecd31784740d""]",1,0,train,42,connected-component-lexicographic-milp-v1,ebb3c85ec9de2a356f6b26e1f9447c47aa586271c55f5538eeac4c50375f4b52
phase01-data-v1,0b5bbc84b7f07d6d09d063130e90b716d8d4a32a,techqa-group:e304d0803ce28300abe0ec4d4cadbfe446bb3b1ca4f22950e58c0f544ad31b31,1,"[""TRAIN_Q033""]","[""swg21591076.txt""]","[""7206685b6a7f1ea51fc62df427f52e9d9f351baef22b17515a8043ba5e2d0429""]",1,0,train,42,connected-component-lexicographic-milp-v1,e149da06a43f23d2fcda685cd9db384fdf2e2dfa5b5bfbd7c96c90765c9071f6
phase01-data-v1,0b5bbc84b7f07d6d09d063130e90b716d8d4a32a,techqa-group:e34883e5160f1707412d8603f1883a0a8c21014066ba202bc2aa83fb6e5656c4,3,"[""TRAIN_Q330"",""TRAIN_Q393"",""TRAIN_Q597""]","[""swg21674924.txt""]","[""7b4ce6e85a86e1ad2ba6f66e6cf582dc2d9dce5bdbb1490b2b1e54d71a4e40ad"",""a7b4f55de6eaceed3dd25db09a4f8c96c7ffaa869316d0ea80488de26320b96d"",""a9c12ddd77e71851b549148029d8a8e299d2992d3bf6543cb5ef63ff6a187899""]",3,0,train,42,connected-component-lexicographic-milp-v1,1b70b283da3e3381210b527dccbd04f95e7f0b21a8aca11040a21df5ae83f49a
phase01-data-v1,0b5bbc84b7f07d6d09d063130e90b716d8d4a32a,techqa-group:e38036635f52f48c4dca1538c03d83f45727827d30c9377312555bacc59284d9,1,"[""TRAIN_Q215""]","[""swg22002975.txt""]","[""92ab4d0f99bf694ef1d76858c400c23d1d83ce8003362d3b4540d87f1adcbcbb""]",1,0,train,42,connected-component-lexicographic-milp-v1,31b6ffdeed14b36389422901337b3055b1cf1c7602a8103043bb189ba63e03d3
phase01-data-v1,0b5bbc84b7f07d6d09d063130e90b716d8d4a32a,techqa-group:e3a6ac9ef9fefd21204cdf3160b5f638955109a4c424b904bef05e78818d96ab,1,"[""TRAIN_Q585""]","[""swg21500300.txt""]","[""218500684b4a5ec18efd0b5478787e6be03143e52f1c42d5dace1f1a63acc3f3""]",1,0,train,42,connected-component-lexicographic-milp-v1,916fc7da370cb66475addd0081e587bdc2670b64052bd3a9a91a6e7fa011da0b
phase01-data-v1,0b5bbc84b7f07d6d09d063130e90b716d8d4a32a,techqa-group:e3b2286d796793a278b3ab0fe261cb298ada4baf8aa6c5dec7613ba44cfbdfc7,1,"[""TRAIN_Q436""]",[],"[""f9d190ebad1c0b0a640beaf97624dcdbeaea1f714037afddb18e5409ff60f6bc""]",0,1,train,42,connected-component-lexicographic-milp-v1,0f12682667e387985933eb1a17e081b8b8047e1169750ce6f22d214aaf8491cf
phase01-data-v1,0b5bbc84b7f07d6d09d063130e90b716d8d4a32a,techqa-group:e3be777743dec24f1d05cc6cdbea64eedf28dbb26d2bdb0c79f73184c4413dd5,1,"[""DEV_Q190""]",[],"[""7decff8fab083bbf198f784f54df3bf361e663c51619e527831083b15a2ba5ea""]",0,1,validation,42,connected-component-lexicographic-milp-v1,40be1d7fcc64782f999eb20a148e3c0b42f45ad2d0d240af70620961d980c5ff
phase01-data-v1,0b5bbc84b7f07d6d09d063130e90b716d8d4a32a,techqa-group:e51182b7f36c03c657f0dc60804c1d451ed0b322241fcf98b6e8e004a4c8b1fc,1,"[""DEV_Q282""]","[""swg21978428.txt""]","[""d4e60e4b4fd0f3fa20e65a89480587ce1f2a5802c6aa068cf8b81b8e8266865d""]",1,0,train,42,connected-component-lexicographic-milp-v1,23da2b6f9b49c549b06cfb79b622cd88c65d949e2b5e81075fe829c6c7d5061d
phase01-data-v1,0b5bbc84b7f07d6d09d063130e90b716d8d4a32a,techqa-group:e51ec23ccfaadb674ddcc4f71e83ce33731a48ef1162a5f26b604f8107d41e01,1,"[""TRAIN_Q475""]","[""swg21981870.txt""]","[""97c39dadd85ef6e257e0a9442cf799ab2028f91955b1cc70e87332e2ca76f9dc""]",1,0,train,42,connected-component-lexicographic-milp-v1,6f4d3d235add3e0755816c789933fdb5e16a877beaefcf57fbc07941fd65d6d2
phase01-data-v1,0b5bbc84b7f07d6d09d063130e90b716d8d4a32a,techqa-group:e541ede579a465d3cd14b4694fa14aaf0d769f21287b1fdf31baa9e05f53c1b8,1,"[""DEV_Q045""]",[],"[""9ad279cdf35f3951ce54a56ee19452faa2a016411c483f792c34cff41726c350""]",0,1,test,42,connected-component-lexicographic-milp-v1,70927527406f9bde44a3fdcf342d5587feb9932d286161a8ff9b05147ffb1a3f
phase01-data-v1,0b5bbc84b7f07d6d09d063130e90b716d8d4a32a,techqa-group:e56b11ed530452827a437420a752d89ea9ec7d06d10936a4abaa6cd1f4f8aa61,1,"[""TRAIN_Q282""]",[],"[""de56daf4c7ae22da1c25fb63dbe064b01735138cb2ff0a3b9fd4d04d75ae33c9""]",0,1,validation,42,connected-component-lexicographic-milp-v1,4425b1162d6d856ba4fd51cf96cb96c8a873e2613682757b3e897216d38e5d25
phase01-data-v1,0b5bbc84b7f07d6d09d063130e90b716d8d4a32a,techqa-group:e5895521b36b41ef95f0cf8b0f005ac7e5843f2609e5a2f94e7fe10aff232186,1,"[""DEV_Q107""]",[],"[""6f3e57cb5403db8a01bcf9dd469ba2972b56beedb89ab283dc1bfdffa75d5d81""]",0,1,train,42,connected-component-lexicographic-milp-v1,686fb38f9a632a4d4e1a61ace176857c9e81ddd256bd7c6f22a64739306acd73
phase01-data-v1,0b5bbc84b7f07d6d09d063130e90b716d8d4a32a,techqa-group:e6386e1e2da37f41f724d77a84d7a11d383a732afdcf70d3aaf8e21cf1d7d785,1,"[""TRAIN_Q591""]",[],"[""076df95aba0759ebce2cffd404ade0dd29e2c21f5505cce17310902d3d183729""]",0,1,test,42,connected-component-lexicographic-milp-v1,cce851bd58c20b245e7364b7764f168e7a6dee67552fa6fb28ea36ef3fdb50f1
phase01-data-v1,0b5bbc84b7f07d6d09d063130e90b716d8d4a32a,techqa-group:e692a0190021030fbb21abde4365b550f69e847ce21f5d437c1f5cb3f61a6ce0,2,"[""TRAIN_Q022"",""TRAIN_Q340""]","[""swg21319595.txt""]","[""3d20c3404f79a23d8d73942d031ef838617dee11e1f8a07ade76869707ec6c2b""]",1,1,train,42,connected-component-lexicographic-milp-v1,9961498b08733125580ac1fe06fc90cb63a9a343b55b120269be404fc61bbba1
phase01-data-v1,0b5bbc84b7f07d6d09d063130e90b716d8d4a32a,techqa-group:e6fc60cf8e32044506ecdfb290aba9996b3d38dc518eac5a42c90914112b4126,1,"[""TRAIN_Q275""]",[],"[""1eb75a1ffcb552e3c043097436e82b3707a296766a4e35c5874a927bd283d722""]",0,1,validation,42,connected-component-lexicographic-milp-v1,def04b39ccae5c6daf28b7f5d4dfb2956655466618d6319a36b5db595215ef60
phase01-data-v1,0b5bbc84b7f07d6d09d063130e90b716d8d4a32a,techqa-group:e71411dc68a605643ecab2d92c720944e1b5ad44aec347a1ef21cd94e6050a43,1,"[""DEV_Q306""]","[""swg21642839.txt""]","[""bae05e55cd37b03bacb38f808c60b74d439df68c6af51249011a8764091fed81""]",1,0,train,42,connected-component-lexicographic-milp-v1,41486b9993f55e9536718e17cb7bc5f0d4d38561c5541ae24c4e7289ef549b69
phase01-data-v1,0b5bbc84b7f07d6d09d063130e90b716d8d4a32a,techqa-group:e72b6653cdd145a8607e9b199dd34b11754fb9685907a2b3e3158a95afe9b896,1,"[""TRAIN_Q137""]","[""swg21443723.txt""]","[""7c597c72ce7d5f131b977da695bb47cc5e1764c1bed700b3ab1f7fe34c1cf168""]",1,0,train,42,connected-component-lexicographic-milp-v1,e76310541f650b0d116f5d509477e59c4ffb6119a1b51191149df2f4a41a1061
phase01-data-v1,0b5bbc84b7f07d6d09d063130e90b716d8d4a32a,techqa-group:e8ac643e93d15cb1b4efd455a965f2dbf6fc58484c3403c5ecdfc803aa6336f4,1,"[""TRAIN_Q532""]",[],"[""cc7bb3779fed3c7fc6ef3643005f5b899f79fff3dab66dcff559a6c99b051494""]",0,1,train,42,connected-component-lexicographic-milp-v1,a9ccfa5ee2fe86b11809674d75e2a8dccfac333838cfc6871ecdf3c67b8e0eed
phase01-data-v1,0b5bbc84b7f07d6d09d063130e90b716d8d4a32a,techqa-group:e9670400b07b52c2c0310d4affae26c5d0b0749d81c986af7859a07c21fb75ec,1,"[""DEV_Q078""]",[],"[""824f2446394d943e29060c0aecda99860a906245a2fadc85dccf71a67f9c5c81""]",0,1,test,42,connected-component-lexicographic-milp-v1,ef08883bcdfb5def5318e7e64e3716c30879439a21d20dee19b21fd62cadb2bb
phase01-data-v1,0b5bbc84b7f07d6d09d063130e90b716d8d4a32a,techqa-group:e987f5f29f2c48fd34408081e0c1431ebef90a5d33e6b38a674b4900d90e6bd7,1,"[""TRAIN_Q552""]","[""swg21395327.txt""]","[""d675e315d92c8c922a461f5e338d671afef2ab1dfbed8900506e63f90c10e81b""]",1,0,train,42,connected-component-lexicographic-milp-v1,008d71fc52548658817b1cc4e3cb0489de99bd891b8c6c54c4dbc659a566d13f
phase01-data-v1,0b5bbc84b7f07d6d09d063130e90b716d8d4a32a,techqa-group:e9cea167d82c51f7c2165afee2be5c632adfa8b070f8918e97719e7da355fa4d,1,"[""TRAIN_Q451""]","[""swg21979016.txt""]","[""56e51bba389d7f9d40c2dc2039ff2b81e86d88a25c31db3fd59444ea851eb185""]",1,0,train,42,connected-component-lexicographic-milp-v1,204fe37fbd7f5ca5838d1c842876c18cc19368b179442e58947102e27eae24d9
phase01-data-v1,0b5bbc84b7f07d6d09d063130e90b716d8d4a32a,techqa-group:e9fbf798cd55a2893f2a80be4340b23ae9f9749706a87034467824c683961359,1,"[""TRAIN_Q090""]","[""swg24044840.txt""]","[""685feeb260e9bc03720ae45091121a9998fb29f40d17d96f142c82debb53bf3a""]",1,0,train,42,connected-component-lexicographic-milp-v1,befd32ed54498f708e80e608c72b254135066538d582691f4c4d78fea7f0a9f8
phase01-data-v1,0b5bbc84b7f07d6d09d063130e90b716d8d4a32a,techqa-group:ea0c9e21475a5596cc648997474e42de1c76b5eb0ea8e1974c47e31912467b41,1,"[""TRAIN_Q001""]","[""swg21675316.txt""]","[""68fff856dffbbfdb00fe0d5ba1c20643fbadac75912d49c5a4931c846c2126b4""]",1,0,train,42,connected-component-lexicographic-milp-v1,0bc3c7c2f4c093257791e50a7848d2943cd592b59164a0e1171b7835c2b76f21
phase01-data-v1,0b5bbc84b7f07d6d09d063130e90b716d8d4a32a,techqa-group:ea271e4f7c31897da8c2dca567cd92394fb4e73165160d9714911a1c2b3c2b7a,1,"[""TRAIN_Q321""]","[""swg22008382.txt""]","[""4b1edcb69fca6dcdfa6207d69e330643cc1e77d1a78230e2c89c4b5e7ea13936""]",1,0,train,42,connected-component-lexicographic-milp-v1,a8d3079d0aa8dcf0b4c516d14f9091d9373694a3b7ca5fc53456c8cc89f1f6a5
phase01-data-v1,0b5bbc84b7f07d6d09d063130e90b716d8d4a32a,techqa-group:eaf714b7e22547d0dad3a9f9fe0cd5326f1c5aab4d1b32f3e456568595338f6c,1,"[""TRAIN_Q110""]","[""swg21308281.txt""]","[""3e73406b87e166a610e4affee132ed0e5fae8a44b0ee59170f5059069b431a3d""]",1,0,train,42,connected-component-lexicographic-milp-v1,30993a6332cc4ffb64e7f284a9190ec452c70a2c7810e9792fec4cae686782c0
phase01-data-v1,0b5bbc84b7f07d6d09d063130e90b716d8d4a32a,techqa-group:ec6e66c573cb94f514e3d9a419db49f99b952e037556737bb07ba83c166e2e3a,2,"[""DEV_Q188"",""TRAIN_Q194""]","[""swg21614208.txt""]","[""535966bffc4a64e1321a846e824e1105c9ccc2925f68b2462887374700583d53"",""b440e77ba8cf752208a496979bbb1dce1664b0dd7e688a400fd6631346d29363""]",2,0,test,42,connected-component-lexicographic-milp-v1,f29b5ffae1f50a1cbafe29ffdab8fa59f23625d3eb8f48f9449467582a71ae61
phase01-data-v1,0b5bbc84b7f07d6d09d063130e90b716d8d4a32a,techqa-group:ec793d9148ba1c5c3cab32d5ce2a9524d513c979cd687b7956cff0ad37560dfe,1,"[""DEV_Q025""]","[""swg21959588.txt""]","[""0c78bc9cee11e616fc00af41631b0a2b9cf6dbe2c820a0ec3ab5473f250186ae""]",1,0,train,42,connected-component-lexicographic-milp-v1,cd536cf40f5d725ce531aa4ba5b20fc3daddc9bfb434d00684ba1261de272b2b
phase01-data-v1,0b5bbc84b7f07d6d09d063130e90b716d8d4a32a,techqa-group:ecb1c7145a7a513f1af269d34460c35b84767ab465e2cb6f38034d1dc1de7850,1,"[""TRAIN_Q135""]","[""swg21497604.txt""]","[""e890386cb2a7d00f59a32695ffb86bc35be0718b2d5503cfa5438321f132ca0b""]",1,0,train,42,connected-component-lexicographic-milp-v1,ca65b539963a1d73ba5c632230d875ec24cefc96d538055b5474beb3f7ffdcfe
phase01-data-v1,0b5bbc84b7f07d6d09d063130e90b716d8d4a32a,techqa-group:ece5b9d423630f3389ce6907bfa471518fd3b47f01ea0cfd6b4db8c7bb1e89e7,1,"[""DEV_Q224""]","[""swg21696267.txt""]","[""e5d2be11a897a788d603e81dced9d3dd7cea6cd0bc279353d6a13e742d29f779""]",1,0,train,42,connected-component-lexicographic-milp-v1,67085f2ec442be1eb100a9d7a66003f65fa5fad6cb025545163cbb00522a7eb1
phase01-data-v1,0b5bbc84b7f07d6d09d063130e90b716d8d4a32a,techqa-group:ecf2d2c202c7e56ca943268929d8a382c18d93bd9423c30b9e7ed896045e9d01,1,"[""DEV_Q138""]",[],"[""4a16ac83914d2dc7b077cb9563b6a5af09844ca450d765d2af853d26b5ab0f64""]",0,1,train,42,connected-component-lexicographic-milp-v1,1eaa61ea24577701d4288876a553ab6d8ce1eec11bd9144e086ffd97923221a7
phase01-data-v1,0b5bbc84b7f07d6d09d063130e90b716d8d4a32a,techqa-group:ed1f1d8c38cb73d0d77ad6d60ab14d945152dbd86f1958567c869c74b3b4d37b,1,"[""TRAIN_Q192""]",[],"[""66ae6ec2abef7b270633fdb409da9532793c11cdcf60f04acf15b951caad75d5""]",0,1,train,42,connected-component-lexicographic-milp-v1,9fdc7731d80ca1c36fe01c600fa439a4b577d40cdb1483bf8f9c46a5e36551a0
phase01-data-v1,0b5bbc84b7f07d6d09d063130e90b716d8d4a32a,techqa-group:ed45f50bad586f75063b7694efdc9cca4901f4191f5f1aafde134b2751d8b846,1,"[""DEV_Q186""]","[""swg21608744.txt""]","[""b00b3ca2daf269ff7244da865355df237c7f9a7f2263902bbb2003ea99c78c3a""]",1,0,train,42,connected-component-lexicographic-milp-v1,b684eba7fc90140346a424fbcb6e56f726c049d9012bd673569920457e191706
phase01-data-v1,0b5bbc84b7f07d6d09d063130e90b716d8d4a32a,techqa-group:ed5bfbc4ba0556e803a386764f51e75b69a99e3e573074c18379471fc69b1e3b,1,"[""DEV_Q222""]",[],"[""6d0fdb90a8a356d1c4b34d71b71368a12802f6c855fb6bce81ee9c20f01beb94""]",0,1,train,42,connected-component-lexicographic-milp-v1,364202f151854f6cc8c9da2ad7ce6410d1b85d25a8a873b2fe163b633110e55f
phase01-data-v1,0b5bbc84b7f07d6d09d063130e90b716d8d4a32a,techqa-group:ed5f2e893dd75d52bf2ce3a6edcf458318278857561de513fd8c8f67bea3d2c0,1,"[""TRAIN_Q172""]","[""swg21998312.txt""]","[""1affa8983ad2b355141604aec5ef45745fb6bc251800beebafc88a7dc8828773""]",1,0,train,42,connected-component-lexicographic-milp-v1,f198d7c188ada73dcc3f2249a266bf277f0b643b3cbe04a5c09892f8d038ea0a
phase01-data-v1,0b5bbc84b7f07d6d09d063130e90b716d8d4a32a,techqa-group:ed6e0d790d3d207e5f750e9607012d339eddc8d497a9533e6571b064a4972011,1,"[""DEV_Q007""]","[""swg21625776.txt""]","[""08646f6b37105290ddbfd677825add236b157fe86e90d4df85f8d76f43fbc2d7""]",1,0,train,42,connected-component-lexicographic-milp-v1,3a54b762c988384d46cb7c068b2b7d9425da6541400be2c1fde2a0e8676953f0
phase01-data-v1,0b5bbc84b7f07d6d09d063130e90b716d8d4a32a,techqa-group:ed91b3888258c33a26099ec8fdd71c28e2c1c7c2fe03167fde6ffbace6db564c,1,"[""TRAIN_Q105""]",[],"[""6205e24aa2c08cd13eb5b40e57fadabc5f3f062ff99beac11eb9afcf01607781""]",0,1,train,42,connected-component-lexicographic-milp-v1,ab5fee2c9b749d16d40038b252c9a93fc203c072701f43c83283f9fcac1e9c24
phase01-data-v1,0b5bbc84b7f07d6d09d063130e90b716d8d4a32a,techqa-group:edc0c027b91ed8d365ad71c8763e8594a72b04798fb59e2d9d572b4cb38d0797,1,"[""TRAIN_Q548""]","[""swg21982857.txt""]","[""f22992527a31ff7dd6d1d463df8822745e9ffd104c5e1860d3866daf63bd1d26""]",1,0,train,42,connected-component-lexicographic-milp-v1,1d84ab9a7336e2d325de3618632484df6c34c6a6c9eb347d5aefb95a19ae7c2c
phase01-data-v1,0b5bbc84b7f07d6d09d063130e90b716d8d4a32a,techqa-group:ee7ca0085c14b6e0b8a8edb069438677a16a0b11dabd50f6f8048f26ce324b2a,2,"[""DEV_Q068"",""TRAIN_Q125""]","[""swg21162896.txt""]","[""4a462a767bf0718761dc43ef5d320b12b0479a18b83d5ab1f2e2d2ff2cf1ac65"",""8031dfecf9bd1a8146dfd3f9a939c1ea800e3f9e523e8a5e53452fec51030ddb""]",2,0,test,42,connected-component-lexicographic-milp-v1,92054f6f2defb4ad9923b6a6852609db76a6a189e0f8e8f01c0cff3bac662d6a
phase01-data-v1,0b5bbc84b7f07d6d09d063130e90b716d8d4a32a,techqa-group:ee7f212365baf671ea4f58b0e881ef9da811371cff23b691be80a7be426bd5d7,2,"[""DEV_Q080"",""DEV_Q158""]","[""swg21960062.txt""]","[""bca5a70568b7173aed4d4d22f13afb1ad8672e86ed3d784697166566b66e9521"",""daadfb4d4f83757f614b2859f3046de121dd7cc6e7f00233d44f87cc6e00ce30""]",2,0,test,42,connected-component-lexicographic-milp-v1,496a26edbf150310ecb1310897962728a55d8dec653e0137aa2e4199bb0efe2b
phase01-data-v1,0b5bbc84b7f07d6d09d063130e90b716d8d4a32a,techqa-group:eea510753d1fc09d2595e38c8645a770660a5f5d2d7405ea912ee61142911419,1,"[""TRAIN_Q310""]","[""swg21380213.txt""]","[""8b44d99b93d8d2f21eed49ded691c56a95218d2b5901fe010828bcb8e3bf5720""]",1,0,train,42,connected-component-lexicographic-milp-v1,eac186f25454fce0dbbf4f7617481d0caa5cee86452c745efaf6bd9d0d9b2a07
phase01-data-v1,0b5bbc84b7f07d6d09d063130e90b716d8d4a32a,techqa-group:eee19c8a8787c757fff683544dd868d17fc6844172697b476f1f909355f59e91,1,"[""DEV_Q023""]","[""swg21433278.txt""]","[""4dbb309fb8afe55f0a0c240100552d1002cc84a573b72a364ce91b3f11a1e252""]",1,0,train,42,connected-component-lexicographic-milp-v1,6d563990019450615404eab731e452a310e5b971076c99899d7c833c20920d18
phase01-data-v1,0b5bbc84b7f07d6d09d063130e90b716d8d4a32a,techqa-group:ef4dd1dde1d8a5ca57b35be6eee45da745fab2dff13b0b9f51a33a954e68db80,1,"[""TRAIN_Q317""]",[],"[""fdebb23ced61c6b5a76df36f563db6cccecc33a2f98500fdfe3a3dcac04c06b7""]",0,1,train,42,connected-component-lexicographic-milp-v1,02bc6776e4e5c5f58666ba39e3a335f19b1eaea5827ee2ecb9b46f445721efcd
phase01-data-v1,0b5bbc84b7f07d6d09d063130e90b716d8d4a32a,techqa-group:ef7516e4ca674ba7910367a19c73fd3c6732d45c81b7af0c5266710c0a2041bc,2,"[""TRAIN_Q372"",""TRAIN_Q430""]","[""swg21985946.txt""]","[""3837cc523763313e7e00d24b30ad735aa36331080de971d1814d25677447e0d4"",""d5b0c373671a549342bffe563bf677efb172fa51bd9f117bc6b5088a5ebc82a7""]",2,0,test,42,connected-component-lexicographic-milp-v1,88bdba1b27274d68bfbc91080dff9dd239bcf740fab7f625a758d1186532b08f
phase01-data-v1,0b5bbc84b7f07d6d09d063130e90b716d8d4a32a,techqa-group:ef9b89e8697a6dc258562be4ea92f08bdfe77c2fc760212946f46bbc7d908824,1,"[""DEV_Q085""]",[],"[""a3c025d91beae64644fea517f2e3a3e42aae31bb09b6db2afc62c0a1d7bafc8f""]",0,1,train,42,connected-component-lexicographic-milp-v1,65f3f35ca64897001d0a4ee1815d309c49651b560dea93ca8e0bbf389808be89
phase01-data-v1,0b5bbc84b7f07d6d09d063130e90b716d8d4a32a,techqa-group:f21ff9f9b6306bda10f043ee32661ff74b250af4bbcf937fc29c3f4953a1a1f4,1,"[""TRAIN_Q498""]",[],"[""90624f741aa76f9098827eb88da888b1c683acaba51383f56253b4a68a877505""]",0,1,train,42,connected-component-lexicographic-milp-v1,3530338bb3b7da87e962b432dd15f4d33df23bd5b2914d8c9be614097cade28c
phase01-data-v1,0b5bbc84b7f07d6d09d063130e90b716d8d4a32a,techqa-group:f27332327c28cb52c230ff1e3fb283c1ef40f9b6caf9ae279b0152cd92f8a3f7,1,"[""TRAIN_Q470""]","[""swg27042940.txt""]","[""6d68412432718ea8bae61e1a1846d7f1a95eb4ce6cf2535522899f237989d6e7""]",1,0,train,42,connected-component-lexicographic-milp-v1,fe72308f199a78d0850c139777840ee01be9d8938b71faea7c7d41586eddf060
phase01-data-v1,0b5bbc84b7f07d6d09d063130e90b716d8d4a32a,techqa-group:f28d808d3baa901d356bdc2b09a6baf7ee6768ae39488d5b2716d8ac1c0dbbe2,1,"[""TRAIN_Q079""]",[],"[""92574ff1b85e6e5a9725f4c547633c1c4b51106bffe8d2be3bda8e062e076c79""]",0,1,train,42,connected-component-lexicographic-milp-v1,d4ab67c862adc52a490040b27b64391c839b3cc7f099c72f35f999140799274e
phase01-data-v1,0b5bbc84b7f07d6d09d063130e90b716d8d4a32a,techqa-group:f2918a163fba20f5ed0fbe7de83ca6fd8e5135dcf62954987b51ee1b4fcc0634,1,"[""TRAIN_Q094""]",[],"[""3b7979e31a6acbe4ab91e0b6e1e82ecb680dfd801d02ce53d024441a8f16825b""]",0,1,test,42,connected-component-lexicographic-milp-v1,cc09362e2e1605222a201242cf7a174b35e252887c1c06133203e2795fdab852
phase01-data-v1,0b5bbc84b7f07d6d09d063130e90b716d8d4a32a,techqa-group:f2921323be5cebfc541fa10bab4d80b71d487d7a38efab5a7ff465c64598f215,1,"[""DEV_Q308""]",[],"[""d194b6ddbc3bd450984326a5fa2ac0ba9001eb1125e92ca23b1a968e738ae313""]",0,1,train,42,connected-component-lexicographic-milp-v1,a63b0e174cd91738a60533d1a8b9e3ddd92811015225c0745073322113db3b47
phase01-data-v1,0b5bbc84b7f07d6d09d063130e90b716d8d4a32a,techqa-group:f2c723bc734e3e52afc5904582bd49c3a1559b85aab096e96a61aaa8ff730adb,1,"[""DEV_Q069""]",[],"[""fa678a839a56958e91087e698ed2ffb69963ae31bbd5cae10090d9bbf2ada18b""]",0,1,test,42,connected-component-lexicographic-milp-v1,750093c2a1244a977a226df09dd6b2b8c0096ea95c2e12fde55c06068e1bd2d3
phase01-data-v1,0b5bbc84b7f07d6d09d063130e90b716d8d4a32a,techqa-group:f322af00423f64481938a70e1fe47b68f5b73639c0d90607c6cb324d16ea844d,1,"[""DEV_Q150""]",[],"[""5f8b63aa7da3a18057a7932698413d664a1e5c08ac706a290558b05e729359a0""]",0,1,train,42,connected-component-lexicographic-milp-v1,0853ae8763d2d4ec87916a68612dae4ac607ee143e2e4596457ef9fffa627ad5
phase01-data-v1,0b5bbc84b7f07d6d09d063130e90b716d8d4a32a,techqa-group:f34325448d4c989a8934e9ca74482a7bd282e4633b5a97fe9cdfb3eb70eca6cd,1,"[""TRAIN_Q077""]",[],"[""4912e2621be933cef3adfaac9f677c7f844433e0f88c3dff081b4b924ef42402""]",0,1,validation,42,connected-component-lexicographic-milp-v1,c17491e515549804a296a268eb59d8bb8bc651eaf47f835dcb0bcceacc85ee81
phase01-data-v1,0b5bbc84b7f07d6d09d063130e90b716d8d4a32a,techqa-group:f36c1bb411205d245b0391dfdb3c6a2d104e096babf7fda3490b77ea1a49371a,1,"[""DEV_Q237""]",[],"[""f7fbd0bd032e913d1d50de80e830c70850345bcbe1c0585a60101d9708c1c4a0""]",0,1,train,42,connected-component-lexicographic-milp-v1,eed80f4aa5043d7e2d04cfd1095b39dd6adae0ea0d21109805323a485a81ec6f
phase01-data-v1,0b5bbc84b7f07d6d09d063130e90b716d8d4a32a,techqa-group:f37afe54e8d26cd39ea0e033f6575679f58ade5698f219673c56ed715363841f,1,"[""DEV_Q244""]","[""swg21694876.txt""]","[""af64486108830f6c9884f8cfe82703d27bed7b20cb626db0f580397a20412c58""]",1,0,train,42,connected-component-lexicographic-milp-v1,beaf0845de5fd142c0f3cbe05b52a9542b6772dd1da117270c1bbd0c129a4017
phase01-data-v1,0b5bbc84b7f07d6d09d063130e90b716d8d4a32a,techqa-group:f3aa04a716801022bda94b61df4d141ae15e5c3396b29e259840f2b8b869653a,1,"[""TRAIN_Q466""]","[""swg21244655.txt""]","[""7d6fe9ebca5d785777377499792740876bdd7c5a760618c4d9e7d341e24366a9""]",1,0,train,42,connected-component-lexicographic-milp-v1,8cc1f096d61933819ec8f98128f7810635f804ac2e81ba57dadce30a9b4d77e6
phase01-data-v1,0b5bbc84b7f07d6d09d063130e90b716d8d4a32a,techqa-group:f3d722e898afb75f4b6066cabb1d424c7f1810ab3764efd8187f0b779d529204,1,"[""TRAIN_Q288""]","[""swg21613001.txt""]","[""1b44474a0c8cf7d59848492cf6546cf234ec467cebb3b822019aa4e510a6e4f0""]",1,0,train,42,connected-component-lexicographic-milp-v1,eda2a2e9bc2d88d9af5765f8af49e1f21b62bf63c3b5ce52baa405bcf73e7505
phase01-data-v1,0b5bbc84b7f07d6d09d063130e90b716d8d4a32a,techqa-group:f41e748d786b7700ac8ed01f107af99647f99fe3147aecab369261223f1ec76b,1,"[""DEV_Q278""]",[],"[""be80d0435ea56dec35bdcf3e89a837016fd6d7cf233b62ce7e8ba842408a24a1""]",0,1,train,42,connected-component-lexicographic-milp-v1,a784880b8cf6fe84a48c3075d487d62ff21984d69bcfb1c30b6b4ee9b3a9bafe
phase01-data-v1,0b5bbc84b7f07d6d09d063130e90b716d8d4a32a,techqa-group:f43e63ee0e2ea68c49288580bfce9138e67da53f1b78cdce727af2b189ff1a03,1,"[""TRAIN_Q059""]","[""swg21377984.txt""]","[""67811fd152b940548bcf740dbcc5b25ea285e1be084db723339670a8ab3e0eb4""]",1,0,train,42,connected-component-lexicographic-milp-v1,d055a5e10693ddf4dc62b067ea465020b892e86da0da04bbef2674219eccf8dd
phase01-data-v1,0b5bbc84b7f07d6d09d063130e90b716d8d4a32a,techqa-group:f4566f4fe85ece78b007a0499302c8c611ba804a6762a708839bf7d3d72a9927,1,"[""TRAIN_Q222""]","[""swg21599258.txt""]","[""7aae68a30f673c808f9e2507203831ec8238ee60645fe0a65cd2c2c57926ec40""]",1,0,train,42,connected-component-lexicographic-milp-v1,26b80ddfc1448fca1a5ee38f4ae3e5405e7854fc10404834670d54caf26e8924
phase01-data-v1,0b5bbc84b7f07d6d09d063130e90b716d8d4a32a,techqa-group:f4dc6486173fb421dd64866a45c23276ddd425bb82192157834601a2b2dcbb17,1,"[""DEV_Q144""]",[],"[""f4ed8826b11bf390c5b41ea2daa894b882d213658180e878b844b10546bfa054""]",0,1,train,42,connected-component-lexicographic-milp-v1,f3d9408890041e5dc2be4f7200cbdaa17b25856543de1a903f58ce7fd1d95c7f
phase01-data-v1,0b5bbc84b7f07d6d09d063130e90b716d8d4a32a,techqa-group:f50eb615e5879f07824f7e62f383c6e64003f538090b4a6c911ff23cace6c19d,1,"[""TRAIN_Q008""]","[""swg21263677.txt""]","[""c9e3355a7cb56d16b0ead7fccef4d23dfe73899ed57903bd5414692fba964661""]",1,0,train,42,connected-component-lexicographic-milp-v1,b6b75e6878973dc9efbbbc2d00daf165a5012507fac8bf905c2c9d90bcabe5e9
phase01-data-v1,0b5bbc84b7f07d6d09d063130e90b716d8d4a32a,techqa-group:f5d292b5057356154f2235725ab4dc386799433e7aa22b2422ca97882464a4a9,1,"[""TRAIN_Q468""]",[],"[""679edfff01eca4a415d530102692b8cdc80619d408e3f41b3beb54a2f448ab47""]",0,1,train,42,connected-component-lexicographic-milp-v1,1d4095ad551e12ea3dd212c92b702b42bfdf0fb57d765ed82b126b9db21dc0a7
phase01-data-v1,0b5bbc84b7f07d6d09d063130e90b716d8d4a32a,techqa-group:f647b96f8c384155dac20a9e6ff858041221695ff908f622561f90ad7b0e748b,1,"[""DEV_Q089""]","[""swg22002063.txt""]","[""6733a80188569a15f6a973cc108d967d72fe0721e9e8d449d05d07fbaaf5255f""]",1,0,train,42,connected-component-lexicographic-milp-v1,a455b7350171a121845343fd298978dfaee5ca32440d19a76e0cb27adbacb03b
phase01-data-v1,0b5bbc84b7f07d6d09d063130e90b716d8d4a32a,techqa-group:f649897a6ddf0bbc10093dcf7100d48065fc2778b6c466d60ba3b5e1ab366fd2,1,"[""TRAIN_Q214""]","[""swg21959709.txt""]","[""6d0fe26344e953339668f76187ec99f060059a20dc485eef84fbd95ebe08ed23""]",1,0,train,42,connected-component-lexicographic-milp-v1,5ae2969bb35c0efe5e6b0774a5342c885db61ad44e530325b2be2d2454581070
phase01-data-v1,0b5bbc84b7f07d6d09d063130e90b716d8d4a32a,techqa-group:f66b64c1e9ccadb62d502f2b2e5df9aaaa92b91cd6884667daad87b3a8d62e4a,1,"[""TRAIN_Q308""]",[],"[""6890b0019d0d47bccab13447e16a85164470789af3c36d128aa2bbdb840d60f4""]",0,1,train,42,connected-component-lexicographic-milp-v1,73c1ef3f85599971bd862f7168c4293b777dd202c5a8eb8655f94fe56d512930
phase01-data-v1,0b5bbc84b7f07d6d09d063130e90b716d8d4a32a,techqa-group:f66df48c92bdc851987bf5c9b5356681850e303ab4fc9853ea21c8cb9f81f3de,1,"[""TRAIN_Q036""]",[],"[""1c7e8faa149d7480f953eab774da37787fbd81d8f7f754c2c55322bbe4b8286d""]",0,1,test,42,connected-component-lexicographic-milp-v1,0ba8ab622be20058fe744eaf603dc8c21d3640bffbf774bf9db424cdd5875971
phase01-data-v1,0b5bbc84b7f07d6d09d063130e90b716d8d4a32a,techqa-group:f6e31baf9d0f755f075ac0b81d6606b39161c92f7aaf82defa3bf6e2db57878d,1,"[""DEV_Q162""]","[""swg21972146.txt""]","[""8ba9e462b19cb49d230b6987c5251b0fa312740936392b205c14e949eb03ea49""]",1,0,train,42,connected-component-lexicographic-milp-v1,6236aa3c11ec7253f90522516f3ba734634232e5b27b3284d999d2ec4b76f955
phase01-data-v1,0b5bbc84b7f07d6d09d063130e90b716d8d4a32a,techqa-group:f74698579b71fc2ec86d470f5fae68dc868f5b4942eeceb1771878d78bd843de,1,"[""DEV_Q106""]","[""swg21431301.txt""]","[""23b0b58525d18eb76dc4fd4c023e57890adfd3d5322c20744a1c517bb5b46f24""]",1,0,train,42,connected-component-lexicographic-milp-v1,449c6d0924341cac8516ee318601c6055191e981714778ae64a5f7fe96ef51c6
phase01-data-v1,0b5bbc84b7f07d6d09d063130e90b716d8d4a32a,techqa-group:f7566b218b5f19854d28cb3391fc17d7c2eb80b165a52c56ca20ad06637f6a36,1,"[""TRAIN_Q066""]","[""swg24043263.txt""]","[""93bfc83633a7b1858d7a41fb018a57a34c15f58d3a0730feb9354fab5cf39c44""]",1,0,train,42,connected-component-lexicographic-milp-v1,a48e5613b69920c509b1c0ad4c3a6b30f4ea521d2625d6639da32e187f9bbd03
phase01-data-v1,0b5bbc84b7f07d6d09d063130e90b716d8d4a32a,techqa-group:f766f65a62546f0a58ac8644e1b8274274543721179a30d971ec9d96807c934f,1,"[""TRAIN_Q213""]",[],"[""fae03a0c483b2d00afbb54d81506e7353c8ced636f8626e4c8b68b19249d8e50""]",0,1,train,42,connected-component-lexicographic-milp-v1,f50b9a729223c5f3dec76c316e4bd7d3fb481f1ab3a918e5ec2a1fb9af413fca
phase01-data-v1,0b5bbc84b7f07d6d09d063130e90b716d8d4a32a,techqa-group:f84d19975fef7146d42b8b4d3ede1f174ac5d7c750e42a67600fe5827248cc15,1,"[""TRAIN_Q473""]","[""swg21684365.txt""]","[""846ff16f4187a5fe0a17779e4e25f79a171529a1b53b24317721bfffd4e168da""]",1,0,train,42,connected-component-lexicographic-milp-v1,0abd273e5e0111a1dccb1393b19bd1dd9982afa0d9316c7f23ad165be48701a9
phase01-data-v1,0b5bbc84b7f07d6d09d063130e90b716d8d4a32a,techqa-group:f86ef56771e01ff5f25772d9ce9b9c4200e536f04e4d919a7f3a58dddfffede1,1,"[""TRAIN_Q344""]",[],"[""ae3fc4f749d63b80f1742df67f299831edfbffc41a2812cc215cb166a728695d""]",0,1,train,42,connected-component-lexicographic-milp-v1,b078a3273b4be5c986550255d94813604cebcc1903ae4a37f3df24271f0fc337
phase01-data-v1,0b5bbc84b7f07d6d09d063130e90b716d8d4a32a,techqa-group:f8a667df3d62be0fd603a05549146f56e8cd3a13f1b1cd84cec8ecb548f46b71,2,"[""TRAIN_Q012"",""TRAIN_Q588""]","[""swg21648497.txt""]","[""1cb8153a5b0648a429a391b798fe15d9a5fa9919c1d760278e6497fef8e62e3c"",""b3c7c24ce0c1d763fa3f77c901c1e0a04fffdfed537af1a8bcd7416bc7003400""]",2,0,validation,42,connected-component-lexicographic-milp-v1,6dcf7b6699ba5c1e32422699f25df69663e36d747da08c926e27ccb52dfae66b
phase01-data-v1,0b5bbc84b7f07d6d09d063130e90b716d8d4a32a,techqa-group:f91f0e7f6518aa3ad18655d98a042845af4f4f2df335e919c911c7a5806852a7,1,"[""TRAIN_Q410""]",[],"[""d56932be3fe08e63dc831a5b210c74e556888b777542f1222b009064402ca594""]",0,1,train,42,connected-component-lexicographic-milp-v1,ee2ca7b1e8ffe63da98ec676882e48723ad4ae178df39d93716e262d4dc069df
phase01-data-v1,0b5bbc84b7f07d6d09d063130e90b716d8d4a32a,techqa-group:f9668724c68ead6f07b5ed3038e4b185f13906ee0af9dfcbdb439fbdc93b7ed5,1,"[""DEV_Q137""]",[],"[""0bd1f5d1dc6fbdd4f22149ffe1c61a7d6c6590f579dc120e6f54a7e337030a65""]",0,1,validation,42,connected-component-lexicographic-milp-v1,083f0c55fe3053ce40dfb44f383955dada4f394c8fa4e534ab83656a10679dd3
phase01-data-v1,0b5bbc84b7f07d6d09d063130e90b716d8d4a32a,techqa-group:f96f2e4b3aaf0d622be4e1e5a5393f21b4ef47f2d5e6b759bf33678a05930211,1,"[""DEV_Q284""]",[],"[""a2acb515bf8dc2e835e8ca87b075c48066df3afc06fb19705ab4e84877da5c0d""]",0,1,train,42,connected-component-lexicographic-milp-v1,2668f1b9a35b0c4262b385a29282f7ca0242f49c5c429eb0d6cd292fcba6ca08
phase01-data-v1,0b5bbc84b7f07d6d09d063130e90b716d8d4a32a,techqa-group:f9b10d58d37a0110cf5f771178fa04405a431a6167a220b0b6d26f22c59e4f90,1,"[""TRAIN_Q328""]","[""swg21449103.txt""]","[""34653a401c1840307a95cd6848dd9bdb87ce16758bffbf2e11165aa80a7d3ffe""]",1,0,train,42,connected-component-lexicographic-milp-v1,4460639b2a1e34d0c64fce111a9c261db87d67c148408552c2e982059f24853e
phase01-data-v1,0b5bbc84b7f07d6d09d063130e90b716d8d4a32a,techqa-group:f9bedf7de368c14689c6e197e8e47ca675f4fbba33ff770c5a8a13f98c11619b,1,"[""TRAIN_Q472""]","[""swg21499280.txt""]","[""b0c147c815e9228625c48cd7c4a8849ce9574da8e0847023ccb3fcf2c37a78e4""]",1,0,train,42,connected-component-lexicographic-milp-v1,8301833c93ffead250edc6a64c0207971488d079b24c1b068f0c278a57765557
phase01-data-v1,0b5bbc84b7f07d6d09d063130e90b716d8d4a32a,techqa-group:f9c09fa64aab33883224bcbbd65406115264efffb4bcb0fc8b3ab570a47759d4,1,"[""DEV_Q201""]","[""swg21679979.txt""]","[""ec723c0b1bb230cff462700e8f7122250e42c0d09c510acb4a35734ff7047659""]",1,0,train,42,connected-component-lexicographic-milp-v1,e6f52802d15fed833176ef23b062676dbb8a71b113475b48e45842b20c48483f
phase01-data-v1,0b5bbc84b7f07d6d09d063130e90b716d8d4a32a,techqa-group:f9dadc234ee914c34ad536535d158325d1409378b5f9e56b40fe5fb0c2bec96d,1,"[""TRAIN_Q432""]",[],"[""dcb8fdfa78bef50d63a233822dad445285e8677b8e648b10299523ad9cc441b8""]",0,1,validation,42,connected-component-lexicographic-milp-v1,cc8075c47d05ef5b71588b425dd36c4d0c0396af70b4293217ff95ada90543d5
phase01-data-v1,0b5bbc84b7f07d6d09d063130e90b716d8d4a32a,techqa-group:fa2df3c37d2e3e449350ab8c2771130141364e486d60f5268b8d37ce49a89ac0,1,"[""DEV_Q157""]",[],"[""3fc17c52572f812b8fc3398652f4a787e14e7454ef903c04101ce8329043b5d1""]",0,1,validation,42,connected-component-lexicographic-milp-v1,09b50f640607614deb213e712310d220ae68d9b230534c067d3bc931d15438a9
phase01-data-v1,0b5bbc84b7f07d6d09d063130e90b716d8d4a32a,techqa-group:fa438b3c13a1d29bac15c4ae7427b170a0a399ee79567690165c5db5e107a0fd,2,"[""DEV_Q193"",""TRAIN_Q283""]","[""swg22005197.txt""]","[""88080dcdab0997124ce19a0613f978ed6c15bddda22cfc320221f1ad680811a2"",""ccb7866f41b543b1b2a67991102dd1f08b24cd9aa2eaed0d7276ae0f66b61659""]",2,0,test,42,connected-component-lexicographic-milp-v1,4bd4638b063bcbca55a974c15da0044c9ac6ac43fbe7a95c9e41c0bcd841daed
phase01-data-v1,0b5bbc84b7f07d6d09d063130e90b716d8d4a32a,techqa-group:fa5a4019aeb6725f3e588d49e139fac9166854b3906d8d2e293c5c7183dab115,1,"[""DEV_Q052""]","[""swg21500046.txt""]","[""b5791785ac621505de9a3c17782d154a2a7949596ce037fe0d50a4bb2765e56e""]",1,0,train,42,connected-component-lexicographic-milp-v1,cdb25877bdf55c994b1f2531974925e1eed51e2e092f86db42f41e6e4966560d
phase01-data-v1,0b5bbc84b7f07d6d09d063130e90b716d8d4a32a,techqa-group:fa9128cb67f49c37590128f822cfa61a667b3309109755be158af6b55e360004,1,"[""TRAIN_Q378""]","[""swg21974598.txt""]","[""7bf678d018cb605dfd3f2c1a7623cf8f6df7bb0cdfea22d3cd7999ebe0dc6132""]",1,0,train,42,connected-component-lexicographic-milp-v1,8eac537f97eb4c5f90a73d14f1f2a27710f16a039f68299ee754775b2bb90874
phase01-data-v1,0b5bbc84b7f07d6d09d063130e90b716d8d4a32a,techqa-group:faf4089b3dc210dd9d5c8f597c98e1e2a2626e0ad101d19955b4ee9ba19aab78,1,"[""TRAIN_Q426""]","[""swg22012992.txt""]","[""5f67a994dab465ef00b7891e008ecdec99ac209f02cd866cdc7034d42c226e11""]",1,0,train,42,connected-component-lexicographic-milp-v1,a915e0135d10b8ce51e6e429efbe92fa491f6d22651506a2c9e7b6b587604fdd
phase01-data-v1,0b5bbc84b7f07d6d09d063130e90b716d8d4a32a,techqa-group:fb1346d8300f1a3426ed749096da4eb261e063762bc8925d617403fca55e2543,1,"[""TRAIN_Q080""]","[""swg22010832.txt""]","[""1c2eb346387a63b65ce490f7e05f840019512303fd3324dff1d83ae26c1251f2""]",1,0,train,42,connected-component-lexicographic-milp-v1,02f74f1a4b6831187e1da646d7858712250bdccb0ab2524f510980664547198a
phase01-data-v1,0b5bbc84b7f07d6d09d063130e90b716d8d4a32a,techqa-group:fbaa258d7ad7d93c5a2a1d0fc1fe19592440dcf96a8572c0074a5bc0b8eec77b,1,"[""DEV_Q004""]",[],"[""5ba682c03fed6c9dfc8811c7ea096433d45369a8b469d00fba33e5664a3252eb""]",0,1,train,42,connected-component-lexicographic-milp-v1,492b76d0270034e130109dbf8a6f7f9630895dc932be63154af4e1e425726c1b
phase01-data-v1,0b5bbc84b7f07d6d09d063130e90b716d8d4a32a,techqa-group:fc1ac241d2c5149a0251c3a9aee75663c3bdbf7bf90dda47db768e593dd56157,1,"[""DEV_Q267""]","[""swg21606028.txt""]","[""48f02b8502db7abf78bacb40b288b36cf6d6c60d03750ced82149f91f8d9f586""]",1,0,train,42,connected-component-lexicographic-milp-v1,51cd4b4d8a82cf6c8bbbca201914d9343747cb906be5d808a15b3f555e28865e
phase01-data-v1,0b5bbc84b7f07d6d09d063130e90b716d8d4a32a,techqa-group:fc1ad0d689cb99c02c2dbbc50a4166d1d6d7bbf3ab464722c73ebec913a8cc26,3,"[""DEV_Q192"",""TRAIN_Q346"",""TRAIN_Q521""]","[""swg21511831.txt""]","[""8a775ac38da9f590cefb763a050a69112f99c9d9fbcf515e87019b433e96f79c"",""b32a33fcb29f3e37d2bcc3286d35db4c08c264ffa8822dafaf5006082c6915e1"",""d6fb8ca5b29ee7f21de4e5f7aea50b75ea32ddd12ec038a2c25d0cc8731fd97c""]",3,0,train,42,connected-component-lexicographic-milp-v1,1ce4bf393f176fe873522050e1a15de870c4f79cf34486d22c8409a382829093
phase01-data-v1,0b5bbc84b7f07d6d09d063130e90b716d8d4a32a,techqa-group:fc4ed435d035b279c267ad805d58e6ee1c2c74a7abea7e058d52a17017cc6c0d,1,"[""DEV_Q289""]",[],"[""9ad7ccde6e876b0b96cbdeaa235ca889d6c835baea8ccb4b12ec61bf2011179f""]",0,1,train,42,connected-component-lexicographic-milp-v1,68317c60f025ecd70ae5769a92f7fa3d39f8a46491a14d6a380b34412b30dfbb
phase01-data-v1,0b5bbc84b7f07d6d09d063130e90b716d8d4a32a,techqa-group:fc5b72b0cc2a02a3bb144ca1348b6c14a94e6d7098482c43e5dfe059c1e40484,1,"[""TRAIN_Q396""]","[""swg21327685.txt""]","[""cbbaa53e6b95425ff7d8e81c9b443b36a35835394a3849f971e7a2c7ccce4c5f""]",1,0,train,42,connected-component-lexicographic-milp-v1,9086b4a6d1f9046383ac4398b9462a27a80d509d478a121a7a1289a9492377d4
phase01-data-v1,0b5bbc84b7f07d6d09d063130e90b716d8d4a32a,techqa-group:fc5c5e0efd8d9ea1754bb2f9f91cd2178bcb8059f8c0b14e3ad4f53edb2cd24d,1,"[""TRAIN_Q064""]","[""swg27045339.txt""]","[""feb599915c7969a9481b45c70479a62419953668a460d04f884a1df07d1d4e33""]",1,0,train,42,connected-component-lexicographic-milp-v1,3639b2ff7e5dac9d10cdf714e0c50b153150e84345d3348d56cf59464f164df3
phase01-data-v1,0b5bbc84b7f07d6d09d063130e90b716d8d4a32a,techqa-group:fc5d79b38786d5f33042e09538630649b2f43d0449ef59dc8b32e04a18e54a35,1,"[""TRAIN_Q445""]","[""swg21666402.txt""]","[""b3c65ad7d8ada14fc9e116f0dacdcd6f13e0f5fc0128a721625e98fb26de8f77""]",1,0,train,42,connected-component-lexicographic-milp-v1,b643dcdbe6223118b281b817f88e51360d00dc29fcb8e75e705be81bf8efa6a4
phase01-data-v1,0b5bbc84b7f07d6d09d063130e90b716d8d4a32a,techqa-group:fcbd38a9d659ea9d92ee6aa1c29cafded499a0606bd6ae413aba31c5750a6e11,1,"[""TRAIN_Q471""]","[""swg24042833.txt""]","[""2da5e586ecae062c4c044a445288d08e1b3e91d2d146bcf690e2ad47409cd67c""]",1,0,train,42,connected-component-lexicographic-milp-v1,156a3656829509c4d88a4ba70c5d61558d41433fe5a9f68bb9f6ed727c7d98b2
phase01-data-v1,0b5bbc84b7f07d6d09d063130e90b716d8d4a32a,techqa-group:fd60ae7a0c6cfc88730f3047427e306540ef74e55628cb844f2811796bab745d,1,"[""DEV_Q084""]",[],"[""a7fc384d438570b537d5bb51e839a9149c09a9140f6361857fad71a494e358d8""]",0,1,train,42,connected-component-lexicographic-milp-v1,f7de44771acaf492698b63715010a9b3a8cd975a64d52946724503bf0f23c3bd
phase01-data-v1,0b5bbc84b7f07d6d09d063130e90b716d8d4a32a,techqa-group:fd887e155a4b8b53bbf5866d697902501ae1a2c3cb737e0aa0b4e467331597b8,1,"[""TRAIN_Q537""]","[""swg21967958.txt""]","[""576bc63810ee1cfac2b5af05ee5991454bf3d94078cb85f28894ccf9866416b0""]",1,0,train,42,connected-component-lexicographic-milp-v1,a308831ac1acc807c76815aa988489638fee10eddaa7c00c0eb2c8d6d957e524
phase01-data-v1,0b5bbc84b7f07d6d09d063130e90b716d8d4a32a,techqa-group:fde68c03021d697ed553655f3a96616856c6f4696d82221ef1e0d854c5675305,1,"[""DEV_Q148""]",[],"[""44a0226e883b412ef899a67675b409614a8da2d7feff750b99f472aa601a337d""]",0,1,train,42,connected-component-lexicographic-milp-v1,08bb95698e0c2e9ef06aeac22cabb736d53d58b16c078c1a9be5308bb0006cd8
phase01-data-v1,0b5bbc84b7f07d6d09d063130e90b716d8d4a32a,techqa-group:fe44842a3cd6410fcd7ac2caf416f137fb4f66fb81b8e72d1747163b80fea7d2,1,"[""TRAIN_Q140""]","[""swg21971485.txt""]","[""4701247819350a88b1bee88b64abc9f08fd3757afa12627873d9d2a655771b92""]",1,0,train,42,connected-component-lexicographic-milp-v1,db86a9c37552f749d2fd6a61158e5b576616fe592faf6a0bdc9cd0e2d3a45d8a
phase01-data-v1,0b5bbc84b7f07d6d09d063130e90b716d8d4a32a,techqa-group:feb844cecda7200357a669b730d760296d4f43118f2530941a407845554950f6,1,"[""TRAIN_Q267""]","[""swg24039150.txt""]","[""683985416ce719957e9c26e9124902e8bb23cfc0565dafd67d037e48652b635f""]",1,0,train,42,connected-component-lexicographic-milp-v1,9d698aac9a2fe0ef113c57fd177b0e28468249396864827f9250fd0c06fed9f4
phase01-data-v1,0b5bbc84b7f07d6d09d063130e90b716d8d4a32a,techqa-group:ff3cd57061851a48a3d29fbf5cd2591847d64fc683a60d31601f811a8d72e6ab,1,"[""DEV_Q093""]","[""swg21696179.txt""]","[""1da048f0c89312e1f4d5a099e4b9d474d6b387d7d1caab8650dc583d459c6c9e""]",1,0,train,42,connected-component-lexicographic-milp-v1,48e818b62a48bc971854fe029110b64c846b27a13db855d5adc1d1bd19b80a00
