schema_version,dataset_revision,question_id,provenance_partition,question_sha256,normalized_question_sha256,is_impossible,reference_status,gold_doc_ids_json,gold_evidence_analysis_status,split_group_id,split,split_seed,split_algorithm_version,component_manifest_sha256,split_frozen_at
phase01-data-v1,0b5bbc84b7f07d6d09d063130e90b716d8d4a32a,DEV_Q000,DEV,63c20cd63a759e46cf6ccbc5d97fc7ff7b5d572341c95beaca6ead7ed0c5ccb4,56e25ab2836ee0faee995dfc99f1af68d0291f7f38dbb862db41587e359d05ca,false,available,"[""techqa-doc:corpus/swg24042191.txt""]",confirmed_attached_context,techqa-group:b388cadd2f52a846b4db86e8ed409d7dc1322c5ec1978b6ad499011747350e03,train,42,connected-component-lexicographic-milp-v1,be474a6b88da73da789620bef66aec6c2421294beedfa90eb1363be16f5b13e1,2026-08-18T09:20:02Z
phase01-data-v1,0b5bbc84b7f07d6d09d063130e90b716d8d4a32a,DEV_Q001,DEV,d54ccea8edf222f777b086155e4528343521d5a6b04b2998d843d8a96f4c7620,a4533b5c8b96f6b53f26f0c397e4655b2d2fd0ace626b08bc81a9d3f928301fb,true,not_applicable_impossible,[],not_applicable_impossible,techqa-group:b533a692bf2b3ee890e445d43b723bd74083528b37eb704099f9fee76908be34,train,42,connected-component-lexicographic-milp-v1,be474a6b88da73da789620bef66aec6c2421294beedfa90eb1363be16f5b13e1,2026-08-18T09:20:02Z
phase01-data-v1,0b5bbc84b7f07d6d09d063130e90b716d8d4a32a,DEV_Q002,DEV,eb7821507b38984e27d97542ea337eeec19df78e62b58ca08f4c1cc24e24a48a,cbafdc4acada838dd2a8d26f63e451231e55a5380e3000c53c6b59341c2bb296,false,available,"[""techqa-doc:corpus/swg21978390.txt""]",confirmed_attached_context,techqa-group:501b9312c9b449e21fba18ca10e7a07396c3725e733fc833f31e028a71a050a0,train,42,connected-component-lexicographic-milp-v1,be474a6b88da73da789620bef66aec6c2421294beedfa90eb1363be16f5b13e1,2026-08-18T09:20:02Z
phase01-data-v1,0b5bbc84b7f07d6d09d063130e90b716d8d4a32a,DEV_Q003,DEV,d92c8b079e78919b90ae2da11cd2d2c4ff504035881201e715caf7b8e56b70bb,e9cc560baf991e9e15dd262cd49c8b045d3240572fe296ada713f4855b4cc605,true,not_applicable_impossible,[],not_applicable_impossible,techqa-group:5dc01d850adb985943070f3b16b38be473f297d043631ad6a93f34fa5979303a,train,42,connected-component-lexicographic-milp-v1,be474a6b88da73da789620bef66aec6c2421294beedfa90eb1363be16f5b13e1,2026-08-18T09:20:02Z
phase01-data-v1,0b5bbc84b7f07d6d09d063130e90b716d8d4a32a,DEV_Q004,DEV,8487dd02c1a57f5721cd0e09ce18f44131ea55284625d20d944b9bfe4a0889b2,5ba682c03fed6c9dfc8811c7ea096433d45369a8b469d00fba33e5664a3252eb,true,not_applicable_impossible,[],not_applicable_impossible,techqa-group:fbaa258d7ad7d93c5a2a1d0fc1fe19592440dcf96a8572c0074a5bc0b8eec77b,train,42,connected-component-lexicographic-milp-v1,be474a6b88da73da789620bef66aec6c2421294beedfa90eb1363be16f5b13e1,2026-08-18T09:20:02Z
phase01-data-v1,0b5bbc84b7f07d6d09d063130e90b716d8d4a32a,DEV_Q005,DEV,d86fa4d96f9e849638da0fcb367fec77a4168bf747d64f2688fcbb47fbdf4a3c,3722c3e47bd38bf9931450d4ef0e9151ed24f3316bb4623ac6f02738b34eaa62,true,not_applicable_impossible,[],not_applicable_impossible,techqa-group:6dea75a9e520f4eb5bbb79406c0d19721dfd0cfc4a63bcf4706f7dea5d9cab5f,train,42,connected-component-lexicographic-milp-v1,be474a6b88da73da789620bef66aec6c2421294beedfa90eb1363be16f5b13e1,2026-08-18T09:20:02Z
phase01-data-v1,0b5bbc84b7f07d6d09d063130e90b716d8d4a32a,DEV_Q006,DEV,257b0426aa4d25dcd4c0999b69c8645df463c38d4436a4a90e97fc3add1dd3a4,ba612ca45ea5ad07f88fc2217474bed60d6fb396d56355355bf57aa7ef2c833c,true,not_applicable_impossible,[],not_applicable_impossible,techqa-group:cf3511c813f77fd8baf8297da5da1cd6d81713dbb850258a6f9428d3abd4bae1,train,42,connected-component-lexicographic-milp-v1,be474a6b88da73da789620bef66aec6c2421294beedfa90eb1363be16f5b13e1,2026-08-18T09:20:02Z
phase01-data-v1,0b5bbc84b7f07d6d09d063130e90b716d8d4a32a,DEV_Q007,DEV,04f5fe586b84bdeb6eaf13f54a500ac0561b2533620b3c56d1068f0a443be6a1,08646f6b37105290ddbfd677825add236b157fe86e90d4df85f8d76f43fbc2d7,false,available,"[""techqa-doc:corpus/swg21625776.txt""]",confirmed_attached_context,techqa-group:ed6e0d790d3d207e5f750e9607012d339eddc8d497a9533e6571b064a4972011,train,42,connected-component-lexicographic-milp-v1,be474a6b88da73da789620bef66aec6c2421294beedfa90eb1363be16f5b13e1,2026-08-18T09:20:02Z
phase01-data-v1,0b5bbc84b7f07d6d09d063130e90b716d8d4a32a,DEV_Q008,DEV,59fd98085290d4fe0bda7e46a7f1dfe2270340da39ff7031b91323436d8f9eef,d5397a50c41faefca92ca8c5014c130bee4bd89176036743a3d6e569b3a62e78,false,available,"[""techqa-doc:corpus/swg21412061.txt""]",confirmed_attached_context,techqa-group:11a582611ffa56d50b26c30d6cbe206a848e76e49587e887611dbdb609bd79c4,validation,42,connected-component-lexicographic-milp-v1,be474a6b88da73da789620bef66aec6c2421294beedfa90eb1363be16f5b13e1,2026-08-18T09:20:02Z
phase01-data-v1,0b5bbc84b7f07d6d09d063130e90b716d8d4a32a,DEV_Q009,DEV,aa6a18d30fddb25a726c88a2179718924019e9607731a1a3be63b852bf48cd90,0e1b3eccb1d1b0a0d9dcba62709216f07923373257f4a8d68befe12a8afd5c24,true,not_applicable_impossible,[],not_applicable_impossible,techqa-group:63adaf920da3e50f7e8d6d0b93396403de9c57da30c9051437d145a1e66ed61a,train,42,connected-component-lexicographic-milp-v1,be474a6b88da73da789620bef66aec6c2421294beedfa90eb1363be16f5b13e1,2026-08-18T09:20:02Z
phase01-data-v1,0b5bbc84b7f07d6d09d063130e90b716d8d4a32a,DEV_Q010,DEV,49a0b73431c26ef8c6c0b1576b50b065dfe1342ca4d1c6adba25816548e556e1,233b177c0f361ac9dd62942b2c5c7426fbf4e52c1be9d98b567eb33a78169490,false,available,"[""techqa-doc:corpus/swg21317981.txt""]",confirmed_attached_context,techqa-group:866e8f14eb78d8ffe14d28bc0253bce42450233e11fe1fd10253b9295ed5104e,train,42,connected-component-lexicographic-milp-v1,be474a6b88da73da789620bef66aec6c2421294beedfa90eb1363be16f5b13e1,2026-08-18T09:20:02Z
phase01-data-v1,0b5bbc84b7f07d6d09d063130e90b716d8d4a32a,DEV_Q011,DEV,b3f35b5563de47ce497bd4867ffd103a470175d434f7b7970d829a3cd7b0e054,a67fadca58808f34b9bdba9fe1e9f621a9e672c2bd04140c4f38e5360d729562,false,available,"[""techqa-doc:corpus/swg21577379.txt""]",confirmed_attached_context,techqa-group:654ce8e76f107521e17dc8d747ff6bd1f14f750c7d4d88eb311e675f31600445,train,42,connected-component-lexicographic-milp-v1,be474a6b88da73da789620bef66aec6c2421294beedfa90eb1363be16f5b13e1,2026-08-18T09:20:02Z
phase01-data-v1,0b5bbc84b7f07d6d09d063130e90b716d8d4a32a,DEV_Q012,DEV,d287a0fb0aff603fa5e92c3967bc22453fb14d4d062303f4391221724897a17c,8d2d878d626dd6bc227ccb0c6563f9722a1b1ce77af6544c34a21c9279249ba0,false,available,"[""techqa-doc:corpus/swg21959723.txt""]",confirmed_attached_context,techqa-group:7f8f07880157ff84b1f48e9f62caeffec6580271ab8ef78fceaf570602d64690,train,42,connected-component-lexicographic-milp-v1,be474a6b88da73da789620bef66aec6c2421294beedfa90eb1363be16f5b13e1,2026-08-18T09:20:02Z
phase01-data-v1,0b5bbc84b7f07d6d09d063130e90b716d8d4a32a,DEV_Q013,DEV,0fc053bc8ba71e94472913ba2477ea50354d2b27f38b4ec52841f8ffa93a9c76,35451bc1433db58f34625b22af8d004361ec39a02173121fe614b20f3d14a6a4,false,available,"[""techqa-doc:corpus/swg21665766.txt""]",confirmed_attached_context,techqa-group:285f11def2c76c937d59fba69e4572f50a05abfb89e40fa93b993b4aeee0d55a,train,42,connected-component-lexicographic-milp-v1,be474a6b88da73da789620bef66aec6c2421294beedfa90eb1363be16f5b13e1,2026-08-18T09:20:02Z
phase01-data-v1,0b5bbc84b7f07d6d09d063130e90b716d8d4a32a,DEV_Q014,DEV,61496315dc7bee174d2424e7bfc604550b219a93a557a2f24894c30ebbdd7fb7,cbe53903b76d73960fd2cc997d4306a95d29ea04e911216e2f4a49e0df9d1372,false,empty_answerable,"[""techqa-doc:corpus/swg21138332.txt""]",pending_manual_alignment,techqa-group:90f53b152b8ff1f3b010cda2ddb99200d8a8e50671dba686f21c38019c17edad,validation,42,connected-component-lexicographic-milp-v1,be474a6b88da73da789620bef66aec6c2421294beedfa90eb1363be16f5b13e1,2026-08-18T09:20:02Z
phase01-data-v1,0b5bbc84b7f07d6d09d063130e90b716d8d4a32a,DEV_Q015,DEV,147988c62ee3c00a779e094df792c859fb7803bdd0245e7d5fcc22d96fd8cd20,a2a0acb5cb7873a168db71e5b471134cc60201ea88164d61da53bb907d576100,true,not_applicable_impossible,[],not_applicable_impossible,techqa-group:d9c5839796478bf61a3d6644e15e7e245c7ff989c03279ff494a3cfdec9d0806,train,42,connected-component-lexicographic-milp-v1,be474a6b88da73da789620bef66aec6c2421294beedfa90eb1363be16f5b13e1,2026-08-18T09:20:02Z
phase01-data-v1,0b5bbc84b7f07d6d09d063130e90b716d8d4a32a,DEV_Q016,DEV,112dfc3cf3acb67db3267ada68ca756282806a290774f5f3551464763adb27c8,8235196f829b17b9be866ff846c168ebd42dfb67378d5d2c971b9a8e81fad2b2,false,available,"[""techqa-doc:corpus/swg21502095.txt""]",confirmed_attached_context,techqa-group:59d5672987729a118b0fb7ee2d136b18ed949530cc9617e418b3859a56ad3ddd,train,42,connected-component-lexicographic-milp-v1,be474a6b88da73da789620bef66aec6c2421294beedfa90eb1363be16f5b13e1,2026-08-18T09:20:02Z
phase01-data-v1,0b5bbc84b7f07d6d09d063130e90b716d8d4a32a,DEV_Q017,DEV,38c345faa8f820654feabff26ccdf21a10d3b3ba09e9c7fa86665ee6c8d506f4,665fa12f1242ca7cfbbff3037bde0e99829af5e4831bfb8baa96e5fce135cabb,true,not_applicable_impossible,[],not_applicable_impossible,techqa-group:0753c77c546ccdde6762524094ba3f5ca3f27b549e63e94313c308e915d56713,train,42,connected-component-lexicographic-milp-v1,be474a6b88da73da789620bef66aec6c2421294beedfa90eb1363be16f5b13e1,2026-08-18T09:20:02Z
phase01-data-v1,0b5bbc84b7f07d6d09d063130e90b716d8d4a32a,DEV_Q018,DEV,c7ff8332949e4d71561f5d68ab89870976d2564f47f01bc72ed8c42b0f382ea3,22f48293a0e5a197da9a1bf868678b8484011b4ff0a76bd33d845ed447458595,true,not_applicable_impossible,[],not_applicable_impossible,techqa-group:de4e2df74a7a22392a9bc01596142c065e3561ae40595f1b601f7d09e2e40f0e,train,42,connected-component-lexicographic-milp-v1,be474a6b88da73da789620bef66aec6c2421294beedfa90eb1363be16f5b13e1,2026-08-18T09:20:02Z
phase01-data-v1,0b5bbc84b7f07d6d09d063130e90b716d8d4a32a,DEV_Q019,DEV,20150a7c08d0aba7fecadc8a892f1304827a393cc376ce908c0d8e390d569fde,66e69bf21b0dc1a488bead9e6768ff03968f2c1b98196af48b057671eb748cb1,false,available,"[""techqa-doc:corpus/swg21700397.txt""]",confirmed_attached_context,techqa-group:e2f06f87c7bde32513eeb80fb0d61638bc383c88df4478a8da043b82cfdb44be,train,42,connected-component-lexicographic-milp-v1,be474a6b88da73da789620bef66aec6c2421294beedfa90eb1363be16f5b13e1,2026-08-18T09:20:02Z
phase01-data-v1,0b5bbc84b7f07d6d09d063130e90b716d8d4a32a,DEV_Q020,DEV,2a7da14a2ce6914fb625d13239bbe0591c4b4f0887c9900c06c7b0ff646f3321,b4d1e00f5e62f0256579e6ee177d16f0c928aa5026b4f0bb6f71510ec65d406e,true,not_applicable_impossible,[],not_applicable_impossible,techqa-group:7584b59cd61c227e7e816cfd6ee92b4c039210732c805b5d6d24196e2eccdec1,test,42,connected-component-lexicographic-milp-v1,be474a6b88da73da789620bef66aec6c2421294beedfa90eb1363be16f5b13e1,2026-08-18T09:20:02Z
phase01-data-v1,0b5bbc84b7f07d6d09d063130e90b716d8d4a32a,DEV_Q021,DEV,1c73dd26068737afff28ebcec0a38589388e9ddb9f2e79ff7d5293361b177c4e,b8b9c02d851432619c06253bf80aa1f38c614ec54f83323c6c3409994f51b293,false,available,"[""techqa-doc:corpus/swg21298897.txt""]",confirmed_attached_context,techqa-group:007b3174205da783c20ba98c376f24126319ba487742bf0d13e0c6b07c1bf2d7,train,42,connected-component-lexicographic-milp-v1,be474a6b88da73da789620bef66aec6c2421294beedfa90eb1363be16f5b13e1,2026-08-18T09:20:02Z
phase01-data-v1,0b5bbc84b7f07d6d09d063130e90b716d8d4a32a,DEV_Q022,DEV,38882be9b8138f9be19bbe0fce13766863d20d4bb8b79f30950e0a33bb877b7f,e1931079dcec10bc87048963e6d5d339e9b3c3d6f382edf6e63d52ef67d534db,false,available,"[""techqa-doc:corpus/swg22005352.txt""]",confirmed_attached_context,techqa-group:6d1addf5bc501d696e4e54e73d1de274ae16df134ce1313f0d7bc491c0c67d4c,train,42,connected-component-lexicographic-milp-v1,be474a6b88da73da789620bef66aec6c2421294beedfa90eb1363be16f5b13e1,2026-08-18T09:20:02Z
phase01-data-v1,0b5bbc84b7f07d6d09d063130e90b716d8d4a32a,DEV_Q023,DEV,0d97e6cde92693e7a852eace35e814a12ef14f7c5c11e70c7e8bc022da3ad39e,4dbb309fb8afe55f0a0c240100552d1002cc84a573b72a364ce91b3f11a1e252,false,available,"[""techqa-doc:corpus/swg21433278.txt""]",confirmed_attached_context,techqa-group:eee19c8a8787c757fff683544dd868d17fc6844172697b476f1f909355f59e91,train,42,connected-component-lexicographic-milp-v1,be474a6b88da73da789620bef66aec6c2421294beedfa90eb1363be16f5b13e1,2026-08-18T09:20:02Z
phase01-data-v1,0b5bbc84b7f07d6d09d063130e90b716d8d4a32a,DEV_Q024,DEV,d8d08288e37d676e60500a89c211ed479fb079cd7c29ab637adfcc6e51fd9dc7,0eb04f6400ad831b660268c6f32cb7ddc251372a052b08a2387a5d199f13a083,true,not_applicable_impossible,[],not_applicable_impossible,techqa-group:ab961a60724f287290f7848f819a9475daee6e54569cd2c3c34ff51433537d6f,train,42,connected-component-lexicographic-milp-v1,be474a6b88da73da789620bef66aec6c2421294beedfa90eb1363be16f5b13e1,2026-08-18T09:20:02Z
phase01-data-v1,0b5bbc84b7f07d6d09d063130e90b716d8d4a32a,DEV_Q025,DEV,4e3adbdcec1ed35bab02ed82dae8d4389c2215bcee06bd2d28ceab680a5ca238,0c78bc9cee11e616fc00af41631b0a2b9cf6dbe2c820a0ec3ab5473f250186ae,false,available,"[""techqa-doc:corpus/swg21959588.txt""]",confirmed_attached_context,techqa-group:ec793d9148ba1c5c3cab32d5ce2a9524d513c979cd687b7956cff0ad37560dfe,train,42,connected-component-lexicographic-milp-v1,be474a6b88da73da789620bef66aec6c2421294beedfa90eb1363be16f5b13e1,2026-08-18T09:20:02Z
phase01-data-v1,0b5bbc84b7f07d6d09d063130e90b716d8d4a32a,DEV_Q026,DEV,3d21b03aacedff87fa0cff30f8fdaa63213168b9cea4cc02fb1fda41ae3d03c0,4fec64ff69950985ce67c758bcd465d9771cff30fabc38fe4f86b8762354528c,true,not_applicable_impossible,[],not_applicable_impossible,techqa-group:80b3fa965be7d48462ee6638d77d23c2545a535e2db416f3e51606ae4adf1e5a,train,42,connected-component-lexicographic-milp-v1,be474a6b88da73da789620bef66aec6c2421294beedfa90eb1363be16f5b13e1,2026-08-18T09:20:02Z
phase01-data-v1,0b5bbc84b7f07d6d09d063130e90b716d8d4a32a,DEV_Q027,DEV,f8be71984e6488e1ede5c445062afec6c3d6e47837f8a6da6e98d8b4a56a8324,b2dc07b2d3085f8aa07e122ec749103ad90b3ab00b42847714829321784b335c,false,available,"[""techqa-doc:corpus/swg21618564.txt""]",confirmed_attached_context,techqa-group:ce1bb2b7acad080d847f9e8a3963b2817f6c0131bec9a4f79560a2a59e663e9a,train,42,connected-component-lexicographic-milp-v1,be474a6b88da73da789620bef66aec6c2421294beedfa90eb1363be16f5b13e1,2026-08-18T09:20:02Z
phase01-data-v1,0b5bbc84b7f07d6d09d063130e90b716d8d4a32a,DEV_Q028,DEV,995740d7cb1d40266432c6c943b114e9b3dfff034614b07a27d59fa5f0949ae6,02408059c4d0dc32e0a6f04ebdbe9cdbe4462c3ad4de72bc4b72ff4247e92197,false,available,"[""techqa-doc:corpus/swg21975747.txt""]",confirmed_attached_context,techqa-group:4a35bff536712974bd72188070fa3c2d7c7f7e40a4e922bd4478a8607a1440ab,train,42,connected-component-lexicographic-milp-v1,be474a6b88da73da789620bef66aec6c2421294beedfa90eb1363be16f5b13e1,2026-08-18T09:20:02Z
phase01-data-v1,0b5bbc84b7f07d6d09d063130e90b716d8d4a32a,DEV_Q029,DEV,a11db529fa232ae3d39916db3eeb7fa1ff0ed8fca8964f984911d7b130692860,82067278c5134391f469445d0e68f48268b87707115da6c4990fcf2ec55cf33e,false,available,"[""techqa-doc:corpus/swg21496354.txt""]",confirmed_attached_context,techqa-group:611b317d67134f27517223076297594f3a15d6f48d858b0b743d0ea7b3494427,test,42,connected-component-lexicographic-milp-v1,be474a6b88da73da789620bef66aec6c2421294beedfa90eb1363be16f5b13e1,2026-08-18T09:20:02Z
phase01-data-v1,0b5bbc84b7f07d6d09d063130e90b716d8d4a32a,DEV_Q030,DEV,624f569f8ac03dabe90fee955e35cce865d162ab7540ff4d79934d849523aacd,24739f79dd6378baff2ba51b96235926622642474a530772bc9b66a72726cfae,false,available,"[""techqa-doc:corpus/swg21636533.txt""]",confirmed_attached_context,techqa-group:4a3ddc01cf87e81cb02e9b697a99379226cb8af059b34b8bf3160008db1b5d9f,validation,42,connected-component-lexicographic-milp-v1,be474a6b88da73da789620bef66aec6c2421294beedfa90eb1363be16f5b13e1,2026-08-18T09:20:02Z
phase01-data-v1,0b5bbc84b7f07d6d09d063130e90b716d8d4a32a,DEV_Q031,DEV,2863f0bdfce207d1ea728b50ee6e0ac8585a60ee6ee345ded9e67b880ef6a7cd,93f9c8b5177517bc65b4bf790408fc988e5e5b5600eece77ba2c167615aaaf52,true,not_applicable_impossible,[],not_applicable_impossible,techqa-group:660410c2d6a1b07b1e013c7b515c7c10af339477e7097923122114ac6d6f0192,train,42,connected-component-lexicographic-milp-v1,be474a6b88da73da789620bef66aec6c2421294beedfa90eb1363be16f5b13e1,2026-08-18T09:20:02Z
phase01-data-v1,0b5bbc84b7f07d6d09d063130e90b716d8d4a32a,DEV_Q032,DEV,6ba7053fa5509d15b3255e75602380eef9e5304c9bc4a99e2d1bbe31ea7bb9ce,285f2538203c12b553f506ce92388ee43cef08a38450af34bcf8c6b78b299baa,false,available,"[""techqa-doc:corpus/swg21994175.txt""]",confirmed_attached_context,techqa-group:cf97051b309adb546596d21bea4f75c6d06bba10f7bb60fa4759650d9ae4a71d,train,42,connected-component-lexicographic-milp-v1,be474a6b88da73da789620bef66aec6c2421294beedfa90eb1363be16f5b13e1,2026-08-18T09:20:02Z
phase01-data-v1,0b5bbc84b7f07d6d09d063130e90b716d8d4a32a,DEV_Q033,DEV,13eb37d9432dde4b183444deb4c7d26c25ad954fbb0b76845ddf015e6fb0f257,3f87ff9961030a5138eec4cfc7e991c8e8efb38b247dfd011ff47fde7a8d3cf6,false,available,"[""techqa-doc:corpus/swg21269136.txt""]",confirmed_attached_context,techqa-group:08e218b6e9c8c0332daa27c6a50f567ab1f6d388ec7ec2b5164feae87cb203d0,validation,42,connected-component-lexicographic-milp-v1,be474a6b88da73da789620bef66aec6c2421294beedfa90eb1363be16f5b13e1,2026-08-18T09:20:02Z
phase01-data-v1,0b5bbc84b7f07d6d09d063130e90b716d8d4a32a,DEV_Q034,DEV,cfe91b8ebbeee6b5354c1c42ceb26c01bf307d6c59459ef8ae09735f77e13092,82703bfde95a3f0a10679e4cc2e528c68ace02ce2daf014cf59291bb1a302bb4,false,available,"[""techqa-doc:corpus/swg21413628.txt""]",confirmed_attached_context,techqa-group:6e81d2562a2da4bcb63c444b1aac3e1f8cd38d910ab90d5c39c48476921e62ad,train,42,connected-component-lexicographic-milp-v1,be474a6b88da73da789620bef66aec6c2421294beedfa90eb1363be16f5b13e1,2026-08-18T09:20:02Z
phase01-data-v1,0b5bbc84b7f07d6d09d063130e90b716d8d4a32a,DEV_Q035,DEV,710dbdce77b2d1e2b47c308a051aa6a6269fc6da4274d40564b220f53d10de04,f7539a13272cea4fbd26803b97a72d83b9cb86fcd372adc83335c8850c69128a,false,available,"[""techqa-doc:corpus/swg22013168.txt""]",confirmed_attached_context,techqa-group:16d91e623072382fae96dacffbbb27672e12d4902539ba6b88485aede98c5e8d,train,42,connected-component-lexicographic-milp-v1,be474a6b88da73da789620bef66aec6c2421294beedfa90eb1363be16f5b13e1,2026-08-18T09:20:02Z
phase01-data-v1,0b5bbc84b7f07d6d09d063130e90b716d8d4a32a,DEV_Q036,DEV,9ce7cecf8c73a745afb049a85a27b2734879ae05ccd9edbd0b73855b77b90244,a08adef51dd7a651fcbd563299891e7d3d2e6a3b6d5f42c387de6d3f583d3db8,true,not_applicable_impossible,[],not_applicable_impossible,techqa-group:17b8b0579d9e75cd552dc7ba1114978c979f73078434f8c49e85a7aed6175413,train,42,connected-component-lexicographic-milp-v1,be474a6b88da73da789620bef66aec6c2421294beedfa90eb1363be16f5b13e1,2026-08-18T09:20:02Z
phase01-data-v1,0b5bbc84b7f07d6d09d063130e90b716d8d4a32a,DEV_Q037,DEV,eb8d87cc674dc80c2c0d1ca8fa97b9587d8fc753f44f97445f9a925dec88c49b,750088e42ec6122b207789fbe161fcdc006ff51de99ce262a493be19e43b268c,true,not_applicable_impossible,[],not_applicable_impossible,techqa-group:881ea8145c45f523d94582475dbbb0afb880b967568d04ab4a0b4551d2b7bba5,train,42,connected-component-lexicographic-milp-v1,be474a6b88da73da789620bef66aec6c2421294beedfa90eb1363be16f5b13e1,2026-08-18T09:20:02Z
phase01-data-v1,0b5bbc84b7f07d6d09d063130e90b716d8d4a32a,DEV_Q038,DEV,392e7d7ac310e0176e291487a33b7bf536aa673b62baa87eb9fa7776a426556b,3ec3993c42982f7313ce45a2314b609e4bc90b70a9523f41d47dd64ce6b2fe40,false,available,"[""techqa-doc:corpus/swg21451229.txt""]",confirmed_attached_context,techqa-group:b5383cf04930626848691aaef475de9dc2ab81b52a0d0c64d79dcba8fc486d83,validation,42,connected-component-lexicographic-milp-v1,be474a6b88da73da789620bef66aec6c2421294beedfa90eb1363be16f5b13e1,2026-08-18T09:20:02Z
phase01-data-v1,0b5bbc84b7f07d6d09d063130e90b716d8d4a32a,DEV_Q039,DEV,188c89e11a3f4c0ad34056b2b54b8e8202ba45544cf072c7144f8c829e8a1572,2b78b91c1017145cd96ea7e41f9b2e34c8112ca1e10f987a05949e8d7cb5d4d0,false,available,"[""techqa-doc:corpus/swg21638268.txt""]",confirmed_attached_context,techqa-group:946f3334225563234a7b2dec4249dc6803f568b3d8dc77120dff36b917c25e89,train,42,connected-component-lexicographic-milp-v1,be474a6b88da73da789620bef66aec6c2421294beedfa90eb1363be16f5b13e1,2026-08-18T09:20:02Z
phase01-data-v1,0b5bbc84b7f07d6d09d063130e90b716d8d4a32a,DEV_Q040,DEV,5fa8a0970a4102a1d120d4f5fd17f34ef37411e1a0c1e36c88d40db2a9f9859e,f9a2365f33a58ab4f82cc25d6f26ab8e210cdd3ed57665ab0f2f1ac3e68bae7c,false,available,"[""techqa-doc:corpus/swg21600618.txt""]",confirmed_attached_context,techqa-group:4dede33c4fbd831acee5d1dc4720605da3f3de0f9aec71f7d5124a8e6b72c2da,validation,42,connected-component-lexicographic-milp-v1,be474a6b88da73da789620bef66aec6c2421294beedfa90eb1363be16f5b13e1,2026-08-18T09:20:02Z
phase01-data-v1,0b5bbc84b7f07d6d09d063130e90b716d8d4a32a,DEV_Q041,DEV,b4ca101d35c738ae48d7bf3d0ea9cdb6dea606aa725af2def0acd0b4646fc8e3,70099dd67c19d6c07f372b5b38dba3efac2727da818977c9c1de873f64cfa9f3,true,not_applicable_impossible,[],not_applicable_impossible,techqa-group:547f464393b7077a9d6d39e903bb17bb2d1d8ab56aa58f4b98958dc121898ebb,train,42,connected-component-lexicographic-milp-v1,be474a6b88da73da789620bef66aec6c2421294beedfa90eb1363be16f5b13e1,2026-08-18T09:20:02Z
phase01-data-v1,0b5bbc84b7f07d6d09d063130e90b716d8d4a32a,DEV_Q042,DEV,bcbdb28f44122531131f3fe529caad08d34edf9253e273bfe6fc65717bd8c99a,3b5ee66108e8b756400eedd674188de3322ab686f89ec713b5992cc073718126,true,not_applicable_impossible,[],not_applicable_impossible,techqa-group:89d4649f0c489ce15592eea58aaa7c573474325580a1867b775cc3f4180255a5,train,42,connected-component-lexicographic-milp-v1,be474a6b88da73da789620bef66aec6c2421294beedfa90eb1363be16f5b13e1,2026-08-18T09:20:02Z
phase01-data-v1,0b5bbc84b7f07d6d09d063130e90b716d8d4a32a,DEV_Q043,DEV,5c1dd916d8c384e565ed671475543a8dab010a38a44fbd42e8da131e960c0954,f86dbe98d630ec7a6bf6d463377b1da17241e953fce094df33e5a936266c94f1,false,available,"[""techqa-doc:corpus/swg24042656.txt""]",confirmed_attached_context,techqa-group:85fee2625ac3ba53a24e1a2272608a6dd2a9f740a69d73e554aa661c0b6d7c25,train,42,connected-component-lexicographic-milp-v1,be474a6b88da73da789620bef66aec6c2421294beedfa90eb1363be16f5b13e1,2026-08-18T09:20:02Z
phase01-data-v1,0b5bbc84b7f07d6d09d063130e90b716d8d4a32a,DEV_Q044,DEV,ba700756d115e1a9251c5d2aae8d397914bd0ad692432809fb37d93f9d3c6fb5,f1a8f091233f08f7b513f9ecdb71d4f95884dd6ff838794d90872e3029b1c2ca,true,not_applicable_impossible,[],not_applicable_impossible,techqa-group:ae783d068182b82b326f98d8c0a7b5196e35f9f207cb11692dddf7f619d93913,train,42,connected-component-lexicographic-milp-v1,be474a6b88da73da789620bef66aec6c2421294beedfa90eb1363be16f5b13e1,2026-08-18T09:20:02Z
phase01-data-v1,0b5bbc84b7f07d6d09d063130e90b716d8d4a32a,DEV_Q045,DEV,cde3c116e5e83fb5cd16772c39c5ea8c8575cb8bdd755bfbb00cb71e845e7287,9ad279cdf35f3951ce54a56ee19452faa2a016411c483f792c34cff41726c350,true,not_applicable_impossible,[],not_applicable_impossible,techqa-group:e541ede579a465d3cd14b4694fa14aaf0d769f21287b1fdf31baa9e05f53c1b8,test,42,connected-component-lexicographic-milp-v1,be474a6b88da73da789620bef66aec6c2421294beedfa90eb1363be16f5b13e1,2026-08-18T09:20:02Z
phase01-data-v1,0b5bbc84b7f07d6d09d063130e90b716d8d4a32a,DEV_Q046,DEV,c76938f8b55ae571dbb6b1b04b13b8bb60ccff94b80b880ddb26415a8ad911e9,e7a94bc8d75c0a07dd391de085e89069e043032f6505a84d66f63d4911281082,false,available,"[""techqa-doc:corpus/swg22002589.txt""]",confirmed_attached_context,techqa-group:442bab01b16316fde995972215a3ddebcd6ed4493261f61eea7c77f32bfdcb1d,train,42,connected-component-lexicographic-milp-v1,be474a6b88da73da789620bef66aec6c2421294beedfa90eb1363be16f5b13e1,2026-08-18T09:20:02Z
phase01-data-v1,0b5bbc84b7f07d6d09d063130e90b716d8d4a32a,DEV_Q047,DEV,622cec807800e62380ce034d3bf658478c32f062a6f69c88b60433ba078c9a7f,b3106caf79a873239d2e2b651677df4aca981c4cae187d832aeaf45c5551ff6e,false,available,"[""techqa-doc:corpus/swg22013294.txt""]",confirmed_attached_context,techqa-group:697e77a399d722a67901018b8cad807922cddd339e463e361ce30712496b6375,train,42,connected-component-lexicographic-milp-v1,be474a6b88da73da789620bef66aec6c2421294beedfa90eb1363be16f5b13e1,2026-08-18T09:20:02Z
phase01-data-v1,0b5bbc84b7f07d6d09d063130e90b716d8d4a32a,DEV_Q048,DEV,b4b45a6666ecfd18c1553c690bcf73b13ee8467fba60c6e60c446cb0882300af,77b7786b222f9c242d9bdcb7174f18414807b3aca35242e60a8e4016f579e4ca,false,available,"[""techqa-doc:corpus/swg21685441.txt""]",confirmed_attached_context,techqa-group:8a1a9b2fd73b369ff58583966d77e779e248d66978e3ea1a28c1723dd7b3c044,train,42,connected-component-lexicographic-milp-v1,be474a6b88da73da789620bef66aec6c2421294beedfa90eb1363be16f5b13e1,2026-08-18T09:20:02Z
phase01-data-v1,0b5bbc84b7f07d6d09d063130e90b716d8d4a32a,DEV_Q049,DEV,78e7b66b29998b75bd2c4bc24fb4a920879c6d46628dc1b8fa22d49d880c5941,18bd8b255f45679cdaeafa6f1601bc0d99940babb417c33d9994fa56f4a39888,true,not_applicable_impossible,[],not_applicable_impossible,techqa-group:d9149523259336b9322899ae4b24acbe59d524b56346f924f07ce5a3f17bef65,train,42,connected-component-lexicographic-milp-v1,be474a6b88da73da789620bef66aec6c2421294beedfa90eb1363be16f5b13e1,2026-08-18T09:20:02Z
phase01-data-v1,0b5bbc84b7f07d6d09d063130e90b716d8d4a32a,DEV_Q050,DEV,9881ef5192463ecd4c7191fd15aa819e42f6343273b5e76f50d9be002bd631a1,a53e7a61a626a03d9336ef631676af983d5daf0393d1092fe6dc7a7d9437ae78,false,available,"[""techqa-doc:corpus/swg21991890.txt""]",confirmed_attached_context,techqa-group:4bd22c9454d02761d534f4ccce3d696761b56c82ce6818a1ef052f7dd7ff4761,train,42,connected-component-lexicographic-milp-v1,be474a6b88da73da789620bef66aec6c2421294beedfa90eb1363be16f5b13e1,2026-08-18T09:20:02Z
phase01-data-v1,0b5bbc84b7f07d6d09d063130e90b716d8d4a32a,DEV_Q051,DEV,f4d3721fdc3e32bf7155a7144d84743dbf82e80b219a089991367d5b758781c5,d381920208172816bf4b92d67be9959b202ab36e91005eb86fa1f631ef5093fd,false,available,"[""techqa-doc:corpus/swg21495799.txt""]",confirmed_attached_context,techqa-group:acca7bcd24c30a141c054ec00d6dc6e2afe21ae1b311575847947100424823b5,train,42,connected-component-lexicographic-milp-v1,be474a6b88da73da789620bef66aec6c2421294beedfa90eb1363be16f5b13e1,2026-08-18T09:20:02Z
phase01-data-v1,0b5bbc84b7f07d6d09d063130e90b716d8d4a32a,DEV_Q052,DEV,e5a83a4b0318473ff0f1509a2251531473eec533a02a7049949e95b90d162178,b5791785ac621505de9a3c17782d154a2a7949596ce037fe0d50a4bb2765e56e,false,available,"[""techqa-doc:corpus/swg21500046.txt""]",confirmed_attached_context,techqa-group:fa5a4019aeb6725f3e588d49e139fac9166854b3906d8d2e293c5c7183dab115,train,42,connected-component-lexicographic-milp-v1,be474a6b88da73da789620bef66aec6c2421294beedfa90eb1363be16f5b13e1,2026-08-18T09:20:02Z
phase01-data-v1,0b5bbc84b7f07d6d09d063130e90b716d8d4a32a,DEV_Q053,DEV,931d16af5f3431afae91ba70fab7576b7746e56c8cbc26ec7f950d9c0b248288,b5631d46b6190536b41022f84699672c4cf481b09f5260f00c465b2f7b193f70,false,available,"[""techqa-doc:corpus/swg21635341.txt""]",confirmed_attached_context,techqa-group:cd3e8b817680844dc30a4c9256c79d552438134d6467bc3765b5c4c48c6e3c32,validation,42,connected-component-lexicographic-milp-v1,be474a6b88da73da789620bef66aec6c2421294beedfa90eb1363be16f5b13e1,2026-08-18T09:20:02Z
phase01-data-v1,0b5bbc84b7f07d6d09d063130e90b716d8d4a32a,DEV_Q054,DEV,c0d68265147c28ddcbf9f69e4b247523e3c79e172c6f3397dab4caeb2d872a55,94e594620d64f9c57bcde270d74d340bf51304c05366da63f2b55465b22f2320,true,not_applicable_impossible,[],not_applicable_impossible,techqa-group:c2c223f33ae91b41443ec371db9700623dea04eb4eac05993673b1e2fd40af1c,train,42,connected-component-lexicographic-milp-v1,be474a6b88da73da789620bef66aec6c2421294beedfa90eb1363be16f5b13e1,2026-08-18T09:20:02Z
phase01-data-v1,0b5bbc84b7f07d6d09d063130e90b716d8d4a32a,DEV_Q055,DEV,8a3c2e7a1a69855edb1c78065a333ec7cf9f87bc2d27d4f7f633333c50aca48f,71b0226f8d8e6ac623157a9f48e962adb8d0fe7927d3f9f89e6ce86e3c2a118e,false,available,"[""techqa-doc:corpus/swg21412846.txt""]",confirmed_attached_context,techqa-group:636d322894111abf08879d584c7608cc955cb1915537b8650c8faacaf1150d6d,test,42,connected-component-lexicographic-milp-v1,be474a6b88da73da789620bef66aec6c2421294beedfa90eb1363be16f5b13e1,2026-08-18T09:20:02Z
phase01-data-v1,0b5bbc84b7f07d6d09d063130e90b716d8d4a32a,DEV_Q056,DEV,d83ad4ff8855657108c57f1376c621fe27f5e8f755538e442499f112c32f9874,33660052491813151e8ad67e276f4466db0fea7c7501995f9c1d58a054357484,true,not_applicable_impossible,[],not_applicable_impossible,techqa-group:b840dac71f7e6f7b3acf7697618b771b68552809f1423e935c31aace620d7319,train,42,connected-component-lexicographic-milp-v1,be474a6b88da73da789620bef66aec6c2421294beedfa90eb1363be16f5b13e1,2026-08-18T09:20:02Z
phase01-data-v1,0b5bbc84b7f07d6d09d063130e90b716d8d4a32a,DEV_Q057,DEV,5e62d428e51d2713aba6f0eed693898d822837cd9f79ca9d23c3cfed6a9152a4,da29d85853513711b5b18298c57c9bc5f0cb0e72b46fa00bab069bdacca1167a,true,not_applicable_impossible,[],not_applicable_impossible,techqa-group:4db285d16c61285b3e0400a9374c3ce3354e946e3a014bce5b1ab3aa0f772915,test,42,connected-component-lexicographic-milp-v1,be474a6b88da73da789620bef66aec6c2421294beedfa90eb1363be16f5b13e1,2026-08-18T09:20:02Z
phase01-data-v1,0b5bbc84b7f07d6d09d063130e90b716d8d4a32a,DEV_Q058,DEV,827b0c2c97e90d050f090300401338c3b97d074ec00dd6a8f71a1cdc66bfa534,6810b84852d093458b7674b4a29fcfab183edddb432d74716fa61e1eeab6de4f,true,not_applicable_impossible,[],not_applicable_impossible,techqa-group:cdba7d39b537749499020d538af994b4710da4edaaf70df65845be9fcd246684,train,42,connected-component-lexicographic-milp-v1,be474a6b88da73da789620bef66aec6c2421294beedfa90eb1363be16f5b13e1,2026-08-18T09:20:02Z
phase01-data-v1,0b5bbc84b7f07d6d09d063130e90b716d8d4a32a,DEV_Q059,DEV,6471f052307724cf8599767f34cebb7902fd0ed6daa51e335544a6a741b5214d,7a74c48f00c8a6e37546a1a3908965cdcc6ecd804c12fcc17c7b2c77c011c8ac,true,not_applicable_impossible,[],not_applicable_impossible,techqa-group:b013387364bb4f54c8d63f771bb7780c967545979bb0f4a6c1ca04f45415d423,test,42,connected-component-lexicographic-milp-v1,be474a6b88da73da789620bef66aec6c2421294beedfa90eb1363be16f5b13e1,2026-08-18T09:20:02Z
phase01-data-v1,0b5bbc84b7f07d6d09d063130e90b716d8d4a32a,DEV_Q060,DEV,697fde0da938b4d6c0fb5dc7313f4460bd3e331393bf4381b6609278373cd324,996ee1774e46f7edb4851d472aac8fd3fda66301ec00f7467abde2f5a2ff8803,true,not_applicable_impossible,[],not_applicable_impossible,techqa-group:89ca4fe763798dd7c078934920c300dd39d4ef681f612c9ada30f7a9994ec990,test,42,connected-component-lexicographic-milp-v1,be474a6b88da73da789620bef66aec6c2421294beedfa90eb1363be16f5b13e1,2026-08-18T09:20:02Z
phase01-data-v1,0b5bbc84b7f07d6d09d063130e90b716d8d4a32a,DEV_Q061,DEV,304a898d707378284c40a8f11972271dee6f731c07de85f5aaa694ab929c3dc9,1dfb64c0120211c44a8ed26e3387523164812e62ca20dfbe865071c997379134,true,not_applicable_impossible,[],not_applicable_impossible,techqa-group:d81bff6d325a7d79e931d94b436395163e052b381a5db3a5228f01bcbb8610c2,train,42,connected-component-lexicographic-milp-v1,be474a6b88da73da789620bef66aec6c2421294beedfa90eb1363be16f5b13e1,2026-08-18T09:20:02Z
phase01-data-v1,0b5bbc84b7f07d6d09d063130e90b716d8d4a32a,DEV_Q062,DEV,7497c699f9200bf195844d093909a0be614b5e70b32440e1efcdbdf4f2f0a968,cae7f29d4e4881c63c5d3892e0e106ab607371ae3263771310a109d45408c6e9,true,not_applicable_impossible,[],not_applicable_impossible,techqa-group:a01f9ced6e3825c6332d4c30beab78d1a874bf00f54bcc92cd3700511be57027,train,42,connected-component-lexicographic-milp-v1,be474a6b88da73da789620bef66aec6c2421294beedfa90eb1363be16f5b13e1,2026-08-18T09:20:02Z
phase01-data-v1,0b5bbc84b7f07d6d09d063130e90b716d8d4a32a,DEV_Q063,DEV,badb576e1491c92613103e5a9b293d03c2ccae3c983ca76dbd6ee894f74782c5,5b7c5e8193a593281db13cdb6bedb2bd05be098f732d5990203508933caa53b0,false,available,"[""techqa-doc:corpus/swg21509510.txt""]",confirmed_attached_context,techqa-group:865b82a2cb63e20ae533517182cbdd7c45f3675e0de683e63e7184538507ab1f,validation,42,connected-component-lexicographic-milp-v1,be474a6b88da73da789620bef66aec6c2421294beedfa90eb1363be16f5b13e1,2026-08-18T09:20:02Z
phase01-data-v1,0b5bbc84b7f07d6d09d063130e90b716d8d4a32a,DEV_Q064,DEV,213d40c65bd6186e126ea6660332bccb7cd7560fe2e586815aedd3f3bf2d80d8,daca6ea7faaac2dd4577dc937c08c73a5dc9f010a3c7a0f4698d865a655ff453,false,available,"[""techqa-doc:corpus/swg21995099.txt""]",confirmed_attached_context,techqa-group:85c06632b21fa32d7f2102a3534da46d8aca92d58ddeee931ed23b0d026033b1,train,42,connected-component-lexicographic-milp-v1,be474a6b88da73da789620bef66aec6c2421294beedfa90eb1363be16f5b13e1,2026-08-18T09:20:02Z
phase01-data-v1,0b5bbc84b7f07d6d09d063130e90b716d8d4a32a,DEV_Q065,DEV,4d7fd0fa0498c3428671a5b19e6a048975e73008c2239661419e935a7198a139,282e1159cb4e27db15b717b8a596828716e961eea5045bd72f0cb20715c867c6,true,not_applicable_impossible,[],not_applicable_impossible,techqa-group:a3fc54a9025ee867e8abb7fd4f668dbe63e9f01ca1199c45063a39561d4791fe,test,42,connected-component-lexicographic-milp-v1,be474a6b88da73da789620bef66aec6c2421294beedfa90eb1363be16f5b13e1,2026-08-18T09:20:02Z
phase01-data-v1,0b5bbc84b7f07d6d09d063130e90b716d8d4a32a,DEV_Q066,DEV,7263f4622dd88a1f082cda8232d7fd2b033322980f75bee0c4d1be79ffae38e9,c059e8daad9bb9dc1d5351e9bb8e7154ebddc836ddae9badaaaf8b17dca8e384,false,available,"[""techqa-doc:corpus/swg22000947.txt""]",confirmed_attached_context,techqa-group:572bf0468c73c7945e52357794685946e1d6aa9a2b2e09eca76937a3435db76d,train,42,connected-component-lexicographic-milp-v1,be474a6b88da73da789620bef66aec6c2421294beedfa90eb1363be16f5b13e1,2026-08-18T09:20:02Z
phase01-data-v1,0b5bbc84b7f07d6d09d063130e90b716d8d4a32a,DEV_Q067,DEV,d8fa7657088954922768bfb52e3584f1228cfeb8d36f75e288dfb90d655f703c,5240df9d3c56829b15121044f408f94f05d58565898eabeae8f689a9ae068d0a,false,available,"[""techqa-doc:corpus/swg21615427.txt""]",confirmed_attached_context,techqa-group:5de4fbad3033a2d225be7eda7b8a7ad7cce12cf434294014ea6d52dc08d4340b,train,42,connected-component-lexicographic-milp-v1,be474a6b88da73da789620bef66aec6c2421294beedfa90eb1363be16f5b13e1,2026-08-18T09:20:02Z
phase01-data-v1,0b5bbc84b7f07d6d09d063130e90b716d8d4a32a,DEV_Q068,DEV,1b496b87393a1d45ab0501bb6d9f1b350bdc437631f9a79b4da07144a7481274,8031dfecf9bd1a8146dfd3f9a939c1ea800e3f9e523e8a5e53452fec51030ddb,false,available,"[""techqa-doc:corpus/swg21162896.txt""]",confirmed_attached_context,techqa-group:ee7ca0085c14b6e0b8a8edb069438677a16a0b11dabd50f6f8048f26ce324b2a,test,42,connected-component-lexicographic-milp-v1,be474a6b88da73da789620bef66aec6c2421294beedfa90eb1363be16f5b13e1,2026-08-18T09:20:02Z
phase01-data-v1,0b5bbc84b7f07d6d09d063130e90b716d8d4a32a,DEV_Q069,DEV,57477c65d21492a47174e7ad43b7b1473c8aec3d6878b19148c4e385674f4c2a,fa678a839a56958e91087e698ed2ffb69963ae31bbd5cae10090d9bbf2ada18b,true,not_applicable_impossible,[],not_applicable_impossible,techqa-group:f2c723bc734e3e52afc5904582bd49c3a1559b85aab096e96a61aaa8ff730adb,test,42,connected-component-lexicographic-milp-v1,be474a6b88da73da789620bef66aec6c2421294beedfa90eb1363be16f5b13e1,2026-08-18T09:20:02Z
phase01-data-v1,0b5bbc84b7f07d6d09d063130e90b716d8d4a32a,DEV_Q070,DEV,c0731106114514feeb6eda0aea6764a11c1c3edf7f119ddd228c9d65b2572c19,e2d3cbbbddfe958a3ccac6633083461590614ea7a552acf34fc5c08e4e9243f7,true,not_applicable_impossible,[],not_applicable_impossible,techqa-group:de98bd5024ba8b640be8fb4c97b1deecdf687ff41f2bc897a710107fb299b9e2,train,42,connected-component-lexicographic-milp-v1,be474a6b88da73da789620bef66aec6c2421294beedfa90eb1363be16f5b13e1,2026-08-18T09:20:02Z
phase01-data-v1,0b5bbc84b7f07d6d09d063130e90b716d8d4a32a,DEV_Q071,DEV,6dc481272cadebf0be295f86008b80d6c78b4e29e273420acb70086befa10e4d,ccff8fc17b4c5c65714addb750b367bf6e076eed9b7a740aee5317eccc3e2fd4,false,available,"[""techqa-doc:corpus/swg21260969.txt""]",confirmed_attached_context,techqa-group:bf095d270dfab704c535885428840ec1da02cfdef5cc67d61dcdcd94447d9261,train,42,connected-component-lexicographic-milp-v1,be474a6b88da73da789620bef66aec6c2421294beedfa90eb1363be16f5b13e1,2026-08-18T09:20:02Z
phase01-data-v1,0b5bbc84b7f07d6d09d063130e90b716d8d4a32a,DEV_Q072,DEV,8f184839d5ca8f4be5332a73f653fd4b1d7f03b1ef5693f6715ad50287af67f6,f7ceb9ff99719e84e862291c0927536cd6120f6e8afba0d3953c0d4c66333390,false,available,"[""techqa-doc:corpus/swg22005345.txt""]",confirmed_attached_context,techqa-group:9e3efbec97ef720d285e3b0f57e6fbc582422e9244b564da66e53fd39bdbe097,train,42,connected-component-lexicographic-milp-v1,be474a6b88da73da789620bef66aec6c2421294beedfa90eb1363be16f5b13e1,2026-08-18T09:20:02Z
phase01-data-v1,0b5bbc84b7f07d6d09d063130e90b716d8d4a32a,DEV_Q073,DEV,43711b5845cc02e0f874b9cfb338bb52d1d87f6e5641c3de15808c80e5574957,cde46bf9953901051ebdc65e8c72997242861c18105c62aab9f2ac000710ecb5,true,not_applicable_impossible,[],not_applicable_impossible,techqa-group:ac1d01a1323888c1948055c8bd668fec1b68ff1315ee6311dd79bb25c371fb1c,validation,42,connected-component-lexicographic-milp-v1,be474a6b88da73da789620bef66aec6c2421294beedfa90eb1363be16f5b13e1,2026-08-18T09:20:02Z
phase01-data-v1,0b5bbc84b7f07d6d09d063130e90b716d8d4a32a,DEV_Q074,DEV,640dfe31e7408f6e4618bae00c5667dc1a5f1758c2ba714cf19737a930d2ff05,67a0def8c2fe3254c8025dd646d0dfd0f8feb62bd21a4efd3a7fdae93cd833d0,false,available,"[""techqa-doc:corpus/swg21959169.txt""]",confirmed_attached_context,techqa-group:8b55440e2ef57c4dd732964f3048e63516c3b6fbe6b3b110620945e3d3caebe9,train,42,connected-component-lexicographic-milp-v1,be474a6b88da73da789620bef66aec6c2421294beedfa90eb1363be16f5b13e1,2026-08-18T09:20:02Z
phase01-data-v1,0b5bbc84b7f07d6d09d063130e90b716d8d4a32a,DEV_Q075,DEV,9f7659aad4fb1f459bfcca1e905e1336cd0985cbd0edad32a12cf2376a160671,0a258e8e0d8996d16fbe189059dffb6d45e044f6567e7ceeff4639a81ea26a1e,true,not_applicable_impossible,[],not_applicable_impossible,techqa-group:6f5e30405b9c91b872246de89aa9bee5b8ee6b5b76f7b0b27c67ea9846aa507b,train,42,connected-component-lexicographic-milp-v1,be474a6b88da73da789620bef66aec6c2421294beedfa90eb1363be16f5b13e1,2026-08-18T09:20:02Z
phase01-data-v1,0b5bbc84b7f07d6d09d063130e90b716d8d4a32a,DEV_Q076,DEV,6ef8accb69bb6f0292915afeedadc74aa34a00c4c7d51f5202d5d81f85fb86ed,c6a1a3565f1d81aa416fa5ce8d507fd9c882c237f368078770724226464adf3e,true,not_applicable_impossible,[],not_applicable_impossible,techqa-group:9aed63046c9b9f98a39b46d984507758becaeb62b4798f2017800b0788392bd4,train,42,connected-component-lexicographic-milp-v1,be474a6b88da73da789620bef66aec6c2421294beedfa90eb1363be16f5b13e1,2026-08-18T09:20:02Z
phase01-data-v1,0b5bbc84b7f07d6d09d063130e90b716d8d4a32a,DEV_Q077,DEV,975c60b3bc29a1926ba96d1451add622768b216badf2646987039ad6fabddbc5,922db2805c011acf1308711f49084e3be5270d814fe42857ea5271adb9aa0a8d,false,available,"[""techqa-doc:corpus/swg21592093.txt""]",confirmed_attached_context,techqa-group:7ba8f91054e8b8bc026954ca728cca500098eb3587e8994ce38b08b5bd2008ef,test,42,connected-component-lexicographic-milp-v1,be474a6b88da73da789620bef66aec6c2421294beedfa90eb1363be16f5b13e1,2026-08-18T09:20:02Z
phase01-data-v1,0b5bbc84b7f07d6d09d063130e90b716d8d4a32a,DEV_Q078,DEV,7a669ad4484fbffc2cd2d8e7251cb7274d0e8d6037a6494f31d36a74167790b7,824f2446394d943e29060c0aecda99860a906245a2fadc85dccf71a67f9c5c81,true,not_applicable_impossible,[],not_applicable_impossible,techqa-group:e9670400b07b52c2c0310d4affae26c5d0b0749d81c986af7859a07c21fb75ec,test,42,connected-component-lexicographic-milp-v1,be474a6b88da73da789620bef66aec6c2421294beedfa90eb1363be16f5b13e1,2026-08-18T09:20:02Z
phase01-data-v1,0b5bbc84b7f07d6d09d063130e90b716d8d4a32a,DEV_Q079,DEV,e89f9b0dc3b4ced3cc1bb62b056e31e202e184be6361c832146327fc50506a4b,571159326f55ed8794c78d02ea7eb4048ffbd368a8a89462129cf3b78c84ceb9,true,not_applicable_impossible,[],not_applicable_impossible,techqa-group:c96fd0dfdc015677467fbd7611c6ec4aec1c8ab1116533acae19bd2927cc84ff,validation,42,connected-component-lexicographic-milp-v1,be474a6b88da73da789620bef66aec6c2421294beedfa90eb1363be16f5b13e1,2026-08-18T09:20:02Z
phase01-data-v1,0b5bbc84b7f07d6d09d063130e90b716d8d4a32a,DEV_Q080,DEV,41f75ae5fa6db7d4498c04bb46ec9aac8e2f302343d5d50fa196b7016406f364,daadfb4d4f83757f614b2859f3046de121dd7cc6e7f00233d44f87cc6e00ce30,false,available,"[""techqa-doc:corpus/swg21960062.txt""]",confirmed_attached_context,techqa-group:ee7f212365baf671ea4f58b0e881ef9da811371cff23b691be80a7be426bd5d7,test,42,connected-component-lexicographic-milp-v1,be474a6b88da73da789620bef66aec6c2421294beedfa90eb1363be16f5b13e1,2026-08-18T09:20:02Z
phase01-data-v1,0b5bbc84b7f07d6d09d063130e90b716d8d4a32a,DEV_Q081,DEV,4b17aa9fc40ca56efe5ce5ddd4565b99b9f307f27b13a42a491500d3a62e47e7,10391674334fb2b4bd3060d100762a79b782a1c23ec4a5333f20ed986e14027a,true,not_applicable_impossible,[],not_applicable_impossible,techqa-group:1ef2212ede74796d04f8a3a5b3bde6ff1753a143d3e658b312023878679d8ed5,test,42,connected-component-lexicographic-milp-v1,be474a6b88da73da789620bef66aec6c2421294beedfa90eb1363be16f5b13e1,2026-08-18T09:20:02Z
phase01-data-v1,0b5bbc84b7f07d6d09d063130e90b716d8d4a32a,DEV_Q082,DEV,a77119595954418279af3e8a53023ed2e0f95ffef2b0d835a25b434663fd28d3,e09818372cc575de770dab94e325c8af178ff109451c8274d8de650f51e215a0,false,available,"[""techqa-doc:corpus/swg22011695.txt""]",confirmed_attached_context,techqa-group:a402b1395500ad09aaae46a0d1923ee2ac467bcad0159b5d062b00aa41533e5b,train,42,connected-component-lexicographic-milp-v1,be474a6b88da73da789620bef66aec6c2421294beedfa90eb1363be16f5b13e1,2026-08-18T09:20:02Z
phase01-data-v1,0b5bbc84b7f07d6d09d063130e90b716d8d4a32a,DEV_Q083,DEV,e3b8a1b37e4154ea1732ede3e605587b81cbbc9142f6c81a9be25bb1cd59d7fa,d516809cf0f79b9faca7f4a36202ce2101c70c1349f489f127e6d868f58e0a8c,true,not_applicable_impossible,[],not_applicable_impossible,techqa-group:2de501ee93f6df938845501e683ad7578cec51a2eaf6125e7c4b0f2e14d12266,train,42,connected-component-lexicographic-milp-v1,be474a6b88da73da789620bef66aec6c2421294beedfa90eb1363be16f5b13e1,2026-08-18T09:20:02Z
phase01-data-v1,0b5bbc84b7f07d6d09d063130e90b716d8d4a32a,DEV_Q084,DEV,0f33bc7f056c0c2a443a50f73311ad20e5888dcf4bffc43ea6b4d9e6340b769c,a7fc384d438570b537d5bb51e839a9149c09a9140f6361857fad71a494e358d8,true,not_applicable_impossible,[],not_applicable_impossible,techqa-group:fd60ae7a0c6cfc88730f3047427e306540ef74e55628cb844f2811796bab745d,train,42,connected-component-lexicographic-milp-v1,be474a6b88da73da789620bef66aec6c2421294beedfa90eb1363be16f5b13e1,2026-08-18T09:20:02Z
phase01-data-v1,0b5bbc84b7f07d6d09d063130e90b716d8d4a32a,DEV_Q085,DEV,80f2543981cb3ad9f5b63b428bca90338c8843a2e930f916b56592d48a78cbef,a3c025d91beae64644fea517f2e3a3e42aae31bb09b6db2afc62c0a1d7bafc8f,true,not_applicable_impossible,[],not_applicable_impossible,techqa-group:ef9b89e8697a6dc258562be4ea92f08bdfe77c2fc760212946f46bbc7d908824,train,42,connected-component-lexicographic-milp-v1,be474a6b88da73da789620bef66aec6c2421294beedfa90eb1363be16f5b13e1,2026-08-18T09:20:02Z
phase01-data-v1,0b5bbc84b7f07d6d09d063130e90b716d8d4a32a,DEV_Q086,DEV,bed0696e7936d81c21e6b9c2c90d336ac733d5cb96df6ebd551fe0be47c91ff9,7f6c42985264ee7c8229ab995039a7f0f4048b6b1e0574a74ab54af099e34587,true,not_applicable_impossible,[],not_applicable_impossible,techqa-group:1e1ef4512696f85013c912863d4a6f8381202c0eda689584905240e0d44dc748,train,42,connected-component-lexicographic-milp-v1,be474a6b88da73da789620bef66aec6c2421294beedfa90eb1363be16f5b13e1,2026-08-18T09:20:02Z
phase01-data-v1,0b5bbc84b7f07d6d09d063130e90b716d8d4a32a,DEV_Q087,DEV,c918e2a0216a8bb4e386d1948314f61c421c0b1c8b2ae07b01b8c1564f24e50d,73c8344f62a68090d640e07782c89d6a3753c7557736700ada022a68d5192312,true,not_applicable_impossible,[],not_applicable_impossible,techqa-group:b883bbfeafeb31f3851c65f60c99eedd7cb2d6c63b8534d6f0fe319e775f5b79,train,42,connected-component-lexicographic-milp-v1,be474a6b88da73da789620bef66aec6c2421294beedfa90eb1363be16f5b13e1,2026-08-18T09:20:02Z
phase01-data-v1,0b5bbc84b7f07d6d09d063130e90b716d8d4a32a,DEV_Q088,DEV,d07ef1ec8bfef21173733b6b23a257a66e1fb6cd234a8fddbe795ef675c682b7,d36decaf3a9789140828ec9f025cbcd385f1ff167aa4f5687c77d2a76381d8ff,false,available,"[""techqa-doc:corpus/swg21320206.txt""]",confirmed_attached_context,techqa-group:70965d06ec743f8fd0577861bfed9673ea4e388d2f811c6db33998ea22b19757,test,42,connected-component-lexicographic-milp-v1,be474a6b88da73da789620bef66aec6c2421294beedfa90eb1363be16f5b13e1,2026-08-18T09:20:02Z
phase01-data-v1,0b5bbc84b7f07d6d09d063130e90b716d8d4a32a,DEV_Q089,DEV,95edce9b0dcbafe2e2d2714c98a5a079dfddbdc5989eea17ea1ec4e3764aee53,6733a80188569a15f6a973cc108d967d72fe0721e9e8d449d05d07fbaaf5255f,false,available,"[""techqa-doc:corpus/swg22002063.txt""]",confirmed_attached_context,techqa-group:f647b96f8c384155dac20a9e6ff858041221695ff908f622561f90ad7b0e748b,train,42,connected-component-lexicographic-milp-v1,be474a6b88da73da789620bef66aec6c2421294beedfa90eb1363be16f5b13e1,2026-08-18T09:20:02Z
phase01-data-v1,0b5bbc84b7f07d6d09d063130e90b716d8d4a32a,DEV_Q090,DEV,1a777d409bda62e8e54dab9fcdf32acd74f20d75e599de65c5f0c4ac1c374236,a99ff738562f9b5794b50e9eb60184015626bed2d727483c49419f85b6713d5d,false,available,"[""techqa-doc:corpus/swg21608473.txt""]",confirmed_attached_context,techqa-group:81fc6a9b2928d1a6e4afb6969973f09678e880e811074683d897ef760dcfb8fb,train,42,connected-component-lexicographic-milp-v1,be474a6b88da73da789620bef66aec6c2421294beedfa90eb1363be16f5b13e1,2026-08-18T09:20:02Z
phase01-data-v1,0b5bbc84b7f07d6d09d063130e90b716d8d4a32a,DEV_Q091,DEV,099ae81c9dc3502fa437d0dde33f3abee9cf9a5435e33c2666c9b0b05e2a8889,e4cfdaa2cfe9b3af90e194bda6c3a89a1e4dfced7898857221505a07412228f7,true,not_applicable_impossible,[],not_applicable_impossible,techqa-group:7fde30bdbdec79f7af73d5fd053e1849fad2564ecbc92dfccdaad89b5a1595ac,train,42,connected-component-lexicographic-milp-v1,be474a6b88da73da789620bef66aec6c2421294beedfa90eb1363be16f5b13e1,2026-08-18T09:20:02Z
phase01-data-v1,0b5bbc84b7f07d6d09d063130e90b716d8d4a32a,DEV_Q092,DEV,df92942436cb667e9ba767d99d5b18ec4225e7962ce64d567cde03b4c7740437,ae540c85c4843efe44ec7e46a02a8244b4f77887e4d0dd3abb9024bca211a861,true,not_applicable_impossible,[],not_applicable_impossible,techqa-group:1d9039ff0dd3badfb9800d8a683ed211a59b51da642e2c02157f6f538b486de1,test,42,connected-component-lexicographic-milp-v1,be474a6b88da73da789620bef66aec6c2421294beedfa90eb1363be16f5b13e1,2026-08-18T09:20:02Z
phase01-data-v1,0b5bbc84b7f07d6d09d063130e90b716d8d4a32a,DEV_Q093,DEV,af603b549617a2cef64664b9b9c46c4066155f7fe918bf6ddf79808a15df7e41,1da048f0c89312e1f4d5a099e4b9d474d6b387d7d1caab8650dc583d459c6c9e,false,available,"[""techqa-doc:corpus/swg21696179.txt""]",confirmed_attached_context,techqa-group:ff3cd57061851a48a3d29fbf5cd2591847d64fc683a60d31601f811a8d72e6ab,train,42,connected-component-lexicographic-milp-v1,be474a6b88da73da789620bef66aec6c2421294beedfa90eb1363be16f5b13e1,2026-08-18T09:20:02Z
phase01-data-v1,0b5bbc84b7f07d6d09d063130e90b716d8d4a32a,DEV_Q094,DEV,8750bbf7500fc70cbd92b04e3f769e7a62750d52833f0be0db232c362ed33b83,49f2fd6a2f4a80d4a9e90181f9b51dd638241a36d1a1e058139cfae6488c0227,false,empty_answerable,"[""techqa-doc:corpus/swg21638268.txt""]",pending_manual_alignment,techqa-group:946f3334225563234a7b2dec4249dc6803f568b3d8dc77120dff36b917c25e89,train,42,connected-component-lexicographic-milp-v1,be474a6b88da73da789620bef66aec6c2421294beedfa90eb1363be16f5b13e1,2026-08-18T09:20:02Z
phase01-data-v1,0b5bbc84b7f07d6d09d063130e90b716d8d4a32a,DEV_Q095,DEV,8a8456616e6a1946024b78061ac0a1d0bc8ded3febc693e6b1cd070b41504b42,78d0e7f2a70c3eb9c7bf4f9ddb81259df6af7276148116e9060cdab05c6f76fc,true,not_applicable_impossible,[],not_applicable_impossible,techqa-group:7d85488fb37cdc0e577699c769372f8117c8ebe80caf43215038339064a09822,train,42,connected-component-lexicographic-milp-v1,be474a6b88da73da789620bef66aec6c2421294beedfa90eb1363be16f5b13e1,2026-08-18T09:20:02Z
phase01-data-v1,0b5bbc84b7f07d6d09d063130e90b716d8d4a32a,DEV_Q096,DEV,fd394f938520cec2e464e4317e915e669143d4c91f393ded72638cb3b9066ebc,49c1f992646cc6027cba9e6500a6d7cb4a33ca6cd3f1ee4a6bc1b96db74ec08a,true,not_applicable_impossible,[],not_applicable_impossible,techqa-group:7f131c17972cc6eb0111f734192bd22127d5f079189c4971c4fe49a8ce309507,train,42,connected-component-lexicographic-milp-v1,be474a6b88da73da789620bef66aec6c2421294beedfa90eb1363be16f5b13e1,2026-08-18T09:20:02Z
phase01-data-v1,0b5bbc84b7f07d6d09d063130e90b716d8d4a32a,DEV_Q097,DEV,d8ac6c78bc9013d2c0feb6f69d71a14c9554272f737e7a60cfabcc1544aa63e2,52874c2b83e5b0e9b6f9789018b058c16af6487c7db50cc5ac4bfd4752032b84,true,not_applicable_impossible,[],not_applicable_impossible,techqa-group:7a7ebec9952278482f6d5158043dbb41dd3f9f26a9143e98e814ca153d1981a7,test,42,connected-component-lexicographic-milp-v1,be474a6b88da73da789620bef66aec6c2421294beedfa90eb1363be16f5b13e1,2026-08-18T09:20:02Z
phase01-data-v1,0b5bbc84b7f07d6d09d063130e90b716d8d4a32a,DEV_Q098,DEV,a8602b84645171b94d9496b3d194694963ee1689db43a234c95a3bd68a5ead0e,769718695a321f34a16387b6d58fe8aa75ff5796d32cbda68d11be7a369ad60c,false,available,"[""techqa-doc:corpus/swg22013955.txt""]",confirmed_attached_context,techqa-group:4a36c5b987272d9012d38dd90efffca5074f5a50b374cd9c48714b27f1fd3a99,test,42,connected-component-lexicographic-milp-v1,be474a6b88da73da789620bef66aec6c2421294beedfa90eb1363be16f5b13e1,2026-08-18T09:20:02Z
phase01-data-v1,0b5bbc84b7f07d6d09d063130e90b716d8d4a32a,DEV_Q099,DEV,9fc6345225863cf010eb57a2bece4438605949be71147f23f17b92e5638db5bb,90c46985731b47637d36377bb4c7bd5c4b02835a106ac826b4e68b80b35fc490,false,available,"[""techqa-doc:corpus/swg21652265.txt""]",confirmed_attached_context,techqa-group:7f1534269ec3b7323ae40b822f83b62fe094904431c0a558c767d25fe4b78dc0,train,42,connected-component-lexicographic-milp-v1,be474a6b88da73da789620bef66aec6c2421294beedfa90eb1363be16f5b13e1,2026-08-18T09:20:02Z
phase01-data-v1,0b5bbc84b7f07d6d09d063130e90b716d8d4a32a,DEV_Q100,DEV,57e3daefee629d866a3fc0b75f180fa705a1113a2d88ae4742492da4ce281695,4160d43e33a611ca19106c51fa09c920cbe0c29c3fb693c0dee814ca014c1b44,true,not_applicable_impossible,[],not_applicable_impossible,techqa-group:791276cfaaeb55c09aac5c463ff2546707eb4d32bef7b95a7063af8e039cacb3,train,42,connected-component-lexicographic-milp-v1,be474a6b88da73da789620bef66aec6c2421294beedfa90eb1363be16f5b13e1,2026-08-18T09:20:02Z
phase01-data-v1,0b5bbc84b7f07d6d09d063130e90b716d8d4a32a,DEV_Q101,DEV,01a229b6868e348eba3aed45ccf89a0a76422b45beac499ee2adcd034fdd1c0a,a32a5a3213d51a7c1fa70e3f0ac6419e983f6462a90bcfe3edcd5db29dfb8ab3,true,not_applicable_impossible,[],not_applicable_impossible,techqa-group:26f9d0a4b8035594d08176b074e56005b4ff4833ad072e6f60f56521087cd856,train,42,connected-component-lexicographic-milp-v1,be474a6b88da73da789620bef66aec6c2421294beedfa90eb1363be16f5b13e1,2026-08-18T09:20:02Z
phase01-data-v1,0b5bbc84b7f07d6d09d063130e90b716d8d4a32a,DEV_Q102,DEV,17e1b3e26c0c4bc217f15b148daf2b06efd699f4eb0665f673eb447122740c6e,c6e40a25c22c002c1093a08dbf6b8b3d9beeebef8f4d1da7e9106b05ead945cd,false,available,"[""techqa-doc:corpus/swg21965783.txt""]",confirmed_attached_context,techqa-group:04988be7ae5fd745f174004731faeeb2230a8a24938c3c6a904d3cd512e18dbd,train,42,connected-component-lexicographic-milp-v1,be474a6b88da73da789620bef66aec6c2421294beedfa90eb1363be16f5b13e1,2026-08-18T09:20:02Z
phase01-data-v1,0b5bbc84b7f07d6d09d063130e90b716d8d4a32a,DEV_Q103,DEV,569d62b9cab66b09e8f6316709b5ca97325c86f39a7e31da64b8a93802d5471c,7efa0ef1425884911c6db2d07874a69f6aa37c259a36f33da37cf57035eb7c2a,true,not_applicable_impossible,[],not_applicable_impossible,techqa-group:b5ccf2aad43b87a0acfdf4eb882ceafd5a6b9b8e9b0c84f07a3bfa44425131ca,train,42,connected-component-lexicographic-milp-v1,be474a6b88da73da789620bef66aec6c2421294beedfa90eb1363be16f5b13e1,2026-08-18T09:20:02Z
phase01-data-v1,0b5bbc84b7f07d6d09d063130e90b716d8d4a32a,DEV_Q104,DEV,6a8fc6cd1aec2b75086eec5685c431b3e9dc1575914164e49f24db41901db53f,c8fe65f04d014657f5059f2a8fd2af8617cdaf404802369c0c46a3cc35e4ca8b,true,not_applicable_impossible,[],not_applicable_impossible,techqa-group:4d0340b590105efa77c889c2a9ee54e62d51dc4dde657c566c23a34a2e188316,train,42,connected-component-lexicographic-milp-v1,be474a6b88da73da789620bef66aec6c2421294beedfa90eb1363be16f5b13e1,2026-08-18T09:20:02Z
phase01-data-v1,0b5bbc84b7f07d6d09d063130e90b716d8d4a32a,DEV_Q105,DEV,a3a8a73b8bf70650848e27405c22dfed6327044a4e991aea8276e8005ff0e173,9346792739526930b85834674082697d03d18b8b9dbc51ebb043b9488160ff93,true,not_applicable_impossible,[],not_applicable_impossible,techqa-group:61ba1daf36537ad29405e8efcce64b000c26e00748993dc569309962d0c1c69a,train,42,connected-component-lexicographic-milp-v1,be474a6b88da73da789620bef66aec6c2421294beedfa90eb1363be16f5b13e1,2026-08-18T09:20:02Z
phase01-data-v1,0b5bbc84b7f07d6d09d063130e90b716d8d4a32a,DEV_Q106,DEV,c911c4e978b3675bd00462a3d10320e2217b90a59f5246a41475b7a17635aa16,23b0b58525d18eb76dc4fd4c023e57890adfd3d5322c20744a1c517bb5b46f24,false,available,"[""techqa-doc:corpus/swg21431301.txt""]",confirmed_attached_context,techqa-group:f74698579b71fc2ec86d470f5fae68dc868f5b4942eeceb1771878d78bd843de,train,42,connected-component-lexicographic-milp-v1,be474a6b88da73da789620bef66aec6c2421294beedfa90eb1363be16f5b13e1,2026-08-18T09:20:02Z
phase01-data-v1,0b5bbc84b7f07d6d09d063130e90b716d8d4a32a,DEV_Q107,DEV,65b38164d8a190fe6cb56d478a90fa06803018f0b236cbccf3a2dfeb106c3e57,6f3e57cb5403db8a01bcf9dd469ba2972b56beedb89ab283dc1bfdffa75d5d81,true,not_applicable_impossible,[],not_applicable_impossible,techqa-group:e5895521b36b41ef95f0cf8b0f005ac7e5843f2609e5a2f94e7fe10aff232186,train,42,connected-component-lexicographic-milp-v1,be474a6b88da73da789620bef66aec6c2421294beedfa90eb1363be16f5b13e1,2026-08-18T09:20:02Z
phase01-data-v1,0b5bbc84b7f07d6d09d063130e90b716d8d4a32a,DEV_Q108,DEV,faa5190fe090787a5dd5680856a901541fe7ead1932b130a8f56f3d9f74ae484,5c711b86ea60c581bfbbee90336006cf51511e485f98f0b6d833aeb9584dd456,false,available,"[""techqa-doc:corpus/swg27048240.txt""]",confirmed_attached_context,techqa-group:7634fdf9870e7027cad93e6d38a4fd34164b821872e53e920ed03b426158c7e2,train,42,connected-component-lexicographic-milp-v1,be474a6b88da73da789620bef66aec6c2421294beedfa90eb1363be16f5b13e1,2026-08-18T09:20:02Z
phase01-data-v1,0b5bbc84b7f07d6d09d063130e90b716d8d4a32a,DEV_Q109,DEV,1331973d77bedf393b9f4b0ef7a4be5887960ff1333e794786c8ef6831ff15d3,0ff165d02b28a5ef92b4f8a110b47f19110c6be49fcb7520e946db7c8d56f7ea,false,available,"[""techqa-doc:corpus/swg21995079.txt""]",confirmed_attached_context,techqa-group:016ccfd5dbcbc0c7ad87abd6b88a715500da6624fb517a340260172a7cf76674,train,42,connected-component-lexicographic-milp-v1,be474a6b88da73da789620bef66aec6c2421294beedfa90eb1363be16f5b13e1,2026-08-18T09:20:02Z
phase01-data-v1,0b5bbc84b7f07d6d09d063130e90b716d8d4a32a,DEV_Q110,DEV,5347d9cff2d92cf0db019b7b9981b585106357a30a7f334dc467bdf127902928,4f739e931b927ae25fc012b61feb125946abe334525c5334532222c0c71d8a50,false,available,"[""techqa-doc:corpus/swg21220832.txt""]",confirmed_attached_context,techqa-group:1232fbcec59c10f6db3709b6f8fb17c9655c61a0f5dd6de1c7ed7896d47427b1,test,42,connected-component-lexicographic-milp-v1,be474a6b88da73da789620bef66aec6c2421294beedfa90eb1363be16f5b13e1,2026-08-18T09:20:02Z
phase01-data-v1,0b5bbc84b7f07d6d09d063130e90b716d8d4a32a,DEV_Q111,DEV,6ef462fe0c687f8a02de602cda69da9406bda8870eacc16aad77cfa013d4de3c,28e35c9d2738492f8a33be7b68f06c1e7b0f84286cbe660fe5921377e3bc031a,true,not_applicable_impossible,[],not_applicable_impossible,techqa-group:dda0c35c9f82106efee1aae5b4f8abd4120b06bdbadb3b8c9d334b50ee3e9507,validation,42,connected-component-lexicographic-milp-v1,be474a6b88da73da789620bef66aec6c2421294beedfa90eb1363be16f5b13e1,2026-08-18T09:20:02Z
phase01-data-v1,0b5bbc84b7f07d6d09d063130e90b716d8d4a32a,DEV_Q112,DEV,41dca0ba8e1d37d61cd59505cf45d80e64fb3497138274339c8bdd6e4502d40e,1337f68501aa70ae4798c9bc92504db0611a8401bd2c05ecc36708122d45301c,false,available,"[""techqa-doc:corpus/swg21672071.txt""]",confirmed_attached_context,techqa-group:4bb0dfb1373c25f2c34c510088298f8df184e93415ba80a39766f0c6ef035dfe,test,42,connected-component-lexicographic-milp-v1,be474a6b88da73da789620bef66aec6c2421294beedfa90eb1363be16f5b13e1,2026-08-18T09:20:02Z
phase01-data-v1,0b5bbc84b7f07d6d09d063130e90b716d8d4a32a,DEV_Q113,DEV,f72f294ebd4a8093678bb352f1158476e9825c0bb3072d04052f494ee1004586,3568af974f982e62af755830f6fc298c315d4806adb5bdd7ed7cc035534f6fdd,true,not_applicable_impossible,[],not_applicable_impossible,techqa-group:6adbe1591df3ac1d9e08b18e15c662a987de2206b580085140f1079ed24bf80e,validation,42,connected-component-lexicographic-milp-v1,be474a6b88da73da789620bef66aec6c2421294beedfa90eb1363be16f5b13e1,2026-08-18T09:20:02Z
phase01-data-v1,0b5bbc84b7f07d6d09d063130e90b716d8d4a32a,DEV_Q114,DEV,2cf09071f24517d90e1f3197d1a34c6c6f84de2e2747d9edd271a7e04f96cea0,70af5f2a78301c9f6a2b9f94dd71757228841797772a2c1b8b7910a87d51369b,false,available,"[""techqa-doc:corpus/swg21989702.txt""]",confirmed_attached_context,techqa-group:b353c84a1f08556b02e84efd79f3483c78f4b8fc34bc69398d6f1c6b2a3c7cb3,validation,42,connected-component-lexicographic-milp-v1,be474a6b88da73da789620bef66aec6c2421294beedfa90eb1363be16f5b13e1,2026-08-18T09:20:02Z
phase01-data-v1,0b5bbc84b7f07d6d09d063130e90b716d8d4a32a,DEV_Q115,DEV,1b1928d56595bc8ff9bb25654879dfe69d785d528f0e035fc8a9984fc0cd5b83,aacee3ed2df58b9b726d7ca942edaa7038f6522d60a9f169185ba18c688d3f57,true,not_applicable_impossible,[],not_applicable_impossible,techqa-group:04cf5d1bec64723cf05dd0e84fc31f71ffab835fae7046a7faf37766af5fde94,train,42,connected-component-lexicographic-milp-v1,be474a6b88da73da789620bef66aec6c2421294beedfa90eb1363be16f5b13e1,2026-08-18T09:20:02Z
phase01-data-v1,0b5bbc84b7f07d6d09d063130e90b716d8d4a32a,DEV_Q116,DEV,4884c24a17a5bd5f4272036dba6c44d2ee0dcbb3943f235623d57b49dc0e5c1e,0e661d71dfe854b68d3a510830ec56b3a094206b7cb41885004eb64f22c50350,false,available,"[""techqa-doc:corpus/swg27042065.txt""]",confirmed_attached_context,techqa-group:49f80ae7c8c02833feb80900b758a09f63e82555a86155f9cd93f35bb6b9c4a6,train,42,connected-component-lexicographic-milp-v1,be474a6b88da73da789620bef66aec6c2421294beedfa90eb1363be16f5b13e1,2026-08-18T09:20:02Z
phase01-data-v1,0b5bbc84b7f07d6d09d063130e90b716d8d4a32a,DEV_Q117,DEV,96863f87416b8977d6516d5156919a472df3d250b760f10180d908240df7b25b,a08ef0cc7b84f8e88a7aad6c60791f1b84129041e9a1bafbb6d48d10fe64ae69,true,not_applicable_impossible,[],not_applicable_impossible,techqa-group:cfb7e7f5bda63994f5bbe44c399c8f5536459f576586d0ea7d5c2187048e5bbf,train,42,connected-component-lexicographic-milp-v1,be474a6b88da73da789620bef66aec6c2421294beedfa90eb1363be16f5b13e1,2026-08-18T09:20:02Z
phase01-data-v1,0b5bbc84b7f07d6d09d063130e90b716d8d4a32a,DEV_Q118,DEV,b2f2224812f718bc54a4503e3d97e206929765ff3003f572df934b86a1e003aa,15b3543be443658f85d64d5644b701f1f0faf8aedde6abe16400be33735c810b,true,not_applicable_impossible,[],not_applicable_impossible,techqa-group:281a06ade9fde147a934099a025937f4797c4a29ddafabf7b4b171c00e24777c,train,42,connected-component-lexicographic-milp-v1,be474a6b88da73da789620bef66aec6c2421294beedfa90eb1363be16f5b13e1,2026-08-18T09:20:02Z
phase01-data-v1,0b5bbc84b7f07d6d09d063130e90b716d8d4a32a,DEV_Q119,DEV,ceb0fc5fba1fdd0d93a21c6e3bc88e1365339638b35cc63f1f66fc318fd4f1c2,72f425e90b1ed034863ec7d570924fe52fefa1d76c46db37e4f7301140f8bc52,false,available,"[""techqa-doc:corpus/swg21997033.txt""]",confirmed_attached_context,techqa-group:15402288fd0ea71d5cb2d6b848b9ca31d07173ab752ed4e8b93060ae4af21abd,train,42,connected-component-lexicographic-milp-v1,be474a6b88da73da789620bef66aec6c2421294beedfa90eb1363be16f5b13e1,2026-08-18T09:20:02Z
phase01-data-v1,0b5bbc84b7f07d6d09d063130e90b716d8d4a32a,DEV_Q120,DEV,f186b16e93afa8a4749da94b406d806d16ddba427a05bd3bac94f5d3a1024112,d1bbcaff162b667345017f2baa531702017ca80f48a4b9585c7e52d57e3bed03,false,available,"[""techqa-doc:corpus/swg21982354.txt""]",confirmed_attached_context,techqa-group:0e1f20df06b4f1f55433b8193d6cd2ee3fca8f84dd9387eb67acc1abbc3242cc,train,42,connected-component-lexicographic-milp-v1,be474a6b88da73da789620bef66aec6c2421294beedfa90eb1363be16f5b13e1,2026-08-18T09:20:02Z
phase01-data-v1,0b5bbc84b7f07d6d09d063130e90b716d8d4a32a,DEV_Q121,DEV,d6ce89a8c0b155ab8de2596a12882f2ecec9f666a947efb7d9056b5d8fbcc2e1,ab447c4df1f16bd39e27345da2dc45f675c4ccdbdc5142381add662b97cbc7f5,false,available,"[""techqa-doc:corpus/swg24017225.txt""]",confirmed_attached_context,techqa-group:b55b8cda856c340308c9694698292d328d7e1d4736d6b17b6ccad8477afc3c34,train,42,connected-component-lexicographic-milp-v1,be474a6b88da73da789620bef66aec6c2421294beedfa90eb1363be16f5b13e1,2026-08-18T09:20:02Z
phase01-data-v1,0b5bbc84b7f07d6d09d063130e90b716d8d4a32a,DEV_Q122,DEV,1dc43b68b0e01fd950339a808ba3fa2ae9578f4876f3519eba5c87b3e6062486,e1aa8e30ed11f18b5f464d840607dcaadcea372efa40334dcf9e5d92c88682df,false,available,"[""techqa-doc:corpus/swg21969653.txt""]",confirmed_attached_context,techqa-group:7ad4d1f0fe864dd09ac8202861d702ee1e9e248d749942a2442fa2dcbfe361f5,train,42,connected-component-lexicographic-milp-v1,be474a6b88da73da789620bef66aec6c2421294beedfa90eb1363be16f5b13e1,2026-08-18T09:20:02Z
phase01-data-v1,0b5bbc84b7f07d6d09d063130e90b716d8d4a32a,DEV_Q123,DEV,68b68b9c1220df3ace5b005f2e14696a7ddfc3cb4c3e644dc38d21cddacc323a,2a2888132071b5bc5564401645f0806d12a94e1d0a2452a72faf58af812218ca,false,available,"[""techqa-doc:corpus/swg21419540.txt""]",confirmed_attached_context,techqa-group:7e1a49f4c87ce867fcfe2bc68ee6acd4b980160a438491af2900f525cc717cf5,train,42,connected-component-lexicographic-milp-v1,be474a6b88da73da789620bef66aec6c2421294beedfa90eb1363be16f5b13e1,2026-08-18T09:20:02Z
phase01-data-v1,0b5bbc84b7f07d6d09d063130e90b716d8d4a32a,DEV_Q124,DEV,6a913bb90d73cb3351984f779fb29d38579482a82f54d4fc1542517576246f67,43552b5c6293c9ecebc842983da78a3f214ed1a646bb1262d788da6af8edf597,true,not_applicable_impossible,[],not_applicable_impossible,techqa-group:3d9b86bda4f8cfeec0a7b3968069142ebae83ac28ca1aed231b549328c76cb79,validation,42,connected-component-lexicographic-milp-v1,be474a6b88da73da789620bef66aec6c2421294beedfa90eb1363be16f5b13e1,2026-08-18T09:20:02Z
phase01-data-v1,0b5bbc84b7f07d6d09d063130e90b716d8d4a32a,DEV_Q125,DEV,ee01de0176223f9254febe76433eb402d4de28160432da5c068701e48e9380b5,3a2d934f902bdc770c9caeb4e99852d25c9af41c4f5a5c05d8669d40d3b89cbc,true,not_applicable_impossible,[],not_applicable_impossible,techqa-group:40d7f6a7297857770f2a6386e7798a06b257764fc000a00d104ac006984497ab,train,42,connected-component-lexicographic-milp-v1,be474a6b88da73da789620bef66aec6c2421294beedfa90eb1363be16f5b13e1,2026-08-18T09:20:02Z
phase01-data-v1,0b5bbc84b7f07d6d09d063130e90b716d8d4a32a,DEV_Q126,DEV,e972d749ad080d5b346867f586d30f5b0f2d74ebb7f791e1c57725165b168a10,73a86ee036ecdc1f7659e7e5e1ffab3f24583d1b0c84637ae465a2f684940b5b,true,not_applicable_impossible,[],not_applicable_impossible,techqa-group:bfd2464933a9dd5370e740a1293c23aa5f2529345c5d886064f89446b538b999,train,42,connected-component-lexicographic-milp-v1,be474a6b88da73da789620bef66aec6c2421294beedfa90eb1363be16f5b13e1,2026-08-18T09:20:02Z
phase01-data-v1,0b5bbc84b7f07d6d09d063130e90b716d8d4a32a,DEV_Q127,DEV,982444843f292588835c8ec9ae3810527538e2a887ed65a4210385f625abbd44,1a80847585a4bd3db78afd058420601e9287b4c4702db89ed4d9a24dfa23844b,true,not_applicable_impossible,[],not_applicable_impossible,techqa-group:4992112a0d5e6bf8b981cdb849ced4f7ef09eecf2750b7ab31748f09035acea0,train,42,connected-component-lexicographic-milp-v1,be474a6b88da73da789620bef66aec6c2421294beedfa90eb1363be16f5b13e1,2026-08-18T09:20:02Z
phase01-data-v1,0b5bbc84b7f07d6d09d063130e90b716d8d4a32a,DEV_Q128,DEV,34a329ecad0305111bbabb3ca54c0a6218fdfe6cfdf2693b510a84c138cd2d25,8672a89296631ae2d40edb8b53981f79b00fec15a8059ef819a221d2cc983aec,true,not_applicable_impossible,[],not_applicable_impossible,techqa-group:ce6fcbc3a8b80daaba6172e5336d1a6ef9973d24c60ae23c58a1c3c7e26fbd00,train,42,connected-component-lexicographic-milp-v1,be474a6b88da73da789620bef66aec6c2421294beedfa90eb1363be16f5b13e1,2026-08-18T09:20:02Z
phase01-data-v1,0b5bbc84b7f07d6d09d063130e90b716d8d4a32a,DEV_Q129,DEV,0211969daaf4ee3c07fc79c9c1e22a39bbbf5ed255bebc05576f7ff4b5e0f413,1517d1876acbd6ea9e59451bbcc3e645382ec60115e2148bc0f6a61b6c77ae1a,false,available,"[""techqa-doc:corpus/swg21962588.txt""]",confirmed_attached_context,techqa-group:742c90ede851ec7c237fb29680e4dd4ea2828b2cd1e1ff12c004a24924cfd9c3,test,42,connected-component-lexicographic-milp-v1,be474a6b88da73da789620bef66aec6c2421294beedfa90eb1363be16f5b13e1,2026-08-18T09:20:02Z
phase01-data-v1,0b5bbc84b7f07d6d09d063130e90b716d8d4a32a,DEV_Q130,DEV,eb885ec385f46ac8b82a5cddbadce358b68879821abe30d37d8bc62c08bd0def,76a340e703149ca9d647aeca48b414a65c37571ef5fa306dacdea85bd35c02c7,true,not_applicable_impossible,[],not_applicable_impossible,techqa-group:3101ebac195bb072a016e3888eb7337d3d77eecc7ab6041e1afa0e8f78f31cb1,train,42,connected-component-lexicographic-milp-v1,be474a6b88da73da789620bef66aec6c2421294beedfa90eb1363be16f5b13e1,2026-08-18T09:20:02Z
phase01-data-v1,0b5bbc84b7f07d6d09d063130e90b716d8d4a32a,DEV_Q131,DEV,13acadab32e9eb62bc759663acb1c74d9455d06ff9a849ca87a232060fb0f288,a3dc6c89360891e5610866d5005c2d074f7beb285206c83c0e8fe09bdb7ce0d4,true,not_applicable_impossible,[],not_applicable_impossible,techqa-group:70dd9d6cb4c0a595a8fa6df3cb10db34b0f26a786b27a6552392077397ac4b5b,train,42,connected-component-lexicographic-milp-v1,be474a6b88da73da789620bef66aec6c2421294beedfa90eb1363be16f5b13e1,2026-08-18T09:20:02Z
phase01-data-v1,0b5bbc84b7f07d6d09d063130e90b716d8d4a32a,DEV_Q132,DEV,e5d68a1651f13a454a0161cc8ad06dc32244dc05a95ba3df42a5e5cc66da73d7,082ba58f9a3799b9486d62cd013e87a3dca853478c78c3b7dd5d86156efce37d,false,available,"[""techqa-doc:corpus/swg21653905.txt""]",confirmed_attached_context,techqa-group:dddafbd272d515713a233145247df38dc425dfacd142bd3536c665a5678d8742,test,42,connected-component-lexicographic-milp-v1,be474a6b88da73da789620bef66aec6c2421294beedfa90eb1363be16f5b13e1,2026-08-18T09:20:02Z
phase01-data-v1,0b5bbc84b7f07d6d09d063130e90b716d8d4a32a,DEV_Q133,DEV,da4e8500084b5cfac0ce61a1f8e58e4c22214ad0810b65876ea337384ed0959a,de6ac21c9935ae2afd696c2fc088fcda61e44cc0bab955876430ccfba1bc8ace,true,not_applicable_impossible,[],not_applicable_impossible,techqa-group:54efaafbb709d909728462f8653f8be9661f3eaafca47f71cc8901d098688b7f,train,42,connected-component-lexicographic-milp-v1,be474a6b88da73da789620bef66aec6c2421294beedfa90eb1363be16f5b13e1,2026-08-18T09:20:02Z
phase01-data-v1,0b5bbc84b7f07d6d09d063130e90b716d8d4a32a,DEV_Q134,DEV,531830cc901cc5be6a018aa0da792c0044eb8f441b95f765108cdc89ab26fc79,07d684c56fe968f777d47dbe229da769608ab78cce45723c3fa4e1680658b6c3,false,available,"[""techqa-doc:corpus/swg21512291.txt""]",confirmed_attached_context,techqa-group:e127e9cda7189230762c74caad9372a5163594ddd1f270ee47780ddc22d825b2,validation,42,connected-component-lexicographic-milp-v1,be474a6b88da73da789620bef66aec6c2421294beedfa90eb1363be16f5b13e1,2026-08-18T09:20:02Z
phase01-data-v1,0b5bbc84b7f07d6d09d063130e90b716d8d4a32a,DEV_Q135,DEV,6acec9cc3afbfd1939ae34aa71591c6976742fcc963f50b60039385cc9253c99,edd7d311ac43187b313aa22374a4b2c8ef39db40a95163c0554acf9346c63b4c,true,not_applicable_impossible,[],not_applicable_impossible,techqa-group:53250dbfe3b62d8423b4a123df19753ba56ad7329b2a99058d765c2228dd251a,train,42,connected-component-lexicographic-milp-v1,be474a6b88da73da789620bef66aec6c2421294beedfa90eb1363be16f5b13e1,2026-08-18T09:20:02Z
phase01-data-v1,0b5bbc84b7f07d6d09d063130e90b716d8d4a32a,DEV_Q136,DEV,334551e867622770c4af7ff85b4fce24013f2395a6527e603cc492c9649543e0,aa65429f822621e9dccef7da52aa38ecace7d50a12444361646a63912ae3dd8c,true,not_applicable_impossible,[],not_applicable_impossible,techqa-group:6bbb79688e4e8a78ece2b578e7c85a6a79e44eb54f50c673683bed6e654f885d,train,42,connected-component-lexicographic-milp-v1,be474a6b88da73da789620bef66aec6c2421294beedfa90eb1363be16f5b13e1,2026-08-18T09:20:02Z
phase01-data-v1,0b5bbc84b7f07d6d09d063130e90b716d8d4a32a,DEV_Q137,DEV,0f9ecd1405061bf2515556054b6b59df09c055acdc4bb5959cbcc63139773070,0bd1f5d1dc6fbdd4f22149ffe1c61a7d6c6590f579dc120e6f54a7e337030a65,true,not_applicable_impossible,[],not_applicable_impossible,techqa-group:f9668724c68ead6f07b5ed3038e4b185f13906ee0af9dfcbdb439fbdc93b7ed5,validation,42,connected-component-lexicographic-milp-v1,be474a6b88da73da789620bef66aec6c2421294beedfa90eb1363be16f5b13e1,2026-08-18T09:20:02Z
phase01-data-v1,0b5bbc84b7f07d6d09d063130e90b716d8d4a32a,DEV_Q138,DEV,78cc7b9adba5d67f431f777533ba0b620332a8dcda1eef2e601e21d24a772549,4a16ac83914d2dc7b077cb9563b6a5af09844ca450d765d2af853d26b5ab0f64,true,not_applicable_impossible,[],not_applicable_impossible,techqa-group:ecf2d2c202c7e56ca943268929d8a382c18d93bd9423c30b9e7ed896045e9d01,train,42,connected-component-lexicographic-milp-v1,be474a6b88da73da789620bef66aec6c2421294beedfa90eb1363be16f5b13e1,2026-08-18T09:20:02Z
phase01-data-v1,0b5bbc84b7f07d6d09d063130e90b716d8d4a32a,DEV_Q139,DEV,f5c6a182cd9a0187dc3d645564c544dbcadb3376d0107d8e1cbf2ee0c36d9bb6,17a7d29b9095203c135d37b478b4d9d7b6406e08d04ad64216f6a5282cffd4f3,true,not_applicable_impossible,[],not_applicable_impossible,techqa-group:16c86a63f0566f537c5cde33b318c4128fe73db4f631cc837eeaf706420a9508,train,42,connected-component-lexicographic-milp-v1,be474a6b88da73da789620bef66aec6c2421294beedfa90eb1363be16f5b13e1,2026-08-18T09:20:02Z
phase01-data-v1,0b5bbc84b7f07d6d09d063130e90b716d8d4a32a,DEV_Q140,DEV,72457a60d37ff2947d26718b278bd32a73c32b084d006c2823fb9131b65f0a31,f7d57bfdaeccda0c3b2a21f0f5af271ae6669984eac1c4da181fd0cdc7eec1ae,false,available,"[""techqa-doc:corpus/swg21979066.txt""]",confirmed_attached_context,techqa-group:733df90a438f2475c410ec02250d651ae89146b04b98dfc974a6494b0097976b,train,42,connected-component-lexicographic-milp-v1,be474a6b88da73da789620bef66aec6c2421294beedfa90eb1363be16f5b13e1,2026-08-18T09:20:02Z
phase01-data-v1,0b5bbc84b7f07d6d09d063130e90b716d8d4a32a,DEV_Q141,DEV,8f9edc5f29766068cf284f5274257cda920d30c62d87ed189cadf577375e359f,8d141db68655793a4a984f310df2558bbaa1d0b608467a51f7c0aed445f8d53c,false,available,"[""techqa-doc:corpus/swg21701910.txt""]",confirmed_attached_context,techqa-group:b4b66b0146874d44aec9f631e7eb654de60a492afba4e62546be05ede7ac5aa6,train,42,connected-component-lexicographic-milp-v1,be474a6b88da73da789620bef66aec6c2421294beedfa90eb1363be16f5b13e1,2026-08-18T09:20:02Z
phase01-data-v1,0b5bbc84b7f07d6d09d063130e90b716d8d4a32a,DEV_Q142,DEV,eca7b9a6d752c6db0bed80f7ebc804cf2d2f1e12a8321a16565edac71111cb3e,cf2d7aebf366c2cf8dac0f539ac6a7fc50ecccbb27fa7547b657eb0e77c083a8,true,not_applicable_impossible,[],not_applicable_impossible,techqa-group:7bf4fb811af5895d450297c5b61d913f3ee5b3355d769b962e7ee2749aeeef86,train,42,connected-component-lexicographic-milp-v1,be474a6b88da73da789620bef66aec6c2421294beedfa90eb1363be16f5b13e1,2026-08-18T09:20:02Z
phase01-data-v1,0b5bbc84b7f07d6d09d063130e90b716d8d4a32a,DEV_Q143,DEV,d7dde07806df4497593e073dc7cfecb9d32d579c43e58c09c4d5fbf332f03725,00d40c5b45ac65c880435f196d0d0e09a2201241abf3378e58d74775e7cdada7,true,not_applicable_impossible,[],not_applicable_impossible,techqa-group:1b0d44a6fe07749b5f52d773f2a729a6bec3680acc7cf9c2bee0fa65f25b3fce,train,42,connected-component-lexicographic-milp-v1,be474a6b88da73da789620bef66aec6c2421294beedfa90eb1363be16f5b13e1,2026-08-18T09:20:02Z
phase01-data-v1,0b5bbc84b7f07d6d09d063130e90b716d8d4a32a,DEV_Q144,DEV,97c4b5505d8b4c557189faccafc3980c2b1b6ae38c6ce987f0f2cdb56855428e,f4ed8826b11bf390c5b41ea2daa894b882d213658180e878b844b10546bfa054,true,not_applicable_impossible,[],not_applicable_impossible,techqa-group:f4dc6486173fb421dd64866a45c23276ddd425bb82192157834601a2b2dcbb17,train,42,connected-component-lexicographic-milp-v1,be474a6b88da73da789620bef66aec6c2421294beedfa90eb1363be16f5b13e1,2026-08-18T09:20:02Z
phase01-data-v1,0b5bbc84b7f07d6d09d063130e90b716d8d4a32a,DEV_Q145,DEV,5f5d4e25ee87056f8e448e71b31427a944ae73e92e4ad6f1e6b443963a5891ef,5cbd10b218f0acca389392f79adee594a371a6739342699d05fcb30c313603ec,false,available,"[""techqa-doc:corpus/swg1PI47826.txt""]",confirmed_attached_context,techqa-group:80a07883ebf0ac5a6beae1ac7108c47060fcb7d94f52361c2d1df87fcef54f6f,train,42,connected-component-lexicographic-milp-v1,be474a6b88da73da789620bef66aec6c2421294beedfa90eb1363be16f5b13e1,2026-08-18T09:20:02Z
phase01-data-v1,0b5bbc84b7f07d6d09d063130e90b716d8d4a32a,DEV_Q146,DEV,ec32cb776b7d01416396f48d446347cb7595f4e730a437afc2974ca006e89287,a459332ed3b7d67c8cf8812e431042326199848447bd7a0708d61ea7aace66df,true,not_applicable_impossible,[],not_applicable_impossible,techqa-group:aac6891411452913ee984f4b352f7bdff17d1bfa6f171e82520342bf3212096c,validation,42,connected-component-lexicographic-milp-v1,be474a6b88da73da789620bef66aec6c2421294beedfa90eb1363be16f5b13e1,2026-08-18T09:20:02Z
phase01-data-v1,0b5bbc84b7f07d6d09d063130e90b716d8d4a32a,DEV_Q147,DEV,c2ae6b5646abee043bcb8e46fdd1117902af3ccc00b34b693d164e66d34323e4,43d55eb1ef2307991506cb0f16cee58942cb30e6d971581299eef330ae027c89,true,not_applicable_impossible,[],not_applicable_impossible,techqa-group:a10f1635477e202423033609533e94de0163165723dc0dfd4603f14abd5bbef4,validation,42,connected-component-lexicographic-milp-v1,be474a6b88da73da789620bef66aec6c2421294beedfa90eb1363be16f5b13e1,2026-08-18T09:20:02Z
phase01-data-v1,0b5bbc84b7f07d6d09d063130e90b716d8d4a32a,DEV_Q148,DEV,5ecebb4bdd259e7d05defa4afc498d88cbf867dc5c9d9a7f8f7d3c69fe5fc358,44a0226e883b412ef899a67675b409614a8da2d7feff750b99f472aa601a337d,true,not_applicable_impossible,[],not_applicable_impossible,techqa-group:fde68c03021d697ed553655f3a96616856c6f4696d82221ef1e0d854c5675305,train,42,connected-component-lexicographic-milp-v1,be474a6b88da73da789620bef66aec6c2421294beedfa90eb1363be16f5b13e1,2026-08-18T09:20:02Z
phase01-data-v1,0b5bbc84b7f07d6d09d063130e90b716d8d4a32a,DEV_Q149,DEV,26d47c522f59da876fa20720f06aba8e489d4ff152120646672df75d3bf9f9e0,5c9e9c14501a048eae1808304acc81e8f0643dcb74a3ef036e7921df337adcd4,false,available,"[""techqa-doc:corpus/swg21974106.txt""]",confirmed_attached_context,techqa-group:5d7269621280aa11b38105306585fa705229c79844c6a036eea554653e4c9cfe,validation,42,connected-component-lexicographic-milp-v1,be474a6b88da73da789620bef66aec6c2421294beedfa90eb1363be16f5b13e1,2026-08-18T09:20:02Z
phase01-data-v1,0b5bbc84b7f07d6d09d063130e90b716d8d4a32a,DEV_Q150,DEV,18855cbb19ee4c13cc6253a7d1f7ac1e7f3d1286bc30f9323a69f6f757d67bd4,5f8b63aa7da3a18057a7932698413d664a1e5c08ac706a290558b05e729359a0,true,not_applicable_impossible,[],not_applicable_impossible,techqa-group:f322af00423f64481938a70e1fe47b68f5b73639c0d90607c6cb324d16ea844d,train,42,connected-component-lexicographic-milp-v1,be474a6b88da73da789620bef66aec6c2421294beedfa90eb1363be16f5b13e1,2026-08-18T09:20:02Z
phase01-data-v1,0b5bbc84b7f07d6d09d063130e90b716d8d4a32a,DEV_Q151,DEV,a1fb2a478407044ca2fe7be8f407c59c0afb831384d892bf650aa9d685c659e4,cf7c5bda089d1b22ef156b61cfe22605f4387887f620b08c3c4f2cd9ece9c7b8,true,not_applicable_impossible,[],not_applicable_impossible,techqa-group:19926edd8394017dbf91ed2c57f572fd7c04c23eaaf857e0924252b3fdf83eee,train,42,connected-component-lexicographic-milp-v1,be474a6b88da73da789620bef66aec6c2421294beedfa90eb1363be16f5b13e1,2026-08-18T09:20:02Z
phase01-data-v1,0b5bbc84b7f07d6d09d063130e90b716d8d4a32a,DEV_Q152,DEV,aa3ba3a78bf498b4aa5c38b059845c79d8cda844098928e31787d0ad2950a05b,a35d27ca9b43180ba473de3f28f57df2c805e89998f7f76871d2977424c80dd6,true,not_applicable_impossible,[],not_applicable_impossible,techqa-group:65abfd9da412d703d11fb914d4bd3b218d4b3eb02b2296a5d509a996b75384b1,test,42,connected-component-lexicographic-milp-v1,be474a6b88da73da789620bef66aec6c2421294beedfa90eb1363be16f5b13e1,2026-08-18T09:20:02Z
phase01-data-v1,0b5bbc84b7f07d6d09d063130e90b716d8d4a32a,DEV_Q153,DEV,a5be491d189b789bc9f06385aae919d5b4fba92a3e485d7dd5e32a17bee5004b,0c94f22c0241f653b16ad4e54bec28cca8ba7f7c80c4f7b165cda6c77512a456,false,available,"[""techqa-doc:corpus/swg21409481.txt""]",confirmed_attached_context,techqa-group:86f6ea47cfa4d80585013ea1b4a374f83175b184062a0e72730fde21b9f23abe,train,42,connected-component-lexicographic-milp-v1,be474a6b88da73da789620bef66aec6c2421294beedfa90eb1363be16f5b13e1,2026-08-18T09:20:02Z
phase01-data-v1,0b5bbc84b7f07d6d09d063130e90b716d8d4a32a,DEV_Q154,DEV,640259a08831902267144d1647642dccc8fd2cf3c95546e2e781306c64fd3000,5917902a0bf4f39bfcb2d33e0aa211018eb08496f18567eb6d5bfadeaed5ce3a,false,available,"[""techqa-doc:corpus/swg21598417.txt""]",confirmed_attached_context,techqa-group:67a73a861224b6c8c58ae9286683548f1373edd959ea0fa8319402ee8b9f2e34,validation,42,connected-component-lexicographic-milp-v1,be474a6b88da73da789620bef66aec6c2421294beedfa90eb1363be16f5b13e1,2026-08-18T09:20:02Z
phase01-data-v1,0b5bbc84b7f07d6d09d063130e90b716d8d4a32a,DEV_Q155,DEV,05827fe48d7b94baf123c72de4ad6d58d399e3f92f590a0efa562b2b81bbe1b9,f0384981f0b9c21f7262aebed65a4d5092831775c3bcaed50b50b0dbd77f60fe,false,available,"[""techqa-doc:corpus/swg21445430.txt""]",confirmed_attached_context,techqa-group:9747e8a3e987c87665fd78e2c109fc3d024c8163b8684fcc427d9cb47b0fcc8c,validation,42,connected-component-lexicographic-milp-v1,be474a6b88da73da789620bef66aec6c2421294beedfa90eb1363be16f5b13e1,2026-08-18T09:20:02Z
phase01-data-v1,0b5bbc84b7f07d6d09d063130e90b716d8d4a32a,DEV_Q156,DEV,68801e5bbdd975b75b5e1ff08c168ccf5d16730ccff84d428dbd61d1826c0e0d,7e25f2a3925ba501e89b4058c49182914f7223b7f2439752220ab920937f5557,false,available,"[""techqa-doc:corpus/swg21998655.txt""]",confirmed_attached_context,techqa-group:7796fa41dd4afc3f33e46206ebf854b7a7bfb265d0d89447cf113656bdfd3ca7,validation,42,connected-component-lexicographic-milp-v1,be474a6b88da73da789620bef66aec6c2421294beedfa90eb1363be16f5b13e1,2026-08-18T09:20:02Z
phase01-data-v1,0b5bbc84b7f07d6d09d063130e90b716d8d4a32a,DEV_Q157,DEV,b6524245434d91872a26860a5a6023a75eb333830896cd8de154b9b4fbf035a4,3fc17c52572f812b8fc3398652f4a787e14e7454ef903c04101ce8329043b5d1,true,not_applicable_impossible,[],not_applicable_impossible,techqa-group:fa2df3c37d2e3e449350ab8c2771130141364e486d60f5268b8d37ce49a89ac0,validation,42,connected-component-lexicographic-milp-v1,be474a6b88da73da789620bef66aec6c2421294beedfa90eb1363be16f5b13e1,2026-08-18T09:20:02Z
phase01-data-v1,0b5bbc84b7f07d6d09d063130e90b716d8d4a32a,DEV_Q158,DEV,663d437ff60d5e9de43d37def699fcb4a4a8ef8344b8abc0a65617f143e61988,bca5a70568b7173aed4d4d22f13afb1ad8672e86ed3d784697166566b66e9521,false,available,"[""techqa-doc:corpus/swg21960062.txt""]",confirmed_attached_context,techqa-group:ee7f212365baf671ea4f58b0e881ef9da811371cff23b691be80a7be426bd5d7,test,42,connected-component-lexicographic-milp-v1,be474a6b88da73da789620bef66aec6c2421294beedfa90eb1363be16f5b13e1,2026-08-18T09:20:02Z
phase01-data-v1,0b5bbc84b7f07d6d09d063130e90b716d8d4a32a,DEV_Q159,DEV,c13502780f2e93b3964be6599017d8b0d23a4006df51ed3b775040c66a934822,6c32ea23bfddb937532d7834f9505dae4c04d349b8a1babf26faa03edf523739,true,not_applicable_impossible,[],not_applicable_impossible,techqa-group:7af548ec60bea007a6701aad2d61c526338b8789fb9da4cec0a7867a0f9c5d0f,train,42,connected-component-lexicographic-milp-v1,be474a6b88da73da789620bef66aec6c2421294beedfa90eb1363be16f5b13e1,2026-08-18T09:20:02Z
phase01-data-v1,0b5bbc84b7f07d6d09d063130e90b716d8d4a32a,DEV_Q160,DEV,9c29924c08a027cb84a7000ebf36cb086f442a520b0de8de8646e5573b3be625,b77a68850fe0b9bd250eb01e9d53997fd2c80ce5f9adeb9cff21fe10eaa2f967,false,available,"[""techqa-doc:corpus/swg21163875.txt""]",confirmed_attached_context,techqa-group:7945a5b09636c6f99e60e2994c2ea5f6bbb0975cd218f40ae4572c316b30a12c,validation,42,connected-component-lexicographic-milp-v1,be474a6b88da73da789620bef66aec6c2421294beedfa90eb1363be16f5b13e1,2026-08-18T09:20:02Z
phase01-data-v1,0b5bbc84b7f07d6d09d063130e90b716d8d4a32a,DEV_Q161,DEV,72caa2d85449913b1e63389dd9caf7d5e1822814b9b2d0f4c447112e6ca440aa,4c2a85d822150cc6406932cc57dd7dafac88a8c93b07cc2bad1797ebce7a12da,false,available,"[""techqa-doc:corpus/swg21610844.txt""]",confirmed_attached_context,techqa-group:d3dbf4bf9621af405bb6bf057470235efc23080bf49b0d5be34377ca0d85f6d3,train,42,connected-component-lexicographic-milp-v1,be474a6b88da73da789620bef66aec6c2421294beedfa90eb1363be16f5b13e1,2026-08-18T09:20:02Z
phase01-data-v1,0b5bbc84b7f07d6d09d063130e90b716d8d4a32a,DEV_Q162,DEV,c50e8cf0b9f16aa9cf2a91a3438682da0d85898110c857858e1ef4ae0000db25,8ba9e462b19cb49d230b6987c5251b0fa312740936392b205c14e949eb03ea49,false,available,"[""techqa-doc:corpus/swg21972146.txt""]",confirmed_attached_context,techqa-group:f6e31baf9d0f755f075ac0b81d6606b39161c92f7aaf82defa3bf6e2db57878d,train,42,connected-component-lexicographic-milp-v1,be474a6b88da73da789620bef66aec6c2421294beedfa90eb1363be16f5b13e1,2026-08-18T09:20:02Z
phase01-data-v1,0b5bbc84b7f07d6d09d063130e90b716d8d4a32a,DEV_Q163,DEV,f87374756716426bb35000bc1343bb88de370b4ca2d05daa370daa9205f6e000,2f7a2a2252710caf2e3a927255678ef80aa6452b467d94bcade081ff233c24a8,true,not_applicable_impossible,[],not_applicable_impossible,techqa-group:d2b7eb972d184fc08d113a1cbd3b6412dacbdb17b696c4d30bdb053a2a6ea39c,validation,42,connected-component-lexicographic-milp-v1,be474a6b88da73da789620bef66aec6c2421294beedfa90eb1363be16f5b13e1,2026-08-18T09:20:02Z
phase01-data-v1,0b5bbc84b7f07d6d09d063130e90b716d8d4a32a,DEV_Q164,DEV,06515e8690de6e762cf68a9b8042da23b6a9c8a53546f80e5cd75e1cf35822d6,e51c952ead6baa529cbed5b0a3fbd21c5bfc0a2f29df676d4eb33637728e4627,false,available,"[""techqa-doc:corpus/swg21647231.txt""]",confirmed_attached_context,techqa-group:0325d1811ab21900176e9e6fae3c0b1dc96e98c42e10e14c1c017072337f0539,validation,42,connected-component-lexicographic-milp-v1,be474a6b88da73da789620bef66aec6c2421294beedfa90eb1363be16f5b13e1,2026-08-18T09:20:02Z
phase01-data-v1,0b5bbc84b7f07d6d09d063130e90b716d8d4a32a,DEV_Q165,DEV,03c2eee2967656b998af4462369a4abca7fa25b7abb5b08ba1f6707f28fa84a7,76b81c2b04396e8c85635f024b3dd4c105e58ec197b1046d7bcd5c8d3911ab99,true,not_applicable_impossible,[],not_applicable_impossible,techqa-group:51925f954d1b9013e3d49361e385c3f02f4d5aaf82973b0c063a49c907d8bc14,train,42,connected-component-lexicographic-milp-v1,be474a6b88da73da789620bef66aec6c2421294beedfa90eb1363be16f5b13e1,2026-08-18T09:20:02Z
phase01-data-v1,0b5bbc84b7f07d6d09d063130e90b716d8d4a32a,DEV_Q166,DEV,63da63426cec31e702367c90c9b509b4fae58a4eb76236c22c8e8bcc457f7a5b,25374605acf5e355e88b91deaad8aecb2dcb9339e914e087c0086cb980c35015,true,not_applicable_impossible,[],not_applicable_impossible,techqa-group:5775f9bfb0d16a8daf54364585b5031bc4ee7316b6a007659c1812ee1a5b0734,train,42,connected-component-lexicographic-milp-v1,be474a6b88da73da789620bef66aec6c2421294beedfa90eb1363be16f5b13e1,2026-08-18T09:20:02Z
phase01-data-v1,0b5bbc84b7f07d6d09d063130e90b716d8d4a32a,DEV_Q167,DEV,8f2438fd3d2974b138f09478172f657aae8bc9b2160e7f644e06167cb64db200,3a0d7fd9b4ebc8df5dfba8347b68781f366f846d125cdee83cc8b418537e934e,false,available,"[""techqa-doc:corpus/swg21580830.txt""]",confirmed_attached_context,techqa-group:7cfdc4c22d41379070b7a28419ee0ef4af58a7d20dca266c61b67077cfad7074,train,42,connected-component-lexicographic-milp-v1,be474a6b88da73da789620bef66aec6c2421294beedfa90eb1363be16f5b13e1,2026-08-18T09:20:02Z
phase01-data-v1,0b5bbc84b7f07d6d09d063130e90b716d8d4a32a,DEV_Q168,DEV,149f0f728f09acfce4befa76550a1739813ad821ee9b20b5df04f00042e2dec0,2fe58c917d1fed4d74d1c3751e5bb510e42b120726d6a2b4ac971108cd7d9a32,true,not_applicable_impossible,[],not_applicable_impossible,techqa-group:5d07b2639f500b4921b1c3bd476dadf4f2da0355fb45da922ac3d73c8c836e99,train,42,connected-component-lexicographic-milp-v1,be474a6b88da73da789620bef66aec6c2421294beedfa90eb1363be16f5b13e1,2026-08-18T09:20:02Z
phase01-data-v1,0b5bbc84b7f07d6d09d063130e90b716d8d4a32a,DEV_Q169,DEV,f0c3b8816340b8726bc3372fae0f28a69e6abffa64a4b97d44e3038b3e43e7e2,919ecaa7e63e01aa6815c313d971dabc76478668dd78bf0dc52180d96d561ed1,true,not_applicable_impossible,[],not_applicable_impossible,techqa-group:13b64ac4a8febf6d719504183f6b6c3a3c80d1cb6d0e19febbfe7942394e739f,train,42,connected-component-lexicographic-milp-v1,be474a6b88da73da789620bef66aec6c2421294beedfa90eb1363be16f5b13e1,2026-08-18T09:20:02Z
phase01-data-v1,0b5bbc84b7f07d6d09d063130e90b716d8d4a32a,DEV_Q170,DEV,016d85e114b2feb844bc240904cd1adff7caec04853fcbdc0561f054cc187f53,165f1087d1b24e5ed79959e54c290d72a376f2f9b392d576b412c181e9a4219e,true,not_applicable_impossible,[],not_applicable_impossible,techqa-group:7e0c172b9c56036a54dc510ab7e8b77ce33c152bbd0b623ca651c8f6a8289a0b,train,42,connected-component-lexicographic-milp-v1,be474a6b88da73da789620bef66aec6c2421294beedfa90eb1363be16f5b13e1,2026-08-18T09:20:02Z
phase01-data-v1,0b5bbc84b7f07d6d09d063130e90b716d8d4a32a,DEV_Q171,DEV,173e30629eecaffbbca4bc9fff314211ee4f796ef71170a7c50f17ce899e513a,c077518effc89e6163a46643db571c03b89c9765ebc028c6a61a0e0cdddb981f,false,available,"[""techqa-doc:corpus/swg1PI34677.txt""]",confirmed_attached_context,techqa-group:586993d826caabe4fea8b09806ba8bd6df2786e39ab0a8343edcc71f09ea3af9,train,42,connected-component-lexicographic-milp-v1,be474a6b88da73da789620bef66aec6c2421294beedfa90eb1363be16f5b13e1,2026-08-18T09:20:02Z
phase01-data-v1,0b5bbc84b7f07d6d09d063130e90b716d8d4a32a,DEV_Q172,DEV,9c5277a8b5374779ca8e6734e4a7cdc0305cfd7b5ff5295cf57d9ed82f33a2cf,b16626e22b3a1b701466e8e0d94a1d73f1566b0d2e4a21a3dbcbfdb28f4bee4f,true,not_applicable_impossible,[],not_applicable_impossible,techqa-group:7a5087a9a51b1d001a711f8270fd28f78b3f24ec58d6f254e375ec571a9cef18,train,42,connected-component-lexicographic-milp-v1,be474a6b88da73da789620bef66aec6c2421294beedfa90eb1363be16f5b13e1,2026-08-18T09:20:02Z
phase01-data-v1,0b5bbc84b7f07d6d09d063130e90b716d8d4a32a,DEV_Q173,DEV,877fa65af4c087a146dc296bdbf1e7644851d361b0025bc2fdbd24858b0f4dfe,7aee452848a2c1c19aea40e8bdf3328b5f99cc508ddbc63ef79b24c1950efa08,true,not_applicable_impossible,[],not_applicable_impossible,techqa-group:247236f269af8dacd8ab72803664cdcebbef5e39617d0632b0b235985bf2ae4d,test,42,connected-component-lexicographic-milp-v1,be474a6b88da73da789620bef66aec6c2421294beedfa90eb1363be16f5b13e1,2026-08-18T09:20:02Z
phase01-data-v1,0b5bbc84b7f07d6d09d063130e90b716d8d4a32a,DEV_Q174,DEV,b974804d27d8e5fb1c7cbc60816a027477817ce1f7a55da5aaca27b0ad86a202,d5f4ff787503b86cb28cd10f4a1dd619df88658921a4069501ac340e51ca1270,false,available,"[""techqa-doc:corpus/swg21658019.txt""]",confirmed_attached_context,techqa-group:0828045672838f2bfbc347b06fbfb6975e1915235741b3665aed5db21d07632d,train,42,connected-component-lexicographic-milp-v1,be474a6b88da73da789620bef66aec6c2421294beedfa90eb1363be16f5b13e1,2026-08-18T09:20:02Z
phase01-data-v1,0b5bbc84b7f07d6d09d063130e90b716d8d4a32a,DEV_Q175,DEV,5adfd09088032605146f93fd3ec9b07a2e03a2d45dbd4fc743a97ab4ea4421cf,edcbb5456b87a187b7b39c17a170ff8fe559c7f2886e8dd271eb81acb0399fea,false,available,"[""techqa-doc:corpus/swg21578744.txt""]",confirmed_attached_context,techqa-group:0a7f4e204b84352ee628ec4cfc87c6eda11099d1f3734677f0c95000c929d477,validation,42,connected-component-lexicographic-milp-v1,be474a6b88da73da789620bef66aec6c2421294beedfa90eb1363be16f5b13e1,2026-08-18T09:20:02Z
phase01-data-v1,0b5bbc84b7f07d6d09d063130e90b716d8d4a32a,DEV_Q176,DEV,3c14fe1d72c679e53781ab18be7cbfe091bef30647da04b3bb807675ed339a60,10a0821bdf9be6c843841d07c495cceebba43e1202c86459c263cd9d7c2badaf,false,available,"[""techqa-doc:corpus/swg21578744.txt""]",confirmed_attached_context,techqa-group:0a7f4e204b84352ee628ec4cfc87c6eda11099d1f3734677f0c95000c929d477,validation,42,connected-component-lexicographic-milp-v1,be474a6b88da73da789620bef66aec6c2421294beedfa90eb1363be16f5b13e1,2026-08-18T09:20:02Z
phase01-data-v1,0b5bbc84b7f07d6d09d063130e90b716d8d4a32a,DEV_Q177,DEV,de8ffe5285c65206092a2059919001bf5e815394276287e2457f6db822caa80c,7cdb2974978483bc0e8ba5bf8cb5647e3b7c8cdc477e4727596a9caab1e99404,true,not_applicable_impossible,[],not_applicable_impossible,techqa-group:3c104c6524f6fb89ad36d2bad15b666a8471933a8e35b9646ee0d1c1486c042f,train,42,connected-component-lexicographic-milp-v1,be474a6b88da73da789620bef66aec6c2421294beedfa90eb1363be16f5b13e1,2026-08-18T09:20:02Z
phase01-data-v1,0b5bbc84b7f07d6d09d063130e90b716d8d4a32a,DEV_Q178,DEV,9556cfa8ee8fa907f9ba094fc1672d034a86527bd3f2984e244f5aa574a99613,93d9d08250a53562962739b3ec4d8b1224521697c4535dc57a3405b83293e808,true,not_applicable_impossible,[],not_applicable_impossible,techqa-group:06bbe8a67ebef99cc4ce70827a8412aa2b7f3d97ee8b9ced47a21c88179eb377,train,42,connected-component-lexicographic-milp-v1,be474a6b88da73da789620bef66aec6c2421294beedfa90eb1363be16f5b13e1,2026-08-18T09:20:02Z
phase01-data-v1,0b5bbc84b7f07d6d09d063130e90b716d8d4a32a,DEV_Q179,DEV,5b8876aee2c5fc70985dec26156ed4fa79cedd25ae4a98bcf753f0e5644e2618,01bed7c79f1f6bd4dccc7218b7834d66d6b3d0c2ab2749c114bc129eeefdc3e3,false,available,"[""techqa-doc:corpus/swg22014367.txt""]",confirmed_attached_context,techqa-group:249caae1d760c1a721c4fee2da296d867fbc14c5fc7f7e1edc3d56491cd80a5e,train,42,connected-component-lexicographic-milp-v1,be474a6b88da73da789620bef66aec6c2421294beedfa90eb1363be16f5b13e1,2026-08-18T09:20:02Z
phase01-data-v1,0b5bbc84b7f07d6d09d063130e90b716d8d4a32a,DEV_Q180,DEV,ad38cf05d9f326e4afda127c28245f86933479ae77e0cd95d7df1cebae01f387,b408c62038a02a54d693ab22718e254408770b844a3e7a04dfa4f022314d38cb,false,available,"[""techqa-doc:corpus/swg21964873.txt""]",confirmed_attached_context,techqa-group:ae921257a0bd3abc2fdbfa702986e2c871f6478fdb8ba34b4f16cfc0af79908a,test,42,connected-component-lexicographic-milp-v1,be474a6b88da73da789620bef66aec6c2421294beedfa90eb1363be16f5b13e1,2026-08-18T09:20:02Z
phase01-data-v1,0b5bbc84b7f07d6d09d063130e90b716d8d4a32a,DEV_Q181,DEV,56a7e6591598e3ee858cbc9c180598ae3ba346814ff158ea0a19075481d11ddf,8dd22790f62895eaff90eae822fdc311aa1278663bb48f57bb41ec4658f09f04,false,available,"[""techqa-doc:corpus/swg21569933.txt""]",confirmed_attached_context,techqa-group:5f8e7722919ba374dd583f1aabc745cc45fae8a0bc5b9aa7a177ca6c799f41bc,train,42,connected-component-lexicographic-milp-v1,be474a6b88da73da789620bef66aec6c2421294beedfa90eb1363be16f5b13e1,2026-08-18T09:20:02Z
phase01-data-v1,0b5bbc84b7f07d6d09d063130e90b716d8d4a32a,DEV_Q182,DEV,3b3c2586602bb37c1720f387332d8c0c1322ddf9be8f26fdf7f9fa46e9916ad7,8cb936a4cf682110df9fbef61bd2097e22c3750e65894eded1b5bff3c48547a8,false,available,"[""techqa-doc:corpus/swg22010090.txt""]",confirmed_attached_context,techqa-group:a8fc49421ea406ab7ad44d4d3a4d838429dd65b4744304d5485ddbf4893263d0,train,42,connected-component-lexicographic-milp-v1,be474a6b88da73da789620bef66aec6c2421294beedfa90eb1363be16f5b13e1,2026-08-18T09:20:02Z
phase01-data-v1,0b5bbc84b7f07d6d09d063130e90b716d8d4a32a,DEV_Q183,DEV,4d8b905c3d1906df55ae41ac80bf3eaeab1981b2a4223c7b9ccaa1b894f2b156,411c2b42f612d6a3287419ac5169f5fd8e70f004ef4584843554097b6d56d54a,false,available,"[""techqa-doc:corpus/swg21607690.txt""]",confirmed_attached_context,techqa-group:6b7c3ddd306659702ab26b590f79c76c1bbb06739ff54f5e34f45c65f5498a1c,train,42,connected-component-lexicographic-milp-v1,be474a6b88da73da789620bef66aec6c2421294beedfa90eb1363be16f5b13e1,2026-08-18T09:20:02Z
phase01-data-v1,0b5bbc84b7f07d6d09d063130e90b716d8d4a32a,DEV_Q184,DEV,91532c95f6f30c5ebdfbfb2841c8664b9c70d61478f3febb9774cb3afbf0cdfa,a6741c14a003800897ac588f266d48cc6a2f1e1cf6c0006f76fd55f605ccdebb,false,available,"[""techqa-doc:corpus/swg21584783.txt""]",confirmed_attached_context,techqa-group:801252d1b7f3099adf54c21a6c6b66fb60ff31fe020fa696b1610fe1ab3f0b12,train,42,connected-component-lexicographic-milp-v1,be474a6b88da73da789620bef66aec6c2421294beedfa90eb1363be16f5b13e1,2026-08-18T09:20:02Z
phase01-data-v1,0b5bbc84b7f07d6d09d063130e90b716d8d4a32a,DEV_Q185,DEV,eb9a810cefc68b94444fc5419267d7d2559f71e63ce493959c9e658073da197c,2b34dfe01def8eed61f4d06fa870b77abfe5cccff8673bae29f9bd13f753e90d,true,not_applicable_impossible,[],not_applicable_impossible,techqa-group:adce149745ceadb77b9ac5749a5a1c750e405bda230f0450005a043e9eccf89b,train,42,connected-component-lexicographic-milp-v1,be474a6b88da73da789620bef66aec6c2421294beedfa90eb1363be16f5b13e1,2026-08-18T09:20:02Z
phase01-data-v1,0b5bbc84b7f07d6d09d063130e90b716d8d4a32a,DEV_Q186,DEV,b0add45a5d2b029ab9e7a73ab122a6ef779928bb5d24c5a2b1bb53df5647201b,b00b3ca2daf269ff7244da865355df237c7f9a7f2263902bbb2003ea99c78c3a,false,available,"[""techqa-doc:corpus/swg21608744.txt""]",confirmed_attached_context,techqa-group:ed45f50bad586f75063b7694efdc9cca4901f4191f5f1aafde134b2751d8b846,train,42,connected-component-lexicographic-milp-v1,be474a6b88da73da789620bef66aec6c2421294beedfa90eb1363be16f5b13e1,2026-08-18T09:20:02Z
phase01-data-v1,0b5bbc84b7f07d6d09d063130e90b716d8d4a32a,DEV_Q187,DEV,07f9a9bfa7a282cf5bdf6c561e6cdb7afc76c82c4ee26a2ac2e15a82361e6da6,bb11a899eddaa3238dc9a7cab6d29a761b9a017b994575ddd4558a03e72ea384,false,available,"[""techqa-doc:corpus/swg22007002.txt""]",confirmed_attached_context,techqa-group:276de1197eb6253462d0d9a63862deb679f21707918f9e5c3a6183f3f68c271a,train,42,connected-component-lexicographic-milp-v1,be474a6b88da73da789620bef66aec6c2421294beedfa90eb1363be16f5b13e1,2026-08-18T09:20:02Z
phase01-data-v1,0b5bbc84b7f07d6d09d063130e90b716d8d4a32a,DEV_Q188,DEV,46b494005daa11bf7389e61ae7d66e9e84222ce292cda724ca30ce433a44cbbc,b440e77ba8cf752208a496979bbb1dce1664b0dd7e688a400fd6631346d29363,false,available,"[""techqa-doc:corpus/swg21614208.txt""]",confirmed_attached_context,techqa-group:ec6e66c573cb94f514e3d9a419db49f99b952e037556737bb07ba83c166e2e3a,test,42,connected-component-lexicographic-milp-v1,be474a6b88da73da789620bef66aec6c2421294beedfa90eb1363be16f5b13e1,2026-08-18T09:20:02Z
phase01-data-v1,0b5bbc84b7f07d6d09d063130e90b716d8d4a32a,DEV_Q189,DEV,c2f17f3399c0bc6e52a0faf9e42d0b45fd45c747bdbcf415a645dfcd0c236659,d33756b6ff785bc8816765a15fd7f400c4a6a499900a970b59838a7aa8604572,true,not_applicable_impossible,[],not_applicable_impossible,techqa-group:d5b523a89c928d83d35d614de3a77697efa514cbc0c65e21cbdf49405ed67d2c,train,42,connected-component-lexicographic-milp-v1,be474a6b88da73da789620bef66aec6c2421294beedfa90eb1363be16f5b13e1,2026-08-18T09:20:02Z
phase01-data-v1,0b5bbc84b7f07d6d09d063130e90b716d8d4a32a,DEV_Q190,DEV,4e37b4c2a6d752bf2c87c5474b045bcb9aa647804ce65560805f0cb1383fae5f,7decff8fab083bbf198f784f54df3bf361e663c51619e527831083b15a2ba5ea,true,not_applicable_impossible,[],not_applicable_impossible,techqa-group:e3be777743dec24f1d05cc6cdbea64eedf28dbb26d2bdb0c79f73184c4413dd5,validation,42,connected-component-lexicographic-milp-v1,be474a6b88da73da789620bef66aec6c2421294beedfa90eb1363be16f5b13e1,2026-08-18T09:20:02Z
phase01-data-v1,0b5bbc84b7f07d6d09d063130e90b716d8d4a32a,DEV_Q191,DEV,0c1cb29ef6cc3b8c02bf090403a5894e81dc7d8bbc79b8712f9f27bf55fec637,0e18a4996db61e15c35edff5b333de0d0f5f193134b08d3e6bb03a36c95eee53,true,not_applicable_impossible,[],not_applicable_impossible,techqa-group:bf094a04f2af27b4543999ba5f5ff7c5d73e971a3e8adb330f3f9d84edd965f7,train,42,connected-component-lexicographic-milp-v1,be474a6b88da73da789620bef66aec6c2421294beedfa90eb1363be16f5b13e1,2026-08-18T09:20:02Z
phase01-data-v1,0b5bbc84b7f07d6d09d063130e90b716d8d4a32a,DEV_Q192,DEV,83f49ff63839809deaafc8f7a1835a4b6ab71b76be00c099fa13feec4306e6a0,8a775ac38da9f590cefb763a050a69112f99c9d9fbcf515e87019b433e96f79c,false,available,"[""techqa-doc:corpus/swg21511831.txt""]",confirmed_attached_context,techqa-group:fc1ad0d689cb99c02c2dbbc50a4166d1d6d7bbf3ab464722c73ebec913a8cc26,train,42,connected-component-lexicographic-milp-v1,be474a6b88da73da789620bef66aec6c2421294beedfa90eb1363be16f5b13e1,2026-08-18T09:20:02Z
phase01-data-v1,0b5bbc84b7f07d6d09d063130e90b716d8d4a32a,DEV_Q193,DEV,f352331aa18d71af82a365c195a034fd668000d39360cd10a990da3cd5aad6a0,ccb7866f41b543b1b2a67991102dd1f08b24cd9aa2eaed0d7276ae0f66b61659,false,available,"[""techqa-doc:corpus/swg22005197.txt""]",confirmed_attached_context,techqa-group:fa438b3c13a1d29bac15c4ae7427b170a0a399ee79567690165c5db5e107a0fd,test,42,connected-component-lexicographic-milp-v1,be474a6b88da73da789620bef66aec6c2421294beedfa90eb1363be16f5b13e1,2026-08-18T09:20:02Z
phase01-data-v1,0b5bbc84b7f07d6d09d063130e90b716d8d4a32a,DEV_Q194,DEV,f37bacd0a00cc1242106919a7028164987afc4045087ff91fcd65aa38c155a6f,d820da9739fbe027d2e5cddbe49662b0272c283e83a04febf0da17290954e928,true,not_applicable_impossible,[],not_applicable_impossible,techqa-group:2319cfe79ef4803689fc39f5b9786262c210f7a9912ead182e36d96587d56f54,train,42,connected-component-lexicographic-milp-v1,be474a6b88da73da789620bef66aec6c2421294beedfa90eb1363be16f5b13e1,2026-08-18T09:20:02Z
phase01-data-v1,0b5bbc84b7f07d6d09d063130e90b716d8d4a32a,DEV_Q195,DEV,929065a788facf750e8ab10a80ec05584b650ff79fce6857de2988a66a739e12,1dc41d78b2567d0658d79c3d8198b03a75d967a94471ddec03a9e65c4c5f6433,false,available,"[""techqa-doc:corpus/swg21959224.txt""]",confirmed_attached_context,techqa-group:840b19697ffc28f8ecfc2653dc11bda3b29ab228a205f98b494ac129ed7d6459,train,42,connected-component-lexicographic-milp-v1,be474a6b88da73da789620bef66aec6c2421294beedfa90eb1363be16f5b13e1,2026-08-18T09:20:02Z
phase01-data-v1,0b5bbc84b7f07d6d09d063130e90b716d8d4a32a,DEV_Q196,DEV,cdb85a00a083ffad895c0f056ca5459a39a8c8575ee18c83587dd4f8418223db,fe2e523313bfb527e5b7ad849ca350b48f2b3e0a40faae110c3c831e4f0384db,false,available,"[""techqa-doc:corpus/swg21577970.txt""]",confirmed_attached_context,techqa-group:607200b09574d2e7ccbe7b53b3612f30708a439f0f66dddf588b805edae091bd,train,42,connected-component-lexicographic-milp-v1,be474a6b88da73da789620bef66aec6c2421294beedfa90eb1363be16f5b13e1,2026-08-18T09:20:02Z
phase01-data-v1,0b5bbc84b7f07d6d09d063130e90b716d8d4a32a,DEV_Q197,DEV,6ccebd9a5d2518bdde058dca72d854cddb08fbafcdfab2a90c36b0069b4edc12,51fb6ccc1782d837b3c64686d255dabf518b2ebf358d1a228b1fdd99e5ea51e5,true,not_applicable_impossible,[],not_applicable_impossible,techqa-group:0a61199ff37f679865406014865de82f999357fe146b44719e578cf3d606d462,train,42,connected-component-lexicographic-milp-v1,be474a6b88da73da789620bef66aec6c2421294beedfa90eb1363be16f5b13e1,2026-08-18T09:20:02Z
phase01-data-v1,0b5bbc84b7f07d6d09d063130e90b716d8d4a32a,DEV_Q198,DEV,4f41868b8c77537a1d3e5e5a91cf9267e75beb1dc01a00dc4cc8d23767f251d3,fe7b4cc77a4a2679572c106b747cd0a7d61501e0dfa7777ffee3548493a05087,true,not_applicable_impossible,[],not_applicable_impossible,techqa-group:9bef45a61f1b39e5565b969bb218e993588914e22bf8fb6d2a4d856d7a2d97eb,train,42,connected-component-lexicographic-milp-v1,be474a6b88da73da789620bef66aec6c2421294beedfa90eb1363be16f5b13e1,2026-08-18T09:20:02Z
phase01-data-v1,0b5bbc84b7f07d6d09d063130e90b716d8d4a32a,DEV_Q199,DEV,8c2dce5a952d3bda148524a11ed1f1d843fb8b3f90f996bb4a166d9b46779d3c,6462180b6714aa666cac4fb3a04eacd1cf2fc70e1c01aa1243685788e3a7b134,true,not_applicable_impossible,[],not_applicable_impossible,techqa-group:c6b0266a3be460c6c7131149d49ddf8b223bf40385585e507882b51093d02f7f,train,42,connected-component-lexicographic-milp-v1,be474a6b88da73da789620bef66aec6c2421294beedfa90eb1363be16f5b13e1,2026-08-18T09:20:02Z
phase01-data-v1,0b5bbc84b7f07d6d09d063130e90b716d8d4a32a,DEV_Q200,DEV,5de04628c235357ad549849259721b2666962f621368c04edbc863c266b0338c,6f661bb7888c2a7e4a5115d3a48a40ea0ab5e8f81df5a583a4a3374791aad9ad,true,not_applicable_impossible,[],not_applicable_impossible,techqa-group:acf63612ac76b6ee2a74199c32a478027fd293fc998e481dffea0a824f6af2ba,train,42,connected-component-lexicographic-milp-v1,be474a6b88da73da789620bef66aec6c2421294beedfa90eb1363be16f5b13e1,2026-08-18T09:20:02Z
phase01-data-v1,0b5bbc84b7f07d6d09d063130e90b716d8d4a32a,DEV_Q201,DEV,8f96c6c441a2cb79befc0d8e1f94200b6541ea0e2571b54cb4ca5907494e4559,ec723c0b1bb230cff462700e8f7122250e42c0d09c510acb4a35734ff7047659,false,available,"[""techqa-doc:corpus/swg21679979.txt""]",confirmed_attached_context,techqa-group:f9c09fa64aab33883224bcbbd65406115264efffb4bcb0fc8b3ab570a47759d4,train,42,connected-component-lexicographic-milp-v1,be474a6b88da73da789620bef66aec6c2421294beedfa90eb1363be16f5b13e1,2026-08-18T09:20:02Z
phase01-data-v1,0b5bbc84b7f07d6d09d063130e90b716d8d4a32a,DEV_Q202,DEV,324e35abf2c6eaef761bee9f6bbf348e9385c0a4663e660b9c2a53f9c1ae105f,5315ca807c629f252559f1620e9f842c5c88d453eafc0e966b17daf9094edc8d,false,available,"[""techqa-doc:corpus/swg21631478.txt""]",confirmed_attached_context,techqa-group:d049de0e2e1799be42b0b43274bb3e24315cf451c1fed25fb3387776a3ca4444,validation,42,connected-component-lexicographic-milp-v1,be474a6b88da73da789620bef66aec6c2421294beedfa90eb1363be16f5b13e1,2026-08-18T09:20:02Z
phase01-data-v1,0b5bbc84b7f07d6d09d063130e90b716d8d4a32a,DEV_Q203,DEV,48149baa6060fa0c8f83072c7191d24e2f5f5e937468222e71a51c336bfc0c46,bd0035f0f06b656aa766c829fcf941ac14b6c9fe05a9ef55a4551094ae50f8a5,true,not_applicable_impossible,[],not_applicable_impossible,techqa-group:a8a16dceecf5131270df70ed54b680af487e68fdfb173bd0963aa8feaffb2a4c,validation,42,connected-component-lexicographic-milp-v1,be474a6b88da73da789620bef66aec6c2421294beedfa90eb1363be16f5b13e1,2026-08-18T09:20:02Z
phase01-data-v1,0b5bbc84b7f07d6d09d063130e90b716d8d4a32a,DEV_Q204,DEV,2adf552951acabc401ba9a8ea4208ea25be20b82f46541904bcfaa12f42e24fa,5371715d5e5ba209fddb19dec5cdbe690d772f2c595bdc9c9af0e1d5e2877080,false,available,"[""techqa-doc:corpus/swg21903101.txt""]",confirmed_attached_context,techqa-group:5c199c54a3cc148e4f86fd827c7e4adfcdc7f7391dfbaa29693522c32adfbf59,train,42,connected-component-lexicographic-milp-v1,be474a6b88da73da789620bef66aec6c2421294beedfa90eb1363be16f5b13e1,2026-08-18T09:20:02Z
phase01-data-v1,0b5bbc84b7f07d6d09d063130e90b716d8d4a32a,DEV_Q205,DEV,bf9cd1b20a393e6ed0d8710d1cf4ed4fe811e95e6a8fd6a56bd8c6360becf8cd,8924c4a48fd3d76b3971b04471e31b101e9dd7d654e078c4810c1442610768c6,true,not_applicable_impossible,[],not_applicable_impossible,techqa-group:284f8583f041ed02113b253f1015a00226c4d36ba01e84ed6cd42d73e5b840d1,test,42,connected-component-lexicographic-milp-v1,be474a6b88da73da789620bef66aec6c2421294beedfa90eb1363be16f5b13e1,2026-08-18T09:20:02Z
phase01-data-v1,0b5bbc84b7f07d6d09d063130e90b716d8d4a32a,DEV_Q206,DEV,28b2cdbe13a87515d87c9f80fbefaffdd3b0b3afa4b2cdf540b2c5d9abd8d0c5,279b747f27867c4fd4a335ac61802f9d6458e52069e336d6ddda87617057d4de,false,available,"[""techqa-doc:corpus/swg21672071.txt""]",confirmed_attached_context,techqa-group:4bb0dfb1373c25f2c34c510088298f8df184e93415ba80a39766f0c6ef035dfe,test,42,connected-component-lexicographic-milp-v1,be474a6b88da73da789620bef66aec6c2421294beedfa90eb1363be16f5b13e1,2026-08-18T09:20:02Z
phase01-data-v1,0b5bbc84b7f07d6d09d063130e90b716d8d4a32a,DEV_Q207,DEV,cc5467147722b22b5aa44a7c333270519902827d0482824bd6d1e35bf6fa5105,4f42c1c969b4679703ae3575f47363a7ea3456536993c25e5447e5862be82ab3,true,not_applicable_impossible,[],not_applicable_impossible,techqa-group:732d78c83964e14d40b5469991e473862c402e51c5e33802e95eb2d65540a3bf,validation,42,connected-component-lexicographic-milp-v1,be474a6b88da73da789620bef66aec6c2421294beedfa90eb1363be16f5b13e1,2026-08-18T09:20:02Z
phase01-data-v1,0b5bbc84b7f07d6d09d063130e90b716d8d4a32a,DEV_Q208,DEV,a0a80edda2e8b98132e4daaaaa23b0d241e01aa811876dab6ab36ec05e346a82,4fd1a359e0bbf0e08f4085b259b554426f280619c26c60ac229b44aaafa2e864,false,available,"[""techqa-doc:corpus/swg21691034.txt""]",confirmed_attached_context,techqa-group:34fdbbd98f899e2ef583787e0ae9df279e1efe6e2be785071ada1ec1ead3490f,test,42,connected-component-lexicographic-milp-v1,be474a6b88da73da789620bef66aec6c2421294beedfa90eb1363be16f5b13e1,2026-08-18T09:20:02Z
phase01-data-v1,0b5bbc84b7f07d6d09d063130e90b716d8d4a32a,DEV_Q209,DEV,7605421bed1c59c509d26c3672cd78655d3373f1ba1f5d139d4f0c4063af8157,b915f7dafdb43add7fb62b648ce240b2c7b6899b29a6d2931def0eb4bda84e83,false,available,"[""techqa-doc:corpus/swg21696083.txt""]",confirmed_attached_context,techqa-group:64370db313ec6e1075ef6e6e1b760a878221793593a0d4bdc60ab93cda78c822,train,42,connected-component-lexicographic-milp-v1,be474a6b88da73da789620bef66aec6c2421294beedfa90eb1363be16f5b13e1,2026-08-18T09:20:02Z
phase01-data-v1,0b5bbc84b7f07d6d09d063130e90b716d8d4a32a,DEV_Q210,DEV,0a01d4195cab2cbf7e3b01f0bd04d963607e54adb1839f40080d33ec94aaedc7,bf57d71938d16824099045edcb79a5ae58d471c46f9fbee9b01b6dd94766f6b9,false,available,"[""techqa-doc:corpus/swg21067352.txt""]",confirmed_attached_context,techqa-group:c9ffe5968bd508b7702ce3f0ffdf7fc78ab8e4fbcec6964f6b5de81b4b613b46,validation,42,connected-component-lexicographic-milp-v1,be474a6b88da73da789620bef66aec6c2421294beedfa90eb1363be16f5b13e1,2026-08-18T09:20:02Z
phase01-data-v1,0b5bbc84b7f07d6d09d063130e90b716d8d4a32a,DEV_Q211,DEV,cf83ad2513d71266a43ce30f4f36704fb036dae92b9fa853f85ddd1307373cd7,118ba5c7f4660851137e995800add39020dc0a600d83a5846ccdc73c2d7238d6,false,available,"[""techqa-doc:corpus/swg27050154.txt""]",confirmed_attached_context,techqa-group:174b8785af1ac300c19b81529b83eb22f3b54666ef322f25efd7abf4b07531a7,train,42,connected-component-lexicographic-milp-v1,be474a6b88da73da789620bef66aec6c2421294beedfa90eb1363be16f5b13e1,2026-08-18T09:20:02Z
phase01-data-v1,0b5bbc84b7f07d6d09d063130e90b716d8d4a32a,DEV_Q212,DEV,73098c6399ed2aba6996c6e2e2c0e2c6dee46e769341d5bcf6047569d4a6b159,bb23d50ff752853c038fb97ae9806403fe89b34bdb9f05ecfdc2d4505fa30c19,true,not_applicable_impossible,[],not_applicable_impossible,techqa-group:0e441d474ea29b9a4c2ef3df4de1772c45fadbb38bbd5ebb872733837f78af9b,train,42,connected-component-lexicographic-milp-v1,be474a6b88da73da789620bef66aec6c2421294beedfa90eb1363be16f5b13e1,2026-08-18T09:20:02Z
phase01-data-v1,0b5bbc84b7f07d6d09d063130e90b716d8d4a32a,DEV_Q213,DEV,cb51acad756171a316c1f5ae1403113af18716ac0fa072c02791ca05048e5b01,84c4e026dae9d52dea9fafb0add724e13682d8dd4cbc700253d7b90c92ae8168,false,available,"[""techqa-doc:corpus/swg21648471.txt""]",confirmed_attached_context,techqa-group:0d5607e20e439857ea03eb00e9d7bc4df97c21dd6d67cab9399e5ed766810774,train,42,connected-component-lexicographic-milp-v1,be474a6b88da73da789620bef66aec6c2421294beedfa90eb1363be16f5b13e1,2026-08-18T09:20:02Z
phase01-data-v1,0b5bbc84b7f07d6d09d063130e90b716d8d4a32a,DEV_Q214,DEV,e8dd30504a1089d1f5519b6f532f95357e94716ad1bcd2225d959f2b3371ea69,2b441c379ca4070ecf39ff37fb7db66bfb81956b9156e9d314029faa82d23c70,true,not_applicable_impossible,[],not_applicable_impossible,techqa-group:94e3bf552387a144e27d84292ded36e2a99f316c2e1aa54b8e8030ee2f7494d3,train,42,connected-component-lexicographic-milp-v1,be474a6b88da73da789620bef66aec6c2421294beedfa90eb1363be16f5b13e1,2026-08-18T09:20:02Z
phase01-data-v1,0b5bbc84b7f07d6d09d063130e90b716d8d4a32a,DEV_Q215,DEV,5c20e3a6b0442dfade3291942b3fa5f02a51e945d96809b8611b9cb358eb4e89,e51c952ead6baa529cbed5b0a3fbd21c5bfc0a2f29df676d4eb33637728e4627,false,available,"[""techqa-doc:corpus/swg21647231.txt""]",confirmed_attached_context,techqa-group:0325d1811ab21900176e9e6fae3c0b1dc96e98c42e10e14c1c017072337f0539,validation,42,connected-component-lexicographic-milp-v1,be474a6b88da73da789620bef66aec6c2421294beedfa90eb1363be16f5b13e1,2026-08-18T09:20:02Z
phase01-data-v1,0b5bbc84b7f07d6d09d063130e90b716d8d4a32a,DEV_Q216,DEV,c181c94259922355aaba20413ee0d86ab854c96a7e3baa5cf541707620ab9a13,88238cb50828dfaf751f93cf450ef46bc6254fcd99e395ad8f19c34e3a967476,false,available,"[""techqa-doc:corpus/swg21480262.txt""]",confirmed_attached_context,techqa-group:041c0755b534fe71e74f206a8734202ed4bfd1a717cf98ceb1fab4735f77f4ac,train,42,connected-component-lexicographic-milp-v1,be474a6b88da73da789620bef66aec6c2421294beedfa90eb1363be16f5b13e1,2026-08-18T09:20:02Z
phase01-data-v1,0b5bbc84b7f07d6d09d063130e90b716d8d4a32a,DEV_Q217,DEV,31ebe108f8d5d6218f392fe00f04e7c3ac69d0c6336da0cc1c41fc92847bc01b,1e250f6b489dad20b81d1c9ad33ce79b7125340ae5bcef488b227b10fed308e3,true,not_applicable_impossible,[],not_applicable_impossible,techqa-group:29bbbae3c602a10cbe02770b9b44e1efbf76fee2e48978f06b096fbb8787a983,validation,42,connected-component-lexicographic-milp-v1,be474a6b88da73da789620bef66aec6c2421294beedfa90eb1363be16f5b13e1,2026-08-18T09:20:02Z
phase01-data-v1,0b5bbc84b7f07d6d09d063130e90b716d8d4a32a,DEV_Q218,DEV,b8156ebb90df9a5c444ce9d8763e7c6b689225f92fac790e4c3b95491d2c10f9,b4f056ffda423ba34aa5399d0763fc9acde820bf2e827aafe3f2635c8a3e83cc,false,available,"[""techqa-doc:corpus/swg21984588.txt""]",confirmed_attached_context,techqa-group:907d73f607a66e51ba024b1d007cdf8c4723969f6ceaba713d3bc824e1a47be4,train,42,connected-component-lexicographic-milp-v1,be474a6b88da73da789620bef66aec6c2421294beedfa90eb1363be16f5b13e1,2026-08-18T09:20:02Z
phase01-data-v1,0b5bbc84b7f07d6d09d063130e90b716d8d4a32a,DEV_Q219,DEV,2e29b899f6ee041f6be52133caa901e4f92b9bbda1f40f560362b4d5ff28c4bb,b7a19d23db6603ddb1fa3e210069d4fec4938481d5145364c725761497c32e2e,true,not_applicable_impossible,[],not_applicable_impossible,techqa-group:964667f2a7d290f5488dec2f7a45dcd3a666f0a998c47b460f24521669d67b1c,train,42,connected-component-lexicographic-milp-v1,be474a6b88da73da789620bef66aec6c2421294beedfa90eb1363be16f5b13e1,2026-08-18T09:20:02Z
phase01-data-v1,0b5bbc84b7f07d6d09d063130e90b716d8d4a32a,DEV_Q220,DEV,69ff043a319045682ff36935d715006c32ed5ec522030c459bdc57e7a0a53b7b,a64101dbb3cc98a4c5b2806814c77f68b4dd3d632a4e8d0282be3e69273794c0,false,available,"[""techqa-doc:corpus/swg21960375.txt""]",confirmed_attached_context,techqa-group:39884945b890ee0e2ca95dd0bca64cfb19a7b5198003cd0d8be61bf19fe966d1,train,42,connected-component-lexicographic-milp-v1,be474a6b88da73da789620bef66aec6c2421294beedfa90eb1363be16f5b13e1,2026-08-18T09:20:02Z
phase01-data-v1,0b5bbc84b7f07d6d09d063130e90b716d8d4a32a,DEV_Q221,DEV,cc9a49be08d082bbf9929cbceae843ea841641f10677e956849c968f995edd1e,4f1ee76edba0eda701da76f1aaded05b05057cd95c2ed4e12af9a4665ff0a63f,false,available,"[""techqa-doc:corpus/swg21452870.txt""]",confirmed_attached_context,techqa-group:6f48ce17fd47e5541db910684f563315003b622100423f9f62121c2d1c77c5c0,train,42,connected-component-lexicographic-milp-v1,be474a6b88da73da789620bef66aec6c2421294beedfa90eb1363be16f5b13e1,2026-08-18T09:20:02Z
phase01-data-v1,0b5bbc84b7f07d6d09d063130e90b716d8d4a32a,DEV_Q222,DEV,d68d57651750e151732b2b437612cd70baa0f6499da0e7aeebac4604b26f59b9,6d0fdb90a8a356d1c4b34d71b71368a12802f6c855fb6bce81ee9c20f01beb94,true,not_applicable_impossible,[],not_applicable_impossible,techqa-group:ed5bfbc4ba0556e803a386764f51e75b69a99e3e573074c18379471fc69b1e3b,train,42,connected-component-lexicographic-milp-v1,be474a6b88da73da789620bef66aec6c2421294beedfa90eb1363be16f5b13e1,2026-08-18T09:20:02Z
phase01-data-v1,0b5bbc84b7f07d6d09d063130e90b716d8d4a32a,DEV_Q223,DEV,0e6abcbbf69df3e3c3c44755ba98cccb3745499bf7bbbaa40762c678d7893ef2,b18a48f42a30cc4089979189628895879eeb4adc5e65f60e69bf268d6ed61829,true,not_applicable_impossible,[],not_applicable_impossible,techqa-group:6625403fcd96ea2f461a74b9f776aa2eb515e97fcf12d57a9bac702e2e4c560e,validation,42,connected-component-lexicographic-milp-v1,be474a6b88da73da789620bef66aec6c2421294beedfa90eb1363be16f5b13e1,2026-08-18T09:20:02Z
phase01-data-v1,0b5bbc84b7f07d6d09d063130e90b716d8d4a32a,DEV_Q224,DEV,a6970609d28f6abd9017d0a449c12878820f94efd8547530f39152532877a551,e5d2be11a897a788d603e81dced9d3dd7cea6cd0bc279353d6a13e742d29f779,false,available,"[""techqa-doc:corpus/swg21696267.txt""]",confirmed_attached_context,techqa-group:ece5b9d423630f3389ce6907bfa471518fd3b47f01ea0cfd6b4db8c7bb1e89e7,train,42,connected-component-lexicographic-milp-v1,be474a6b88da73da789620bef66aec6c2421294beedfa90eb1363be16f5b13e1,2026-08-18T09:20:02Z
phase01-data-v1,0b5bbc84b7f07d6d09d063130e90b716d8d4a32a,DEV_Q225,DEV,182b09a0a1929f7b539b53b3632e12c0981d3b4ce3cfcc9ed92e0d3cbdd3530b,8b2c2e2f256bd63d6cd5e048242ce49c14ee58264ef7518d3ba2195e97d0a877,false,available,"[""techqa-doc:corpus/swg21664629.txt""]",confirmed_attached_context,techqa-group:b4ea833319806779767636dcbff342ab67439f53b02d6c0e19c08a9356827d08,test,42,connected-component-lexicographic-milp-v1,be474a6b88da73da789620bef66aec6c2421294beedfa90eb1363be16f5b13e1,2026-08-18T09:20:02Z
phase01-data-v1,0b5bbc84b7f07d6d09d063130e90b716d8d4a32a,DEV_Q226,DEV,d9719be37f46996905fdcc3fac69935c0d268838f42b460cdf2efd9854bb4b1d,72ab8c6a2ae5ac784c6193a205f0518f28bba11320cfc8fb010b0e69f358903d,true,not_applicable_impossible,[],not_applicable_impossible,techqa-group:5589ccfe6c13ac0834d010d3ba89031c9faf01eef5e8b42b116d91260e4ae2e9,train,42,connected-component-lexicographic-milp-v1,be474a6b88da73da789620bef66aec6c2421294beedfa90eb1363be16f5b13e1,2026-08-18T09:20:02Z
phase01-data-v1,0b5bbc84b7f07d6d09d063130e90b716d8d4a32a,DEV_Q227,DEV,526dbf6de7e7aa2cb8f9dcc5f449357ee61a743ee2ad5b62d5c7791e638ae2df,3e9012ffc122adcee90b3d7685142f5737141b04099b00adc1fa5dab26a74b4c,true,not_applicable_impossible,[],not_applicable_impossible,techqa-group:22dd85281e5ef9c639f6081ae86b7430ee29bb5c0e041523d287bc8d1b314ca3,train,42,connected-component-lexicographic-milp-v1,be474a6b88da73da789620bef66aec6c2421294beedfa90eb1363be16f5b13e1,2026-08-18T09:20:02Z
phase01-data-v1,0b5bbc84b7f07d6d09d063130e90b716d8d4a32a,DEV_Q228,DEV,ab8ee5c2f6dfa95bb6a6e6b8c17498c658eda1b3f540ce0c9b437b1a665f93b1,fe7ef2b0d58f899b64288eb61950a0a685326c0950394ea44782f4cbb29c41e4,true,not_applicable_impossible,[],not_applicable_impossible,techqa-group:8bb112d1f2165a69082b9849d00af32cebfc3c666489d26998dc71610d67319d,train,42,connected-component-lexicographic-milp-v1,be474a6b88da73da789620bef66aec6c2421294beedfa90eb1363be16f5b13e1,2026-08-18T09:20:02Z
phase01-data-v1,0b5bbc84b7f07d6d09d063130e90b716d8d4a32a,DEV_Q229,DEV,a808a063926075783827948d36a441b7625e848f4a41822dffdadf043f3cf4c3,e7deafdb215cf93e197ba7b2f0428d00a0504f44d131baee4c4b5254ed64a983,false,available,"[""techqa-doc:corpus/swg21609958.txt""]",confirmed_attached_context,techqa-group:c14eb4a00f2a0bbe04727a7796e02b8cc1b7673b2dce2e465e9fc7830a901f8f,train,42,connected-component-lexicographic-milp-v1,be474a6b88da73da789620bef66aec6c2421294beedfa90eb1363be16f5b13e1,2026-08-18T09:20:02Z
phase01-data-v1,0b5bbc84b7f07d6d09d063130e90b716d8d4a32a,DEV_Q230,DEV,36d4d532b3dd0c1ed80c64775b0931e8fde307a48285353e83e41214ff360e06,ce8c9d2eccf3462f45168e9811679c883aa34d6702aadd755581c3383d03ad09,false,available,"[""techqa-doc:corpus/swg21066791.txt""]",confirmed_attached_context,techqa-group:9a4165b18cef1f7af17f52c4eaad9984245f7ab8200764076a95452557cb3c10,train,42,connected-component-lexicographic-milp-v1,be474a6b88da73da789620bef66aec6c2421294beedfa90eb1363be16f5b13e1,2026-08-18T09:20:02Z
phase01-data-v1,0b5bbc84b7f07d6d09d063130e90b716d8d4a32a,DEV_Q231,DEV,dd6118db169bafbfed74fe8bdc1ca6c320a5855c5b3bb766dc7f2c46e7a646cd,6ba5143683291255cdc2039f5d2ead85ab99efa69b9530191f9b1b82f63422a3,true,not_applicable_impossible,[],not_applicable_impossible,techqa-group:5d75fc5628e53db6b1956bee8ebfe566afc69a8d56366ca036d7b5d76f6c8613,test,42,connected-component-lexicographic-milp-v1,be474a6b88da73da789620bef66aec6c2421294beedfa90eb1363be16f5b13e1,2026-08-18T09:20:02Z
phase01-data-v1,0b5bbc84b7f07d6d09d063130e90b716d8d4a32a,DEV_Q232,DEV,677041c2dfea45bd2013952b8bedafb36f9527e4b649c767ea5fdb011ded1473,69e0e39e6ebbe2d99faa158849abfa11f11470952a65d1bd1cb0a785043f705b,true,not_applicable_impossible,[],not_applicable_impossible,techqa-group:81f28836e9c4d5936ad1f38980c6c0495b56f46439294dde6a36df06d0c3ad13,train,42,connected-component-lexicographic-milp-v1,be474a6b88da73da789620bef66aec6c2421294beedfa90eb1363be16f5b13e1,2026-08-18T09:20:02Z
phase01-data-v1,0b5bbc84b7f07d6d09d063130e90b716d8d4a32a,DEV_Q233,DEV,f42f6ea374b55c5dda7a559212b13f149c8622738cd70c9c2a3059adf30dcab7,a24547e9f7b15419377eb003acf3d8aed7485041c6fb74257e64c3cdd73e1552,true,not_applicable_impossible,[],not_applicable_impossible,techqa-group:8148251faffeb56a3c7ff459a4fc0d0e6bb95374f65fafbda179fb7d0b22da77,train,42,connected-component-lexicographic-milp-v1,be474a6b88da73da789620bef66aec6c2421294beedfa90eb1363be16f5b13e1,2026-08-18T09:20:02Z
phase01-data-v1,0b5bbc84b7f07d6d09d063130e90b716d8d4a32a,DEV_Q234,DEV,97c5dcb03f2cb0b6a35aec7c4ba42b35b5c3f6f422c748ca9d8f6c4d68b9db85,a8faa5515919c987537360e8344859ffc6bdcf89602bfcf287f80eef45b68ba6,false,available,"[""techqa-doc:corpus/swg21666489.txt""]",confirmed_attached_context,techqa-group:168b4b4394abc9354de2810bc7ad847dbbae7ad0888a7df26d6fa373119bf319,train,42,connected-component-lexicographic-milp-v1,be474a6b88da73da789620bef66aec6c2421294beedfa90eb1363be16f5b13e1,2026-08-18T09:20:02Z
phase01-data-v1,0b5bbc84b7f07d6d09d063130e90b716d8d4a32a,DEV_Q235,DEV,80fe8de33d6b12ee4f17c12dc55da8541529227ecd45cc474535cfee4dc9cc93,ac7f9a9800a140d96e6c6c598714e9376b66dab25abfb260eabc4677a155d21e,false,available,"[""techqa-doc:corpus/swg22001630.txt""]",confirmed_attached_context,techqa-group:1933dc3aa0d03dd39510a5c65986a7045f6c5e0c17e952a282c2a723d3ae6c9f,train,42,connected-component-lexicographic-milp-v1,be474a6b88da73da789620bef66aec6c2421294beedfa90eb1363be16f5b13e1,2026-08-18T09:20:02Z
phase01-data-v1,0b5bbc84b7f07d6d09d063130e90b716d8d4a32a,DEV_Q236,DEV,71e20caefce49e5299f60e0f12efc22e432f741c4aff95983e3f4b2a69934316,ed8b9a69fc3f396c2d1455df98beed932efc4f734d203b07ed8cb430524f12fd,true,not_applicable_impossible,[],not_applicable_impossible,techqa-group:903e7b3448a54de62ae863d600cbe7ca3442b5f5bc85c2aad54f8ba051c96fc4,test,42,connected-component-lexicographic-milp-v1,be474a6b88da73da789620bef66aec6c2421294beedfa90eb1363be16f5b13e1,2026-08-18T09:20:02Z
phase01-data-v1,0b5bbc84b7f07d6d09d063130e90b716d8d4a32a,DEV_Q237,DEV,bb0305b81ceb578dc2eeeffea4af87c22672f07265cc822baccef1b994f2a1d9,f7fbd0bd032e913d1d50de80e830c70850345bcbe1c0585a60101d9708c1c4a0,true,not_applicable_impossible,[],not_applicable_impossible,techqa-group:f36c1bb411205d245b0391dfdb3c6a2d104e096babf7fda3490b77ea1a49371a,train,42,connected-component-lexicographic-milp-v1,be474a6b88da73da789620bef66aec6c2421294beedfa90eb1363be16f5b13e1,2026-08-18T09:20:02Z
phase01-data-v1,0b5bbc84b7f07d6d09d063130e90b716d8d4a32a,DEV_Q238,DEV,d5fc183e7adc800b6cfcb5daaf521fb9f6c59647eecde69aa5f5ed4f0883e92d,8d5ea3a664425703cffa4b2cec5dc4d3b5bcacc683f18656beea9dcd78bf07e5,true,not_applicable_impossible,[],not_applicable_impossible,techqa-group:061910582aee086d552f348465a4c154012a7614c2fb3a7d90d1827e4a7473a0,validation,42,connected-component-lexicographic-milp-v1,be474a6b88da73da789620bef66aec6c2421294beedfa90eb1363be16f5b13e1,2026-08-18T09:20:02Z
phase01-data-v1,0b5bbc84b7f07d6d09d063130e90b716d8d4a32a,DEV_Q239,DEV,cc2ec87549bc304ef31fda4e6a8e12b7e4a5d93f3bd7b847e3a4609914a80086,346eb16078af7453eb6db077a3a22fa8523329124734fd66c95a79b19d2d719c,false,available,"[""techqa-doc:corpus/swg21330011.txt""]",confirmed_attached_context,techqa-group:8c2fb0402967b50023dc1b90b41341e1ec55794ae4b7d39ea1ffc48bff25de23,train,42,connected-component-lexicographic-milp-v1,be474a6b88da73da789620bef66aec6c2421294beedfa90eb1363be16f5b13e1,2026-08-18T09:20:02Z
phase01-data-v1,0b5bbc84b7f07d6d09d063130e90b716d8d4a32a,DEV_Q240,DEV,63eab97ee8470d032709f37f1f32b05b7fe1f01b5050be90fe6cfafb8bc5555d,c8e31accb75c04b2288def9bdcfa8900441a30d0643b1c6ff54494eea62a34fc,false,available,"[""techqa-doc:corpus/swg21986219.txt""]",confirmed_attached_context,techqa-group:0aa39879d9ee98a694cab4a6578ab6aa366e603c95072288b23cab5bf47ac796,test,42,connected-component-lexicographic-milp-v1,be474a6b88da73da789620bef66aec6c2421294beedfa90eb1363be16f5b13e1,2026-08-18T09:20:02Z
phase01-data-v1,0b5bbc84b7f07d6d09d063130e90b716d8d4a32a,DEV_Q241,DEV,04adec98c00f4fd45a6107c4a924b4633fc8680a2349180aed81101e9ba58c52,46a8565c1e9c5e1d93ef0706a02c5237897a3299aba0af9c9804c2f779a35aec,true,not_applicable_impossible,[],not_applicable_impossible,techqa-group:575af6b5a67b2929b4e5ae5981a5299b8bcb8256488a89d2d5c658db3956926d,train,42,connected-component-lexicographic-milp-v1,be474a6b88da73da789620bef66aec6c2421294beedfa90eb1363be16f5b13e1,2026-08-18T09:20:02Z
phase01-data-v1,0b5bbc84b7f07d6d09d063130e90b716d8d4a32a,DEV_Q242,DEV,f75fd1baf0f271ff637d0ec32594fef278c73a5f1fe6510b5cc89c6c5b49cc67,abd987e2f49655f73d24ff2ec91ccde41bd6c8b0bc9976a19487f72642af5265,false,available,"[""techqa-doc:corpus/swg21641516.txt""]",confirmed_attached_context,techqa-group:6fa81b46a85c5aedd0395e059d9fecf3314e9f445e6fd548efa124c7145ca970,train,42,connected-component-lexicographic-milp-v1,be474a6b88da73da789620bef66aec6c2421294beedfa90eb1363be16f5b13e1,2026-08-18T09:20:02Z
phase01-data-v1,0b5bbc84b7f07d6d09d063130e90b716d8d4a32a,DEV_Q243,DEV,4649286e2b93595e4112d519bbe14ce08e541b9284a5fa80dadb50f007fe6a6b,c4b416825e789da895a64e6880731083a1ffb1c6a5897e479ffb7b028a462e3a,false,available,"[""techqa-doc:corpus/swg21684407.txt""]",confirmed_attached_context,techqa-group:62e4e53dd578dbb39ad01e91022eb48fd87dbe092b9aae5d0899d234e25aacac,train,42,connected-component-lexicographic-milp-v1,be474a6b88da73da789620bef66aec6c2421294beedfa90eb1363be16f5b13e1,2026-08-18T09:20:02Z
phase01-data-v1,0b5bbc84b7f07d6d09d063130e90b716d8d4a32a,DEV_Q244,DEV,31ce3031bc63a0237455e3cc2dcacff2b2301d30a5c17fae0a7ce9c98942dce6,af64486108830f6c9884f8cfe82703d27bed7b20cb626db0f580397a20412c58,false,available,"[""techqa-doc:corpus/swg21694876.txt""]",confirmed_attached_context,techqa-group:f37afe54e8d26cd39ea0e033f6575679f58ade5698f219673c56ed715363841f,train,42,connected-component-lexicographic-milp-v1,be474a6b88da73da789620bef66aec6c2421294beedfa90eb1363be16f5b13e1,2026-08-18T09:20:02Z
phase01-data-v1,0b5bbc84b7f07d6d09d063130e90b716d8d4a32a,DEV_Q245,DEV,70adca9ee181897222598cd7e1f7b9dead9ee428d195a289b6e0a557053ce86e,2fb6f072f2fae2036089c71a2ef085001f38d903ace5113d12899dcd3174f99d,false,available,"[""techqa-doc:corpus/swg21988389.txt""]",confirmed_attached_context,techqa-group:c1843f64cf45f10242c74272dd56b2f413718856a272d5699296a179e932c843,train,42,connected-component-lexicographic-milp-v1,be474a6b88da73da789620bef66aec6c2421294beedfa90eb1363be16f5b13e1,2026-08-18T09:20:02Z
phase01-data-v1,0b5bbc84b7f07d6d09d063130e90b716d8d4a32a,DEV_Q246,DEV,124b990744532050718ede578b53612754c7ac6f7f2b70b338cde6fc2a9ead66,367181be7c87a0d1751956cb51e724db0988b3d58e3476bdc914efcdf0c752d5,true,not_applicable_impossible,[],not_applicable_impossible,techqa-group:b83f3832a9a6b5a686986584e52ddeb8396e3109d3e9bd9553bce807a9846eb8,test,42,connected-component-lexicographic-milp-v1,be474a6b88da73da789620bef66aec6c2421294beedfa90eb1363be16f5b13e1,2026-08-18T09:20:02Z
phase01-data-v1,0b5bbc84b7f07d6d09d063130e90b716d8d4a32a,DEV_Q247,DEV,bf748e7476afe8c4a5bc941d12d238a928083a252022699830ec0d4722eaaf5a,0a40eb11a4b967cfeb05d8a421e57be5fd17b3331af8eefda472883f9eabf74d,true,not_applicable_impossible,[],not_applicable_impossible,techqa-group:20da8b1c74904a2756547cab8890e91f0deb0ea88fba0e10a532dee3f720a4c0,validation,42,connected-component-lexicographic-milp-v1,be474a6b88da73da789620bef66aec6c2421294beedfa90eb1363be16f5b13e1,2026-08-18T09:20:02Z
phase01-data-v1,0b5bbc84b7f07d6d09d063130e90b716d8d4a32a,DEV_Q248,DEV,81b900f2c6287e420d985092aface6bc47ee4fc4331245d7715b1751e7424a7c,cc3762c06721052dd487c4137248f69b994dd001f6d1995ae455eb5b331630ed,true,not_applicable_impossible,[],not_applicable_impossible,techqa-group:0a373857c6c98aa1614265a02c689f7c161a75d93f4c40a9beb55f779751e131,train,42,connected-component-lexicographic-milp-v1,be474a6b88da73da789620bef66aec6c2421294beedfa90eb1363be16f5b13e1,2026-08-18T09:20:02Z
phase01-data-v1,0b5bbc84b7f07d6d09d063130e90b716d8d4a32a,DEV_Q249,DEV,a25732bef454fc2b7d3592a3b44be5a0933f0baadb2a2a788c3929fec5c02c8e,d543f628572a4153e97fea76b95f1ef49540767fb77e768c993af9e4d01832a9,false,available,"[""techqa-doc:corpus/swg21998663.txt""]",confirmed_attached_context,techqa-group:d71364709bb8944e3aa0ff642be54e8c35b49c5bbe2836508ef469d52ff83b84,train,42,connected-component-lexicographic-milp-v1,be474a6b88da73da789620bef66aec6c2421294beedfa90eb1363be16f5b13e1,2026-08-18T09:20:02Z
phase01-data-v1,0b5bbc84b7f07d6d09d063130e90b716d8d4a32a,DEV_Q250,DEV,20e15aff2bf36ee387961a28c631cd78db7f91eed3223a9e95b8005aef257cb5,a0bdb28520dad7cafb5962c53e54499eb693d55fdd73d44f9582e1874405471b,true,not_applicable_impossible,[],not_applicable_impossible,techqa-group:59962ce21c53d17188a03e782e549ad7cbe63d8ec1c29caa2de6f46b11b856de,train,42,connected-component-lexicographic-milp-v1,be474a6b88da73da789620bef66aec6c2421294beedfa90eb1363be16f5b13e1,2026-08-18T09:20:02Z
phase01-data-v1,0b5bbc84b7f07d6d09d063130e90b716d8d4a32a,DEV_Q251,DEV,6352d346de6472d2fc1c8335a34ff071ad94737a81a4986311f705dccd992ace,47d706a220ac2d5909bed4a18b8d929bdbac09183bd37bc1425291858b16cb58,true,not_applicable_impossible,[],not_applicable_impossible,techqa-group:288d9b96336d9b681e1d475b9a0779c65b5177b70735d6582090073ae0f932b4,train,42,connected-component-lexicographic-milp-v1,be474a6b88da73da789620bef66aec6c2421294beedfa90eb1363be16f5b13e1,2026-08-18T09:20:02Z
phase01-data-v1,0b5bbc84b7f07d6d09d063130e90b716d8d4a32a,DEV_Q252,DEV,5891158bb2b52773202bfb78f935143269fbae9c85cc203c5b1133d0b7b41dbf,33be8393c2397045fe10cfbcc4621597f53e10292a9c4381fa6c81935283e987,true,not_applicable_impossible,[],not_applicable_impossible,techqa-group:8dc2cc993ab73ec22e6795ea80b4445324905a01a1b8a85eb9b3a35c27ec80d4,test,42,connected-component-lexicographic-milp-v1,be474a6b88da73da789620bef66aec6c2421294beedfa90eb1363be16f5b13e1,2026-08-18T09:20:02Z
phase01-data-v1,0b5bbc84b7f07d6d09d063130e90b716d8d4a32a,DEV_Q253,DEV,00d784c6a68dd4ef59ce728f4461f01fb354c32fba22b84736457249c9ca725f,223141f12b6a0701db73a4fcaf932e8a69e25b4030fe5bd9e5299f44e6203e5b,false,available,"[""techqa-doc:corpus/swg27042658.txt""]",confirmed_attached_context,techqa-group:ab2d5a261fa70d3770f7d21f300b290f9e8f3893f12d0cd07cd9ea94d5f69171,validation,42,connected-component-lexicographic-milp-v1,be474a6b88da73da789620bef66aec6c2421294beedfa90eb1363be16f5b13e1,2026-08-18T09:20:02Z
phase01-data-v1,0b5bbc84b7f07d6d09d063130e90b716d8d4a32a,DEV_Q254,DEV,1a8161487d8efc3f0a82e6847169de70dff020ca2d1bc272a0bc8e8a19c1e1ea,162d8c1978188b402826b0af3e1197143899b6dd8cc9634e84ec83093dd33f83,false,available,"[""techqa-doc:corpus/swg21980860.txt""]",confirmed_attached_context,techqa-group:90b1fc606c9c61c4d418463b0d5c098ca966922bdf42ecc0844bf2d40cd38645,train,42,connected-component-lexicographic-milp-v1,be474a6b88da73da789620bef66aec6c2421294beedfa90eb1363be16f5b13e1,2026-08-18T09:20:02Z
phase01-data-v1,0b5bbc84b7f07d6d09d063130e90b716d8d4a32a,DEV_Q255,DEV,9bf6ae73858fb2ffb823703e03232a86c5901db9427b0c5567a0dd872893e104,d6b9fca995ae885a634da64982105dc201c533007fdf6d05d026c62e561f3fe4,true,not_applicable_impossible,[],not_applicable_impossible,techqa-group:3b01c0162d7c9d9d94b34fd74604b2683098964b9cb640f7e439bbb16572cf74,test,42,connected-component-lexicographic-milp-v1,be474a6b88da73da789620bef66aec6c2421294beedfa90eb1363be16f5b13e1,2026-08-18T09:20:02Z
phase01-data-v1,0b5bbc84b7f07d6d09d063130e90b716d8d4a32a,DEV_Q256,DEV,f711f019866138e96de345bb3060b8f94288df1d8f6df5d580e88832cc5c6df8,ccd101a56623f46994a5661adf386f509077929d367c7f36968ae9d057004d0b,true,not_applicable_impossible,[],not_applicable_impossible,techqa-group:6b134b43e9829ced68f0c09de34eaaf268cf9bfc2decd37fbec2d65a5b62d4fa,train,42,connected-component-lexicographic-milp-v1,be474a6b88da73da789620bef66aec6c2421294beedfa90eb1363be16f5b13e1,2026-08-18T09:20:02Z
phase01-data-v1,0b5bbc84b7f07d6d09d063130e90b716d8d4a32a,DEV_Q257,DEV,f485690bd24c5155de5c3ecc9b25a6dd03bf23f3e3aa696f4afce932d7c248cc,81144f8f867679cc1bfdb3d563ce1e7431420f41077eded35c4c0b2ba93b24f1,false,available,"[""techqa-doc:corpus/swg21959281.txt""]",confirmed_attached_context,techqa-group:97ff7d3d80d976cb8439a12ad84d08811ed2e28edffe12488325d759c8cfe4b9,test,42,connected-component-lexicographic-milp-v1,be474a6b88da73da789620bef66aec6c2421294beedfa90eb1363be16f5b13e1,2026-08-18T09:20:02Z
phase01-data-v1,0b5bbc84b7f07d6d09d063130e90b716d8d4a32a,DEV_Q258,DEV,2d794b5e67e324aac4902fcc65d81fce7bb9760e17354fb1ca765f6132fda9f9,791bbf0764b570f0c6de3818c4f26ffd3c0a3c1d8872fc2d941f4538888a2b70,false,available,"[""techqa-doc:corpus/swg21653905.txt""]",confirmed_attached_context,techqa-group:dddafbd272d515713a233145247df38dc425dfacd142bd3536c665a5678d8742,test,42,connected-component-lexicographic-milp-v1,be474a6b88da73da789620bef66aec6c2421294beedfa90eb1363be16f5b13e1,2026-08-18T09:20:02Z
phase01-data-v1,0b5bbc84b7f07d6d09d063130e90b716d8d4a32a,DEV_Q259,DEV,d68f51055f5fd994956cf6446a6ef2c2db672b7f1e0494e1a6b652cda6d43a11,77e0a1a8d77eadedf116d2a476af6dafa90bed62503afaa3caf8f56698da48b2,true,not_applicable_impossible,[],not_applicable_impossible,techqa-group:5eec097dc3b9aaeaddee8cb0ca363390839ac40759a8abf05ea363fa169a5389,train,42,connected-component-lexicographic-milp-v1,be474a6b88da73da789620bef66aec6c2421294beedfa90eb1363be16f5b13e1,2026-08-18T09:20:02Z
phase01-data-v1,0b5bbc84b7f07d6d09d063130e90b716d8d4a32a,DEV_Q260,DEV,d00175e38b2f3e778c59f41c087813c2cb7567c8b054095a1e34280d792ba67d,612aaf634609314dc71f3715dfdc9c242b6b4b5c713dd8d0b88763c234c421b2,false,available,"[""techqa-doc:corpus/swg24041394.txt""]",confirmed_attached_context,techqa-group:aa8a65dd8a56957c9dc416d384c134f20ad7d44e4e22c8da71b44f1932f68177,validation,42,connected-component-lexicographic-milp-v1,be474a6b88da73da789620bef66aec6c2421294beedfa90eb1363be16f5b13e1,2026-08-18T09:20:02Z
phase01-data-v1,0b5bbc84b7f07d6d09d063130e90b716d8d4a32a,DEV_Q261,DEV,cb1e9f3b844dc353452ff2e8ad7ff36ca94ddba9c5e8059707c28da0366378e9,328f3eba88ed4a36e07b0c5501c3fd2950adbebc2fd8f59341cd9e5003c3968e,false,available,"[""techqa-doc:corpus/swg1PI47826.txt""]",confirmed_attached_context,techqa-group:80a07883ebf0ac5a6beae1ac7108c47060fcb7d94f52361c2d1df87fcef54f6f,train,42,connected-component-lexicographic-milp-v1,be474a6b88da73da789620bef66aec6c2421294beedfa90eb1363be16f5b13e1,2026-08-18T09:20:02Z
phase01-data-v1,0b5bbc84b7f07d6d09d063130e90b716d8d4a32a,DEV_Q262,DEV,bbe1c5a13ab76442a59f06d4cd6ddcce4abbfe9ff5b19232a8699cd91906dc4e,9a2fec534ac3f49e4a811f8cff4da5be4586d27d459fd89ee74f7d2d2a92d865,false,available,"[""techqa-doc:corpus/swg21412846.txt""]",confirmed_attached_context,techqa-group:636d322894111abf08879d584c7608cc955cb1915537b8650c8faacaf1150d6d,test,42,connected-component-lexicographic-milp-v1,be474a6b88da73da789620bef66aec6c2421294beedfa90eb1363be16f5b13e1,2026-08-18T09:20:02Z
phase01-data-v1,0b5bbc84b7f07d6d09d063130e90b716d8d4a32a,DEV_Q263,DEV,610ad9147a5c3e7c8c227a75f83537525956a88711057e0c7039f1531837955f,de649ee1e8efbcf16ea3c0fd43b23d189c367631968998c654a50dcfb8a0be1f,false,available,"[""techqa-doc:corpus/swg21675742.txt""]",confirmed_attached_context,techqa-group:71293ce8b8b4a1442e258a467b37d8e6be0555b04d6761b99be0f5ab475d10d5,train,42,connected-component-lexicographic-milp-v1,be474a6b88da73da789620bef66aec6c2421294beedfa90eb1363be16f5b13e1,2026-08-18T09:20:02Z
phase01-data-v1,0b5bbc84b7f07d6d09d063130e90b716d8d4a32a,DEV_Q264,DEV,df4375fe2bb6def8488885d9b00c6b3a3691431cb981cbf1e27d50ad5c693a03,a459332ed3b7d67c8cf8812e431042326199848447bd7a0708d61ea7aace66df,true,not_applicable_impossible,[],not_applicable_impossible,techqa-group:aac6891411452913ee984f4b352f7bdff17d1bfa6f171e82520342bf3212096c,validation,42,connected-component-lexicographic-milp-v1,be474a6b88da73da789620bef66aec6c2421294beedfa90eb1363be16f5b13e1,2026-08-18T09:20:02Z
phase01-data-v1,0b5bbc84b7f07d6d09d063130e90b716d8d4a32a,DEV_Q265,DEV,1e38669aaf7643a6bc486059e94f389b0a70a8c6f476aa7796553a541345e044,3933f05387ca295fed25f3c72be40d070a46f8ac211ceaaea6a3fb41a908f118,true,not_applicable_impossible,[],not_applicable_impossible,techqa-group:a1a6c6f8aa2e4b55c094c2f54d66f9bb9121edd5a5bb2319ce08ff6709020ed3,train,42,connected-component-lexicographic-milp-v1,be474a6b88da73da789620bef66aec6c2421294beedfa90eb1363be16f5b13e1,2026-08-18T09:20:02Z
phase01-data-v1,0b5bbc84b7f07d6d09d063130e90b716d8d4a32a,DEV_Q266,DEV,d49993489c8850b9151559279fe41a81081f3691f1a04c745e6d5792f5686c10,5ac8c2091a827441b0cf35f3fb8c1f391d899552e307990ae3477cea137c6610,false,available,"[""techqa-doc:corpus/swg24037641.txt""]",confirmed_attached_context,techqa-group:1e5bde6a685ac21bcc7ad05366910d1e1a6a70436b2559271965a56730881825,train,42,connected-component-lexicographic-milp-v1,be474a6b88da73da789620bef66aec6c2421294beedfa90eb1363be16f5b13e1,2026-08-18T09:20:02Z
phase01-data-v1,0b5bbc84b7f07d6d09d063130e90b716d8d4a32a,DEV_Q267,DEV,71cbd3aff35968e3ab05d80414328f48cd0bc40beed8b69ee19bde796f97cd97,48f02b8502db7abf78bacb40b288b36cf6d6c60d03750ced82149f91f8d9f586,false,available,"[""techqa-doc:corpus/swg21606028.txt""]",confirmed_attached_context,techqa-group:fc1ac241d2c5149a0251c3a9aee75663c3bdbf7bf90dda47db768e593dd56157,train,42,connected-component-lexicographic-milp-v1,be474a6b88da73da789620bef66aec6c2421294beedfa90eb1363be16f5b13e1,2026-08-18T09:20:02Z
phase01-data-v1,0b5bbc84b7f07d6d09d063130e90b716d8d4a32a,DEV_Q268,DEV,f19b31c5af8b84030576f9913a0c8a45f14431a5f59b671c386e86ebdbf8cdcf,97139af2b6245560c22e19892f0b45c226cec2e709288a4f0ec8a823fabdcfb7,false,available,"[""techqa-doc:corpus/swg1PI53566.txt""]",confirmed_attached_context,techqa-group:41203e371d5cd1467ec43552ed91419821b8e2327c1a178c6f54ebd75bb9f01b,train,42,connected-component-lexicographic-milp-v1,be474a6b88da73da789620bef66aec6c2421294beedfa90eb1363be16f5b13e1,2026-08-18T09:20:02Z
phase01-data-v1,0b5bbc84b7f07d6d09d063130e90b716d8d4a32a,DEV_Q269,DEV,3184da986bcd9a6da3910f44901d19e8daaf5a865aa48ec7f72aa73939e68068,3a4c4c95c936f6717f77fc07245b1dd11319bff64cd6a55c11dd6f82d41181d2,true,not_applicable_impossible,[],not_applicable_impossible,techqa-group:1de561ab6c1b5baf580e26a278f4ce9a52271caa972646c589686ba9b5fb0634,train,42,connected-component-lexicographic-milp-v1,be474a6b88da73da789620bef66aec6c2421294beedfa90eb1363be16f5b13e1,2026-08-18T09:20:02Z
phase01-data-v1,0b5bbc84b7f07d6d09d063130e90b716d8d4a32a,DEV_Q270,DEV,440924e3bc5e45e317f6704cb5b39db841e8e5cb3cb4c6e237d6c50ba23ff36f,2b40d1d2f0c0828bea4879222887b38a9424560351b83fbef096a48b1f555079,true,not_applicable_impossible,[],not_applicable_impossible,techqa-group:b38e341c59227a36315afee90e3850d130c1ed172e0365566383f99fddbbe099,train,42,connected-component-lexicographic-milp-v1,be474a6b88da73da789620bef66aec6c2421294beedfa90eb1363be16f5b13e1,2026-08-18T09:20:02Z
phase01-data-v1,0b5bbc84b7f07d6d09d063130e90b716d8d4a32a,DEV_Q271,DEV,5ac8d80f464b13df9c0e4805c35dcfddf2759eb291e77410c7084244375caaa9,9f5535cae18cf7d0522c95fe397ceb5d8105e1690cf4b02534fc101aa482c8af,false,available,"[""techqa-doc:corpus/swg24031674.txt""]",confirmed_attached_context,techqa-group:acd496c5cd7f54d4de923c02f0348bf5a5b8e9bb4509807aaf1f4647a396159d,train,42,connected-component-lexicographic-milp-v1,be474a6b88da73da789620bef66aec6c2421294beedfa90eb1363be16f5b13e1,2026-08-18T09:20:02Z
phase01-data-v1,0b5bbc84b7f07d6d09d063130e90b716d8d4a32a,DEV_Q272,DEV,763c47ec398ac22cf4cdcc78538d410bdb6f0d75c8a83170c305868c3306bb27,2c8300ce4ed52a6c77c30b180a2f714da8e6a4924081b283cc82ec56189326fd,true,not_applicable_impossible,[],not_applicable_impossible,techqa-group:305faeb8bf7cc8f8f386647e378dcbc76c5f57cc4bfdb6adad1fe5cdb073148b,test,42,connected-component-lexicographic-milp-v1,be474a6b88da73da789620bef66aec6c2421294beedfa90eb1363be16f5b13e1,2026-08-18T09:20:02Z
phase01-data-v1,0b5bbc84b7f07d6d09d063130e90b716d8d4a32a,DEV_Q273,DEV,22fc1059af98ec1ac16f0e6edd62183c3112b7cc6c3741320bacb55b4986954f,01251e3e9f54fffff7942838035d4e17cb7a43a9f7af19673bf4d731dbf7b9d9,true,not_applicable_impossible,[],not_applicable_impossible,techqa-group:aabe3e2105c284a78aa64e7ddbdfe51903fabe7b700d26a6eeec9b1ca8b00756,train,42,connected-component-lexicographic-milp-v1,be474a6b88da73da789620bef66aec6c2421294beedfa90eb1363be16f5b13e1,2026-08-18T09:20:02Z
phase01-data-v1,0b5bbc84b7f07d6d09d063130e90b716d8d4a32a,DEV_Q274,DEV,d656d1690fa3569d2b2fbca109e427abb69198df2f56337a3e2b08d0a5d51177,5cbeadfb524932506c309a904b9282b2c55749f688a9553840b74e135170b235,true,not_applicable_impossible,[],not_applicable_impossible,techqa-group:6184120bfb90acec1849c77ff24f67c328ea0651d994bf754d2ea2f8508c8d07,train,42,connected-component-lexicographic-milp-v1,be474a6b88da73da789620bef66aec6c2421294beedfa90eb1363be16f5b13e1,2026-08-18T09:20:02Z
phase01-data-v1,0b5bbc84b7f07d6d09d063130e90b716d8d4a32a,DEV_Q275,DEV,67f65636e457e7313bd9cbd528a8df64c6401aedd8296c18280e708545881314,1fdbe739acc5970d4c53d7df3c4ecca8deb881e874ce9cd24a3663385524ac83,false,available,"[""techqa-doc:corpus/swg21417266.txt""]",confirmed_attached_context,techqa-group:bfb8f1fa9d6abb2aadc968b51052c3136e96c25c76049d0444549de83c117045,train,42,connected-component-lexicographic-milp-v1,be474a6b88da73da789620bef66aec6c2421294beedfa90eb1363be16f5b13e1,2026-08-18T09:20:02Z
phase01-data-v1,0b5bbc84b7f07d6d09d063130e90b716d8d4a32a,DEV_Q276,DEV,60e53506f612b55dc37a67c73c865e5987d3dbae464a40437812bf00bb423923,e2df6d4b99866288c72a420dc35548310bfd06a470d96ef85e027a9cef0b830c,true,not_applicable_impossible,[],not_applicable_impossible,techqa-group:a2e8433992cd1a34569107284b6a9d6b6445a26fdeeaca6a4e68c9394f3a5b59,train,42,connected-component-lexicographic-milp-v1,be474a6b88da73da789620bef66aec6c2421294beedfa90eb1363be16f5b13e1,2026-08-18T09:20:02Z
phase01-data-v1,0b5bbc84b7f07d6d09d063130e90b716d8d4a32a,DEV_Q277,DEV,21ac24ae4c15dbd1eee7ccb075daf055c2a97909c691a2f7cb15820da026787b,994d4947d73c36b37a8bf94d0895ccfa524bb240555c93c284eb1be9e7b840e0,false,available,"[""techqa-doc:corpus/swg21665086.txt""]",confirmed_attached_context,techqa-group:8079eed6ec79bb7fb4b5c9475c2441c67d459e99ce41725d30e3773550e88e79,train,42,connected-component-lexicographic-milp-v1,be474a6b88da73da789620bef66aec6c2421294beedfa90eb1363be16f5b13e1,2026-08-18T09:20:02Z
phase01-data-v1,0b5bbc84b7f07d6d09d063130e90b716d8d4a32a,DEV_Q278,DEV,ebc3fc2dbed908e9f51854b3b92ae56113f0e87c87c2adf3e2d78e22f4fdf436,be80d0435ea56dec35bdcf3e89a837016fd6d7cf233b62ce7e8ba842408a24a1,true,not_applicable_impossible,[],not_applicable_impossible,techqa-group:f41e748d786b7700ac8ed01f107af99647f99fe3147aecab369261223f1ec76b,train,42,connected-component-lexicographic-milp-v1,be474a6b88da73da789620bef66aec6c2421294beedfa90eb1363be16f5b13e1,2026-08-18T09:20:02Z
phase01-data-v1,0b5bbc84b7f07d6d09d063130e90b716d8d4a32a,DEV_Q279,DEV,f7c4f259fded3dcfa7f229abdea1e6ac8fa66fa5d6f12e8e260fc2fb97d660ea,53bcd6c7e1dfb4c3dc9fe1de77f661150b92dfcb76f38478981ce42c56451e5a,false,available,"[""techqa-doc:corpus/swg21988939.txt""]",confirmed_attached_context,techqa-group:5c9c0c9198a4b839d594b22e8335ed3bba9740557ba1482343c4b6bd9c005e42,train,42,connected-component-lexicographic-milp-v1,be474a6b88da73da789620bef66aec6c2421294beedfa90eb1363be16f5b13e1,2026-08-18T09:20:02Z
phase01-data-v1,0b5bbc84b7f07d6d09d063130e90b716d8d4a32a,DEV_Q280,DEV,c721b4dbf3a679a017b2bf36a2716b57b304cade581fc6c5a9c5962ba50d5ec5,0a92df2993c79fcaedf0f136cd35458b17992a05c58a0232151ff4b112a99c28,true,not_applicable_impossible,[],not_applicable_impossible,techqa-group:4a552b11979fde867041c09ddde8e55b7925818ea7449752eb1e08693b8f645f,test,42,connected-component-lexicographic-milp-v1,be474a6b88da73da789620bef66aec6c2421294beedfa90eb1363be16f5b13e1,2026-08-18T09:20:02Z
phase01-data-v1,0b5bbc84b7f07d6d09d063130e90b716d8d4a32a,DEV_Q281,DEV,57eedebb4ace0d699a942f88c4554e9a497d54d0b376dfedf817cc611a0cbb65,1bfb31bb34e26cb4645905d0e812d3d36d8404142edf5a13867c6b547665e61e,false,available,"[""techqa-doc:corpus/swg21975568.txt""]",confirmed_attached_context,techqa-group:79cdb331bb9c387e837a3afc795ab8520a80046048f0b1effa4c955f4ed6409a,train,42,connected-component-lexicographic-milp-v1,be474a6b88da73da789620bef66aec6c2421294beedfa90eb1363be16f5b13e1,2026-08-18T09:20:02Z
phase01-data-v1,0b5bbc84b7f07d6d09d063130e90b716d8d4a32a,DEV_Q282,DEV,b886feaf1154a3fa36ff4553fbf9d83cfd2af1b80bc61c7b523226d20aa507f6,d4e60e4b4fd0f3fa20e65a89480587ce1f2a5802c6aa068cf8b81b8e8266865d,false,available,"[""techqa-doc:corpus/swg21978428.txt""]",confirmed_attached_context,techqa-group:e51182b7f36c03c657f0dc60804c1d451ed0b322241fcf98b6e8e004a4c8b1fc,train,42,connected-component-lexicographic-milp-v1,be474a6b88da73da789620bef66aec6c2421294beedfa90eb1363be16f5b13e1,2026-08-18T09:20:02Z
phase01-data-v1,0b5bbc84b7f07d6d09d063130e90b716d8d4a32a,DEV_Q283,DEV,daf4cb13e8cda94872c39d5daa6ff442f7177e834b93417b64927133acc87d45,29457d54aff2bdc17eaa21bfc5293ec26633c05436b58c08a5f41b1624e860ab,false,available,"[""techqa-doc:corpus/swg21592093.txt""]",confirmed_attached_context,techqa-group:7ba8f91054e8b8bc026954ca728cca500098eb3587e8994ce38b08b5bd2008ef,test,42,connected-component-lexicographic-milp-v1,be474a6b88da73da789620bef66aec6c2421294beedfa90eb1363be16f5b13e1,2026-08-18T09:20:02Z
phase01-data-v1,0b5bbc84b7f07d6d09d063130e90b716d8d4a32a,DEV_Q284,DEV,43f719cda809de78b7c03a19e16b90f091099c372b04297dffa1f6bc972d8801,a2acb515bf8dc2e835e8ca87b075c48066df3afc06fb19705ab4e84877da5c0d,true,not_applicable_impossible,[],not_applicable_impossible,techqa-group:f96f2e4b3aaf0d622be4e1e5a5393f21b4ef47f2d5e6b759bf33678a05930211,train,42,connected-component-lexicographic-milp-v1,be474a6b88da73da789620bef66aec6c2421294beedfa90eb1363be16f5b13e1,2026-08-18T09:20:02Z
phase01-data-v1,0b5bbc84b7f07d6d09d063130e90b716d8d4a32a,DEV_Q285,DEV,18fa047dfdaae332026b5fecd4aa9aec9000ad0add4df8b60f91eb2dd87d1c32,cb5d0ff3fcb4c79c137b3635ba43225b82718c24c8388082c7431880df2a5448,true,not_applicable_impossible,[],not_applicable_impossible,techqa-group:0f4377e2dfd3a1559ad0d59eca1d2d4c4ebd4b9aae7786b5c50cb0f673a67ca4,validation,42,connected-component-lexicographic-milp-v1,be474a6b88da73da789620bef66aec6c2421294beedfa90eb1363be16f5b13e1,2026-08-18T09:20:02Z
phase01-data-v1,0b5bbc84b7f07d6d09d063130e90b716d8d4a32a,DEV_Q286,DEV,c2368de7d993c835014c649b28f2f07aa8af8c91151466836a62d9915443ed6d,f6cb446a781041dbc580ba8a0856dc33a6e92b7d398ed09521b6d59f261d6a99,true,not_applicable_impossible,[],not_applicable_impossible,techqa-group:863e131a55577a2ad5f76513bdbb609334ccdfa4f2e9f656b8818ef53e00940f,train,42,connected-component-lexicographic-milp-v1,be474a6b88da73da789620bef66aec6c2421294beedfa90eb1363be16f5b13e1,2026-08-18T09:20:02Z
phase01-data-v1,0b5bbc84b7f07d6d09d063130e90b716d8d4a32a,DEV_Q287,DEV,05f4d725fc9a69b86a83b4a4a3aa1d91ca1e397cea351f3259201573943dde61,89a326c66a7885d624ee3e7224bb1f02e24700cde83fc089d310e8f90ec5457d,false,available,"[""techqa-doc:corpus/swg22001558.txt""]",confirmed_attached_context,techqa-group:2bfa270b2a42c1152515ed301ba6afbb5029371d3166b177375f2b9aaf4c6e03,train,42,connected-component-lexicographic-milp-v1,be474a6b88da73da789620bef66aec6c2421294beedfa90eb1363be16f5b13e1,2026-08-18T09:20:02Z
phase01-data-v1,0b5bbc84b7f07d6d09d063130e90b716d8d4a32a,DEV_Q288,DEV,76d4f8d199ad1a77978017e2f0f37cd7206adf3c77267e3e1da5750dc5d9c885,195ef55d701ddcf8f12e4d8693961d31a8c7837485edc05635aa7d36a499999e,false,available,"[""techqa-doc:corpus/swg21639640.txt""]",confirmed_attached_context,techqa-group:3c7d1709c6d4ebd8a65dd370d9c51eb77241c0084ee90c2c7ef6167aead72c8e,validation,42,connected-component-lexicographic-milp-v1,be474a6b88da73da789620bef66aec6c2421294beedfa90eb1363be16f5b13e1,2026-08-18T09:20:02Z
phase01-data-v1,0b5bbc84b7f07d6d09d063130e90b716d8d4a32a,DEV_Q289,DEV,be91f853f11b3b2bd7654e4d21da413c5e87cba1776eac5741a4ce235354890d,9ad7ccde6e876b0b96cbdeaa235ca889d6c835baea8ccb4b12ec61bf2011179f,true,not_applicable_impossible,[],not_applicable_impossible,techqa-group:fc4ed435d035b279c267ad805d58e6ee1c2c74a7abea7e058d52a17017cc6c0d,train,42,connected-component-lexicographic-milp-v1,be474a6b88da73da789620bef66aec6c2421294beedfa90eb1363be16f5b13e1,2026-08-18T09:20:02Z
phase01-data-v1,0b5bbc84b7f07d6d09d063130e90b716d8d4a32a,DEV_Q290,DEV,0567751564e0edc313eae518ff20c1e459ef5b7e4a9917d933787ae6657cbb73,62d3ed6891634c3bb7b1c0038716eab9417665f41a110dd72a2a6117b8579cc8,false,available,"[""techqa-doc:corpus/swg21967756.txt""]",confirmed_attached_context,techqa-group:835f7972aa4ec55fbc9f1f6ed51ec61447bb5ac58c3f21616c7a472bbd8572df,validation,42,connected-component-lexicographic-milp-v1,be474a6b88da73da789620bef66aec6c2421294beedfa90eb1363be16f5b13e1,2026-08-18T09:20:02Z
phase01-data-v1,0b5bbc84b7f07d6d09d063130e90b716d8d4a32a,DEV_Q291,DEV,745206650e9d4040a212d1e95d877d30f0bade5b24b11a14c9f60b56182c32ed,726caa45e2de1217d97dfc94cf300e73ccef1916374ad12dc1311f2fcdee92fc,false,available,"[""techqa-doc:corpus/swg21639640.txt""]",confirmed_attached_context,techqa-group:3c7d1709c6d4ebd8a65dd370d9c51eb77241c0084ee90c2c7ef6167aead72c8e,validation,42,connected-component-lexicographic-milp-v1,be474a6b88da73da789620bef66aec6c2421294beedfa90eb1363be16f5b13e1,2026-08-18T09:20:02Z
phase01-data-v1,0b5bbc84b7f07d6d09d063130e90b716d8d4a32a,DEV_Q292,DEV,a989ea4c6480113b8006e0f4e478bea44150ea379280135558757cffc6b3b706,8ca79b83046c79601be73dd55bcbe5f5e9d74257608adfc5738537b0c68d9569,false,available,"[""techqa-doc:corpus/swg21566663.txt""]",confirmed_attached_context,techqa-group:752cce008afddc658efa7f7f556b8ffe0f24d36cdce7f1c21708ab9ab0ef55ce,train,42,connected-component-lexicographic-milp-v1,be474a6b88da73da789620bef66aec6c2421294beedfa90eb1363be16f5b13e1,2026-08-18T09:20:02Z
phase01-data-v1,0b5bbc84b7f07d6d09d063130e90b716d8d4a32a,DEV_Q293,DEV,26db5869086c7a7f880e62f6b583c12f625ed1f6fba29f06cd1f5f2482f145d3,3eac8446496cf513acbace9e9ccfec3129abf7ac1dd2a873f25c1eb583d48536,true,not_applicable_impossible,[],not_applicable_impossible,techqa-group:001289d369b1ef3dc1afcf85330c9ab33546b814ecc0aa0f25e32ab355c31968,validation,42,connected-component-lexicographic-milp-v1,be474a6b88da73da789620bef66aec6c2421294beedfa90eb1363be16f5b13e1,2026-08-18T09:20:02Z
phase01-data-v1,0b5bbc84b7f07d6d09d063130e90b716d8d4a32a,DEV_Q294,DEV,7093ea49e20e2dab6322c02280b9ee1e5d5beb855b443090cb9a5e374fef6f23,22b66ca1ac99eb9893fd46283b93e2ad98d5afcf06fc6580ea2574237309b4c3,true,not_applicable_impossible,[],not_applicable_impossible,techqa-group:1e8afb60341f2a00b485da8368893d41fb14ad08e1b8f2658aa973418bf7b6ee,train,42,connected-component-lexicographic-milp-v1,be474a6b88da73da789620bef66aec6c2421294beedfa90eb1363be16f5b13e1,2026-08-18T09:20:02Z
phase01-data-v1,0b5bbc84b7f07d6d09d063130e90b716d8d4a32a,DEV_Q295,DEV,9a1badf1ac97794af47de6c106abe73e97943dc93db8b7c69f73f3c5fdd070dc,c05305f7d0c3eb73ba13cb1c69c132cd14dd318deddc4e959712896c8598f51e,true,not_applicable_impossible,[],not_applicable_impossible,techqa-group:a5cb6f7f06ba87803c8f63b180753e10f8ce610ddc58a7f3d878ca1b8c211c80,validation,42,connected-component-lexicographic-milp-v1,be474a6b88da73da789620bef66aec6c2421294beedfa90eb1363be16f5b13e1,2026-08-18T09:20:02Z
phase01-data-v1,0b5bbc84b7f07d6d09d063130e90b716d8d4a32a,DEV_Q296,DEV,03b64b74929d90448e08afd08017a098238502dfbf8721905e020ac35194ea3a,a74109ccb723a65905e0f8aaca09edbe876a15222920ca62e7c3f0ded4780905,false,available,"[""techqa-doc:corpus/swg21663414.txt""]",confirmed_attached_context,techqa-group:5a06e31d7f89314f9a4e85d36d69eb5733d217e7a3dec85d8b71a974021ae741,train,42,connected-component-lexicographic-milp-v1,be474a6b88da73da789620bef66aec6c2421294beedfa90eb1363be16f5b13e1,2026-08-18T09:20:02Z
phase01-data-v1,0b5bbc84b7f07d6d09d063130e90b716d8d4a32a,DEV_Q297,DEV,4b235d8c998dd30ac760371c0c276f5d1983eb3bd79a02232ca7f3bc268093ec,24767e740d6b8fab1e9a923e042f7645b5d6564cfa5338e4efffc589b61291aa,true,not_applicable_impossible,[],not_applicable_impossible,techqa-group:2d5f1ebc8d400e338ba3f0ba8818593c5c5ca6cc3adcf2191fe5ad1137f84247,validation,42,connected-component-lexicographic-milp-v1,be474a6b88da73da789620bef66aec6c2421294beedfa90eb1363be16f5b13e1,2026-08-18T09:20:02Z
phase01-data-v1,0b5bbc84b7f07d6d09d063130e90b716d8d4a32a,DEV_Q298,DEV,d18d458a4dee59744ae9f104f6d6ffa28ef12b77da710eaad424bd40a0f72b1e,4418c7ae50a190ebf23e401b8f5ee894b9202ab7db64106e2d08f89b28255df3,false,available,"[""techqa-doc:corpus/swg27035841.txt""]",confirmed_attached_context,techqa-group:1b5d2d3a880a5a87e60919167446039efce2a8446b867810edbac955f1ab6b8e,train,42,connected-component-lexicographic-milp-v1,be474a6b88da73da789620bef66aec6c2421294beedfa90eb1363be16f5b13e1,2026-08-18T09:20:02Z
phase01-data-v1,0b5bbc84b7f07d6d09d063130e90b716d8d4a32a,DEV_Q299,DEV,d78b8fb9aa50b670fff206c1e72a7da4f9c984a61584850a572d519e6194ed1f,c7662473e1d0d043fa063cba7224a3f318c9c28e40daef5379386ba70619253b,false,available,"[""techqa-doc:corpus/swg21500040.txt""]",confirmed_attached_context,techqa-group:64014072dfda313705b01b45c5ac049c9c5fe1f3d57b8194b92fa35b0c9aed57,train,42,connected-component-lexicographic-milp-v1,be474a6b88da73da789620bef66aec6c2421294beedfa90eb1363be16f5b13e1,2026-08-18T09:20:02Z
phase01-data-v1,0b5bbc84b7f07d6d09d063130e90b716d8d4a32a,DEV_Q300,DEV,147ac44dd8295c6dacaa2ba20650bef6e314adcc7ee198985f5f30e395c9db83,7695f1f1217c395885e88ddefc6e6054d76a41b7a2b46e17d513b4d78bfd6b5a,false,available,"[""techqa-doc:corpus/swg21438047.txt""]",confirmed_attached_context,techqa-group:b94824f472a3d3c909d326a9a5c6699a25ea7be6438e5072a0c68a4b78b30955,train,42,connected-component-lexicographic-milp-v1,be474a6b88da73da789620bef66aec6c2421294beedfa90eb1363be16f5b13e1,2026-08-18T09:20:02Z
phase01-data-v1,0b5bbc84b7f07d6d09d063130e90b716d8d4a32a,DEV_Q301,DEV,02726c11f618abdd4203e9ceed085fc80212a0ad9710f841cf67aae803bba477,7b7d4e92234df4bf4094cd0652fed8b803313b5fbb60c6ee909c510b3e7e0474,true,not_applicable_impossible,[],not_applicable_impossible,techqa-group:c10cf41325da6af07d9effa5f2d6c6e9babfb3337b6105c6d7ee17aad7074d8b,train,42,connected-component-lexicographic-milp-v1,be474a6b88da73da789620bef66aec6c2421294beedfa90eb1363be16f5b13e1,2026-08-18T09:20:02Z
phase01-data-v1,0b5bbc84b7f07d6d09d063130e90b716d8d4a32a,DEV_Q302,DEV,7c67cba1ce5499c86e10a29141b6873f303107820701fa22231f67a10f2c23aa,f91c54e5ea566927326c35c60c1b4ee1d155eb48de4adb7a40dc45f0274e9882,false,available,"[""techqa-doc:corpus/swg21412061.txt""]",confirmed_attached_context,techqa-group:11a582611ffa56d50b26c30d6cbe206a848e76e49587e887611dbdb609bd79c4,validation,42,connected-component-lexicographic-milp-v1,be474a6b88da73da789620bef66aec6c2421294beedfa90eb1363be16f5b13e1,2026-08-18T09:20:02Z
phase01-data-v1,0b5bbc84b7f07d6d09d063130e90b716d8d4a32a,DEV_Q303,DEV,953cb78b95e7a8663f5ff541018ea77fb67ea32b016dddfdb6ad00e3b5f86e01,673430f9ce4c3d619e302897e4244df2dfdc2ab8b97e7ed1faae37380a2c9d39,false,available,"[""techqa-doc:corpus/swg21690658.txt""]",confirmed_attached_context,techqa-group:293a0274823e21d7fc28a2b1308365f481e6e7218840f83bc6ce549f8761a18c,validation,42,connected-component-lexicographic-milp-v1,be474a6b88da73da789620bef66aec6c2421294beedfa90eb1363be16f5b13e1,2026-08-18T09:20:02Z
phase01-data-v1,0b5bbc84b7f07d6d09d063130e90b716d8d4a32a,DEV_Q304,DEV,5445d559762901358b5c36441b84c3cd52898696933baf86468d853c3682384b,dea07f1ac8ca44ccb44e747599f56a901e24e31d46fbac0321daec58fdf03d42,false,available,"[""techqa-doc:corpus/swg21612222.txt""]",confirmed_attached_context,techqa-group:a76324d2af01eea149b3936ba8891a2d9452add9fd7c247ed12c9502a3ebbe74,train,42,connected-component-lexicographic-milp-v1,be474a6b88da73da789620bef66aec6c2421294beedfa90eb1363be16f5b13e1,2026-08-18T09:20:02Z
phase01-data-v1,0b5bbc84b7f07d6d09d063130e90b716d8d4a32a,DEV_Q305,DEV,ed65d454b70d5fb6c79e2bcb6a0475bf7dd11495e222872819755b4af333042c,2a0c2df9df22031159ef905628257a13312ae77f511297625082eaacc77036ff,false,available,"[""techqa-doc:corpus/swg21656263.txt""]",confirmed_attached_context,techqa-group:60df090e3d63da1dfdded31bab36384a35780bec9fb3bbd32fb2c18dc7f74982,train,42,connected-component-lexicographic-milp-v1,be474a6b88da73da789620bef66aec6c2421294beedfa90eb1363be16f5b13e1,2026-08-18T09:20:02Z
phase01-data-v1,0b5bbc84b7f07d6d09d063130e90b716d8d4a32a,DEV_Q306,DEV,1c0820d2ce3e907c2f2fb3e5cd1ea2af00603c5f7e96f1a76e8686170a0f6919,bae05e55cd37b03bacb38f808c60b74d439df68c6af51249011a8764091fed81,false,available,"[""techqa-doc:corpus/swg21642839.txt""]",confirmed_attached_context,techqa-group:e71411dc68a605643ecab2d92c720944e1b5ad44aec347a1ef21cd94e6050a43,train,42,connected-component-lexicographic-milp-v1,be474a6b88da73da789620bef66aec6c2421294beedfa90eb1363be16f5b13e1,2026-08-18T09:20:02Z
phase01-data-v1,0b5bbc84b7f07d6d09d063130e90b716d8d4a32a,DEV_Q307,DEV,7a73792c1a884cce206374603e0a41cb567cf2c477c63a688fb9512ada6d3e28,f3921b2238c37e01e1569537045104c4b79080a81b4ebce233a044b82bcd352a,false,available,"[""techqa-doc:corpus/swg22014367.txt""]",confirmed_attached_context,techqa-group:249caae1d760c1a721c4fee2da296d867fbc14c5fc7f7e1edc3d56491cd80a5e,train,42,connected-component-lexicographic-milp-v1,be474a6b88da73da789620bef66aec6c2421294beedfa90eb1363be16f5b13e1,2026-08-18T09:20:02Z
phase01-data-v1,0b5bbc84b7f07d6d09d063130e90b716d8d4a32a,DEV_Q308,DEV,e5103034f72547fec0e63938fb53d66fc535c6da86fe39a2daab13eea9f5f742,d194b6ddbc3bd450984326a5fa2ac0ba9001eb1125e92ca23b1a968e738ae313,true,not_applicable_impossible,[],not_applicable_impossible,techqa-group:f2921323be5cebfc541fa10bab4d80b71d487d7a38efab5a7ff465c64598f215,train,42,connected-component-lexicographic-milp-v1,be474a6b88da73da789620bef66aec6c2421294beedfa90eb1363be16f5b13e1,2026-08-18T09:20:02Z
phase01-data-v1,0b5bbc84b7f07d6d09d063130e90b716d8d4a32a,DEV_Q309,DEV,6cc8ceb9b683bcb76e1c7b7fc884a7c18c1fc09b8d6036055b67a6a25aa65bc1,695f01c6d93ca71019d6f28eff257ed26f75297c307cc6772cabe2ac8a2183c7,true,not_applicable_impossible,[],not_applicable_impossible,techqa-group:a453b6dfced7f9d4be6eaf004990fe7a2710357a38ee24feb3bf077e16626e77,train,42,connected-component-lexicographic-milp-v1,be474a6b88da73da789620bef66aec6c2421294beedfa90eb1363be16f5b13e1,2026-08-18T09:20:02Z
phase01-data-v1,0b5bbc84b7f07d6d09d063130e90b716d8d4a32a,TRAIN_Q000,TRAIN,b9eaf377d1632a4e12be3c383cdaded040de3788d2a276122b7f4c9678a24c9d,33a561d2bcab610ac7f0ae63790b7fd7e1f996238b5d76e701d03b29db8e2aa5,false,available,"[""techqa-doc:corpus/swg21996508.txt""]",confirmed_attached_context,techqa-group:7abb7696db2d5a306f4a478fcc6cfb6d21ff5e842dd3a7c2093d9474df2dc21f,train,42,connected-component-lexicographic-milp-v1,be474a6b88da73da789620bef66aec6c2421294beedfa90eb1363be16f5b13e1,2026-08-18T09:20:02Z
phase01-data-v1,0b5bbc84b7f07d6d09d063130e90b716d8d4a32a,TRAIN_Q001,TRAIN,4be7ca925076efcdaa747c09d871427520dc77350f028c16781bf4cc8267f051,68fff856dffbbfdb00fe0d5ba1c20643fbadac75912d49c5a4931c846c2126b4,false,available,"[""techqa-doc:corpus/swg21675316.txt""]",confirmed_attached_context,techqa-group:ea0c9e21475a5596cc648997474e42de1c76b5eb0ea8e1974c47e31912467b41,train,42,connected-component-lexicographic-milp-v1,be474a6b88da73da789620bef66aec6c2421294beedfa90eb1363be16f5b13e1,2026-08-18T09:20:02Z
phase01-data-v1,0b5bbc84b7f07d6d09d063130e90b716d8d4a32a,TRAIN_Q002,TRAIN,db116667e58313be1154e1a4314edd4fbb8198454fd24e97b6ad5ab781bcf231,0b135bb341a8e8e58f72becd3c7b7a31e58db1c9392fad3dcbe27f32424b450b,true,not_applicable_impossible,[],not_applicable_impossible,techqa-group:558f41d927159f6b1e110ddd0556fdc19f672a77ed44667c2b43542bc74cb83d,test,42,connected-component-lexicographic-milp-v1,be474a6b88da73da789620bef66aec6c2421294beedfa90eb1363be16f5b13e1,2026-08-18T09:20:02Z
phase01-data-v1,0b5bbc84b7f07d6d09d063130e90b716d8d4a32a,TRAIN_Q003,TRAIN,a15cfa13c46fee87ccaef8d4236b51a5dd60eaec2534a624499e1901bad39fd0,94c17f1b99fccf685130eb141cb3a5fe9704138751ba0948f5de4fbd169e9311,false,available,"[""techqa-doc:corpus/swg21179559.txt""]",confirmed_attached_context,techqa-group:3a7e822865366ffd0386ef2b7b0bbea7bbb07b4d6bd17c3b67ee9db011123bac,train,42,connected-component-lexicographic-milp-v1,be474a6b88da73da789620bef66aec6c2421294beedfa90eb1363be16f5b13e1,2026-08-18T09:20:02Z
phase01-data-v1,0b5bbc84b7f07d6d09d063130e90b716d8d4a32a,TRAIN_Q004,TRAIN,44fc0e2e9c5a8a49d3cd6cc31d7a161c915bf7e1fa87979b0b1b2e635bed949b,3dacb82476056d28b3a3082768bfcb7294e69b65cc0878ee1615c38d714f95ce,true,not_applicable_impossible,[],not_applicable_impossible,techqa-group:b9192f519788e90650b494214716674d528f0160169655c1c15cc8ea9e7aff51,train,42,connected-component-lexicographic-milp-v1,be474a6b88da73da789620bef66aec6c2421294beedfa90eb1363be16f5b13e1,2026-08-18T09:20:02Z
phase01-data-v1,0b5bbc84b7f07d6d09d063130e90b716d8d4a32a,TRAIN_Q005,TRAIN,19f59e5c48e7e3a5d46ce0641bb12a35ef12f1add685f7df7a27d2eb8f1dd674,bef3ecae4ff04ef7e9a1833b2541bb9ce42435e82a30625548c4034d6a977169,false,available,"[""techqa-doc:corpus/swg21903536.txt""]",confirmed_attached_context,techqa-group:1237029c816ad7fa0517545c167e3f1e51f8c6ed5d088543aad8cf88690c819f,train,42,connected-component-lexicographic-milp-v1,be474a6b88da73da789620bef66aec6c2421294beedfa90eb1363be16f5b13e1,2026-08-18T09:20:02Z
phase01-data-v1,0b5bbc84b7f07d6d09d063130e90b716d8d4a32a,TRAIN_Q006,TRAIN,52e33acfddcf3104ab4777423515bb3779a0e9e26402f1c69f91b98e581c4d39,e97a65da893a29133c94a8f3c1e5f92eeee03adf9879c88e377223915037def7,false,available,"[""techqa-doc:corpus/swg22008493.txt""]",confirmed_attached_context,techqa-group:9083dea9d3b9cd1bd860443b9be3c404b8d373a86f267a85676ac2517aecf446,train,42,connected-component-lexicographic-milp-v1,be474a6b88da73da789620bef66aec6c2421294beedfa90eb1363be16f5b13e1,2026-08-18T09:20:02Z
phase01-data-v1,0b5bbc84b7f07d6d09d063130e90b716d8d4a32a,TRAIN_Q007,TRAIN,32adecca598637ff2ec086f4c50c56a02255a3632a7a837adf195b2365a742ac,b1c0761d9b40f49df9b19bcaa80d17ffad0de055c69732ac0cd5dbc5632c9b69,false,available,"[""techqa-doc:corpus/swg21636093.txt""]",confirmed_attached_context,techqa-group:85bb5111b325b120b8a4420fb0efca7233243ac475aa5c2bed5554be4c403772,train,42,connected-component-lexicographic-milp-v1,be474a6b88da73da789620bef66aec6c2421294beedfa90eb1363be16f5b13e1,2026-08-18T09:20:02Z
phase01-data-v1,0b5bbc84b7f07d6d09d063130e90b716d8d4a32a,TRAIN_Q008,TRAIN,e4adeeda9be55a4a6a055b094dc94a6b1debe35912b32f9c6095dc8bc01e2df6,c9e3355a7cb56d16b0ead7fccef4d23dfe73899ed57903bd5414692fba964661,false,available,"[""techqa-doc:corpus/swg21263677.txt""]",confirmed_attached_context,techqa-group:f50eb615e5879f07824f7e62f383c6e64003f538090b4a6c911ff23cace6c19d,train,42,connected-component-lexicographic-milp-v1,be474a6b88da73da789620bef66aec6c2421294beedfa90eb1363be16f5b13e1,2026-08-18T09:20:02Z
phase01-data-v1,0b5bbc84b7f07d6d09d063130e90b716d8d4a32a,TRAIN_Q009,TRAIN,20da28040c19f14ed74a4dbde5b0f72080d9a12810fcaca0c0b0b57784905b3f,fa8a7845ac6b4df916ef412764422b9a0fda1a990a64a6f6e3e0aea812d7126f,false,available,"[""techqa-doc:corpus/swg21696083.txt""]",confirmed_attached_context,techqa-group:64370db313ec6e1075ef6e6e1b760a878221793593a0d4bdc60ab93cda78c822,train,42,connected-component-lexicographic-milp-v1,be474a6b88da73da789620bef66aec6c2421294beedfa90eb1363be16f5b13e1,2026-08-18T09:20:02Z
phase01-data-v1,0b5bbc84b7f07d6d09d063130e90b716d8d4a32a,TRAIN_Q010,TRAIN,38cf994f96a4ec371713d4883f1a7b80eaae6faa1027a5b40554d1c3011c5a28,cb8b76d0d794691e4237d7a389a90bfa2da6685a6ec317bf8c7b32f4639b53ae,false,available,"[""techqa-doc:corpus/swg21515420.txt""]",confirmed_attached_context,techqa-group:3c0c4f7cefb7083f3b3d703faed7896a81b82d7e7ea0f2874dc8f7b15bab5837,train,42,connected-component-lexicographic-milp-v1,be474a6b88da73da789620bef66aec6c2421294beedfa90eb1363be16f5b13e1,2026-08-18T09:20:02Z
phase01-data-v1,0b5bbc84b7f07d6d09d063130e90b716d8d4a32a,TRAIN_Q011,TRAIN,b544d504bed940cd702f36f8bbd871ba12467c465301be5fe0bc27ce856731a4,78e8cb591e8fa4a05f1c01e43ba124d949a72bba9205e436617a34e2bc31c337,false,available,"[""techqa-doc:corpus/swg21966637.txt""]",confirmed_attached_context,techqa-group:2679cc22277d4dd0b4a6d60c1b6942d4b688be331adfaf35e00ee868436328f9,test,42,connected-component-lexicographic-milp-v1,be474a6b88da73da789620bef66aec6c2421294beedfa90eb1363be16f5b13e1,2026-08-18T09:20:02Z
phase01-data-v1,0b5bbc84b7f07d6d09d063130e90b716d8d4a32a,TRAIN_Q012,TRAIN,30c5ac0105ac6dabecf5ee7fd26e1d200b2c86cf9368f07a408c37ca42f44f63,b3c7c24ce0c1d763fa3f77c901c1e0a04fffdfed537af1a8bcd7416bc7003400,false,available,"[""techqa-doc:corpus/swg21648497.txt""]",confirmed_attached_context,techqa-group:f8a667df3d62be0fd603a05549146f56e8cd3a13f1b1cd84cec8ecb548f46b71,validation,42,connected-component-lexicographic-milp-v1,be474a6b88da73da789620bef66aec6c2421294beedfa90eb1363be16f5b13e1,2026-08-18T09:20:02Z
phase01-data-v1,0b5bbc84b7f07d6d09d063130e90b716d8d4a32a,TRAIN_Q013,TRAIN,85a7f9af7558158f46dc9b415b597a08f55b5ab1aed398700550d9aa87825d3e,6438db57b9acd67cabde7f0255c0252fde5070a02b6de8e1bbaef56c69997e9c,false,available,"[""techqa-doc:corpus/swg21618719.txt""]",confirmed_attached_context,techqa-group:2137b12db6e76b214ea88d6ff5d70e7e5a3a306e460ce2876f4981fe6e62a951,train,42,connected-component-lexicographic-milp-v1,be474a6b88da73da789620bef66aec6c2421294beedfa90eb1363be16f5b13e1,2026-08-18T09:20:02Z
phase01-data-v1,0b5bbc84b7f07d6d09d063130e90b716d8d4a32a,TRAIN_Q014,TRAIN,e2d3ec591336b246fbdf53815fe27db111bba8dcde6b99350ef4e7ad3cae68f6,94582220895d677cdbe9ee88c10ff622f284089af47194738a0bba85f450b86b,false,available,"[""techqa-doc:corpus/swg21983839.txt""]",confirmed_attached_context,techqa-group:a8c597aa9a46ff459c2c151af6ca84e477610e484f5107188a7fe58682dfcb7c,validation,42,connected-component-lexicographic-milp-v1,be474a6b88da73da789620bef66aec6c2421294beedfa90eb1363be16f5b13e1,2026-08-18T09:20:02Z
phase01-data-v1,0b5bbc84b7f07d6d09d063130e90b716d8d4a32a,TRAIN_Q015,TRAIN,f4c01769a95b902177021628e8aee7773f517c9359cc98e222aae52755f545d7,80b2039c22683e83c6be97cac59ab4e782e68880ab91b5289c119d3375c86d32,false,available,"[""techqa-doc:corpus/swg21998452.txt""]",confirmed_attached_context,techqa-group:b14a229f5895ac0a6554299123c3fe9641ff6d3ae7d0bd9b5c654c419b6c66c0,train,42,connected-component-lexicographic-milp-v1,be474a6b88da73da789620bef66aec6c2421294beedfa90eb1363be16f5b13e1,2026-08-18T09:20:02Z
phase01-data-v1,0b5bbc84b7f07d6d09d063130e90b716d8d4a32a,TRAIN_Q016,TRAIN,ad2684c051c914a9dc79e1161d66ed36548e2a0ca2f19cda0f454cd4464b3365,eaa08c5c39c1c2811dd8cfa18fbd32f726298d191e86cb5d2723839aa797ba90,false,available,"[""techqa-doc:corpus/swg21469413.txt""]",confirmed_attached_context,techqa-group:2d3ff036e01d8bdedd2fdb2d8bb8c3a72e18430492b36d71ad68ea2fce840f1d,train,42,connected-component-lexicographic-milp-v1,be474a6b88da73da789620bef66aec6c2421294beedfa90eb1363be16f5b13e1,2026-08-18T09:20:02Z
phase01-data-v1,0b5bbc84b7f07d6d09d063130e90b716d8d4a32a,TRAIN_Q017,TRAIN,4cc508cbb5cb64e3b1c93cfdd5f72668e5a3491b9a0a3dc0cb9e36db594759c5,6393ad10223a6c6befbd0efcc37e01813aa955608a71834fac8d769971ba88dc,false,available,"[""techqa-doc:corpus/swg27019359.txt""]",confirmed_attached_context,techqa-group:64ccf2371c65ca64db18b739cbce4ce15dafedb23f2f29307d92506088e03ab4,test,42,connected-component-lexicographic-milp-v1,be474a6b88da73da789620bef66aec6c2421294beedfa90eb1363be16f5b13e1,2026-08-18T09:20:02Z
phase01-data-v1,0b5bbc84b7f07d6d09d063130e90b716d8d4a32a,TRAIN_Q018,TRAIN,fc1f0a0426b3f185976f4d0f0c8e647f066281815ec083466dc00cbf9b6531a7,cef0c044588633cf287b91475ebd13e3225a454b69c758428e42092788c48363,false,available,"[""techqa-doc:corpus/swg21611073.txt""]",confirmed_attached_context,techqa-group:380a21989b4b1057b862cd4bb4b89c0c8cd33741dc98eed3eda0410a22ff1e7d,test,42,connected-component-lexicographic-milp-v1,be474a6b88da73da789620bef66aec6c2421294beedfa90eb1363be16f5b13e1,2026-08-18T09:20:02Z
phase01-data-v1,0b5bbc84b7f07d6d09d063130e90b716d8d4a32a,TRAIN_Q019,TRAIN,979c57d7d2082607710ea736e860718f762959779348add22b56bf5560c1c37c,d5db28d3ca69a405721ec84a34171805ccb53a12f299f2dacd4306ae3365939a,false,available,"[""techqa-doc:corpus/swg22001418.txt""]",confirmed_attached_context,techqa-group:525b35001e8d831fc23bd75e1b5a54152b5329466864f47410bc0a77fc6364a4,train,42,connected-component-lexicographic-milp-v1,be474a6b88da73da789620bef66aec6c2421294beedfa90eb1363be16f5b13e1,2026-08-18T09:20:02Z
phase01-data-v1,0b5bbc84b7f07d6d09d063130e90b716d8d4a32a,TRAIN_Q020,TRAIN,415a64a53eb9ec3a7fec33167938ecbda99ac37477bf5a885699b57f89ebdce1,125443a13e1ca50314458a6286a0b7b5346b8daac423ece946fbe009a0a1f303,false,available,"[""techqa-doc:corpus/swg24035040.txt""]",confirmed_attached_context,techqa-group:af12f1387e0f9e569b855a8bde401c66a60de7103ff9d47b389dde05342beeb0,train,42,connected-component-lexicographic-milp-v1,be474a6b88da73da789620bef66aec6c2421294beedfa90eb1363be16f5b13e1,2026-08-18T09:20:02Z
phase01-data-v1,0b5bbc84b7f07d6d09d063130e90b716d8d4a32a,TRAIN_Q021,TRAIN,e45efa1f50632770fa8142bc5e97f238125c49be0dd6a8e21173937a87818001,2007390b4137965cd48242501912057cb9787f13702797cb55a9b7bd39a42175,true,not_applicable_impossible,[],not_applicable_impossible,techqa-group:3bb8c5af20632a82dac2f17498bbb18382086ec0b1ebbc84c702aa01833514d4,validation,42,connected-component-lexicographic-milp-v1,be474a6b88da73da789620bef66aec6c2421294beedfa90eb1363be16f5b13e1,2026-08-18T09:20:02Z
phase01-data-v1,0b5bbc84b7f07d6d09d063130e90b716d8d4a32a,TRAIN_Q022,TRAIN,911079699d7f9371bfdba2531ccd7e9e377cdeeecc92d775451d4fbc6f1bb995,3d20c3404f79a23d8d73942d031ef838617dee11e1f8a07ade76869707ec6c2b,true,not_applicable_impossible,[],not_applicable_impossible,techqa-group:e692a0190021030fbb21abde4365b550f69e847ce21f5d437c1f5cb3f61a6ce0,train,42,connected-component-lexicographic-milp-v1,be474a6b88da73da789620bef66aec6c2421294beedfa90eb1363be16f5b13e1,2026-08-18T09:20:02Z
phase01-data-v1,0b5bbc84b7f07d6d09d063130e90b716d8d4a32a,TRAIN_Q023,TRAIN,9c59218f83fe1c123fdb0a0416dcae687843ee85570d7437be9dc5d82f90757a,3f98c608bee1fe406bae5be688ab1a733938ff7e39355158efdbb9abfcb6cecf,true,not_applicable_impossible,[],not_applicable_impossible,techqa-group:9750517e7c610e8b97559f22436d4ea847f3389044eb8d1c4577dfa3a3981b87,train,42,connected-component-lexicographic-milp-v1,be474a6b88da73da789620bef66aec6c2421294beedfa90eb1363be16f5b13e1,2026-08-18T09:20:02Z
phase01-data-v1,0b5bbc84b7f07d6d09d063130e90b716d8d4a32a,TRAIN_Q024,TRAIN,126427a4f8adb15bb334668fafaf78021e7a7171b44a6f873521f6cf7d8d8c48,a3f4ad601ff553e88baffda66811900bbb220336fa67913ff2a5f33f9a390a5c,false,available,"[""techqa-doc:corpus/swg21592093.txt""]",confirmed_attached_context,techqa-group:7ba8f91054e8b8bc026954ca728cca500098eb3587e8994ce38b08b5bd2008ef,test,42,connected-component-lexicographic-milp-v1,be474a6b88da73da789620bef66aec6c2421294beedfa90eb1363be16f5b13e1,2026-08-18T09:20:02Z
phase01-data-v1,0b5bbc84b7f07d6d09d063130e90b716d8d4a32a,TRAIN_Q025,TRAIN,18fa9b6ab449da6cd94ef2f7ea872a7511bbc94451cbc3cb3be6e04ed873117c,7effe4726f437261cee5ee8a743a9ed912bb03150b50a9670d12a3a848657981,true,not_applicable_impossible,[],not_applicable_impossible,techqa-group:5f2c98ec398a57ac2b16498043cb4b1eda521c717411d02c1c6f3ab6e15549b8,test,42,connected-component-lexicographic-milp-v1,be474a6b88da73da789620bef66aec6c2421294beedfa90eb1363be16f5b13e1,2026-08-18T09:20:02Z
phase01-data-v1,0b5bbc84b7f07d6d09d063130e90b716d8d4a32a,TRAIN_Q026,TRAIN,47ade7913f85b1ad57f1dde2df773b488f0747ebe5732c9e75525b4499e6acd4,35999f0f2c1d0c9c822b89faf15bb01104c56a1f0c26ad8ca9b4ecc875afb930,false,available,"[""techqa-doc:corpus/swg24039229.txt""]",confirmed_attached_context,techqa-group:621919ecdec356b789b461be790155ec01cdc105103636fe5f6d3edc58fa2a7b,train,42,connected-component-lexicographic-milp-v1,be474a6b88da73da789620bef66aec6c2421294beedfa90eb1363be16f5b13e1,2026-08-18T09:20:02Z
phase01-data-v1,0b5bbc84b7f07d6d09d063130e90b716d8d4a32a,TRAIN_Q027,TRAIN,a86da6c704b3355117ac05fc4360a104b3d549d6176ff0b735cb0abb68367e6b,f081006d2e597cd5dd1648889080be46ef554493cdbaf63ed8e45a3f352fd0e3,false,available,"[""techqa-doc:corpus/swg21611699.txt""]",confirmed_attached_context,techqa-group:c28adce152d03c853ac400e007502a95e135ca881378ebd69edbfee42812bf4f,validation,42,connected-component-lexicographic-milp-v1,be474a6b88da73da789620bef66aec6c2421294beedfa90eb1363be16f5b13e1,2026-08-18T09:20:02Z
phase01-data-v1,0b5bbc84b7f07d6d09d063130e90b716d8d4a32a,TRAIN_Q028,TRAIN,b1376dcf16e249878bad8d9dab405399e5befa8da492e660aebc067ec96f1c90,a807f5dafe4c3e62536069560ed94508fc2d4ce62344e38ae8582271e58f857d,false,available,"[""techqa-doc:corpus/swg22011689.txt""]",confirmed_attached_context,techqa-group:624c2e593b1cfd5317d9d8b90a424c9cd7e57d9514768ddd153deffee2d5615e,train,42,connected-component-lexicographic-milp-v1,be474a6b88da73da789620bef66aec6c2421294beedfa90eb1363be16f5b13e1,2026-08-18T09:20:02Z
phase01-data-v1,0b5bbc84b7f07d6d09d063130e90b716d8d4a32a,TRAIN_Q029,TRAIN,b9903a4ebba59470e85019a8c6bc966db2ae0c2c916bafad92232a838532ab14,5ea7cea1989df4520622cf9fd8a3805e0802f9d0945bcde4a3ca5dfafdaa4b05,false,available,"[""techqa-doc:corpus/swg21964202.txt""]",confirmed_attached_context,techqa-group:296b5ed503c252da117e6a0190a3929a11fd27e8161836da73d440c51dca35d2,validation,42,connected-component-lexicographic-milp-v1,be474a6b88da73da789620bef66aec6c2421294beedfa90eb1363be16f5b13e1,2026-08-18T09:20:02Z
phase01-data-v1,0b5bbc84b7f07d6d09d063130e90b716d8d4a32a,TRAIN_Q030,TRAIN,778140ca353f6a9c16b366ade03475dadab7dade3051f23e288e2070588a1596,01969752081803345d1f6cc9d4d045761006f69967fe5c6afa1b81d379bb94cf,false,available,"[""techqa-doc:corpus/swg21406783.txt""]",confirmed_attached_context,techqa-group:bf8831b8e5e1f86a68ff412a7c9ed816db7dfa0b2d7fc55f355c379c045c16a9,train,42,connected-component-lexicographic-milp-v1,be474a6b88da73da789620bef66aec6c2421294beedfa90eb1363be16f5b13e1,2026-08-18T09:20:02Z
phase01-data-v1,0b5bbc84b7f07d6d09d063130e90b716d8d4a32a,TRAIN_Q031,TRAIN,60bef5000f54c5f1b40b2a3e4ca037dca28c5cc4cf1033cf03f1604aa9c549fe,342aabb0d43f65b5823c63da2061c93f5059bb43c8f1e34b22f35a968b019c18,false,available,"[""techqa-doc:corpus/swg21318593.txt""]",confirmed_attached_context,techqa-group:bc8977263280346baef5daefb7aad27171e96ec9164eebf30e0aaaee14b82507,train,42,connected-component-lexicographic-milp-v1,be474a6b88da73da789620bef66aec6c2421294beedfa90eb1363be16f5b13e1,2026-08-18T09:20:02Z
phase01-data-v1,0b5bbc84b7f07d6d09d063130e90b716d8d4a32a,TRAIN_Q032,TRAIN,2de5fb4df02fa481d491b8dcdd1405a893c3acf47cafee40418b88de4c83f448,3ce5b9507f933fa6646e146e697cc12d2f881a8e6b066038d99f10bcaf82d813,true,not_applicable_impossible,[],not_applicable_impossible,techqa-group:655c5c3cb1da907af07f5359731c415332c98581895a5cb098dd2084c8d86e49,train,42,connected-component-lexicographic-milp-v1,be474a6b88da73da789620bef66aec6c2421294beedfa90eb1363be16f5b13e1,2026-08-18T09:20:02Z
phase01-data-v1,0b5bbc84b7f07d6d09d063130e90b716d8d4a32a,TRAIN_Q033,TRAIN,17be270ae33ce86097ebe847d68015dbfe53877c1c30d68567e35c2d9108aec1,7206685b6a7f1ea51fc62df427f52e9d9f351baef22b17515a8043ba5e2d0429,false,available,"[""techqa-doc:corpus/swg21591076.txt""]",confirmed_attached_context,techqa-group:e304d0803ce28300abe0ec4d4cadbfe446bb3b1ca4f22950e58c0f544ad31b31,train,42,connected-component-lexicographic-milp-v1,be474a6b88da73da789620bef66aec6c2421294beedfa90eb1363be16f5b13e1,2026-08-18T09:20:02Z
phase01-data-v1,0b5bbc84b7f07d6d09d063130e90b716d8d4a32a,TRAIN_Q034,TRAIN,ad1fb1fc056b411c9799aaceeaeb9d1e94a4a7abbc7d1f0b99dc396d1ce81adf,a2bb59a774ec57895437dcb9f590d684ee9a23561e31e799226af3d26d2bb385,false,available,"[""techqa-doc:corpus/swg24043575.txt""]",confirmed_attached_context,techqa-group:2980ea34009703bcaef198d7a1bc9f235449710823c3f3c9488ebf3955798549,train,42,connected-component-lexicographic-milp-v1,be474a6b88da73da789620bef66aec6c2421294beedfa90eb1363be16f5b13e1,2026-08-18T09:20:02Z
phase01-data-v1,0b5bbc84b7f07d6d09d063130e90b716d8d4a32a,TRAIN_Q035,TRAIN,b74bb2bb09167eeda4eeb8882142e32ba741b44a5ebce11c30d372992496c8bf,79118d51098e1535fef6d8a962b1069109c9f85eff36124687dcd47d05e868d4,true,not_applicable_impossible,[],not_applicable_impossible,techqa-group:55cd2ba1fc7d0a26de261da57d2fcd64c7c1ccbb154b218373ae8d02fe6f1bf7,train,42,connected-component-lexicographic-milp-v1,be474a6b88da73da789620bef66aec6c2421294beedfa90eb1363be16f5b13e1,2026-08-18T09:20:02Z
phase01-data-v1,0b5bbc84b7f07d6d09d063130e90b716d8d4a32a,TRAIN_Q036,TRAIN,ed4073b22696a7b87fc814754704e76367043f36339503842014c575fe5929e7,1c7e8faa149d7480f953eab774da37787fbd81d8f7f754c2c55322bbe4b8286d,true,not_applicable_impossible,[],not_applicable_impossible,techqa-group:f66df48c92bdc851987bf5c9b5356681850e303ab4fc9853ea21c8cb9f81f3de,test,42,connected-component-lexicographic-milp-v1,be474a6b88da73da789620bef66aec6c2421294beedfa90eb1363be16f5b13e1,2026-08-18T09:20:02Z
phase01-data-v1,0b5bbc84b7f07d6d09d063130e90b716d8d4a32a,TRAIN_Q037,TRAIN,07cb938c8ffc71b376021a4668520e054adeabcd99d82ce9112b4390f521a3bc,76366f386ae6cca7d1460b157a50ec0dbaf78e33a3317ffa590a91d10618924b,false,available,"[""techqa-doc:corpus/swg21576245.txt""]",confirmed_attached_context,techqa-group:70fd3268aee99ce1e175fdec3fb51db9a9b87a8641842f75edb88905a2d07b5b,train,42,connected-component-lexicographic-milp-v1,be474a6b88da73da789620bef66aec6c2421294beedfa90eb1363be16f5b13e1,2026-08-18T09:20:02Z
phase01-data-v1,0b5bbc84b7f07d6d09d063130e90b716d8d4a32a,TRAIN_Q038,TRAIN,f1ec358c9c1f56417c7722d3d9036cd69505d6d31c138a7af33479c1c00f6782,d5501c5b120ef9156203fac1b78411b43e1945a69ab688ac150e50f217cf9453,false,available,"[""techqa-doc:corpus/swg21341204.txt""]",confirmed_attached_context,techqa-group:454b0c1e876068b60996f1ebeecadf612f56329f96883b87ad72757fa26f41d0,train,42,connected-component-lexicographic-milp-v1,be474a6b88da73da789620bef66aec6c2421294beedfa90eb1363be16f5b13e1,2026-08-18T09:20:02Z
phase01-data-v1,0b5bbc84b7f07d6d09d063130e90b716d8d4a32a,TRAIN_Q039,TRAIN,f7897e5ee28ea179fbe143806da7a766d7f8cfb939b1d714d7666e754c6d9672,086fa70d541d6403904907d53f8546a97d51fd8485ab39c0d00199fdb70b5b3e,false,available,"[""techqa-doc:corpus/swg21660890.txt""]",confirmed_attached_context,techqa-group:b2d7d4fb61e50be388b6c9e4423ada6ef129af5d6f8696a6c2af7a3cc23b2634,train,42,connected-component-lexicographic-milp-v1,be474a6b88da73da789620bef66aec6c2421294beedfa90eb1363be16f5b13e1,2026-08-18T09:20:02Z
phase01-data-v1,0b5bbc84b7f07d6d09d063130e90b716d8d4a32a,TRAIN_Q040,TRAIN,29ecfa95c930e5808cb4535767f258018664523c57873a7f02f63ba588902f8b,f673f78a07b3f5ce003429c1d89590b5f5dc8edd0ce53383360771f8ca1008da,false,available,"[""techqa-doc:corpus/swg21628092.txt""]",confirmed_attached_context,techqa-group:744f4cf97d164a3dbffd694fccf833f46599eef47c66891c6fa4e381f4138539,train,42,connected-component-lexicographic-milp-v1,be474a6b88da73da789620bef66aec6c2421294beedfa90eb1363be16f5b13e1,2026-08-18T09:20:02Z
phase01-data-v1,0b5bbc84b7f07d6d09d063130e90b716d8d4a32a,TRAIN_Q041,TRAIN,32d0a89f26d9e136567629ee81d84c51df944363b576697d10507017ed5f4ac2,04b8ba4684d18ea94eba2af4a9e7255d18e8638c1463bed3034d18c12e8f1d1d,false,available,"[""techqa-doc:corpus/swg22005055.txt""]",confirmed_attached_context,techqa-group:b6e876a6fde8309328c758e4305da26ddcc0f4d0474870cb357da25ea5dfca50,train,42,connected-component-lexicographic-milp-v1,be474a6b88da73da789620bef66aec6c2421294beedfa90eb1363be16f5b13e1,2026-08-18T09:20:02Z
phase01-data-v1,0b5bbc84b7f07d6d09d063130e90b716d8d4a32a,TRAIN_Q042,TRAIN,ae0618155a022272522ef6fb9250048eec529fe6a02dca2c876af39c80fa1373,8b2c2e2f256bd63d6cd5e048242ce49c14ee58264ef7518d3ba2195e97d0a877,false,available,"[""techqa-doc:corpus/swg21664629.txt""]",confirmed_attached_context,techqa-group:b4ea833319806779767636dcbff342ab67439f53b02d6c0e19c08a9356827d08,test,42,connected-component-lexicographic-milp-v1,be474a6b88da73da789620bef66aec6c2421294beedfa90eb1363be16f5b13e1,2026-08-18T09:20:02Z
phase01-data-v1,0b5bbc84b7f07d6d09d063130e90b716d8d4a32a,TRAIN_Q043,TRAIN,c046db9ba62368700e60941dc7b2bd6895289da79907940133a9536ef26f564b,f01816a54c04534f25ec29bb25651db74ccdb2686de98ccee253b296bef7b9cb,false,available,"[""techqa-doc:corpus/swg21657023.txt""]",confirmed_attached_context,techqa-group:b82d044bfa8a4bc970310c311906de876a316c65493f6422d2128c74df0b837a,train,42,connected-component-lexicographic-milp-v1,be474a6b88da73da789620bef66aec6c2421294beedfa90eb1363be16f5b13e1,2026-08-18T09:20:02Z
phase01-data-v1,0b5bbc84b7f07d6d09d063130e90b716d8d4a32a,TRAIN_Q044,TRAIN,af02c55f5bc57adf7d8b721856357a53bdac25d467ede4b05a1f08245dc1d19f,36e18108b1100b942b0f86a298321dd43bb49fa916beff1d6418d9934dfb036a,false,available,"[""techqa-doc:corpus/swg21592093.txt""]",confirmed_attached_context,techqa-group:7ba8f91054e8b8bc026954ca728cca500098eb3587e8994ce38b08b5bd2008ef,test,42,connected-component-lexicographic-milp-v1,be474a6b88da73da789620bef66aec6c2421294beedfa90eb1363be16f5b13e1,2026-08-18T09:20:02Z
phase01-data-v1,0b5bbc84b7f07d6d09d063130e90b716d8d4a32a,TRAIN_Q045,TRAIN,89a64e8e3656846c808d815ca724bf028bb2f4d3e0758d97b396d60e3ab790b9,420eee9d36339508e3591022bc4a9486c596d4d04d0567f37ff78d2f8c91d84a,false,available,"[""techqa-doc:corpus/swg21598974.txt""]",confirmed_attached_context,techqa-group:9ec5c2583dc862dc868c75ddd9d8e7f5329e749b2682462c020c0ba6bbc730b2,train,42,connected-component-lexicographic-milp-v1,be474a6b88da73da789620bef66aec6c2421294beedfa90eb1363be16f5b13e1,2026-08-18T09:20:02Z
phase01-data-v1,0b5bbc84b7f07d6d09d063130e90b716d8d4a32a,TRAIN_Q046,TRAIN,51e80dd0c39a5d6388d824e6a12c36f6791c22deda29621c567a019138bf7ac9,4da454e4b85d342d525c5e7c0a19804084ccbb0569dc2c70778a75e2eaac9cf3,false,available,"[""techqa-doc:corpus/swg21695194.txt""]",confirmed_attached_context,techqa-group:b238e7aae5d58803b6baca48840fb12a140fe0fba46870f14257e602fd6c7bde,train,42,connected-component-lexicographic-milp-v1,be474a6b88da73da789620bef66aec6c2421294beedfa90eb1363be16f5b13e1,2026-08-18T09:20:02Z
phase01-data-v1,0b5bbc84b7f07d6d09d063130e90b716d8d4a32a,TRAIN_Q047,TRAIN,68801e5bbdd975b75b5e1ff08c168ccf5d16730ccff84d428dbd61d1826c0e0d,7e25f2a3925ba501e89b4058c49182914f7223b7f2439752220ab920937f5557,false,available,"[""techqa-doc:corpus/swg21998655.txt""]",confirmed_attached_context,techqa-group:7796fa41dd4afc3f33e46206ebf854b7a7bfb265d0d89447cf113656bdfd3ca7,validation,42,connected-component-lexicographic-milp-v1,be474a6b88da73da789620bef66aec6c2421294beedfa90eb1363be16f5b13e1,2026-08-18T09:20:02Z
phase01-data-v1,0b5bbc84b7f07d6d09d063130e90b716d8d4a32a,TRAIN_Q048,TRAIN,369e25228e497de5f28ce4e8bb262102ed878e7944d0d3e525972b909d95ef34,126a953b2e83673d556e697090cffd0704ee71855a1287022b982dc92057bb35,false,available,"[""techqa-doc:corpus/swg21696083.txt""]",confirmed_attached_context,techqa-group:64370db313ec6e1075ef6e6e1b760a878221793593a0d4bdc60ab93cda78c822,train,42,connected-component-lexicographic-milp-v1,be474a6b88da73da789620bef66aec6c2421294beedfa90eb1363be16f5b13e1,2026-08-18T09:20:02Z
phase01-data-v1,0b5bbc84b7f07d6d09d063130e90b716d8d4a32a,TRAIN_Q049,TRAIN,388673dc5d7adf992ad0314f27ff5db26cbc7f5e19df9ce05194b6b20ba693ed,8689c18bf7fc88410111a54d1040c102fa09a8eaa06c53d4678070dc55475b48,false,available,"[""techqa-doc:corpus/swg22012345.txt""]",confirmed_attached_context,techqa-group:110ce66acc198e9e3e5d1ad6df5e22bca3ed2f09b3f337c0715b4fc76cd28340,validation,42,connected-component-lexicographic-milp-v1,be474a6b88da73da789620bef66aec6c2421294beedfa90eb1363be16f5b13e1,2026-08-18T09:20:02Z
phase01-data-v1,0b5bbc84b7f07d6d09d063130e90b716d8d4a32a,TRAIN_Q050,TRAIN,a708618eeddab334c57a0c97a90edc0afb66909736729a3f4d68c0c0be49875d,391910eb3bae6c5d58244530deee9bfecbfbd8b4f88d06d1b2aa796c5cf2f7d1,false,available,"[""techqa-doc:corpus/swg21974566.txt""]",confirmed_attached_context,techqa-group:87d619f3e036b6dfb52203ca4980c162a3bebbfa44845914cc6412aefbfe627a,train,42,connected-component-lexicographic-milp-v1,be474a6b88da73da789620bef66aec6c2421294beedfa90eb1363be16f5b13e1,2026-08-18T09:20:02Z
phase01-data-v1,0b5bbc84b7f07d6d09d063130e90b716d8d4a32a,TRAIN_Q051,TRAIN,930ca955f4b41bfe92bbe62d115d29de75d76e3a7086a8b3826f74c13cc948bd,653a1aabc4ee752d3c9378c5eacd26fb7b240bb768e92d88af643ff595672bfa,true,not_applicable_impossible,[],not_applicable_impossible,techqa-group:3061c2d4dbd69ef287b147ba5f5b8a05e1f098d58b64159d7288b754ec4f2f51,train,42,connected-component-lexicographic-milp-v1,be474a6b88da73da789620bef66aec6c2421294beedfa90eb1363be16f5b13e1,2026-08-18T09:20:02Z
phase01-data-v1,0b5bbc84b7f07d6d09d063130e90b716d8d4a32a,TRAIN_Q052,TRAIN,ccd2e6f603b9b947ce1a3f35d5dfdbd22eaffb425a35c6d4ffd44b8952d19346,f163c8332e2de608fadb56c6431ee5a0e913a0e39fbf7620ab7aca82116d2d82,false,available,"[""techqa-doc:corpus/swg22004378.txt""]",confirmed_attached_context,techqa-group:27c8ed5976a890027d911d0e7b9c5ae349d374d46603d5b6ab1a8e10952ee6a5,train,42,connected-component-lexicographic-milp-v1,be474a6b88da73da789620bef66aec6c2421294beedfa90eb1363be16f5b13e1,2026-08-18T09:20:02Z
phase01-data-v1,0b5bbc84b7f07d6d09d063130e90b716d8d4a32a,TRAIN_Q053,TRAIN,ff918b819931f5fd2ec949ec14d0df4c051ac15dba1486e4d63f7b864c698f63,ca14338874a9cf89c1bbc2bc372bebef705d8d3714d956622e74b5d2e02faa5a,false,available,"[""techqa-doc:corpus/swg21502037.txt""]",confirmed_attached_context,techqa-group:574a84a619633893cca0c36f8930f60dba35cd10fc51982caad5af3fc1f10a8c,test,42,connected-component-lexicographic-milp-v1,be474a6b88da73da789620bef66aec6c2421294beedfa90eb1363be16f5b13e1,2026-08-18T09:20:02Z
phase01-data-v1,0b5bbc84b7f07d6d09d063130e90b716d8d4a32a,TRAIN_Q054,TRAIN,32596a83dc82e6d4043a7d8697c95fe84152c14caf12d1a69e4687270d3c0246,703c9f93d99bda5a2d3dc4e5cd8e7585beb0583d3ab311ed400d395d16585fc8,false,available,"[""techqa-doc:corpus/swg21660890.txt""]",confirmed_attached_context,techqa-group:b2d7d4fb61e50be388b6c9e4423ada6ef129af5d6f8696a6c2af7a3cc23b2634,train,42,connected-component-lexicographic-milp-v1,be474a6b88da73da789620bef66aec6c2421294beedfa90eb1363be16f5b13e1,2026-08-18T09:20:02Z
phase01-data-v1,0b5bbc84b7f07d6d09d063130e90b716d8d4a32a,TRAIN_Q055,TRAIN,477cfbc45d6883afa29075845ae968824d101381af862933456e85a28ad4c52e,2b4dcb033b5be9e063aacb2447cb93283010b2eb926c4b7127629f2c49bb8fb3,false,available,"[""techqa-doc:corpus/swg21502037.txt""]",confirmed_attached_context,techqa-group:574a84a619633893cca0c36f8930f60dba35cd10fc51982caad5af3fc1f10a8c,test,42,connected-component-lexicographic-milp-v1,be474a6b88da73da789620bef66aec6c2421294beedfa90eb1363be16f5b13e1,2026-08-18T09:20:02Z
phase01-data-v1,0b5bbc84b7f07d6d09d063130e90b716d8d4a32a,TRAIN_Q056,TRAIN,05827fe48d7b94baf123c72de4ad6d58d399e3f92f590a0efa562b2b81bbe1b9,f0384981f0b9c21f7262aebed65a4d5092831775c3bcaed50b50b0dbd77f60fe,false,available,"[""techqa-doc:corpus/swg21445430.txt""]",confirmed_attached_context,techqa-group:9747e8a3e987c87665fd78e2c109fc3d024c8163b8684fcc427d9cb47b0fcc8c,validation,42,connected-component-lexicographic-milp-v1,be474a6b88da73da789620bef66aec6c2421294beedfa90eb1363be16f5b13e1,2026-08-18T09:20:02Z
phase01-data-v1,0b5bbc84b7f07d6d09d063130e90b716d8d4a32a,TRAIN_Q057,TRAIN,4d4be0c3ba66aeaf59631905e2b233232acc84cffa931efe88c7c7d1b5aa1430,1d87552ee4f604ae68aa9ab8d7ee37db7c08ad1b7de81c4fe93d4d12048a3f8b,true,not_applicable_impossible,[],not_applicable_impossible,techqa-group:9f0d029760795ffdf3d6d1ddad881977c35d663a56c642e44a91cd423229908b,train,42,connected-component-lexicographic-milp-v1,be474a6b88da73da789620bef66aec6c2421294beedfa90eb1363be16f5b13e1,2026-08-18T09:20:02Z
phase01-data-v1,0b5bbc84b7f07d6d09d063130e90b716d8d4a32a,TRAIN_Q058,TRAIN,d4335142a6496aca113cf5f2a4a8b2cd0478b12898c9b319dde79eeb5b34f217,6bcf25a7b19df901fb607b56732c4713fbb3c717bd6d7f46a506965126c7b8c2,false,available,"[""techqa-doc:corpus/swg1PI37248.txt""]",confirmed_attached_context,techqa-group:c120e3d5635fa6cbaf9e6cfdc76882c36a62dc41a02f932b3afcf086559dc478,validation,42,connected-component-lexicographic-milp-v1,be474a6b88da73da789620bef66aec6c2421294beedfa90eb1363be16f5b13e1,2026-08-18T09:20:02Z
phase01-data-v1,0b5bbc84b7f07d6d09d063130e90b716d8d4a32a,TRAIN_Q059,TRAIN,776d300820701e55095019740c161891d96002dbb57e11df2caa2628eb9a0a8d,67811fd152b940548bcf740dbcc5b25ea285e1be084db723339670a8ab3e0eb4,false,available,"[""techqa-doc:corpus/swg21377984.txt""]",confirmed_attached_context,techqa-group:f43e63ee0e2ea68c49288580bfce9138e67da53f1b78cdce727af2b189ff1a03,train,42,connected-component-lexicographic-milp-v1,be474a6b88da73da789620bef66aec6c2421294beedfa90eb1363be16f5b13e1,2026-08-18T09:20:02Z
phase01-data-v1,0b5bbc84b7f07d6d09d063130e90b716d8d4a32a,TRAIN_Q060,TRAIN,125868c0a30a0c6eb5c3aa57a2544b8151dacfda231fc26dbeb67f582078abb8,bd8e152d9cbda1217de6fdea15c4e943677616619eb7242e8f7bea4a9f51e315,false,available,"[""techqa-doc:corpus/swg22009818.txt""]",confirmed_attached_context,techqa-group:deecc79e32bf63eeba37d72c7f8db1ce8574423cb9b54eeaeddce74c9732eaf3,train,42,connected-component-lexicographic-milp-v1,be474a6b88da73da789620bef66aec6c2421294beedfa90eb1363be16f5b13e1,2026-08-18T09:20:02Z
phase01-data-v1,0b5bbc84b7f07d6d09d063130e90b716d8d4a32a,TRAIN_Q061,TRAIN,3b7f227ff6fc8d3fcb39ab1b1d1ce1bfd5d8ffd07c8214a5e693ffe65068cb28,c5fdabfd1b1be649c3e938617b76d5532330368b4aa9a1330e7e475462148f91,true,not_applicable_impossible,[],not_applicable_impossible,techqa-group:5444ad1773115929179b518b0ff8e3748121968575a659fc2f81e21d2e4ba7fe,train,42,connected-component-lexicographic-milp-v1,be474a6b88da73da789620bef66aec6c2421294beedfa90eb1363be16f5b13e1,2026-08-18T09:20:02Z
phase01-data-v1,0b5bbc84b7f07d6d09d063130e90b716d8d4a32a,TRAIN_Q062,TRAIN,a326b893c0211fded92ad8db4d0dcfc7b0e9f5f2283a32de5e8deba83ad6aa7e,352075e8cb1502d05a022c2a56215e0f92e3b1a78fd65bfb3053bca7022a45b3,false,available,"[""techqa-doc:corpus/swg21657458.txt""]",confirmed_attached_context,techqa-group:40b349551a326bf8c91aeb3eede130507609d6b21bc7e4e3873b6118bd17d821,train,42,connected-component-lexicographic-milp-v1,be474a6b88da73da789620bef66aec6c2421294beedfa90eb1363be16f5b13e1,2026-08-18T09:20:02Z
phase01-data-v1,0b5bbc84b7f07d6d09d063130e90b716d8d4a32a,TRAIN_Q063,TRAIN,323bb59857bff8d1d1073f4a0da0d8f04c73a9a6862e77d1fc4e9088ec7eef81,9c2fdb6cbaf7c5577966ba2838eeeceaaa1a00972d026fdd3f8b7c0e9419a458,false,available,"[""techqa-doc:corpus/swg24039235.txt""]",confirmed_attached_context,techqa-group:4816cd21763daf5220cc77cf2a2a234cf36553f7dba1ac968edcfd738ca5fd38,validation,42,connected-component-lexicographic-milp-v1,be474a6b88da73da789620bef66aec6c2421294beedfa90eb1363be16f5b13e1,2026-08-18T09:20:02Z
phase01-data-v1,0b5bbc84b7f07d6d09d063130e90b716d8d4a32a,TRAIN_Q064,TRAIN,202c0524ca0148e38054cc7c96da5eddddeb353d5457bc1c891a502972774b44,feb599915c7969a9481b45c70479a62419953668a460d04f884a1df07d1d4e33,false,available,"[""techqa-doc:corpus/swg27045339.txt""]",confirmed_attached_context,techqa-group:fc5c5e0efd8d9ea1754bb2f9f91cd2178bcb8059f8c0b14e3ad4f53edb2cd24d,train,42,connected-component-lexicographic-milp-v1,be474a6b88da73da789620bef66aec6c2421294beedfa90eb1363be16f5b13e1,2026-08-18T09:20:02Z
phase01-data-v1,0b5bbc84b7f07d6d09d063130e90b716d8d4a32a,TRAIN_Q065,TRAIN,6a90b30755d70380ffca5e0afc626a6d784965397e64f6fec3132944ae1bf8b2,5711646d9d2ffed075afde5f6396642a0cdd56713e041148f60faf9dff16a4f7,false,available,"[""techqa-doc:corpus/swg21636533.txt""]",confirmed_attached_context,techqa-group:4a3ddc01cf87e81cb02e9b697a99379226cb8af059b34b8bf3160008db1b5d9f,validation,42,connected-component-lexicographic-milp-v1,be474a6b88da73da789620bef66aec6c2421294beedfa90eb1363be16f5b13e1,2026-08-18T09:20:02Z
phase01-data-v1,0b5bbc84b7f07d6d09d063130e90b716d8d4a32a,TRAIN_Q066,TRAIN,fa251b16ebf8f1b485e73724c6b30598b1173a3028ae257c1d255145d855a095,93bfc83633a7b1858d7a41fb018a57a34c15f58d3a0730feb9354fab5cf39c44,false,available,"[""techqa-doc:corpus/swg24043263.txt""]",confirmed_attached_context,techqa-group:f7566b218b5f19854d28cb3391fc17d7c2eb80b165a52c56ca20ad06637f6a36,train,42,connected-component-lexicographic-milp-v1,be474a6b88da73da789620bef66aec6c2421294beedfa90eb1363be16f5b13e1,2026-08-18T09:20:02Z
phase01-data-v1,0b5bbc84b7f07d6d09d063130e90b716d8d4a32a,TRAIN_Q067,TRAIN,392e7d7ac310e0176e291487a33b7bf536aa673b62baa87eb9fa7776a426556b,3ec3993c42982f7313ce45a2314b609e4bc90b70a9523f41d47dd64ce6b2fe40,false,available,"[""techqa-doc:corpus/swg21451229.txt""]",confirmed_attached_context,techqa-group:b5383cf04930626848691aaef475de9dc2ab81b52a0d0c64d79dcba8fc486d83,validation,42,connected-component-lexicographic-milp-v1,be474a6b88da73da789620bef66aec6c2421294beedfa90eb1363be16f5b13e1,2026-08-18T09:20:02Z
phase01-data-v1,0b5bbc84b7f07d6d09d063130e90b716d8d4a32a,TRAIN_Q068,TRAIN,308a25241a1c0261fe049169c51ab8eac1539be6aaf26be7aceda299cc49ec4e,51754a6103a5faccde9d8d5871ef2231463fa8a8659dc22b0163b47374f20885,false,available,"[""techqa-doc:corpus/swg21406783.txt""]",confirmed_attached_context,techqa-group:bf8831b8e5e1f86a68ff412a7c9ed816db7dfa0b2d7fc55f355c379c045c16a9,train,42,connected-component-lexicographic-milp-v1,be474a6b88da73da789620bef66aec6c2421294beedfa90eb1363be16f5b13e1,2026-08-18T09:20:02Z
phase01-data-v1,0b5bbc84b7f07d6d09d063130e90b716d8d4a32a,TRAIN_Q069,TRAIN,4562a17bbda001509b43c1f2bf3e132900d612c24ad6287e0e8284cdcd38f3ef,8e8ccc76b3a8a7a5696e08715438251b671520203d33ce7c62cf42be6c372fcd,false,available,"[""techqa-doc:corpus/swg21632275.txt""]",confirmed_attached_context,techqa-group:221c7b37e32ed217e670e84f363d08f9f4a44c326aaa4b07f18ce00f8d6cd915,train,42,connected-component-lexicographic-milp-v1,be474a6b88da73da789620bef66aec6c2421294beedfa90eb1363be16f5b13e1,2026-08-18T09:20:02Z
phase01-data-v1,0b5bbc84b7f07d6d09d063130e90b716d8d4a32a,TRAIN_Q070,TRAIN,728daec5c57d54388187e5344cb1377ae03e117e2f9c5e5e3a8307c14020d653,feb3dd1730a9d9028afac237e768e18a1a4cce3593a744c900916b3f9d680639,false,available,"[""techqa-doc:corpus/swg21982451.txt""]",confirmed_attached_context,techqa-group:d0351834d6fb13d43b3e4bc45aa7e0f2911f7a68efbd27608c6a0d992fa555b1,train,42,connected-component-lexicographic-milp-v1,be474a6b88da73da789620bef66aec6c2421294beedfa90eb1363be16f5b13e1,2026-08-18T09:20:02Z
phase01-data-v1,0b5bbc84b7f07d6d09d063130e90b716d8d4a32a,TRAIN_Q071,TRAIN,6169640d7219f46bace968430921865b5a03bce86cd407b09425b71ca4ba4ae4,4e9c336d8a9b60b4eb0e78647104e99cf91849e71089b407e0735d361f8e40aa,false,available,"[""techqa-doc:corpus/swg21962862.txt""]",confirmed_attached_context,techqa-group:0c454ee12f1177fff7bb5600e48c1e3d5ccd5c5ef61c4896cf105ff9ac0b1c96,train,42,connected-component-lexicographic-milp-v1,be474a6b88da73da789620bef66aec6c2421294beedfa90eb1363be16f5b13e1,2026-08-18T09:20:02Z
phase01-data-v1,0b5bbc84b7f07d6d09d063130e90b716d8d4a32a,TRAIN_Q072,TRAIN,de5422b3d9d072a488f1f4a01578d215da595b9e1b2b51d7078a0c4da873a987,83c9ba60dc5efc6e131a0d6c2bd698cef09ceb16cf5bea32c8dc1d4b86daeef9,false,available,"[""techqa-doc:corpus/swg1PI34677.txt""]",confirmed_attached_context,techqa-group:586993d826caabe4fea8b09806ba8bd6df2786e39ab0a8343edcc71f09ea3af9,train,42,connected-component-lexicographic-milp-v1,be474a6b88da73da789620bef66aec6c2421294beedfa90eb1363be16f5b13e1,2026-08-18T09:20:02Z
phase01-data-v1,0b5bbc84b7f07d6d09d063130e90b716d8d4a32a,TRAIN_Q073,TRAIN,560caf6c746e7c1c8f4df758470ccf461caffcc70d267a802a590d4a78266b40,9a69c6ba0291ebf8a8612991999ba2271ea86843acc55cc36d9e19e10cbe1cd9,false,available,"[""techqa-doc:corpus/swg21598779.txt""]",confirmed_attached_context,techqa-group:22d34ec4b3700aecd9ec266183c80c00b50e3dbc311c57d012e8fef9e4e98d37,test,42,connected-component-lexicographic-milp-v1,be474a6b88da73da789620bef66aec6c2421294beedfa90eb1363be16f5b13e1,2026-08-18T09:20:02Z
phase01-data-v1,0b5bbc84b7f07d6d09d063130e90b716d8d4a32a,TRAIN_Q074,TRAIN,a71064b9610d3956dd9cbf0603fcdd331510a436fe9edf20b34027329969e9dd,6fbf33d56ee12adbefc2712dad71f2447102ff5ff386492249dc47612365884e,true,not_applicable_impossible,[],not_applicable_impossible,techqa-group:4a6aa1f7af5c15319f63f0658b8bc32ad209fd9713a6530ef9447e34ab034c3b,train,42,connected-component-lexicographic-milp-v1,be474a6b88da73da789620bef66aec6c2421294beedfa90eb1363be16f5b13e1,2026-08-18T09:20:02Z
phase01-data-v1,0b5bbc84b7f07d6d09d063130e90b716d8d4a32a,TRAIN_Q075,TRAIN,499c0f2c5cfcd04d3840e039d4eb3176a8d02f9091c4921f40f3529687efc27f,ef4b77a4be76c5b233f48e9952834fccfec557b1ba4f116c2bf54445fd6b5128,false,available,"[""techqa-doc:corpus/swg24044440.txt""]",confirmed_attached_context,techqa-group:9494deba3e9a7f198bfef6d04f2ae36f4a09f46d68f816820578a4d1168cdc23,train,42,connected-component-lexicographic-milp-v1,be474a6b88da73da789620bef66aec6c2421294beedfa90eb1363be16f5b13e1,2026-08-18T09:20:02Z
phase01-data-v1,0b5bbc84b7f07d6d09d063130e90b716d8d4a32a,TRAIN_Q076,TRAIN,5b8876aee2c5fc70985dec26156ed4fa79cedd25ae4a98bcf753f0e5644e2618,01bed7c79f1f6bd4dccc7218b7834d66d6b3d0c2ab2749c114bc129eeefdc3e3,false,available,"[""techqa-doc:corpus/swg22014367.txt""]",confirmed_attached_context,techqa-group:249caae1d760c1a721c4fee2da296d867fbc14c5fc7f7e1edc3d56491cd80a5e,train,42,connected-component-lexicographic-milp-v1,be474a6b88da73da789620bef66aec6c2421294beedfa90eb1363be16f5b13e1,2026-08-18T09:20:02Z
phase01-data-v1,0b5bbc84b7f07d6d09d063130e90b716d8d4a32a,TRAIN_Q077,TRAIN,5ab21a96fd7c0722366b788ece82f62bdf901474d469113fd94e7672a96880e8,4912e2621be933cef3adfaac9f677c7f844433e0f88c3dff081b4b924ef42402,true,not_applicable_impossible,[],not_applicable_impossible,techqa-group:f34325448d4c989a8934e9ca74482a7bd282e4633b5a97fe9cdfb3eb70eca6cd,validation,42,connected-component-lexicographic-milp-v1,be474a6b88da73da789620bef66aec6c2421294beedfa90eb1363be16f5b13e1,2026-08-18T09:20:02Z
phase01-data-v1,0b5bbc84b7f07d6d09d063130e90b716d8d4a32a,TRAIN_Q078,TRAIN,8e6f06eeb78496ffe2c90d80a4c48275543bad787acc01ca0d8394a093b96c33,4e1b36a35587ee5cff2771e12ebc991b3062892dfc3e61ccb17e3fddf49f1443,true,not_applicable_impossible,[],not_applicable_impossible,techqa-group:bd1b5241df2e1e0e0b1f15e1e682f6fa9c3634ae03a48fde9f3d203c671e381b,train,42,connected-component-lexicographic-milp-v1,be474a6b88da73da789620bef66aec6c2421294beedfa90eb1363be16f5b13e1,2026-08-18T09:20:02Z
phase01-data-v1,0b5bbc84b7f07d6d09d063130e90b716d8d4a32a,TRAIN_Q079,TRAIN,bed8e46789b9b45cc6a04b201074e1e4c20a39a871a965d4c459cea15fbe85ac,92574ff1b85e6e5a9725f4c547633c1c4b51106bffe8d2be3bda8e062e076c79,true,not_applicable_impossible,[],not_applicable_impossible,techqa-group:f28d808d3baa901d356bdc2b09a6baf7ee6768ae39488d5b2716d8ac1c0dbbe2,train,42,connected-component-lexicographic-milp-v1,be474a6b88da73da789620bef66aec6c2421294beedfa90eb1363be16f5b13e1,2026-08-18T09:20:02Z
phase01-data-v1,0b5bbc84b7f07d6d09d063130e90b716d8d4a32a,TRAIN_Q080,TRAIN,a68ce390b04617f44989ad801d9b5c8e9f2f52a8f15b5bf56838a02f3f38aeec,1c2eb346387a63b65ce490f7e05f840019512303fd3324dff1d83ae26c1251f2,false,available,"[""techqa-doc:corpus/swg22010832.txt""]",confirmed_attached_context,techqa-group:fb1346d8300f1a3426ed749096da4eb261e063762bc8925d617403fca55e2543,train,42,connected-component-lexicographic-milp-v1,be474a6b88da73da789620bef66aec6c2421294beedfa90eb1363be16f5b13e1,2026-08-18T09:20:02Z
phase01-data-v1,0b5bbc84b7f07d6d09d063130e90b716d8d4a32a,TRAIN_Q081,TRAIN,d014df128ae08f2306d43d026ee032e4085ada44714c84a2e2397f153c03c031,644e175c28e207e3858e9a1b039ac4c2b9046b4c3b15287ab7b7ed26b4f5d721,false,available,"[""techqa-doc:corpus/swg24042387.txt""]",confirmed_attached_context,techqa-group:94405ee9283ef81d64314b470e2fc36004a4e07b5d1edd425b784a5f9575b059,train,42,connected-component-lexicographic-milp-v1,be474a6b88da73da789620bef66aec6c2421294beedfa90eb1363be16f5b13e1,2026-08-18T09:20:02Z
phase01-data-v1,0b5bbc84b7f07d6d09d063130e90b716d8d4a32a,TRAIN_Q082,TRAIN,c640cfea231df0bdd5ecbab8b1e1de356f57fc3d648c57677327a6cd30b38c91,1cfd562017442407f3c02b071d62c92ba6d00eb00b1c2c0dade73251ebf65a60,false,available,"[""techqa-doc:corpus/swg21902778.txt""]",confirmed_attached_context,techqa-group:22e55f996b001bb10a0a4e62acf5782fa18b7e557913100187ca82e41d0cd8c7,validation,42,connected-component-lexicographic-milp-v1,be474a6b88da73da789620bef66aec6c2421294beedfa90eb1363be16f5b13e1,2026-08-18T09:20:02Z
phase01-data-v1,0b5bbc84b7f07d6d09d063130e90b716d8d4a32a,TRAIN_Q083,TRAIN,05ab282d4c6dbca3bf1f8e35c42aca602b17f8ee796809afa1ba0b430df82eb1,f91aa1631659ba87f4076717f7d218776a5b608b00a7c8efa5724a668660c707,false,available,"[""techqa-doc:corpus/swg21634612.txt""]",confirmed_attached_context,techqa-group:8882e95ac052d0f123135433154cbb3f12139c1d520816a7e12d278b3ab399c6,validation,42,connected-component-lexicographic-milp-v1,be474a6b88da73da789620bef66aec6c2421294beedfa90eb1363be16f5b13e1,2026-08-18T09:20:02Z
phase01-data-v1,0b5bbc84b7f07d6d09d063130e90b716d8d4a32a,TRAIN_Q084,TRAIN,d0551c6a3004bfe08256b3c57ec3d139b2e416116088b6d30f7b8c2ddc47f887,bb565401d77bbf148e5d4c6cf082d72be903b9008c4228b51274d22b8a068777,false,available,"[""techqa-doc:corpus/swg22012983.txt""]",confirmed_attached_context,techqa-group:a320c6aa70f3faf661295d1f82083525a0b48b95ffd36c2f450124dcc5be4c2b,train,42,connected-component-lexicographic-milp-v1,be474a6b88da73da789620bef66aec6c2421294beedfa90eb1363be16f5b13e1,2026-08-18T09:20:02Z
phase01-data-v1,0b5bbc84b7f07d6d09d063130e90b716d8d4a32a,TRAIN_Q085,TRAIN,9887e8289cb99759754bdaa650949ee20f449a7a054de41b92cf04727cabfa46,d0c17d84217fc65f3ef06d32fa08a6953856c3e3b5c28dfe38fe91ce4371395f,false,available,"[""techqa-doc:corpus/swg21366662.txt""]",confirmed_attached_context,techqa-group:091195b40eaf6159448d2ce8a57c3d890155f427ee2c4e876135ac86bfaa0b95,train,42,connected-component-lexicographic-milp-v1,be474a6b88da73da789620bef66aec6c2421294beedfa90eb1363be16f5b13e1,2026-08-18T09:20:02Z
phase01-data-v1,0b5bbc84b7f07d6d09d063130e90b716d8d4a32a,TRAIN_Q086,TRAIN,a16c11941dba29de7fcc7062346a317ea2a6fdf72d0cd36c4b29b2b0e80acb12,6bf1ce2a709d0b01002b461917f5bcc072270ea95b4e9e1be8d897f74c424dd0,true,not_applicable_impossible,[],not_applicable_impossible,techqa-group:77a9526d5e7b88b83ffaf2a1b23b04cd8f9121811fa48284847427e4e99b8932,train,42,connected-component-lexicographic-milp-v1,be474a6b88da73da789620bef66aec6c2421294beedfa90eb1363be16f5b13e1,2026-08-18T09:20:02Z
phase01-data-v1,0b5bbc84b7f07d6d09d063130e90b716d8d4a32a,TRAIN_Q087,TRAIN,a50f7a29c7a73a3bb6adb378de6fc4e0873d39fe03ceb6f04f7a7c98cab3939d,bdbd83de4de38294feb8eb418c512b447076702b40c06e8da2e0a9120201fb78,false,available,"[""techqa-doc:corpus/swg21631478.txt""]",confirmed_attached_context,techqa-group:d049de0e2e1799be42b0b43274bb3e24315cf451c1fed25fb3387776a3ca4444,validation,42,connected-component-lexicographic-milp-v1,be474a6b88da73da789620bef66aec6c2421294beedfa90eb1363be16f5b13e1,2026-08-18T09:20:02Z
phase01-data-v1,0b5bbc84b7f07d6d09d063130e90b716d8d4a32a,TRAIN_Q088,TRAIN,b69343691c4435316cc0ce31520f62d35ee4a10c1755469c8a055ed1140f4ca2,eb086bfc24cac16ae7d90eacad0ec3f4938842fd1ad28b15fedfff70d73de84e,true,not_applicable_impossible,[],not_applicable_impossible,techqa-group:c310cddc8ba7643a730e12b6c18bea3c429b505b0160915f628f8389d6ea091c,validation,42,connected-component-lexicographic-milp-v1,be474a6b88da73da789620bef66aec6c2421294beedfa90eb1363be16f5b13e1,2026-08-18T09:20:02Z
phase01-data-v1,0b5bbc84b7f07d6d09d063130e90b716d8d4a32a,TRAIN_Q089,TRAIN,0da60511757fc3638e9333822f058cb650d051b5037bd9edc6bc71fc9eaa7065,c306ea395252d937391c271678d834029dc6b611e51d0cd967c1df7220604fc9,false,available,"[""techqa-doc:corpus/swg21965955.txt""]",confirmed_attached_context,techqa-group:411cd682799ad2ec1c6728d932cc107ab26e1cc5534b54306390453f8275e00b,train,42,connected-component-lexicographic-milp-v1,be474a6b88da73da789620bef66aec6c2421294beedfa90eb1363be16f5b13e1,2026-08-18T09:20:02Z
phase01-data-v1,0b5bbc84b7f07d6d09d063130e90b716d8d4a32a,TRAIN_Q090,TRAIN,816f6300545a213c2f1d5a0ccf1a291420f4b631f2f1a6b38e2313c1f166d4c1,685feeb260e9bc03720ae45091121a9998fb29f40d17d96f142c82debb53bf3a,false,available,"[""techqa-doc:corpus/swg24044840.txt""]",confirmed_attached_context,techqa-group:e9fbf798cd55a2893f2a80be4340b23ae9f9749706a87034467824c683961359,train,42,connected-component-lexicographic-milp-v1,be474a6b88da73da789620bef66aec6c2421294beedfa90eb1363be16f5b13e1,2026-08-18T09:20:02Z
phase01-data-v1,0b5bbc84b7f07d6d09d063130e90b716d8d4a32a,TRAIN_Q091,TRAIN,51443356b434f4a926b89009d633cebbe33d41e8edfad4ecd9cab9bea21f087a,2c52976c5ce3d5efb22aea13a6023b2c964136be2d34903154cffc548151cbe2,false,available,"[""techqa-doc:corpus/swg21648986.txt""]",confirmed_attached_context,techqa-group:69c32720564781e5c4cb2747740b4d5aedfb204e7737f5bd5314c3120526ea38,train,42,connected-component-lexicographic-milp-v1,be474a6b88da73da789620bef66aec6c2421294beedfa90eb1363be16f5b13e1,2026-08-18T09:20:02Z
phase01-data-v1,0b5bbc84b7f07d6d09d063130e90b716d8d4a32a,TRAIN_Q092,TRAIN,c4ad323dbd6d71a99a561b0a229038b2edf40e4920af6f9ac1088e088e7a0eda,4d307f17cbdc45025348d6c6b3dfd7a5db03e08ac6b1d67bf244d69514fcdef8,false,available,"[""techqa-doc:corpus/swg21268440.txt""]",confirmed_attached_context,techqa-group:231dd527bce88636a20ce69d99ad8eacc47d9ab417d8c09c1bfb0b8dca9d668b,train,42,connected-component-lexicographic-milp-v1,be474a6b88da73da789620bef66aec6c2421294beedfa90eb1363be16f5b13e1,2026-08-18T09:20:02Z
phase01-data-v1,0b5bbc84b7f07d6d09d063130e90b716d8d4a32a,TRAIN_Q093,TRAIN,6d9093bde3fbd73a8b63c792958b9cb221cf305ae3d05a09fb283700b8b5dddc,b7728ca935c2262de2b30948e2fd97b56cc4eaf8db4a7d1a8a3fb0d092faf6eb,false,available,"[""techqa-doc:corpus/swg21993043.txt""]",confirmed_attached_context,techqa-group:9fae387d69930b76805612e95970753f7018cfd6d0bd2478154a3f028ae5dcd1,train,42,connected-component-lexicographic-milp-v1,be474a6b88da73da789620bef66aec6c2421294beedfa90eb1363be16f5b13e1,2026-08-18T09:20:02Z
phase01-data-v1,0b5bbc84b7f07d6d09d063130e90b716d8d4a32a,TRAIN_Q094,TRAIN,2eda3ebb5410927c26432500d5e0e0747f7a679446acd0839986ca4018ed39f8,3b7979e31a6acbe4ab91e0b6e1e82ecb680dfd801d02ce53d024441a8f16825b,true,not_applicable_impossible,[],not_applicable_impossible,techqa-group:f2918a163fba20f5ed0fbe7de83ca6fd8e5135dcf62954987b51ee1b4fcc0634,test,42,connected-component-lexicographic-milp-v1,be474a6b88da73da789620bef66aec6c2421294beedfa90eb1363be16f5b13e1,2026-08-18T09:20:02Z
phase01-data-v1,0b5bbc84b7f07d6d09d063130e90b716d8d4a32a,TRAIN_Q095,TRAIN,974f0dd2b86a0b6446fa97c086b9c7a8329bd82aaf11de0f748cd1665fd0c2d4,70312ca0eeebf87cea2cb235dbec4e78b6ce345070915c3692aec0e1051c94ac,true,not_applicable_impossible,[],not_applicable_impossible,techqa-group:ab6c2748c38bedbeea0577fecb149aac12d4d544d6ff666a6f8438e823d19728,validation,42,connected-component-lexicographic-milp-v1,be474a6b88da73da789620bef66aec6c2421294beedfa90eb1363be16f5b13e1,2026-08-18T09:20:02Z
phase01-data-v1,0b5bbc84b7f07d6d09d063130e90b716d8d4a32a,TRAIN_Q096,TRAIN,1b3ac7f19f441eb1fcead95b27a333d88d68bf30129e23051df8ba5d3e82fb52,082d0851cd905a79c9c9d4aa10a967621f756b6c19d0a2d5fd9f164cdf5826f5,true,not_applicable_impossible,[],not_applicable_impossible,techqa-group:49b44cbdff2ee9d0a320533f178d72e37de90cdfc73f049a67306f5d2f01888d,train,42,connected-component-lexicographic-milp-v1,be474a6b88da73da789620bef66aec6c2421294beedfa90eb1363be16f5b13e1,2026-08-18T09:20:02Z
phase01-data-v1,0b5bbc84b7f07d6d09d063130e90b716d8d4a32a,TRAIN_Q097,TRAIN,5d852554fdf038349b20d330dc827941b4623ebd7b33ca1373339eeae0521a47,559b97e3c03bfc5d0942e787ec72800c134046324fe0ff4376bf55f7bfb083c1,false,available,"[""techqa-doc:corpus/swg21067352.txt""]",confirmed_attached_context,techqa-group:c9ffe5968bd508b7702ce3f0ffdf7fc78ab8e4fbcec6964f6b5de81b4b613b46,validation,42,connected-component-lexicographic-milp-v1,be474a6b88da73da789620bef66aec6c2421294beedfa90eb1363be16f5b13e1,2026-08-18T09:20:02Z
phase01-data-v1,0b5bbc84b7f07d6d09d063130e90b716d8d4a32a,TRAIN_Q098,TRAIN,6428171e327bd846617e1d3d69093e250f4e6a44f59b204d3565f90ac8882200,5b77676d151853d9d6117e50ff2eae50e99724b2f80d90666f4a29495a810ad9,false,available,"[""techqa-doc:corpus/swg21902654.txt""]",confirmed_attached_context,techqa-group:e24596eefbfba0f7319333dba21e5f9dc8c15acb0d0e563e6625c5d15ce633cb,train,42,connected-component-lexicographic-milp-v1,be474a6b88da73da789620bef66aec6c2421294beedfa90eb1363be16f5b13e1,2026-08-18T09:20:02Z
phase01-data-v1,0b5bbc84b7f07d6d09d063130e90b716d8d4a32a,TRAIN_Q099,TRAIN,c7d4a668033ff1a1fb345ca4c4950d5e2e5b295cb4a41d5a56b0ccf8b4416d1f,533180b3761c12159f2c3d7918e3f18fdf11cd3b0561ec45f27a58b69ec4f3db,true,not_applicable_impossible,[],not_applicable_impossible,techqa-group:4e02ee516917938d608f0e906e1420617fd07634082fd2bead630bb6a50f4a43,train,42,connected-component-lexicographic-milp-v1,be474a6b88da73da789620bef66aec6c2421294beedfa90eb1363be16f5b13e1,2026-08-18T09:20:02Z
phase01-data-v1,0b5bbc84b7f07d6d09d063130e90b716d8d4a32a,TRAIN_Q100,TRAIN,b796598542112e54f17c993022aac54d1bfa7fdf758e6075ac2aa0b7259295da,57633827e0196e699c1e1cabf69e803c802788daca9c791e274994987e7283a8,false,available,"[""techqa-doc:corpus/swg24039742.txt""]",confirmed_attached_context,techqa-group:25de6fe60330a3e6a17d43f0a3c92b99dedebca98b2e91bce7df45173cb4a458,train,42,connected-component-lexicographic-milp-v1,be474a6b88da73da789620bef66aec6c2421294beedfa90eb1363be16f5b13e1,2026-08-18T09:20:02Z
phase01-data-v1,0b5bbc84b7f07d6d09d063130e90b716d8d4a32a,TRAIN_Q101,TRAIN,39fa10761cda7c8d914d53a5d9cf537f7ffd019718fd39fdb8719b5339e65c96,8170dd8775966455814d7112c1e85c67ace64f9f4e57bc6bc92db64d5a47b7fb,false,available,"[""techqa-doc:corpus/swg22009818.txt""]",confirmed_attached_context,techqa-group:deecc79e32bf63eeba37d72c7f8db1ce8574423cb9b54eeaeddce74c9732eaf3,train,42,connected-component-lexicographic-milp-v1,be474a6b88da73da789620bef66aec6c2421294beedfa90eb1363be16f5b13e1,2026-08-18T09:20:02Z
phase01-data-v1,0b5bbc84b7f07d6d09d063130e90b716d8d4a32a,TRAIN_Q102,TRAIN,a7a5a96af88b2e5a5f5732c74d23c3938bcda915681233ce1ea04b1fa821a7f4,d33cc119a279305536c17684e1b44a7e0563345c191b10aec70b50c3470c65c6,true,not_applicable_impossible,[],not_applicable_impossible,techqa-group:3759dcbf1bfb6941a76f21840deab7f60c44b31d076d4adf1eb00a9f7a76207b,train,42,connected-component-lexicographic-milp-v1,be474a6b88da73da789620bef66aec6c2421294beedfa90eb1363be16f5b13e1,2026-08-18T09:20:02Z
phase01-data-v1,0b5bbc84b7f07d6d09d063130e90b716d8d4a32a,TRAIN_Q103,TRAIN,d561659fd47fed8cf78ff2eabfb39254cbef9825655278a96e6cfcca142fb91c,2dd73bcb0e60eaa76ea7e5c86cbfd39123a11fbb909683f764b312522dea71f6,false,available,"[""techqa-doc:corpus/swg27050456.txt""]",confirmed_attached_context,techqa-group:6e94eed1cafdc72f1412b9563108c9a096a4e33b6431abedebde85ec961f4839,train,42,connected-component-lexicographic-milp-v1,be474a6b88da73da789620bef66aec6c2421294beedfa90eb1363be16f5b13e1,2026-08-18T09:20:02Z
phase01-data-v1,0b5bbc84b7f07d6d09d063130e90b716d8d4a32a,TRAIN_Q104,TRAIN,b30950088b9eb1b48e54634aab8a754bc6e3c59d031c10c5ac26f760f3c88e63,8167c8cd71f186f16078940621b613c8d7f85a39281a90c34554a8ee966963e0,false,available,"[""techqa-doc:corpus/swg21639375.txt""]",confirmed_attached_context,techqa-group:9d9cbf656d05253e576d202074adec3613dcf32700940d207ab85fd2d1344af2,test,42,connected-component-lexicographic-milp-v1,be474a6b88da73da789620bef66aec6c2421294beedfa90eb1363be16f5b13e1,2026-08-18T09:20:02Z
phase01-data-v1,0b5bbc84b7f07d6d09d063130e90b716d8d4a32a,TRAIN_Q105,TRAIN,f766091b67f2a78c48a03831e87df0a8033f2b78870469dc200ae4f24f61d8df,6205e24aa2c08cd13eb5b40e57fadabc5f3f062ff99beac11eb9afcf01607781,true,not_applicable_impossible,[],not_applicable_impossible,techqa-group:ed91b3888258c33a26099ec8fdd71c28e2c1c7c2fe03167fde6ffbace6db564c,train,42,connected-component-lexicographic-milp-v1,be474a6b88da73da789620bef66aec6c2421294beedfa90eb1363be16f5b13e1,2026-08-18T09:20:02Z
phase01-data-v1,0b5bbc84b7f07d6d09d063130e90b716d8d4a32a,TRAIN_Q106,TRAIN,6ba027892a842823050ffbeadbb785e2003a5867f46c340a0a7cd7d78dffdd95,82692a349f5d75225ca641d95cf0166c20fa08860c5fce6994f1a94a4820ca0c,false,available,"[""techqa-doc:corpus/swg21968399.txt""]",confirmed_attached_context,techqa-group:894a2d3f4816ee0d97c4bd512e041c4feb59f38462d63324bc965a95f0dc7032,train,42,connected-component-lexicographic-milp-v1,be474a6b88da73da789620bef66aec6c2421294beedfa90eb1363be16f5b13e1,2026-08-18T09:20:02Z
phase01-data-v1,0b5bbc84b7f07d6d09d063130e90b716d8d4a32a,TRAIN_Q107,TRAIN,9c29924c08a027cb84a7000ebf36cb086f442a520b0de8de8646e5573b3be625,b77a68850fe0b9bd250eb01e9d53997fd2c80ce5f9adeb9cff21fe10eaa2f967,false,available,"[""techqa-doc:corpus/swg21163875.txt""]",confirmed_attached_context,techqa-group:7945a5b09636c6f99e60e2994c2ea5f6bbb0975cd218f40ae4572c316b30a12c,validation,42,connected-component-lexicographic-milp-v1,be474a6b88da73da789620bef66aec6c2421294beedfa90eb1363be16f5b13e1,2026-08-18T09:20:02Z
phase01-data-v1,0b5bbc84b7f07d6d09d063130e90b716d8d4a32a,TRAIN_Q108,TRAIN,cfa0a04e4b06b18a344898de52400695ae2e9ea1ec73827e229efd8293aa4b2e,cd573cadbc6220fdaabdae7b92a28344162545e438a803b8dcf4343e729f5fd7,false,available,"[""techqa-doc:corpus/swg21959745.txt""]",confirmed_attached_context,techqa-group:033b5a0b249096af80ffaaeaccc11eb9307865fcd280e937e3c5c058689ac729,validation,42,connected-component-lexicographic-milp-v1,be474a6b88da73da789620bef66aec6c2421294beedfa90eb1363be16f5b13e1,2026-08-18T09:20:02Z
phase01-data-v1,0b5bbc84b7f07d6d09d063130e90b716d8d4a32a,TRAIN_Q109,TRAIN,55e1593fbf590b0d9b6ebfc5a913182d3bca492f266b1b20379cc4b3c8083654,d9ea790b2144b422f7b81a4a4b246ae8ce16e5bbd2e2c5e97fbc445644e0f56e,false,available,"[""techqa-doc:corpus/swg22011696.txt""]",confirmed_attached_context,techqa-group:1c4cd44a3e27c1fced0c51ce26a7997a4bacead15ddf15e2ed1f01b971c2f892,train,42,connected-component-lexicographic-milp-v1,be474a6b88da73da789620bef66aec6c2421294beedfa90eb1363be16f5b13e1,2026-08-18T09:20:02Z
phase01-data-v1,0b5bbc84b7f07d6d09d063130e90b716d8d4a32a,TRAIN_Q110,TRAIN,37bed1a940d557e85fce0260a34077c1059ad35bc6e281ae14bc77949cb187b0,3e73406b87e166a610e4affee132ed0e5fae8a44b0ee59170f5059069b431a3d,false,available,"[""techqa-doc:corpus/swg21308281.txt""]",confirmed_attached_context,techqa-group:eaf714b7e22547d0dad3a9f9fe0cd5326f1c5aab4d1b32f3e456568595338f6c,train,42,connected-component-lexicographic-milp-v1,be474a6b88da73da789620bef66aec6c2421294beedfa90eb1363be16f5b13e1,2026-08-18T09:20:02Z
phase01-data-v1,0b5bbc84b7f07d6d09d063130e90b716d8d4a32a,TRAIN_Q111,TRAIN,ae788d85c9fab12c6072fce079a7ab76a92b128394b81229019149bcdd9b6e1d,c08e7dcd4888e9c6c83fcfede719da4aa4dbb39a58fba2a39b7a6965db55c05b,false,available,"[""techqa-doc:corpus/swg21983129.txt""]",confirmed_attached_context,techqa-group:80f41edbbaf68408edd89b449428a5b1424a386360eca47ddb1ff5fc729ef4b3,train,42,connected-component-lexicographic-milp-v1,be474a6b88da73da789620bef66aec6c2421294beedfa90eb1363be16f5b13e1,2026-08-18T09:20:02Z
phase01-data-v1,0b5bbc84b7f07d6d09d063130e90b716d8d4a32a,TRAIN_Q112,TRAIN,60a4b83fd35ed447edfb5564af668758b6dd5858cd18f4e20bbcfc7417ae0734,89ea044a7641df0e6c184be4cd873a6758904eea26c2732e38d5b2cd326b828e,false,available,"[""techqa-doc:corpus/swg21624731.txt""]",confirmed_attached_context,techqa-group:00633af7ebad8f108c581c25d0520a4c7adbcbaf9d747a12a6b046dc29fcf5c6,train,42,connected-component-lexicographic-milp-v1,be474a6b88da73da789620bef66aec6c2421294beedfa90eb1363be16f5b13e1,2026-08-18T09:20:02Z
phase01-data-v1,0b5bbc84b7f07d6d09d063130e90b716d8d4a32a,TRAIN_Q113,TRAIN,1f259c1ab04dfa0c6bf49c08b5f84495149acfe8a76021278f13202b7eefcda7,c91d84e4f9f37c86f695b5d41f1b669c3148256ecfc7311b814a7ea6fb063b16,false,available,"[""techqa-doc:corpus/swg21981881.txt""]",confirmed_attached_context,techqa-group:15076543e09ca2499781410636880e05bae6ccccc2e83925a77aaa5b66be88a0,train,42,connected-component-lexicographic-milp-v1,be474a6b88da73da789620bef66aec6c2421294beedfa90eb1363be16f5b13e1,2026-08-18T09:20:02Z
phase01-data-v1,0b5bbc84b7f07d6d09d063130e90b716d8d4a32a,TRAIN_Q114,TRAIN,a8b972c2ff396aab046b2bc23ad38c9db453273aded874369ca080855175016d,53eba1a6503cd673573c5f571010dca1a036920796ba0a82ecc96ecd307225d5,false,available,"[""techqa-doc:corpus/swg21985013.txt""]",confirmed_attached_context,techqa-group:1c38ae7c87486f8c9e0c26a1d22d3f1d91abbb547add99a54bb82b7065e30c4f,train,42,connected-component-lexicographic-milp-v1,be474a6b88da73da789620bef66aec6c2421294beedfa90eb1363be16f5b13e1,2026-08-18T09:20:02Z
phase01-data-v1,0b5bbc84b7f07d6d09d063130e90b716d8d4a32a,TRAIN_Q115,TRAIN,a724ee2488120f1bb47fc4e121d63a6c691fa82b873d6bbf9bfdeea105b26ebd,b6c1b3fb1a4ffadc2b32b7a29ca618c7f9a63c0a750a0aae8272959e3eda8785,true,not_applicable_impossible,[],not_applicable_impossible,techqa-group:86b56d88aca56f4186274e8ee1d0e7fc8fd77357a6c79dcb1f6f909edad1df55,train,42,connected-component-lexicographic-milp-v1,be474a6b88da73da789620bef66aec6c2421294beedfa90eb1363be16f5b13e1,2026-08-18T09:20:02Z
phase01-data-v1,0b5bbc84b7f07d6d09d063130e90b716d8d4a32a,TRAIN_Q116,TRAIN,4b057b0bd478f9bf04176def5a034b838651b4162970309cf40ceaf9a2f484ab,c0e76b3eb8c8d5b5bf6cc2b996c9f30e69c0877ecae7194d060facd80bd900ae,false,available,"[""techqa-doc:corpus/swg21426787.txt""]",confirmed_attached_context,techqa-group:80ef908efab96d7532f1bc98c20385d1b03f1338fb63306e12b302c6cdfd4c7e,train,42,connected-component-lexicographic-milp-v1,be474a6b88da73da789620bef66aec6c2421294beedfa90eb1363be16f5b13e1,2026-08-18T09:20:02Z
phase01-data-v1,0b5bbc84b7f07d6d09d063130e90b716d8d4a32a,TRAIN_Q117,TRAIN,e3d261fa7e819e359c76703b1dcae0901bf092ac79b4de895aa5df67a3b1500d,b8c87ebc2e8e23077bf8ed224b192f3a6a5bf551aa8a3ed4e0bd2c793f4c4bb5,false,available,"[""techqa-doc:corpus/swg21695094.txt""]",confirmed_attached_context,techqa-group:d90dfc8ba2eb8a5276d9c69d16b5ee54ec3aac42c7a9a872d7561a78c1f4b6cd,train,42,connected-component-lexicographic-milp-v1,be474a6b88da73da789620bef66aec6c2421294beedfa90eb1363be16f5b13e1,2026-08-18T09:20:02Z
phase01-data-v1,0b5bbc84b7f07d6d09d063130e90b716d8d4a32a,TRAIN_Q118,TRAIN,2cc447dd5ceab0062c967eaff7c2f4e5fee5dd95d1e8197f2067c8c14de89429,1d139f9d7b7b26ecc2707740a33b82029319769584c4514aa4bf25daf8b3965f,false,available,"[""techqa-doc:corpus/swg27023910.txt""]",confirmed_attached_context,techqa-group:d3e78f663cc4c5830b89216ed9b62f6d71e98388968035bf3307202b0766674f,train,42,connected-component-lexicographic-milp-v1,be474a6b88da73da789620bef66aec6c2421294beedfa90eb1363be16f5b13e1,2026-08-18T09:20:02Z
phase01-data-v1,0b5bbc84b7f07d6d09d063130e90b716d8d4a32a,TRAIN_Q119,TRAIN,e422bfeefdfcaf331b0a8b4b99bd0a2214c6605fae1fa31ad29a13e5d18817af,51efe9b87f397cece088f5bc0e1e060d4e3943cf8736f490345784994f95c9d0,true,not_applicable_impossible,[],not_applicable_impossible,techqa-group:1a12f4ba2e5e33b94f457c823adaf23ddea748e3d47d4734a2850f918eead240,train,42,connected-component-lexicographic-milp-v1,be474a6b88da73da789620bef66aec6c2421294beedfa90eb1363be16f5b13e1,2026-08-18T09:20:02Z
phase01-data-v1,0b5bbc84b7f07d6d09d063130e90b716d8d4a32a,TRAIN_Q120,TRAIN,5b4f0455c110e80094408ec9f0002750d8edfcd609ed04fe958c1d4218fe7c27,c0a3e04ae869d043326b29a36faa5d56ac4df494dc57ab6acaad2058a85172ee,false,available,"[""techqa-doc:corpus/swg21512291.txt""]",confirmed_attached_context,techqa-group:e127e9cda7189230762c74caad9372a5163594ddd1f270ee47780ddc22d825b2,validation,42,connected-component-lexicographic-milp-v1,be474a6b88da73da789620bef66aec6c2421294beedfa90eb1363be16f5b13e1,2026-08-18T09:20:02Z
phase01-data-v1,0b5bbc84b7f07d6d09d063130e90b716d8d4a32a,TRAIN_Q121,TRAIN,0f6777847347515a202be31b83d24de70986067dd694c50b366b6e857d73f394,346d66271c53d21b41fce29e75c8808b2c9f9567feae30ed8aa09d31ed785ad7,false,available,"[""techqa-doc:corpus/swg21514810.txt""]",confirmed_attached_context,techqa-group:890460b19258d8199bc7e4495a0a1c9aedf5af7780263eab006dbda7d788bc43,train,42,connected-component-lexicographic-milp-v1,be474a6b88da73da789620bef66aec6c2421294beedfa90eb1363be16f5b13e1,2026-08-18T09:20:02Z
phase01-data-v1,0b5bbc84b7f07d6d09d063130e90b716d8d4a32a,TRAIN_Q122,TRAIN,2f0653ca2fba72961f0be2b080503530179af4d680f5de77611753fc957da1af,1ae6cbe9df86399a277649111e79f3466f4a2f8c4adcc19164de1fa4111b7fd9,false,available,"[""techqa-doc:corpus/swg21647572.txt""]",confirmed_attached_context,techqa-group:73db87cc6949af1d28495c06c2e2e1969f1aef7e591c096f14dae7fad32bf8bb,train,42,connected-component-lexicographic-milp-v1,be474a6b88da73da789620bef66aec6c2421294beedfa90eb1363be16f5b13e1,2026-08-18T09:20:02Z
phase01-data-v1,0b5bbc84b7f07d6d09d063130e90b716d8d4a32a,TRAIN_Q123,TRAIN,05643a5fb69d498f0ecf38f85371179aff70c31aea7f9f203a636a71cedf9839,8d8a255924ae4e0124657d9003a6b1da2f16344f6d9b1cf8ab05e438b45dc10c,false,available,"[""techqa-doc:corpus/swg21639375.txt""]",confirmed_attached_context,techqa-group:9d9cbf656d05253e576d202074adec3613dcf32700940d207ab85fd2d1344af2,test,42,connected-component-lexicographic-milp-v1,be474a6b88da73da789620bef66aec6c2421294beedfa90eb1363be16f5b13e1,2026-08-18T09:20:02Z
phase01-data-v1,0b5bbc84b7f07d6d09d063130e90b716d8d4a32a,TRAIN_Q124,TRAIN,37393fef1fab8146624e34a9a9f70080e2ad12d53c2b4c148659367aaa9d6612,62ec744b8168d1bab082e0e3e8014fbd38b7cdec3c04e75c1ede0b3aae6e79b4,false,available,"[""techqa-doc:corpus/swg1PI37248.txt""]",confirmed_attached_context,techqa-group:c120e3d5635fa6cbaf9e6cfdc76882c36a62dc41a02f932b3afcf086559dc478,validation,42,connected-component-lexicographic-milp-v1,be474a6b88da73da789620bef66aec6c2421294beedfa90eb1363be16f5b13e1,2026-08-18T09:20:02Z
phase01-data-v1,0b5bbc84b7f07d6d09d063130e90b716d8d4a32a,TRAIN_Q125,TRAIN,f9d19da14090bdb05c83f04ed7ea1906c02081a209a6de63124dfc6abdf37679,4a462a767bf0718761dc43ef5d320b12b0479a18b83d5ab1f2e2d2ff2cf1ac65,false,available,"[""techqa-doc:corpus/swg21162896.txt""]",confirmed_attached_context,techqa-group:ee7ca0085c14b6e0b8a8edb069438677a16a0b11dabd50f6f8048f26ce324b2a,test,42,connected-component-lexicographic-milp-v1,be474a6b88da73da789620bef66aec6c2421294beedfa90eb1363be16f5b13e1,2026-08-18T09:20:02Z
phase01-data-v1,0b5bbc84b7f07d6d09d063130e90b716d8d4a32a,TRAIN_Q126,TRAIN,e717021101ef1c05088027bb29285cfc7001dc27302bc5252ab0203dc5e7561a,3aa5934bdec3a50c5d47ef22c958514683edca061074796d7c8f93a221f447e3,false,available,"[""techqa-doc:corpus/swg22003510.txt""]",confirmed_attached_context,techqa-group:1c1b9394027ab19a36c4c6f12f23addfe21e6d7e86f41911b5f0c11afc7bceb0,validation,42,connected-component-lexicographic-milp-v1,be474a6b88da73da789620bef66aec6c2421294beedfa90eb1363be16f5b13e1,2026-08-18T09:20:02Z
phase01-data-v1,0b5bbc84b7f07d6d09d063130e90b716d8d4a32a,TRAIN_Q127,TRAIN,a1c8bfe0446b03e198faf215aa022598b1b69c83e370912a43ca4a041ab2a638,dcad97881989a550e513884796325220ee4a48a4017052f837cd9da88904e774,false,available,"[""techqa-doc:corpus/swg21292808.txt""]",confirmed_attached_context,techqa-group:2944c6c83efccae41c0752de0518511fc8a40fc34fd19ca4b3c9de0bcdaaefa1,train,42,connected-component-lexicographic-milp-v1,be474a6b88da73da789620bef66aec6c2421294beedfa90eb1363be16f5b13e1,2026-08-18T09:20:02Z
phase01-data-v1,0b5bbc84b7f07d6d09d063130e90b716d8d4a32a,TRAIN_Q128,TRAIN,e27454c6197a4db20c5733cad894ee83a26fd6a9a2de7ed85280a09e7cf31047,e117db036f548f498e9618c1cac6da66520baaeeeab4dc4a67a9d259303c0cc2,false,available,"[""techqa-doc:corpus/swg21680391.txt""]",confirmed_attached_context,techqa-group:4ddae3f3ed36f6775cf13ff817a1d91ab5195fffb38a2911bf7baf58296b454b,test,42,connected-component-lexicographic-milp-v1,be474a6b88da73da789620bef66aec6c2421294beedfa90eb1363be16f5b13e1,2026-08-18T09:20:02Z
phase01-data-v1,0b5bbc84b7f07d6d09d063130e90b716d8d4a32a,TRAIN_Q129,TRAIN,30e5a575f8c72b8973e704de60cb7c8f0df3d7045e5fdc5ef49eb5db452fbcff,62f097db6b3af2c2db2a9b29545f24353549870ce076df8131c5293582cca519,false,available,"[""techqa-doc:corpus/swg21982458.txt""]",confirmed_attached_context,techqa-group:9ef312b1da84ac251b7e4589e5db9a4240d5907c2684bd4b3f892cb04b8a10ab,train,42,connected-component-lexicographic-milp-v1,be474a6b88da73da789620bef66aec6c2421294beedfa90eb1363be16f5b13e1,2026-08-18T09:20:02Z
phase01-data-v1,0b5bbc84b7f07d6d09d063130e90b716d8d4a32a,TRAIN_Q130,TRAIN,c934443a445294f5c2924a62fd0a343f9f245928dca1084e127bc9f25d1c0ea6,7fee0426af3c1ec966de8c24a72c13ff0f3de712069046ad86d675944975f28b,false,available,"[""techqa-doc:corpus/swg21246298.txt""]",confirmed_attached_context,techqa-group:a25c15e282542ce1517fb183511be43189b084c06b7979a311dcf64f8b08035b,train,42,connected-component-lexicographic-milp-v1,be474a6b88da73da789620bef66aec6c2421294beedfa90eb1363be16f5b13e1,2026-08-18T09:20:02Z
phase01-data-v1,0b5bbc84b7f07d6d09d063130e90b716d8d4a32a,TRAIN_Q131,TRAIN,6d809c8c8d97c85db049a23bbdb0d252797262d484733aa808071f8c120529f0,cb58bb3f8c5221a957eb96d744db2568ef2c367935b7ffb1f62201efa0dc2a7e,false,available,"[""techqa-doc:corpus/swg21994039.txt""]",confirmed_attached_context,techqa-group:aeaeeaf5da6c8a1f0b11578064894ecb83d7e2a48b57965deed74a701f267d8b,train,42,connected-component-lexicographic-milp-v1,be474a6b88da73da789620bef66aec6c2421294beedfa90eb1363be16f5b13e1,2026-08-18T09:20:02Z
phase01-data-v1,0b5bbc84b7f07d6d09d063130e90b716d8d4a32a,TRAIN_Q132,TRAIN,60b8d2b431f22fb93fc2ad611fc1acfa518c438f45510243c07925eecf2833d1,11513f15d7d5ff330e1e9830b2b1c141bf15fd733eaec5d97a042fc97f67dcca,false,available,"[""techqa-doc:corpus/swg21661918.txt""]",confirmed_attached_context,techqa-group:d72f7d585b927c6394136d366f1d9f0a50cc1b1cbb5598786485d997cdc6b751,train,42,connected-component-lexicographic-milp-v1,be474a6b88da73da789620bef66aec6c2421294beedfa90eb1363be16f5b13e1,2026-08-18T09:20:02Z
phase01-data-v1,0b5bbc84b7f07d6d09d063130e90b716d8d4a32a,TRAIN_Q133,TRAIN,7aaf6cd87b8c081f5fd13978a497c666284e7244ce44098c6cf78bffe1f8bdca,eb82d42fd7ffcab77530e94d9cc966034dedc5f691e826b6ad602dbdd4106087,true,not_applicable_impossible,[],not_applicable_impossible,techqa-group:509812d34c52d9dbf416c117beebd5411758293415016cfe97838e0d9c6618bb,test,42,connected-component-lexicographic-milp-v1,be474a6b88da73da789620bef66aec6c2421294beedfa90eb1363be16f5b13e1,2026-08-18T09:20:02Z
phase01-data-v1,0b5bbc84b7f07d6d09d063130e90b716d8d4a32a,TRAIN_Q134,TRAIN,a7658c7fce38086c8fb54c60e8f895a758efc6e5edfa844da49e540931e167c8,7f12bbfcd699a268018875ce5dc18b8136269b40097f8c5c064e0b85c631c993,false,available,"[""techqa-doc:corpus/swg21600618.txt""]",confirmed_attached_context,techqa-group:4dede33c4fbd831acee5d1dc4720605da3f3de0f9aec71f7d5124a8e6b72c2da,validation,42,connected-component-lexicographic-milp-v1,be474a6b88da73da789620bef66aec6c2421294beedfa90eb1363be16f5b13e1,2026-08-18T09:20:02Z
phase01-data-v1,0b5bbc84b7f07d6d09d063130e90b716d8d4a32a,TRAIN_Q135,TRAIN,8f6cbe77e48ccd8535f8a60885d15c35dd81897bc8636835c45f033279122603,e890386cb2a7d00f59a32695ffb86bc35be0718b2d5503cfa5438321f132ca0b,false,available,"[""techqa-doc:corpus/swg21497604.txt""]",confirmed_attached_context,techqa-group:ecb1c7145a7a513f1af269d34460c35b84767ab465e2cb6f38034d1dc1de7850,train,42,connected-component-lexicographic-milp-v1,be474a6b88da73da789620bef66aec6c2421294beedfa90eb1363be16f5b13e1,2026-08-18T09:20:02Z
phase01-data-v1,0b5bbc84b7f07d6d09d063130e90b716d8d4a32a,TRAIN_Q136,TRAIN,6566cd19a9cd6ec27a2662304e5bd8cfa8c76c1f2b8302c5f702d6135998334e,3f52bd2634dcd9f9d27a01d2a9b6a0a4328b75bef6b3a90a1f2299e62d35199f,false,available,"[""techqa-doc:corpus/swg24041994.txt""]",confirmed_attached_context,techqa-group:a2fc417b82fe8baabedbde46018c584ec2e8ee4a3dd20b3c50981ef61d44077e,train,42,connected-component-lexicographic-milp-v1,be474a6b88da73da789620bef66aec6c2421294beedfa90eb1363be16f5b13e1,2026-08-18T09:20:02Z
phase01-data-v1,0b5bbc84b7f07d6d09d063130e90b716d8d4a32a,TRAIN_Q137,TRAIN,282eef847ef99e06d28a238b70d1ddd4350ab94b764f5e931250bf5c00bc771a,7c597c72ce7d5f131b977da695bb47cc5e1764c1bed700b3ab1f7fe34c1cf168,false,available,"[""techqa-doc:corpus/swg21443723.txt""]",confirmed_attached_context,techqa-group:e72b6653cdd145a8607e9b199dd34b11754fb9685907a2b3e3158a95afe9b896,train,42,connected-component-lexicographic-milp-v1,be474a6b88da73da789620bef66aec6c2421294beedfa90eb1363be16f5b13e1,2026-08-18T09:20:02Z
phase01-data-v1,0b5bbc84b7f07d6d09d063130e90b716d8d4a32a,TRAIN_Q138,TRAIN,d18d458a4dee59744ae9f104f6d6ffa28ef12b77da710eaad424bd40a0f72b1e,4418c7ae50a190ebf23e401b8f5ee894b9202ab7db64106e2d08f89b28255df3,true,not_applicable_impossible,[],not_applicable_impossible,techqa-group:1b5d2d3a880a5a87e60919167446039efce2a8446b867810edbac955f1ab6b8e,train,42,connected-component-lexicographic-milp-v1,be474a6b88da73da789620bef66aec6c2421294beedfa90eb1363be16f5b13e1,2026-08-18T09:20:02Z
phase01-data-v1,0b5bbc84b7f07d6d09d063130e90b716d8d4a32a,TRAIN_Q139,TRAIN,ed2255ca9fb30a5b08a8be8ee6e7d3d28039535dc2025b0d8ab534a1b2371cd0,caf1e856717e459cfba3052018c9d2fb35b202315ee45d9a4eb7674289f304b6,false,available,"[""techqa-doc:corpus/swg21975233.txt""]",confirmed_attached_context,techqa-group:d8d51dbc15245ddef1504267f2934c1c07013f548a01975a9923617354041995,train,42,connected-component-lexicographic-milp-v1,be474a6b88da73da789620bef66aec6c2421294beedfa90eb1363be16f5b13e1,2026-08-18T09:20:02Z
phase01-data-v1,0b5bbc84b7f07d6d09d063130e90b716d8d4a32a,TRAIN_Q140,TRAIN,3f6fbe50b66d1cfe6b37a3994a0dc111322892511cd7b33c82dc83a259577217,4701247819350a88b1bee88b64abc9f08fd3757afa12627873d9d2a655771b92,false,available,"[""techqa-doc:corpus/swg21971485.txt""]",confirmed_attached_context,techqa-group:fe44842a3cd6410fcd7ac2caf416f137fb4f66fb81b8e72d1747163b80fea7d2,train,42,connected-component-lexicographic-milp-v1,be474a6b88da73da789620bef66aec6c2421294beedfa90eb1363be16f5b13e1,2026-08-18T09:20:02Z
phase01-data-v1,0b5bbc84b7f07d6d09d063130e90b716d8d4a32a,TRAIN_Q141,TRAIN,2d5e6173125a4adb7ee2c6cd54e4dccb57456d836bf67d67157d4fcaff9c3d35,9fdff4c622171695d0978df9427d221bbfbd5392761a44a1fc6ff39a3f729696,false,available,"[""techqa-doc:corpus/swg21244384.txt""]",confirmed_attached_context,techqa-group:85d6552c3d9c3d9248501e4f5e74b056142bd7d85d2c4abd387bedb3725ce29f,train,42,connected-component-lexicographic-milp-v1,be474a6b88da73da789620bef66aec6c2421294beedfa90eb1363be16f5b13e1,2026-08-18T09:20:02Z
phase01-data-v1,0b5bbc84b7f07d6d09d063130e90b716d8d4a32a,TRAIN_Q142,TRAIN,135250a30ec83e2e053131873c230a05a92149f018c7df9d22551cd3e3563a9e,511a9f9cff55dd302d5019f506712eabe9bf0eb0e620c63eefc476f8b0cd1bb9,true,not_applicable_impossible,[],not_applicable_impossible,techqa-group:5b58336cbea64ca6a7535cc5f749f045302ecb41d70f23821cacde9f907dd4df,train,42,connected-component-lexicographic-milp-v1,be474a6b88da73da789620bef66aec6c2421294beedfa90eb1363be16f5b13e1,2026-08-18T09:20:02Z
phase01-data-v1,0b5bbc84b7f07d6d09d063130e90b716d8d4a32a,TRAIN_Q143,TRAIN,1d075c27ff5cf69175468947c8b45bfac83b831f108a8f8d0db180710e5d0527,10069b5022899e3824e93ea585c566cd1ff121522c457571c14ea440dd32bb18,true,not_applicable_impossible,[],not_applicable_impossible,techqa-group:b9c2b7dfc6670fac0ef23f6f1d348b42d6fa9ecef62ec58b20780723f37b1873,train,42,connected-component-lexicographic-milp-v1,be474a6b88da73da789620bef66aec6c2421294beedfa90eb1363be16f5b13e1,2026-08-18T09:20:02Z
phase01-data-v1,0b5bbc84b7f07d6d09d063130e90b716d8d4a32a,TRAIN_Q144,TRAIN,da4c6caccf3bf2f0815f7373990d2ed4fb8de9ea768c08b0b2ac04413f4ef247,557e4f2ca5fb2a5e73d7df1a2b3379fb4620fc62557f87b95a16411251141271,false,available,"[""techqa-doc:corpus/swg21995004.txt""]",confirmed_attached_context,techqa-group:90fc1d42ba1ce49563f5f6685aa355037a4dda79c923185d2298b365ed8ba681,train,42,connected-component-lexicographic-milp-v1,be474a6b88da73da789620bef66aec6c2421294beedfa90eb1363be16f5b13e1,2026-08-18T09:20:02Z
phase01-data-v1,0b5bbc84b7f07d6d09d063130e90b716d8d4a32a,TRAIN_Q145,TRAIN,ecf68dfe1c6b81a44e71030cba5f7b245b7d9197d14091ea8d7344a77cc7a4bb,102fd92e70e989755202c891b2953c210c58b165a2e97c7fcb490d87c24d9ca7,false,available,"[""techqa-doc:corpus/swg21618139.txt""]",confirmed_attached_context,techqa-group:407bbd4c8d5d479c81932fb726edc018158085ff1640929508d768f4da7eeef7,train,42,connected-component-lexicographic-milp-v1,be474a6b88da73da789620bef66aec6c2421294beedfa90eb1363be16f5b13e1,2026-08-18T09:20:02Z
phase01-data-v1,0b5bbc84b7f07d6d09d063130e90b716d8d4a32a,TRAIN_Q146,TRAIN,f42fe4e9c2cd0c6d43615a5f8daecf42a9474def7126538272da30a88f9cdc1e,75eec6c3fcd881b3a90bc9e8b60359eae4a84c81d51591ef551bad69749512fd,true,not_applicable_impossible,[],not_applicable_impossible,techqa-group:8832aeebede676a4148e3db441dad4568691a90b14e823eaa3d6aa2cde6fbeb7,train,42,connected-component-lexicographic-milp-v1,be474a6b88da73da789620bef66aec6c2421294beedfa90eb1363be16f5b13e1,2026-08-18T09:20:02Z
phase01-data-v1,0b5bbc84b7f07d6d09d063130e90b716d8d4a32a,TRAIN_Q147,TRAIN,d07ef04afa123a168121198f9e8915b07aa893de77fdd7a85b663f8cf0857c3f,d7b7bc5e82fe02d4efcf159bcaea873f0d7c9489e68bb463ddd5791da7129a56,true,not_applicable_impossible,[],not_applicable_impossible,techqa-group:bb6b61c5436092cffbccc262ec314e056360f8b4a7e9eb351b4438583ba9ccf7,test,42,connected-component-lexicographic-milp-v1,be474a6b88da73da789620bef66aec6c2421294beedfa90eb1363be16f5b13e1,2026-08-18T09:20:02Z
phase01-data-v1,0b5bbc84b7f07d6d09d063130e90b716d8d4a32a,TRAIN_Q148,TRAIN,81cff0b64d0679f5983884a7b7f89a6ca67a1e03e19cfb0eda936e350ebfba65,31d44f9e1fc8e8439b3a8a8ab12963977e1866265bbafb542ae5f999f10192b8,true,not_applicable_impossible,[],not_applicable_impossible,techqa-group:ae2393218637f69d815187ccd3cb004f5f8fd5eb0419a93b946399d62aa89b3e,train,42,connected-component-lexicographic-milp-v1,be474a6b88da73da789620bef66aec6c2421294beedfa90eb1363be16f5b13e1,2026-08-18T09:20:02Z
phase01-data-v1,0b5bbc84b7f07d6d09d063130e90b716d8d4a32a,TRAIN_Q149,TRAIN,b293f1f09c270369e97fbba721688a2975972f422ce80582dabc679c4e59e142,f8c2c547dfa76b3641ec606baa9b747849fb9f267ab2df745415af0a56a691ba,true,not_applicable_impossible,[],not_applicable_impossible,techqa-group:417e443be32866195879898a49d62463961829322b0b5528350a1f5e4160677b,validation,42,connected-component-lexicographic-milp-v1,be474a6b88da73da789620bef66aec6c2421294beedfa90eb1363be16f5b13e1,2026-08-18T09:20:02Z
phase01-data-v1,0b5bbc84b7f07d6d09d063130e90b716d8d4a32a,TRAIN_Q150,TRAIN,dc8edba0f8b1098774cc58053ce8ede478ff067c095f3486292b5a040e917889,95be2e74c52db8ea05c81b68572477adabba7dad19c12a3d7087d748b198db7f,false,available,"[""techqa-doc:corpus/swg1PI34677.txt""]",confirmed_attached_context,techqa-group:586993d826caabe4fea8b09806ba8bd6df2786e39ab0a8343edcc71f09ea3af9,train,42,connected-component-lexicographic-milp-v1,be474a6b88da73da789620bef66aec6c2421294beedfa90eb1363be16f5b13e1,2026-08-18T09:20:02Z
phase01-data-v1,0b5bbc84b7f07d6d09d063130e90b716d8d4a32a,TRAIN_Q151,TRAIN,68e6afc4c93138dc429ba209809196e4b8f5090bb8a8bec8635b52cb7f8b80c2,4acce96b1a1915430d90dce6450414c0fd031d6800ac0a4af454ece29740e870,false,available,"[""techqa-doc:corpus/swg21612222.txt""]",confirmed_attached_context,techqa-group:a76324d2af01eea149b3936ba8891a2d9452add9fd7c247ed12c9502a3ebbe74,train,42,connected-component-lexicographic-milp-v1,be474a6b88da73da789620bef66aec6c2421294beedfa90eb1363be16f5b13e1,2026-08-18T09:20:02Z
phase01-data-v1,0b5bbc84b7f07d6d09d063130e90b716d8d4a32a,TRAIN_Q152,TRAIN,8d5d54707fe57763a5d83361772e065e078042ea7332b579adb087632535eefe,ba51f950d456484a7fba15cc1c35752bde9016637c05b8bb810ea1219d8d96c3,false,available,"[""techqa-doc:corpus/swg21978641.txt""]",confirmed_attached_context,techqa-group:9673d34f5c52327e275babf79b58bbb36eb05c83b95f9c92e364c1a55434f921,test,42,connected-component-lexicographic-milp-v1,be474a6b88da73da789620bef66aec6c2421294beedfa90eb1363be16f5b13e1,2026-08-18T09:20:02Z
phase01-data-v1,0b5bbc84b7f07d6d09d063130e90b716d8d4a32a,TRAIN_Q153,TRAIN,c112e936f6ade9a8a47ea30b948a57d8bd85417fde8ae478c2e178197faea039,9f9225d17726d73c93af6b41214b78f71a20ab2d09d690a0268cbc46723b877b,true,not_applicable_impossible,[],not_applicable_impossible,techqa-group:5b984851618b0f6577753e925f80eb046f005892579b65e2f369579e153de74b,train,42,connected-component-lexicographic-milp-v1,be474a6b88da73da789620bef66aec6c2421294beedfa90eb1363be16f5b13e1,2026-08-18T09:20:02Z
phase01-data-v1,0b5bbc84b7f07d6d09d063130e90b716d8d4a32a,TRAIN_Q154,TRAIN,5dbf718e7b7c89045adf1c18f43dd1c95238efec75103074e7a81e6c01de0900,55290b6fde8892e4103a96a6861b845887bfdc6e6997d8fd2f37ba15ec011f44,false,available,"[""techqa-doc:corpus/swg21507587.txt""]",confirmed_attached_context,techqa-group:791bd9719947c5f17ac40dadf299682601991c86eb362e00281735a6cfec793f,test,42,connected-component-lexicographic-milp-v1,be474a6b88da73da789620bef66aec6c2421294beedfa90eb1363be16f5b13e1,2026-08-18T09:20:02Z
phase01-data-v1,0b5bbc84b7f07d6d09d063130e90b716d8d4a32a,TRAIN_Q155,TRAIN,c590e0745d9a0a16464db692e8a32cc9c6176cfa131d08c8aa6b0cd7b097040b,045922519b6f225558d577ef00951a68b07e0d7f8da91c9118c5aa198b0d0185,false,available,"[""techqa-doc:corpus/swg21987296.txt""]",confirmed_attached_context,techqa-group:dba6b011e01f5c1640fd21c9d92e167fc1ac86484f887a48fec8adc7c371380e,train,42,connected-component-lexicographic-milp-v1,be474a6b88da73da789620bef66aec6c2421294beedfa90eb1363be16f5b13e1,2026-08-18T09:20:02Z
phase01-data-v1,0b5bbc84b7f07d6d09d063130e90b716d8d4a32a,TRAIN_Q156,TRAIN,929065a788facf750e8ab10a80ec05584b650ff79fce6857de2988a66a739e12,1dc41d78b2567d0658d79c3d8198b03a75d967a94471ddec03a9e65c4c5f6433,true,not_applicable_impossible,[],not_applicable_impossible,techqa-group:840b19697ffc28f8ecfc2653dc11bda3b29ab228a205f98b494ac129ed7d6459,train,42,connected-component-lexicographic-milp-v1,be474a6b88da73da789620bef66aec6c2421294beedfa90eb1363be16f5b13e1,2026-08-18T09:20:02Z
phase01-data-v1,0b5bbc84b7f07d6d09d063130e90b716d8d4a32a,TRAIN_Q157,TRAIN,570b98e4192e80bdc0414ce89844a38556829c4e9c71b673cb1ca99b66c97ab9,78a6db20b60d282375fcc0dd1349fa38aea7b1e9903200c294d3d517121cebb6,true,not_applicable_impossible,[],not_applicable_impossible,techqa-group:020ad41ec53aefa98c8ed79f249f569ba2a450f8a87708479dd64bebd9fac2a3,train,42,connected-component-lexicographic-milp-v1,be474a6b88da73da789620bef66aec6c2421294beedfa90eb1363be16f5b13e1,2026-08-18T09:20:02Z
phase01-data-v1,0b5bbc84b7f07d6d09d063130e90b716d8d4a32a,TRAIN_Q158,TRAIN,c297257f52bf5582cf553a5f30ebbf8a43e80195d69bb8aaa625ecff1386fc25,5b595317d6801f0da7bbf38aed3b4ae9e6fa7d1a3e06cf987370be12ca3bd98b,false,available,"[""techqa-doc:corpus/swg22002443.txt""]",confirmed_attached_context,techqa-group:daf0ca3c6d52b77a2dfd3b9da1c68cdbcc16ed5da81214e77c9d65a34f045c23,train,42,connected-component-lexicographic-milp-v1,be474a6b88da73da789620bef66aec6c2421294beedfa90eb1363be16f5b13e1,2026-08-18T09:20:02Z
phase01-data-v1,0b5bbc84b7f07d6d09d063130e90b716d8d4a32a,TRAIN_Q159,TRAIN,4fdc3009c3ba7bac48f02fe48d430479b9f6b41207089118319a9b0ac0cd2910,4d8724cf3ef487bdda2a12d8f66387340b8b44fac8edce0966c09b443822a96f,false,available,"[""techqa-doc:corpus/swg22002444.txt""]",confirmed_attached_context,techqa-group:50b95c49a5aed379963422b8819d4ba86a30ac8d1703e473eb5a3b4b6c48b3d1,train,42,connected-component-lexicographic-milp-v1,be474a6b88da73da789620bef66aec6c2421294beedfa90eb1363be16f5b13e1,2026-08-18T09:20:02Z
phase01-data-v1,0b5bbc84b7f07d6d09d063130e90b716d8d4a32a,TRAIN_Q160,TRAIN,9dc512d981ad00abc197b21d880af8cf5f97ca984086d83bba4ac56fbeb805b7,76b81c2b04396e8c85635f024b3dd4c105e58ec197b1046d7bcd5c8d3911ab99,false,available,"[""techqa-doc:corpus/swg1PI19804.txt""]",confirmed_attached_context,techqa-group:51925f954d1b9013e3d49361e385c3f02f4d5aaf82973b0c063a49c907d8bc14,train,42,connected-component-lexicographic-milp-v1,be474a6b88da73da789620bef66aec6c2421294beedfa90eb1363be16f5b13e1,2026-08-18T09:20:02Z
phase01-data-v1,0b5bbc84b7f07d6d09d063130e90b716d8d4a32a,TRAIN_Q161,TRAIN,47a1d472a30ad106ac36fb260333a0d6f5a9d728c7cba6514517ba2119b3b9a3,f0b7d8daa72ace3b9a17833f6c9eb31140b2a7bfd4ca7a5189e48c002944e33d,false,available,"[""techqa-doc:corpus/swg21249798.txt""]",confirmed_attached_context,techqa-group:7771ab7c627b771b2a5f2d4e00af24d16ee7d7fb93f2666f3f3eb1f9f4ea44c6,train,42,connected-component-lexicographic-milp-v1,be474a6b88da73da789620bef66aec6c2421294beedfa90eb1363be16f5b13e1,2026-08-18T09:20:02Z
phase01-data-v1,0b5bbc84b7f07d6d09d063130e90b716d8d4a32a,TRAIN_Q162,TRAIN,79974bc899f39a539dc7eb2003994f90c5ffc520701dc5fdcf67d1f1d47b155a,d908ee13f852e572af44fa2b477a9c42ee392e22ba001244c4bfa526f094fcc0,false,available,"[""techqa-doc:corpus/swg24041394.txt""]",confirmed_attached_context,techqa-group:aa8a65dd8a56957c9dc416d384c134f20ad7d44e4e22c8da71b44f1932f68177,validation,42,connected-component-lexicographic-milp-v1,be474a6b88da73da789620bef66aec6c2421294beedfa90eb1363be16f5b13e1,2026-08-18T09:20:02Z
phase01-data-v1,0b5bbc84b7f07d6d09d063130e90b716d8d4a32a,TRAIN_Q163,TRAIN,74236c19dcae350c44ee2d5923a65185537ab89132b1ac5195457f09ad5467c6,cda8eb93548d0e2dbb205e2603c957ce1be9e5968f0c006b24c5b5051a01a51a,false,available,"[""techqa-doc:corpus/swg22000563.txt""]",confirmed_attached_context,techqa-group:9c71a26f15e3463273cd0b43e8f2286d55f82609c2998ace7d4f23780a6c68f6,train,42,connected-component-lexicographic-milp-v1,be474a6b88da73da789620bef66aec6c2421294beedfa90eb1363be16f5b13e1,2026-08-18T09:20:02Z
phase01-data-v1,0b5bbc84b7f07d6d09d063130e90b716d8d4a32a,TRAIN_Q164,TRAIN,939dc20752cf76bf7c42899ac8a05a1f5c12e5d0e6234f1dc6e2ad2d2d5af0e2,3e994170fab7c087072a3f7e5206eb8efff57d6dd583a5a2322bdfbc870fe845,true,not_applicable_impossible,[],not_applicable_impossible,techqa-group:6a3c7a8354ac79ebf079e87e6c9499a1e7463d27123610ba90cef571d5a076ff,validation,42,connected-component-lexicographic-milp-v1,be474a6b88da73da789620bef66aec6c2421294beedfa90eb1363be16f5b13e1,2026-08-18T09:20:02Z
phase01-data-v1,0b5bbc84b7f07d6d09d063130e90b716d8d4a32a,TRAIN_Q165,TRAIN,0d86a720d7f8e737c9759cbf65395620f3a485d4b094ae699b1e2041f0ade95c,d79f0bc262f0ed79c6bd2e1540dd1e4f13ba7ec4ea8a7f2196df0874cb48ee1b,false,available,"[""techqa-doc:corpus/swg21994741.txt""]",confirmed_attached_context,techqa-group:c886f598dd11b550495e0f17648c390db7dad6487c8ce390daa837e872ce44ab,train,42,connected-component-lexicographic-milp-v1,be474a6b88da73da789620bef66aec6c2421294beedfa90eb1363be16f5b13e1,2026-08-18T09:20:02Z
phase01-data-v1,0b5bbc84b7f07d6d09d063130e90b716d8d4a32a,TRAIN_Q166,TRAIN,ba06cbfcf7148e77031a06716150181a575be29aff120c70d70aaf3209a25d34,a2997c03de95a3bd7369c6f500257483fd532cbe038daff0333c84ea42c24bac,false,available,"[""techqa-doc:corpus/swg21192604.txt""]",confirmed_attached_context,techqa-group:a404864d49ce5534306908e5e4530c8f247fbd6e7c6fb0cf8790904d5cd64b2e,train,42,connected-component-lexicographic-milp-v1,be474a6b88da73da789620bef66aec6c2421294beedfa90eb1363be16f5b13e1,2026-08-18T09:20:02Z
phase01-data-v1,0b5bbc84b7f07d6d09d063130e90b716d8d4a32a,TRAIN_Q167,TRAIN,1f02109cf1114486d120561aa012d3453f4e3d5edf6756dcecf8719f7c18a15b,d264dee737b435262b27357c6d396d6a5222e0f17407fa42e5ee2193eb9bbada,true,not_applicable_impossible,[],not_applicable_impossible,techqa-group:6fbedea03540c1af8b1bb29e17229933cc860d84d95c491ebaf187ab10d2d886,train,42,connected-component-lexicographic-milp-v1,be474a6b88da73da789620bef66aec6c2421294beedfa90eb1363be16f5b13e1,2026-08-18T09:20:02Z
phase01-data-v1,0b5bbc84b7f07d6d09d063130e90b716d8d4a32a,TRAIN_Q168,TRAIN,21d9db0959090766c61ce44dc888512ccbd69c008341d0e5a760aebec7bcb8cd,ef7b572c040bbcb57402e63726f302eb102f36e2757fab70429a9860cfaaafdf,false,available,"[""techqa-doc:corpus/swg21985017.txt""]",confirmed_attached_context,techqa-group:a66bf6a39d42ef891f8decec99383d444b506aaf898c378fd6d57434435be717,train,42,connected-component-lexicographic-milp-v1,be474a6b88da73da789620bef66aec6c2421294beedfa90eb1363be16f5b13e1,2026-08-18T09:20:02Z
phase01-data-v1,0b5bbc84b7f07d6d09d063130e90b716d8d4a32a,TRAIN_Q169,TRAIN,75b30d2b9be72391bfaadfc620a31fb027b3325c978385dc912df861a3ca19e6,d5c2e0dc5d5f5b0d302abd2630b8ab7a0c90c0209cfd2c2040f57b86d7ac1e5d,true,not_applicable_impossible,[],not_applicable_impossible,techqa-group:6cba55e077c7f379eabbe27cd56b32e6553c7d83e1eab8188f3046f497aa38f3,train,42,connected-component-lexicographic-milp-v1,be474a6b88da73da789620bef66aec6c2421294beedfa90eb1363be16f5b13e1,2026-08-18T09:20:02Z
phase01-data-v1,0b5bbc84b7f07d6d09d063130e90b716d8d4a32a,TRAIN_Q170,TRAIN,52bc31f0e180c3d79bd2861ca8bdc5b2891a8ba9e432d5066d75a11e082329af,756cef43532b6252ef55cfcfbe0c2453ed2765e23b56891e302ad2e084b0cdf8,false,available,"[""techqa-doc:corpus/swg21391724.txt""]",confirmed_attached_context,techqa-group:d857d62ad3ca0ac8df5bbd82b06111899cbc5a037d9bd4157b9f96967cb8d421,train,42,connected-component-lexicographic-milp-v1,be474a6b88da73da789620bef66aec6c2421294beedfa90eb1363be16f5b13e1,2026-08-18T09:20:02Z
phase01-data-v1,0b5bbc84b7f07d6d09d063130e90b716d8d4a32a,TRAIN_Q171,TRAIN,f53afc02ca2b08266dcdc15d1e31df487a3c628a56520c4878206e314cb5bfae,0595393980e2179220a2ad3b3b4354766d2f69e1d74d132974ec349ef0b817f6,false,available,"[""techqa-doc:corpus/swg21700633.txt""]",confirmed_attached_context,techqa-group:336defe1507c1df1dd4a87ba6d2c09ca927101c4b070fc2bd7e8abdca2f69268,train,42,connected-component-lexicographic-milp-v1,be474a6b88da73da789620bef66aec6c2421294beedfa90eb1363be16f5b13e1,2026-08-18T09:20:02Z
phase01-data-v1,0b5bbc84b7f07d6d09d063130e90b716d8d4a32a,TRAIN_Q172,TRAIN,325fa30a7171d84a941032a3992c24f5a4804d3a7f75f4451fbd996454e16595,1affa8983ad2b355141604aec5ef45745fb6bc251800beebafc88a7dc8828773,false,available,"[""techqa-doc:corpus/swg21998312.txt""]",confirmed_attached_context,techqa-group:ed5f2e893dd75d52bf2ce3a6edcf458318278857561de513fd8c8f67bea3d2c0,train,42,connected-component-lexicographic-milp-v1,be474a6b88da73da789620bef66aec6c2421294beedfa90eb1363be16f5b13e1,2026-08-18T09:20:02Z
phase01-data-v1,0b5bbc84b7f07d6d09d063130e90b716d8d4a32a,TRAIN_Q173,TRAIN,c760ea3a283bb97d0931dd60ca3e304eb501b0dacbb29d6ca27073e5b44cb3d7,e427a414d4bfaedf97dd31419c60d56f89b859c004ccd42cc0d13926984e1454,true,not_applicable_impossible,[],not_applicable_impossible,techqa-group:8fb05aa1a35ebdf418385af4be293349ea99abd3a6e8e115ea8d2db44f4a7707,test,42,connected-component-lexicographic-milp-v1,be474a6b88da73da789620bef66aec6c2421294beedfa90eb1363be16f5b13e1,2026-08-18T09:20:02Z
phase01-data-v1,0b5bbc84b7f07d6d09d063130e90b716d8d4a32a,TRAIN_Q174,TRAIN,1d31d8bd700ef6020b505e7ffc23bcb52160185684f7ddb87f4ef5929c785592,0b4caef48060205da2bafb093d40f7432ae510c47c15265635286b2371015206,false,available,"[""techqa-doc:corpus/swg21445801.txt""]",confirmed_attached_context,techqa-group:d9f570f46ff4a37ed4b80bceb41509b7dffe270169f160e28305b0e405bd7aa5,train,42,connected-component-lexicographic-milp-v1,be474a6b88da73da789620bef66aec6c2421294beedfa90eb1363be16f5b13e1,2026-08-18T09:20:02Z
phase01-data-v1,0b5bbc84b7f07d6d09d063130e90b716d8d4a32a,TRAIN_Q175,TRAIN,50095ff11107a5909237ca2dd5e21c681fe64556e0375d583e3a527a6dad73dd,026064ce9e143c775dae3f95f44e40c9d85090308eccf14d915899dbf20f49aa,true,not_applicable_impossible,[],not_applicable_impossible,techqa-group:9ca1036f6d730f1570c0782989e11180c914e131dc83d6fe228a8c03cfcbed4f,train,42,connected-component-lexicographic-milp-v1,be474a6b88da73da789620bef66aec6c2421294beedfa90eb1363be16f5b13e1,2026-08-18T09:20:02Z
phase01-data-v1,0b5bbc84b7f07d6d09d063130e90b716d8d4a32a,TRAIN_Q176,TRAIN,91f6eb1f9b992572383a010fba5d6fa3ffcc21692b98e3fb439cd501f891b9c9,ed0b24701953d0e50487302c45775f5986f2991655e323321c43fa116125c288,true,not_applicable_impossible,[],not_applicable_impossible,techqa-group:b1a69f59e56f87d5d8245da85d4aaf935c900f14ea89cf5a342f181ae9aeb7d7,test,42,connected-component-lexicographic-milp-v1,be474a6b88da73da789620bef66aec6c2421294beedfa90eb1363be16f5b13e1,2026-08-18T09:20:02Z
phase01-data-v1,0b5bbc84b7f07d6d09d063130e90b716d8d4a32a,TRAIN_Q177,TRAIN,b5cdd9bf90f758358d6f90331d90b8297306d44ee7408bbe759d25328730405a,a89521344e3cff9cd92e3e14e788e250e698f446e8828707506af99a539c8d08,true,not_applicable_impossible,[],not_applicable_impossible,techqa-group:0f4eb59b6b55de4a3d23b7021ade5dceb3d429c66fc022f8612226b4272b397b,test,42,connected-component-lexicographic-milp-v1,be474a6b88da73da789620bef66aec6c2421294beedfa90eb1363be16f5b13e1,2026-08-18T09:20:02Z
phase01-data-v1,0b5bbc84b7f07d6d09d063130e90b716d8d4a32a,TRAIN_Q178,TRAIN,d552295a8eb5f5244e189a9bfb359f0d24f6bab2b53193910dd3eb721b435488,67a6bc85c355a09d8f14442b0863455fae51df60b612a3a659db5f2f62631d9a,false,available,"[""techqa-doc:corpus/swg21977398.txt""]",confirmed_attached_context,techqa-group:b95884a3ed68217924bf1b1fba3df9185dbfbfc9b3a60711895c67fbb91d1e2c,train,42,connected-component-lexicographic-milp-v1,be474a6b88da73da789620bef66aec6c2421294beedfa90eb1363be16f5b13e1,2026-08-18T09:20:02Z
phase01-data-v1,0b5bbc84b7f07d6d09d063130e90b716d8d4a32a,TRAIN_Q179,TRAIN,41f2a8387f5035e98c4315498bedf561f948449386300d3127cd4436dd8b79f7,938bb2f7c7084a4abdfcff8681837a1ac7cf81ece2d469dbad9a57f7df54785d,true,not_applicable_impossible,[],not_applicable_impossible,techqa-group:2805ab3caa58995c26f6be72759edae9707f125a12c0c434fae39b45733127b3,test,42,connected-component-lexicographic-milp-v1,be474a6b88da73da789620bef66aec6c2421294beedfa90eb1363be16f5b13e1,2026-08-18T09:20:02Z
phase01-data-v1,0b5bbc84b7f07d6d09d063130e90b716d8d4a32a,TRAIN_Q180,TRAIN,a1f5d1e5af766f90031462727f4c4e195e319fcfff9cff1561b8a3825a7daf16,3379cbaa5208b719b6443ec988738288e89f52a3919a7c5a15ff193a031806cb,true,not_applicable_impossible,[],not_applicable_impossible,techqa-group:7777d4dc4099f50cef780d8f5da7dc79a0a65801f1166763c276b75e3f0c37f2,test,42,connected-component-lexicographic-milp-v1,be474a6b88da73da789620bef66aec6c2421294beedfa90eb1363be16f5b13e1,2026-08-18T09:20:02Z
phase01-data-v1,0b5bbc84b7f07d6d09d063130e90b716d8d4a32a,TRAIN_Q181,TRAIN,4a66ad5e84813301084e21003ea85e6df516cff94e01fa804123d5bc5927331e,1aba914a27f6948640e07cbb03283a2b50a701e14efd012244b83c07c08006bb,true,not_applicable_impossible,[],not_applicable_impossible,techqa-group:b66e16436683f17b3c77bfc4aff606dab3a6d6889b6e863d252e0ff24e89bc70,train,42,connected-component-lexicographic-milp-v1,be474a6b88da73da789620bef66aec6c2421294beedfa90eb1363be16f5b13e1,2026-08-18T09:20:02Z
phase01-data-v1,0b5bbc84b7f07d6d09d063130e90b716d8d4a32a,TRAIN_Q182,TRAIN,49c9fde2464776a75f90e06c4da0c8482e96a36d3a1c712b08033a0c8f02140d,476e952076f227cfc71b55e06df9bd7f066a3d0c8c04dea0b7e2a0f759fc14ae,false,available,"[""techqa-doc:corpus/swg21961542.txt""]",confirmed_attached_context,techqa-group:a18dd06e647656a889bd08cc4721c9a006ae8fa457242dc4bf5e34249bef5a22,train,42,connected-component-lexicographic-milp-v1,be474a6b88da73da789620bef66aec6c2421294beedfa90eb1363be16f5b13e1,2026-08-18T09:20:02Z
phase01-data-v1,0b5bbc84b7f07d6d09d063130e90b716d8d4a32a,TRAIN_Q183,TRAIN,79c72262cf830e11a4c150f043a4620ba5a15588a40e438552832b0c15ffb0b7,426d997bf53065cd047bbd64a616029c7adff776ba852d6bcd906ab6ba5bfbf0,false,available,"[""techqa-doc:corpus/swg22001607.txt""]",confirmed_attached_context,techqa-group:963b0d75948d2ceb6e9960f4e8c2cd7822c94a2876b131a0f708ab76ad3d4e19,train,42,connected-component-lexicographic-milp-v1,be474a6b88da73da789620bef66aec6c2421294beedfa90eb1363be16f5b13e1,2026-08-18T09:20:02Z
phase01-data-v1,0b5bbc84b7f07d6d09d063130e90b716d8d4a32a,TRAIN_Q184,TRAIN,db2daced5480f23d5c9e0f17d95f7bf4e50b741e00e4122d2140fa700512d8a2,e48a23b1856c40e23a12e242d884cfc61784c148dfbcf9c00a0ad764edc6b4cc,false,available,"[""techqa-doc:corpus/swg21701478.txt""]",confirmed_attached_context,techqa-group:d96af722b9abbdb3fa243eefca6376a810d88baa7df866439b6fb3fae1bd2d78,validation,42,connected-component-lexicographic-milp-v1,be474a6b88da73da789620bef66aec6c2421294beedfa90eb1363be16f5b13e1,2026-08-18T09:20:02Z
phase01-data-v1,0b5bbc84b7f07d6d09d063130e90b716d8d4a32a,TRAIN_Q185,TRAIN,babc9c51247a288bf24cacb9d5d2ded1b2cf2f48761fcd8a177e1d0e56deb77b,7440736f6ba9e001d2c431d56e442b000e2b4107cda238b38e5f4f3622f201c1,true,not_applicable_impossible,[],not_applicable_impossible,techqa-group:8e30a9dc39fac11dc3fbc98529f90d01a132ea4ada6f5fa243708d28756fc854,train,42,connected-component-lexicographic-milp-v1,be474a6b88da73da789620bef66aec6c2421294beedfa90eb1363be16f5b13e1,2026-08-18T09:20:02Z
phase01-data-v1,0b5bbc84b7f07d6d09d063130e90b716d8d4a32a,TRAIN_Q186,TRAIN,27d99d3a2d056efc02dc380d1d673c4cafe8b3b01ee2d8daa65701ce01b9519b,e4e128f4d7e03bc0fd6d37af5f2374dafbcef41ee782fc75c5a5514b1b2bd75d,false,available,"[""techqa-doc:corpus/swg21507587.txt""]",confirmed_attached_context,techqa-group:791bd9719947c5f17ac40dadf299682601991c86eb362e00281735a6cfec793f,test,42,connected-component-lexicographic-milp-v1,be474a6b88da73da789620bef66aec6c2421294beedfa90eb1363be16f5b13e1,2026-08-18T09:20:02Z
phase01-data-v1,0b5bbc84b7f07d6d09d063130e90b716d8d4a32a,TRAIN_Q187,TRAIN,83b9e53b04b1f8be3485e8e2a1ed011e0ed2c4c13417bdf602053a05b20648d1,f58731dba5c2098d07e5898264b1ed2bf9790af2274ea25684b161a1a2ddeea9,false,available,"[""techqa-doc:corpus/swg21163875.txt""]",confirmed_attached_context,techqa-group:7945a5b09636c6f99e60e2994c2ea5f6bbb0975cd218f40ae4572c316b30a12c,validation,42,connected-component-lexicographic-milp-v1,be474a6b88da73da789620bef66aec6c2421294beedfa90eb1363be16f5b13e1,2026-08-18T09:20:02Z
phase01-data-v1,0b5bbc84b7f07d6d09d063130e90b716d8d4a32a,TRAIN_Q188,TRAIN,a66f37032e7295a26e90fe9d5f4054aea01d14729c28ad95a4c90d0c17c1c7ee,f56b242ba1de90fa3360e5707b323017eead9d7bce8f842806a2eb2ef3ce37bf,false,available,"[""techqa-doc:corpus/swg21976068.txt""]",confirmed_attached_context,techqa-group:8a21acf3ef9bfa5ce0eaa8dbcf69e9b303e33da7e60fea2c78e87a0888e25007,train,42,connected-component-lexicographic-milp-v1,be474a6b88da73da789620bef66aec6c2421294beedfa90eb1363be16f5b13e1,2026-08-18T09:20:02Z
phase01-data-v1,0b5bbc84b7f07d6d09d063130e90b716d8d4a32a,TRAIN_Q189,TRAIN,0567751564e0edc313eae518ff20c1e459ef5b7e4a9917d933787ae6657cbb73,62d3ed6891634c3bb7b1c0038716eab9417665f41a110dd72a2a6117b8579cc8,false,available,"[""techqa-doc:corpus/swg21967756.txt""]",confirmed_attached_context,techqa-group:835f7972aa4ec55fbc9f1f6ed51ec61447bb5ac58c3f21616c7a472bbd8572df,validation,42,connected-component-lexicographic-milp-v1,be474a6b88da73da789620bef66aec6c2421294beedfa90eb1363be16f5b13e1,2026-08-18T09:20:02Z
phase01-data-v1,0b5bbc84b7f07d6d09d063130e90b716d8d4a32a,TRAIN_Q190,TRAIN,94dce802663fffa2a98006084e6eddbad6ff575f9db33509733e6fd7816dec6e,5f84efbf6a9d77015941d20d6d4ad59860ddb70a50a4429356e2fd72849a077b,false,available,"[""techqa-doc:corpus/swg24034421.txt""]",confirmed_attached_context,techqa-group:ae4703c53b48b21f51924f2e341497f1b17eb68a26fa4ebbc330f321b8d47cb2,train,42,connected-component-lexicographic-milp-v1,be474a6b88da73da789620bef66aec6c2421294beedfa90eb1363be16f5b13e1,2026-08-18T09:20:02Z
phase01-data-v1,0b5bbc84b7f07d6d09d063130e90b716d8d4a32a,TRAIN_Q191,TRAIN,22ba3114992f1bb2cc3046704d62f77df3b13e27a3cdd2249fc0c2333ffdf941,0c6140b4106354690d06d279b1323b407a44b1c9deaf8b6e1b7b22622ce775b0,true,not_applicable_impossible,[],not_applicable_impossible,techqa-group:96ed5574a2d37ed330ee3078f8f44f3458a0012f177dbad22e25752756dc54f8,train,42,connected-component-lexicographic-milp-v1,be474a6b88da73da789620bef66aec6c2421294beedfa90eb1363be16f5b13e1,2026-08-18T09:20:02Z
phase01-data-v1,0b5bbc84b7f07d6d09d063130e90b716d8d4a32a,TRAIN_Q192,TRAIN,9c24c7fe86ab30a79de1fd0bdcfda11a377be4a0330b921bd207cc41dd559b98,66ae6ec2abef7b270633fdb409da9532793c11cdcf60f04acf15b951caad75d5,true,not_applicable_impossible,[],not_applicable_impossible,techqa-group:ed1f1d8c38cb73d0d77ad6d60ab14d945152dbd86f1958567c869c74b3b4d37b,train,42,connected-component-lexicographic-milp-v1,be474a6b88da73da789620bef66aec6c2421294beedfa90eb1363be16f5b13e1,2026-08-18T09:20:02Z
phase01-data-v1,0b5bbc84b7f07d6d09d063130e90b716d8d4a32a,TRAIN_Q193,TRAIN,6e40d6a6b8394eda68a9afb7e036f1a92c50c189eb4fa34a5fd3626aa28c2a6e,c685599f36cb619f0a2fab6703774d2f791df010a81421bff34a2d000d630cb9,false,available,"[""techqa-doc:corpus/swg22009938.txt""]",confirmed_attached_context,techqa-group:d25e7fecefd12b0eb64b5966b6cc971f0d05fdbf945733179aa415ad72d413b0,train,42,connected-component-lexicographic-milp-v1,be474a6b88da73da789620bef66aec6c2421294beedfa90eb1363be16f5b13e1,2026-08-18T09:20:02Z
phase01-data-v1,0b5bbc84b7f07d6d09d063130e90b716d8d4a32a,TRAIN_Q194,TRAIN,5da3787ffa44700b6ead3f8c33b0833a2b8c36d5e088447522a4674cdab1c940,535966bffc4a64e1321a846e824e1105c9ccc2925f68b2462887374700583d53,false,available,"[""techqa-doc:corpus/swg21614208.txt""]",confirmed_attached_context,techqa-group:ec6e66c573cb94f514e3d9a419db49f99b952e037556737bb07ba83c166e2e3a,test,42,connected-component-lexicographic-milp-v1,be474a6b88da73da789620bef66aec6c2421294beedfa90eb1363be16f5b13e1,2026-08-18T09:20:02Z
phase01-data-v1,0b5bbc84b7f07d6d09d063130e90b716d8d4a32a,TRAIN_Q195,TRAIN,c61f3d3fa6a1f03c384169aedb64afcfd990d0f0b6f194b7fe63b3ddff411434,cc382518e57b244aff4dd1acc575cbab16f9b5c344c56daed29c7399e60362d0,false,available,"[""techqa-doc:corpus/swg27046676.txt""]",confirmed_attached_context,techqa-group:81c91d0a07a6e5c13751dc9dd756c77c5c79d46f9a06bb497d7099520ec55dc7,train,42,connected-component-lexicographic-milp-v1,be474a6b88da73da789620bef66aec6c2421294beedfa90eb1363be16f5b13e1,2026-08-18T09:20:02Z
phase01-data-v1,0b5bbc84b7f07d6d09d063130e90b716d8d4a32a,TRAIN_Q196,TRAIN,0d252c93149de376af57139b1e6aaaa86727459e5d3737dc7624df3971dd61ca,de2fec16c21440923cfe2995cb13265801afe77b5ce2c7bdf34416ee6e9d86cf,true,not_applicable_impossible,[],not_applicable_impossible,techqa-group:32ae2889f8e724982d609cb3c7760de69dad6b32af75913ab8fdce960e324220,train,42,connected-component-lexicographic-milp-v1,be474a6b88da73da789620bef66aec6c2421294beedfa90eb1363be16f5b13e1,2026-08-18T09:20:02Z
phase01-data-v1,0b5bbc84b7f07d6d09d063130e90b716d8d4a32a,TRAIN_Q197,TRAIN,19510faeed4550e1d984d03b5a9e78f9bdedd38a7d7212a681a73f19052f86e2,feda1a5bdbb4e9cff01ad149c44c9111333b8c90fb1e2133a3bae3867a72c842,true,not_applicable_impossible,[],not_applicable_impossible,techqa-group:145620ebed3247aecc3d31427627fb31c1dc4d676ba1635a9830907f45137896,train,42,connected-component-lexicographic-milp-v1,be474a6b88da73da789620bef66aec6c2421294beedfa90eb1363be16f5b13e1,2026-08-18T09:20:02Z
phase01-data-v1,0b5bbc84b7f07d6d09d063130e90b716d8d4a32a,TRAIN_Q198,TRAIN,0ee06e33370a9d1e5e9a301fed63307dcbdbbc1331efc473ecf4a2f07c38126d,1728f935f48084e1cf8683ee5582bf5af9452456b3de5ebeef715a4cd1d64639,false,available,"[""techqa-doc:corpus/swg22013088.txt""]",confirmed_attached_context,techqa-group:a8a3dfe00eb6645b51b06d1d53d832739953984255bdef6fae7cf33918f3e348,train,42,connected-component-lexicographic-milp-v1,be474a6b88da73da789620bef66aec6c2421294beedfa90eb1363be16f5b13e1,2026-08-18T09:20:02Z
phase01-data-v1,0b5bbc84b7f07d6d09d063130e90b716d8d4a32a,TRAIN_Q199,TRAIN,0463014115caceb2c4cc721fe7db4b98fa2a293e7d259861541090694708b51c,95935df41866db82e6a30ea1e87d6398c14d17c1edcd923b5a9d58b09f72bae0,false,available,"[""techqa-doc:corpus/swg21397335.txt""]",confirmed_attached_context,techqa-group:9d7cb6b208da3334c460c039dce3053f065f264b1ac3a84700e5d7abdbc89c38,validation,42,connected-component-lexicographic-milp-v1,be474a6b88da73da789620bef66aec6c2421294beedfa90eb1363be16f5b13e1,2026-08-18T09:20:02Z
phase01-data-v1,0b5bbc84b7f07d6d09d063130e90b716d8d4a32a,TRAIN_Q200,TRAIN,29cddf212e4a7827e3682d8db78753474cb95756c2eb1426338a64b1eadb8961,fe49e436e47b48caed201cd3bae7e1f752e27b99d25e0224a4a987827080c488,true,not_applicable_impossible,[],not_applicable_impossible,techqa-group:3aad837ac3c2f2776632d6678e14740dd59d2b7c7a2a04dde05be72d75a3e639,train,42,connected-component-lexicographic-milp-v1,be474a6b88da73da789620bef66aec6c2421294beedfa90eb1363be16f5b13e1,2026-08-18T09:20:02Z
phase01-data-v1,0b5bbc84b7f07d6d09d063130e90b716d8d4a32a,TRAIN_Q201,TRAIN,1c510011234c5b2697f4b81849c4d5a860702a1c61d426d3e0f8496ac09365b6,a3e05955cfad59d581e6eacd24c30cd5acea33a3f2ab547c735d4a2841b7f003,false,available,"[""techqa-doc:corpus/swg21365841.txt""]",confirmed_attached_context,techqa-group:4a7092a00464ee37649debb5e5d1d3d9b01cfc59cc662840b7daa3cb05402458,train,42,connected-component-lexicographic-milp-v1,be474a6b88da73da789620bef66aec6c2421294beedfa90eb1363be16f5b13e1,2026-08-18T09:20:02Z
phase01-data-v1,0b5bbc84b7f07d6d09d063130e90b716d8d4a32a,TRAIN_Q202,TRAIN,cc4f1b890eef116ef53ba8708c786da847f50b01a990dfc0b8c97ca935a253f7,f69146ecaf97c83c79662f3677e7260ae6a8a4f33d69e7f9a20237de3bd71b95,false,available,"[""techqa-doc:corpus/swg21984463.txt""]",confirmed_attached_context,techqa-group:90458f1c019055393f2d6a4977a3f671cc0f89ce7aabdef775769ecde3e6ab2c,train,42,connected-component-lexicographic-milp-v1,be474a6b88da73da789620bef66aec6c2421294beedfa90eb1363be16f5b13e1,2026-08-18T09:20:02Z
phase01-data-v1,0b5bbc84b7f07d6d09d063130e90b716d8d4a32a,TRAIN_Q203,TRAIN,aa8fc04470237b6d54a3070d1c96084619c77b5ebc7196d2bd3e3a447fe6575d,8df24d01ebbd3e9c8c2953bfe4851bf2e8514edc6508cb32622bc480aaf72af6,false,available,"[""techqa-doc:corpus/swg21269136.txt""]",confirmed_attached_context,techqa-group:08e218b6e9c8c0332daa27c6a50f567ab1f6d388ec7ec2b5164feae87cb203d0,validation,42,connected-component-lexicographic-milp-v1,be474a6b88da73da789620bef66aec6c2421294beedfa90eb1363be16f5b13e1,2026-08-18T09:20:02Z
phase01-data-v1,0b5bbc84b7f07d6d09d063130e90b716d8d4a32a,TRAIN_Q204,TRAIN,ee458fac276cf44369e65ba69ee00d3c025371741dd1ff2c470829375970c520,bc78db06597031b92cf59ef8625b0e0487b0f7a4659408a1ea0763a3a343e3ed,false,available,"[""techqa-doc:corpus/swg21500151.txt""]",confirmed_attached_context,techqa-group:c1b3de8b1b9680c6b9baf7e757d987514bf56cd2b9540984414319fb304e26a0,train,42,connected-component-lexicographic-milp-v1,be474a6b88da73da789620bef66aec6c2421294beedfa90eb1363be16f5b13e1,2026-08-18T09:20:02Z
phase01-data-v1,0b5bbc84b7f07d6d09d063130e90b716d8d4a32a,TRAIN_Q205,TRAIN,09e3da294f81c63c7a4298d5f8afff12ed0058e276dfe8746ea307cbe89ab49a,f5272ac4f8023db806b0b4021b604b5dbccc351baee351e2ff6c3e9619d057e4,false,available,"[""techqa-doc:corpus/swg22004607.txt""]",confirmed_attached_context,techqa-group:9e4d1f22e5f06b6723d7291a92d4b46dd0395736ab885e28289c468bfb4c4e1e,train,42,connected-component-lexicographic-milp-v1,be474a6b88da73da789620bef66aec6c2421294beedfa90eb1363be16f5b13e1,2026-08-18T09:20:02Z
phase01-data-v1,0b5bbc84b7f07d6d09d063130e90b716d8d4a32a,TRAIN_Q206,TRAIN,0211969daaf4ee3c07fc79c9c1e22a39bbbf5ed255bebc05576f7ff4b5e0f413,1517d1876acbd6ea9e59451bbcc3e645382ec60115e2148bc0f6a61b6c77ae1a,false,available,"[""techqa-doc:corpus/swg21962588.txt""]",confirmed_attached_context,techqa-group:742c90ede851ec7c237fb29680e4dd4ea2828b2cd1e1ff12c004a24924cfd9c3,test,42,connected-component-lexicographic-milp-v1,be474a6b88da73da789620bef66aec6c2421294beedfa90eb1363be16f5b13e1,2026-08-18T09:20:02Z
phase01-data-v1,0b5bbc84b7f07d6d09d063130e90b716d8d4a32a,TRAIN_Q207,TRAIN,9c3b92c85dd1dff0ed2c457b949faacbdbaf0d3c1ea46376ff5d355c5c4debc5,d2dec53c58489a3afc6154272721e0b89e08bb1f3e8d6230da1eaf5da87b81ff,false,available,"[""techqa-doc:corpus/swg24041563.txt""]",confirmed_attached_context,techqa-group:dd42d5c163b03df3d837c1c457a00e459200c517fd5e250a49e6d4f6fb69112e,validation,42,connected-component-lexicographic-milp-v1,be474a6b88da73da789620bef66aec6c2421294beedfa90eb1363be16f5b13e1,2026-08-18T09:20:02Z
phase01-data-v1,0b5bbc84b7f07d6d09d063130e90b716d8d4a32a,TRAIN_Q208,TRAIN,8acda9596cae0dcc61b8d1b7f2e9b0c39eaff71857dd03ef2f8cf1badc7f8854,2c44fe226787de3b3a113e6ba7a0dbe5e45b9af4bc25910621433bf848605931,false,available,"[""techqa-doc:corpus/swg21568844.txt""]",confirmed_attached_context,techqa-group:65d4bc27ee20c9d6cf1ef9025aecfde11c82521804e16cb78542d3b833b576c2,train,42,connected-component-lexicographic-milp-v1,be474a6b88da73da789620bef66aec6c2421294beedfa90eb1363be16f5b13e1,2026-08-18T09:20:02Z
phase01-data-v1,0b5bbc84b7f07d6d09d063130e90b716d8d4a32a,TRAIN_Q209,TRAIN,72221bdefcc0a4a7678c1d7ca55af4148024815d5b91c9987468a7f0f266370f,d1cc5c46b6f83e6b1e94a4dd55f44d71eef571fea35991971141a8ccba66e3ba,false,available,"[""techqa-doc:corpus/swg21438208.txt""]",confirmed_attached_context,techqa-group:3389973b5a9566d59d58568210d4af097859c00c6f167ee351c5e4e65ba6d365,train,42,connected-component-lexicographic-milp-v1,be474a6b88da73da789620bef66aec6c2421294beedfa90eb1363be16f5b13e1,2026-08-18T09:20:02Z
phase01-data-v1,0b5bbc84b7f07d6d09d063130e90b716d8d4a32a,TRAIN_Q210,TRAIN,c2f17f3399c0bc6e52a0faf9e42d0b45fd45c747bdbcf415a645dfcd0c236659,d33756b6ff785bc8816765a15fd7f400c4a6a499900a970b59838a7aa8604572,false,available,"[""techqa-doc:corpus/swg22007765.txt""]",confirmed_attached_context,techqa-group:d5b523a89c928d83d35d614de3a77697efa514cbc0c65e21cbdf49405ed67d2c,train,42,connected-component-lexicographic-milp-v1,be474a6b88da73da789620bef66aec6c2421294beedfa90eb1363be16f5b13e1,2026-08-18T09:20:02Z
phase01-data-v1,0b5bbc84b7f07d6d09d063130e90b716d8d4a32a,TRAIN_Q211,TRAIN,888531ae95628d5b21457b5983a27e4d6c4934a6f7e44c1bfe6b2fce8c82b990,6f2a547d3d8115e13545fb2adfd1dff12ed9e3a1265596d3a5d94e0eb5388ed8,true,not_applicable_impossible,[],not_applicable_impossible,techqa-group:b4be6fbef950ff650ce2ee3c31b438be93f355ca1be16fb0fd5df07365c37f46,train,42,connected-component-lexicographic-milp-v1,be474a6b88da73da789620bef66aec6c2421294beedfa90eb1363be16f5b13e1,2026-08-18T09:20:02Z
phase01-data-v1,0b5bbc84b7f07d6d09d063130e90b716d8d4a32a,TRAIN_Q212,TRAIN,a9220c55f4d6abd3c78556389c3b8fed637949192e690c98a0023b431bd38d0a,b0cac71e0bdf155772adf19413a9be2cb7d40c8867781beec6da9ebf1561fd96,false,available,"[""techqa-doc:corpus/swg21999724.txt""]",confirmed_attached_context,techqa-group:2fab210ec433ddfdd38ce0374aded380f18a8c6b617112b21fc6ec66123dc11e,test,42,connected-component-lexicographic-milp-v1,be474a6b88da73da789620bef66aec6c2421294beedfa90eb1363be16f5b13e1,2026-08-18T09:20:02Z
phase01-data-v1,0b5bbc84b7f07d6d09d063130e90b716d8d4a32a,TRAIN_Q213,TRAIN,436d778ef8ef208dc3b4adaad67ba22f3f4ee6fe22da583772e5d743a79e98a0,fae03a0c483b2d00afbb54d81506e7353c8ced636f8626e4c8b68b19249d8e50,true,not_applicable_impossible,[],not_applicable_impossible,techqa-group:f766f65a62546f0a58ac8644e1b8274274543721179a30d971ec9d96807c934f,train,42,connected-component-lexicographic-milp-v1,be474a6b88da73da789620bef66aec6c2421294beedfa90eb1363be16f5b13e1,2026-08-18T09:20:02Z
phase01-data-v1,0b5bbc84b7f07d6d09d063130e90b716d8d4a32a,TRAIN_Q214,TRAIN,89640c605c14c997ff5a1a3844d16a6ec6a967516d6aaa82f8f23fc75912a90c,6d0fe26344e953339668f76187ec99f060059a20dc485eef84fbd95ebe08ed23,false,available,"[""techqa-doc:corpus/swg21959709.txt""]",confirmed_attached_context,techqa-group:f649897a6ddf0bbc10093dcf7100d48065fc2778b6c466d60ba3b5e1ab366fd2,train,42,connected-component-lexicographic-milp-v1,be474a6b88da73da789620bef66aec6c2421294beedfa90eb1363be16f5b13e1,2026-08-18T09:20:02Z
phase01-data-v1,0b5bbc84b7f07d6d09d063130e90b716d8d4a32a,TRAIN_Q215,TRAIN,062ee98deb46784d323413fc1071165ac11f4a219a0a7367272adb8ad11d5821,92ab4d0f99bf694ef1d76858c400c23d1d83ce8003362d3b4540d87f1adcbcbb,false,available,"[""techqa-doc:corpus/swg22002975.txt""]",confirmed_attached_context,techqa-group:e38036635f52f48c4dca1538c03d83f45727827d30c9377312555bacc59284d9,train,42,connected-component-lexicographic-milp-v1,be474a6b88da73da789620bef66aec6c2421294beedfa90eb1363be16f5b13e1,2026-08-18T09:20:02Z
phase01-data-v1,0b5bbc84b7f07d6d09d063130e90b716d8d4a32a,TRAIN_Q216,TRAIN,b95b2085a4d507f7da4ba88e726829d6f03c431be811f7ce549708d1752b415e,d7864b9ebaf0a8c81573a8f74545c67d37dc3a015dc286102fcebc46d9b218d4,false,available,"[""techqa-doc:corpus/swg22009842.txt""]",confirmed_attached_context,techqa-group:250e8798ee6d4be29255285004e51697464d3bea0de3a069aa469f786673834e,train,42,connected-component-lexicographic-milp-v1,be474a6b88da73da789620bef66aec6c2421294beedfa90eb1363be16f5b13e1,2026-08-18T09:20:02Z
phase01-data-v1,0b5bbc84b7f07d6d09d063130e90b716d8d4a32a,TRAIN_Q217,TRAIN,1663c5090ee60d26a79f1af459787ed44b597c8c2f3b693dc5cbc08105b666b2,b7450851e9859645ed693e335178a9ba315f8e317763ae2b4a9ea80ededa769e,false,available,"[""techqa-doc:corpus/swg21255545.txt""]",confirmed_attached_context,techqa-group:312e0321194982baf7b0dc296a907a5d9436ef9e2f8f05d6c0163d9694d73a29,train,42,connected-component-lexicographic-milp-v1,be474a6b88da73da789620bef66aec6c2421294beedfa90eb1363be16f5b13e1,2026-08-18T09:20:02Z
phase01-data-v1,0b5bbc84b7f07d6d09d063130e90b716d8d4a32a,TRAIN_Q218,TRAIN,eee9cdcb7f0ed741c4e6de15962789fd8a492c2c065da5479c06e4b37a953be1,113f4a5e6d6fbdce1ae721be87b18008ac87f4b01e1b3d0fe7b5f7bf3c62393c,true,not_applicable_impossible,[],not_applicable_impossible,techqa-group:189b7f6939a636ef527d11e0012159bf8383a4fa701a99bd2643071fa5d0e3a8,train,42,connected-component-lexicographic-milp-v1,be474a6b88da73da789620bef66aec6c2421294beedfa90eb1363be16f5b13e1,2026-08-18T09:20:02Z
phase01-data-v1,0b5bbc84b7f07d6d09d063130e90b716d8d4a32a,TRAIN_Q219,TRAIN,7184ad61858b48a72b69e8131101b13f780e40d0581f4d426ad9de1bcb9b3bf1,ceff50392176a6e4a51f9290f61f115a0ce2710fd600d03749da5937e3e22e7b,false,available,"[""techqa-doc:corpus/swg21529563.txt""]",confirmed_attached_context,techqa-group:368634bafc6450fa01b37a5d0a820726b35dd6a673993248c34cbd7062d639c2,train,42,connected-component-lexicographic-milp-v1,be474a6b88da73da789620bef66aec6c2421294beedfa90eb1363be16f5b13e1,2026-08-18T09:20:02Z
phase01-data-v1,0b5bbc84b7f07d6d09d063130e90b716d8d4a32a,TRAIN_Q220,TRAIN,c79c7c08846b56c5cfcd18230e3f56bb687a47f4a0ff85b2f630d49098b70c43,235f75d9bc0410c2dae0d1ba7ffaf967eebd60695bbfa5c92be8e9d9b3f89409,true,not_applicable_impossible,[],not_applicable_impossible,techqa-group:376f9e667fbfcb8fe53c98ecbeb7ecd9a15449f1eb9fa4eff26bbde1c4fc05ec,test,42,connected-component-lexicographic-milp-v1,be474a6b88da73da789620bef66aec6c2421294beedfa90eb1363be16f5b13e1,2026-08-18T09:20:02Z
phase01-data-v1,0b5bbc84b7f07d6d09d063130e90b716d8d4a32a,TRAIN_Q221,TRAIN,6f074b49248c973cdcce182d652ffa7c71b7f42855bf42d1f7d08665be7caafb,890dd2a048b9ed10ff8e7dbe89a9d163b20b9afc34e1a5f4e7a36a255b8fe85b,false,available,"[""techqa-doc:corpus/swg22004617.txt""]",confirmed_attached_context,techqa-group:d739a9855208b1c7fc2c1ddb9766f0ba10135889eb7d51c5856052b35dcc6e2a,train,42,connected-component-lexicographic-milp-v1,be474a6b88da73da789620bef66aec6c2421294beedfa90eb1363be16f5b13e1,2026-08-18T09:20:02Z
phase01-data-v1,0b5bbc84b7f07d6d09d063130e90b716d8d4a32a,TRAIN_Q222,TRAIN,33da445e89ef04ecb926acab46da2e57846d8e4cca42c48177e00dda8e85b494,7aae68a30f673c808f9e2507203831ec8238ee60645fe0a65cd2c2c57926ec40,false,available,"[""techqa-doc:corpus/swg21599258.txt""]",confirmed_attached_context,techqa-group:f4566f4fe85ece78b007a0499302c8c611ba804a6762a708839bf7d3d72a9927,train,42,connected-component-lexicographic-milp-v1,be474a6b88da73da789620bef66aec6c2421294beedfa90eb1363be16f5b13e1,2026-08-18T09:20:02Z
phase01-data-v1,0b5bbc84b7f07d6d09d063130e90b716d8d4a32a,TRAIN_Q223,TRAIN,547d33ea5b8b5f95a97cab74ce5432651813d1b56b6ed3175d191988cfdbfb20,17d5ba5dcb26bb38440fdda03ee73dc607b0c257dc6fc8f9308de32953db92fa,false,available,"[""techqa-doc:corpus/swg21979667.txt""]",confirmed_attached_context,techqa-group:2d871de63f76cd46fa4aaefea16b39904e6779ea06813870b4c60b3fa07cefd6,train,42,connected-component-lexicographic-milp-v1,be474a6b88da73da789620bef66aec6c2421294beedfa90eb1363be16f5b13e1,2026-08-18T09:20:02Z
phase01-data-v1,0b5bbc84b7f07d6d09d063130e90b716d8d4a32a,TRAIN_Q224,TRAIN,a156c8099910cccbf1ec1beeba63bf0317fe7b1e273541809b6eb7757862f3c6,8b55b8219a71f4da78514db65c33bacf2b3c331609465a2c8bae009b6fc37100,false,available,"[""techqa-doc:corpus/swg21959745.txt""]",confirmed_attached_context,techqa-group:033b5a0b249096af80ffaaeaccc11eb9307865fcd280e937e3c5c058689ac729,validation,42,connected-component-lexicographic-milp-v1,be474a6b88da73da789620bef66aec6c2421294beedfa90eb1363be16f5b13e1,2026-08-18T09:20:02Z
phase01-data-v1,0b5bbc84b7f07d6d09d063130e90b716d8d4a32a,TRAIN_Q225,TRAIN,ca5175de3ee21390e86cf758e96a490da8c38ccec2a8cde3c20c188485c27423,8d3469b01bd1bbd308661e41f72c9eafbd6ee9844dd7650257a87719b4d2373c,false,available,"[""techqa-doc:corpus/swg21569953.txt""]",confirmed_attached_context,techqa-group:3435bfda2185fb5819fb61054adc0cd114a22257b7db41ac9298b3e43e90a26b,train,42,connected-component-lexicographic-milp-v1,be474a6b88da73da789620bef66aec6c2421294beedfa90eb1363be16f5b13e1,2026-08-18T09:20:02Z
phase01-data-v1,0b5bbc84b7f07d6d09d063130e90b716d8d4a32a,TRAIN_Q226,TRAIN,3d72492d63812b2af2e42803f2b78fdfa7e7337f1647098dfe6af1d651dd04cb,01ba505d6914458d77e5357ce972375ea4cc17b4720a46ec000a1591a1960952,false,available,"[""techqa-doc:corpus/swg21690163.txt""]",confirmed_attached_context,techqa-group:3d8c07b1c199030f2f36b26e6ff868ed4d2b5d77a35e0a848012b7c40c97e9ca,test,42,connected-component-lexicographic-milp-v1,be474a6b88da73da789620bef66aec6c2421294beedfa90eb1363be16f5b13e1,2026-08-18T09:20:02Z
phase01-data-v1,0b5bbc84b7f07d6d09d063130e90b716d8d4a32a,TRAIN_Q227,TRAIN,4b1074091d9f9e310f4368dd479dbe467682108d38845af13a081125208ff489,e24703163240875d6959b42cbb39cfe6e715b979187a50c2adcb135ee9df957c,false,available,"[""techqa-doc:corpus/swg21577138.txt""]",confirmed_attached_context,techqa-group:6ecc06fb0be4f45576151a9e846a96879006dc4206bf847c8319d9c54a87daf9,test,42,connected-component-lexicographic-milp-v1,be474a6b88da73da789620bef66aec6c2421294beedfa90eb1363be16f5b13e1,2026-08-18T09:20:02Z
phase01-data-v1,0b5bbc84b7f07d6d09d063130e90b716d8d4a32a,TRAIN_Q228,TRAIN,e7bc3b74d6dced219cdfa6c1ddfd62c281f3c87d8b8876bf5d106b8fa3b6e23f,7695f1f1217c395885e88ddefc6e6054d76a41b7a2b46e17d513b4d78bfd6b5a,false,available,"[""techqa-doc:corpus/swg21438047.txt""]",confirmed_attached_context,techqa-group:b94824f472a3d3c909d326a9a5c6699a25ea7be6438e5072a0c68a4b78b30955,train,42,connected-component-lexicographic-milp-v1,be474a6b88da73da789620bef66aec6c2421294beedfa90eb1363be16f5b13e1,2026-08-18T09:20:02Z
phase01-data-v1,0b5bbc84b7f07d6d09d063130e90b716d8d4a32a,TRAIN_Q229,TRAIN,5333f925cf168b46ac9cbcc054b01d2a3b1af0a28d458831ba438f086a5550c4,ea23cc1bc6c37ab0351397608320538d102ae82d5c63328a24e44a546256319c,true,not_applicable_impossible,[],not_applicable_impossible,techqa-group:69c6e64f28c3c6bbb5a538e08f0f2591bf96954e6b887e8145112ca5d90e4199,train,42,connected-component-lexicographic-milp-v1,be474a6b88da73da789620bef66aec6c2421294beedfa90eb1363be16f5b13e1,2026-08-18T09:20:02Z
phase01-data-v1,0b5bbc84b7f07d6d09d063130e90b716d8d4a32a,TRAIN_Q230,TRAIN,db0c0beb35bfbabf44f917a03bd1a0b98977644306ae5de8699c8388bb3045b6,8a8ec238d1f6a454191ca4c7b1f0d6cea6fee02bfc81d924ed65c64da4bfd240,false,available,"[""techqa-doc:corpus/swg27038676.txt""]",confirmed_attached_context,techqa-group:94defb0c8b785f1b1445a256d5de058e83294435f211575001941ebc45c5d3bc,train,42,connected-component-lexicographic-milp-v1,be474a6b88da73da789620bef66aec6c2421294beedfa90eb1363be16f5b13e1,2026-08-18T09:20:02Z
phase01-data-v1,0b5bbc84b7f07d6d09d063130e90b716d8d4a32a,TRAIN_Q231,TRAIN,7e47b80a8cec1d480b76d8a6a17f558cf4e01282d47dee6bf95b404d9f748bf6,b41c4b53196385c5e24850fb3a21abf6e513aa32ee786f438d0dcfa9b0480552,false,available,"[""techqa-doc:corpus/swg21675858.txt""]",confirmed_attached_context,techqa-group:4f91f132a695894fd17d4e80ed42aa726c29f6a991001f33e163eace97dd2d71,train,42,connected-component-lexicographic-milp-v1,be474a6b88da73da789620bef66aec6c2421294beedfa90eb1363be16f5b13e1,2026-08-18T09:20:02Z
phase01-data-v1,0b5bbc84b7f07d6d09d063130e90b716d8d4a32a,TRAIN_Q232,TRAIN,10871ae108bd836385fefc459f40459410990a93154dc6ba9b26cc7de417219e,b7f3da6923bba5c8de3a544d4b41ba88ada3ca3f7bef59c59cf593647a3bb735,false,available,"[""techqa-doc:corpus/swg21967265.txt""]",confirmed_attached_context,techqa-group:1130079b4c69eaa1c0145ca35781aca7f013eaf49331a1a772952eab03939f27,train,42,connected-component-lexicographic-milp-v1,be474a6b88da73da789620bef66aec6c2421294beedfa90eb1363be16f5b13e1,2026-08-18T09:20:02Z
phase01-data-v1,0b5bbc84b7f07d6d09d063130e90b716d8d4a32a,TRAIN_Q233,TRAIN,c69e0780032622bc6f853062b47c7c13ee009630f66ade6b66a9e75e5e33c35e,d86f13b0fed31b3c8dcfbf05e69f2e1edcf20aa221b1162a5941bdf5ea7c049f,false,available,"[""techqa-doc:corpus/swg22013054.txt""]",confirmed_attached_context,techqa-group:6bf330cd05d63bc8209dad6ab7c2d2b6a93fb5cba22edfbe31130a612e629ce2,train,42,connected-component-lexicographic-milp-v1,be474a6b88da73da789620bef66aec6c2421294beedfa90eb1363be16f5b13e1,2026-08-18T09:20:02Z
phase01-data-v1,0b5bbc84b7f07d6d09d063130e90b716d8d4a32a,TRAIN_Q234,TRAIN,e1e4ff8496cdd8060d9428e9b784689a50e270ac71c8b9010d5efaa1d7d51b91,d2feb677e6196d0b53b2973756d65e42b8c61c0b3037f89f2c0783d542e64ac4,false,available,"[""techqa-doc:corpus/swg21397335.txt""]",confirmed_attached_context,techqa-group:9d7cb6b208da3334c460c039dce3053f065f264b1ac3a84700e5d7abdbc89c38,validation,42,connected-component-lexicographic-milp-v1,be474a6b88da73da789620bef66aec6c2421294beedfa90eb1363be16f5b13e1,2026-08-18T09:20:02Z
phase01-data-v1,0b5bbc84b7f07d6d09d063130e90b716d8d4a32a,TRAIN_Q235,TRAIN,9af531019bfe972af6b1e94cca6fbae5bce8de95fe49d3a3815a3e81af38f0b9,cc5a8b99478a71c227b2ab5007a997f0c86b74eefd1e8508ca10acc5886d918d,false,available,"[""techqa-doc:corpus/swg21959714.txt""]",confirmed_attached_context,techqa-group:6774d3ef200317403fd30436b07626dee9510b598aac1b42cb9b32c74a758593,train,42,connected-component-lexicographic-milp-v1,be474a6b88da73da789620bef66aec6c2421294beedfa90eb1363be16f5b13e1,2026-08-18T09:20:02Z
phase01-data-v1,0b5bbc84b7f07d6d09d063130e90b716d8d4a32a,TRAIN_Q236,TRAIN,7c0b2f9cffad9445700a1d0caa6e19ee2af52fefd0f9aac391fd563452b59871,3a4c87badf2c10d61dc3a3f2c8f7642450a5b822c0b05032c88d3cb1a4b7d379,false,available,"[""techqa-doc:corpus/swg21507587.txt""]",confirmed_attached_context,techqa-group:791bd9719947c5f17ac40dadf299682601991c86eb362e00281735a6cfec793f,test,42,connected-component-lexicographic-milp-v1,be474a6b88da73da789620bef66aec6c2421294beedfa90eb1363be16f5b13e1,2026-08-18T09:20:02Z
phase01-data-v1,0b5bbc84b7f07d6d09d063130e90b716d8d4a32a,TRAIN_Q237,TRAIN,998ef3001badf4d0afaee633437e08785f65b3637c8ba5be582031567c4f6715,ba766e168afb043abc1cb5713c0b2b04bb53e729ed11b66fee202fe13170cff2,false,available,"[""techqa-doc:corpus/swg21569731.txt""]",confirmed_attached_context,techqa-group:7fedd6aec2e08503346ad42dfa0fe3cdd6159b3cb62758ac5a705ad5fa659dcf,validation,42,connected-component-lexicographic-milp-v1,be474a6b88da73da789620bef66aec6c2421294beedfa90eb1363be16f5b13e1,2026-08-18T09:20:02Z
phase01-data-v1,0b5bbc84b7f07d6d09d063130e90b716d8d4a32a,TRAIN_Q238,TRAIN,a77119595954418279af3e8a53023ed2e0f95ffef2b0d835a25b434663fd28d3,e09818372cc575de770dab94e325c8af178ff109451c8274d8de650f51e215a0,true,not_applicable_impossible,[],not_applicable_impossible,techqa-group:a402b1395500ad09aaae46a0d1923ee2ac467bcad0159b5d062b00aa41533e5b,train,42,connected-component-lexicographic-milp-v1,be474a6b88da73da789620bef66aec6c2421294beedfa90eb1363be16f5b13e1,2026-08-18T09:20:02Z
phase01-data-v1,0b5bbc84b7f07d6d09d063130e90b716d8d4a32a,TRAIN_Q239,TRAIN,77d1584e342c08daebd1b3359894d656b77cbc3c87d5c3d7ac8862fe627adc70,8c38aa2c8753e53b2303fd543eca5572d49f1734e1f807d8f196ab2b6955fcb9,false,available,"[""techqa-doc:corpus/swg22008829.txt""]",confirmed_attached_context,techqa-group:5ebea112508b855b4830baf0d0e0abf646e5e2dae18bfd766bb8db942cb14fd5,train,42,connected-component-lexicographic-milp-v1,be474a6b88da73da789620bef66aec6c2421294beedfa90eb1363be16f5b13e1,2026-08-18T09:20:02Z
phase01-data-v1,0b5bbc84b7f07d6d09d063130e90b716d8d4a32a,TRAIN_Q240,TRAIN,cf7a2783f297e1d2e360c24cbdc19a3c6e7e13d991358f95fcde6560e6331567,2319a10f344eac99f25b66e27c4946581f2a41d0b060d641b454b4178904a4b1,false,available,"[""techqa-doc:corpus/swg21635057.txt""]",confirmed_attached_context,techqa-group:9736f2f39fca4d2e695c174eb7a6b20f999e71130c85dfc3fe53752b8e91220e,train,42,connected-component-lexicographic-milp-v1,be474a6b88da73da789620bef66aec6c2421294beedfa90eb1363be16f5b13e1,2026-08-18T09:20:02Z
phase01-data-v1,0b5bbc84b7f07d6d09d063130e90b716d8d4a32a,TRAIN_Q241,TRAIN,9e15c601794255ff20019b3c64dcccbdd57182a93da236b128b98fe7a62bae69,14e84edf3f29dfcb75b5239f23f24e6170bae600326dfe8524694c7203cfea26,false,available,"[""techqa-doc:corpus/swg21282614.txt""]",confirmed_attached_context,techqa-group:4b52f6678aac2151114f33012afb3bd665c18bb131dfb09f50403a7ca7fe7b75,train,42,connected-component-lexicographic-milp-v1,be474a6b88da73da789620bef66aec6c2421294beedfa90eb1363be16f5b13e1,2026-08-18T09:20:02Z
phase01-data-v1,0b5bbc84b7f07d6d09d063130e90b716d8d4a32a,TRAIN_Q242,TRAIN,0af7fea55c18a7243d465b92873d4a15248191a8067a0b43bcda524d1646d641,690e90daa83b41f84deff0059be47558b0f69ec470d914f50c5e5caf9c727bdb,false,available,"[""techqa-doc:corpus/swg21399255.txt""]",confirmed_attached_context,techqa-group:5f8c654ce606c1ff157e20aa285e14f8543adb2ad2c8d045d2eec4bb73446e61,train,42,connected-component-lexicographic-milp-v1,be474a6b88da73da789620bef66aec6c2421294beedfa90eb1363be16f5b13e1,2026-08-18T09:20:02Z
phase01-data-v1,0b5bbc84b7f07d6d09d063130e90b716d8d4a32a,TRAIN_Q243,TRAIN,a0219d2ab266864f004cbe7d3102e0ffbed2fa6a7e6afd8d28a89e8227220bec,1b45cde6d1fe28a01401c05e944dd4f4285428e016e52a8121a52a82952cfbee,false,available,"[""techqa-doc:corpus/swg21512416.txt""]",confirmed_attached_context,techqa-group:782d8fe394fa4bb4e0269f966e7823efc2727b46f9e44998ce9b4f270d5f463d,train,42,connected-component-lexicographic-milp-v1,be474a6b88da73da789620bef66aec6c2421294beedfa90eb1363be16f5b13e1,2026-08-18T09:20:02Z
phase01-data-v1,0b5bbc84b7f07d6d09d063130e90b716d8d4a32a,TRAIN_Q244,TRAIN,58669156097a771803b3f98b1251ff549e3d731c62ba55eee0ec1902ebb44258,a19c3edeba03e01ced0cf7cec636f11c5843a04da97fee49566b1c4a226b8f0b,false,available,"[""techqa-doc:corpus/swg21971058.txt""]",confirmed_attached_context,techqa-group:a5566d9a7e6f7f8dc24f8e0d244298654194c450a274e924f84f880bc581a9b7,train,42,connected-component-lexicographic-milp-v1,be474a6b88da73da789620bef66aec6c2421294beedfa90eb1363be16f5b13e1,2026-08-18T09:20:02Z
phase01-data-v1,0b5bbc84b7f07d6d09d063130e90b716d8d4a32a,TRAIN_Q245,TRAIN,474a4eab07b7cae7b1c46fe004a656e33c4ede0c16b72e4f8e24e9a61bd096e2,bb4800b3b499d2c3d4969293db1bf786061cf479afae0c5fb134e802439bd1fa,true,not_applicable_impossible,[],not_applicable_impossible,techqa-group:ce40339e764e743c09da0573c58503dfd75f6fe278f20ce912059fd4ec957485,train,42,connected-component-lexicographic-milp-v1,be474a6b88da73da789620bef66aec6c2421294beedfa90eb1363be16f5b13e1,2026-08-18T09:20:02Z
phase01-data-v1,0b5bbc84b7f07d6d09d063130e90b716d8d4a32a,TRAIN_Q246,TRAIN,1f0b01e694869b012cd416f0ef371ca5ee6260bdbc88f55d5252c9f9d07bb2e8,f2ec441a4482ffaf686e7d1388fa161e7ab6a21462c2a6ceef37e535ee65bf48,true,not_applicable_impossible,[],not_applicable_impossible,techqa-group:220759db04838052182e4e83be5a36955fbc2981fcdecdf5f4dabb1f4a8ced39,train,42,connected-component-lexicographic-milp-v1,be474a6b88da73da789620bef66aec6c2421294beedfa90eb1363be16f5b13e1,2026-08-18T09:20:02Z
phase01-data-v1,0b5bbc84b7f07d6d09d063130e90b716d8d4a32a,TRAIN_Q247,TRAIN,e7ed44daf0a108a54efe40ef9bc61f4eb91bf0f9d2b13ae9fdf4faeb0caeb4eb,d3982394b8fed6aa4f9e6e449aa809cc80d0b2f20ce341da94107851015ad955,false,available,"[""techqa-doc:corpus/swg1PI47826.txt""]",confirmed_attached_context,techqa-group:80a07883ebf0ac5a6beae1ac7108c47060fcb7d94f52361c2d1df87fcef54f6f,train,42,connected-component-lexicographic-milp-v1,be474a6b88da73da789620bef66aec6c2421294beedfa90eb1363be16f5b13e1,2026-08-18T09:20:02Z
phase01-data-v1,0b5bbc84b7f07d6d09d063130e90b716d8d4a32a,TRAIN_Q248,TRAIN,60e53506f612b55dc37a67c73c865e5987d3dbae464a40437812bf00bb423923,e2df6d4b99866288c72a420dc35548310bfd06a470d96ef85e027a9cef0b830c,false,available,"[""techqa-doc:corpus/swg27023600.txt""]",confirmed_attached_context,techqa-group:a2e8433992cd1a34569107284b6a9d6b6445a26fdeeaca6a4e68c9394f3a5b59,train,42,connected-component-lexicographic-milp-v1,be474a6b88da73da789620bef66aec6c2421294beedfa90eb1363be16f5b13e1,2026-08-18T09:20:02Z
phase01-data-v1,0b5bbc84b7f07d6d09d063130e90b716d8d4a32a,TRAIN_Q249,TRAIN,7dcc0dfd8aed36dcfb20e60b57a08760ad27c523812812fb283b28f7ca647b5d,0f03516035952d959d0baaf0b947bdaea3454f40d31377290b770012f72d5293,true,not_applicable_impossible,[],not_applicable_impossible,techqa-group:a2273264957757ee20f5fb8fddc5ea67532a71e6209e5991aaa9bf192a2760e0,train,42,connected-component-lexicographic-milp-v1,be474a6b88da73da789620bef66aec6c2421294beedfa90eb1363be16f5b13e1,2026-08-18T09:20:02Z
phase01-data-v1,0b5bbc84b7f07d6d09d063130e90b716d8d4a32a,TRAIN_Q250,TRAIN,fda3c6b394af53766fa8af49a461e96a3a28f996c2e6f7590e0c819a0a0a2aee,fda870c151de42804d791d1bb59b3ddbd66ac39d492401482e3cef52cc2ce8f3,false,available,"[""techqa-doc:corpus/swg21664126.txt""]",confirmed_attached_context,techqa-group:757cb2e5d70b2143aebc508329a395d332964a9b90e97e532297cd86bf81c83a,train,42,connected-component-lexicographic-milp-v1,be474a6b88da73da789620bef66aec6c2421294beedfa90eb1363be16f5b13e1,2026-08-18T09:20:02Z
phase01-data-v1,0b5bbc84b7f07d6d09d063130e90b716d8d4a32a,TRAIN_Q251,TRAIN,f1745b54dd9f848d3f09d5078b5acd2cc77377592e9a92b2edb0bef5e5844b20,3a18e84a3371324f348933854cf7fda7f760f0fd2d285291baa2b36df7e2a30e,true,not_applicable_impossible,[],not_applicable_impossible,techqa-group:10f28eceea0fd178f8b45f6469caf20f4338eb817bc33b793145cd812cc88a1d,train,42,connected-component-lexicographic-milp-v1,be474a6b88da73da789620bef66aec6c2421294beedfa90eb1363be16f5b13e1,2026-08-18T09:20:02Z
phase01-data-v1,0b5bbc84b7f07d6d09d063130e90b716d8d4a32a,TRAIN_Q252,TRAIN,efd5c5c11b68213c4562fae4eb84278320f267ea0a78794776f81caaddf2411c,7f3d50d1a5e2c7a21a3f45540874c08dc6fca2b6fc1e38a26791e3bc2963a805,false,available,"[""techqa-doc:corpus/swg21598779.txt""]",confirmed_attached_context,techqa-group:22d34ec4b3700aecd9ec266183c80c00b50e3dbc311c57d012e8fef9e4e98d37,test,42,connected-component-lexicographic-milp-v1,be474a6b88da73da789620bef66aec6c2421294beedfa90eb1363be16f5b13e1,2026-08-18T09:20:02Z
phase01-data-v1,0b5bbc84b7f07d6d09d063130e90b716d8d4a32a,TRAIN_Q253,TRAIN,081c36cc7ecea3641732d693dfdf5c3d8a0e3db328c8e40df90a98bff170ea8b,9542a15246b616672408bb942203b1c0aa0bebb3902d487e2610053cc5107ba4,true,not_applicable_impossible,[],not_applicable_impossible,techqa-group:27fb37292b242f8d15eea1fbcfa3a57f886ab7e599228f865ca5012ed05a59aa,train,42,connected-component-lexicographic-milp-v1,be474a6b88da73da789620bef66aec6c2421294beedfa90eb1363be16f5b13e1,2026-08-18T09:20:02Z
phase01-data-v1,0b5bbc84b7f07d6d09d063130e90b716d8d4a32a,TRAIN_Q254,TRAIN,ae196bde3b3a45cccaba44549127c96510d22ef5ecec72ff6904f8752ce622e6,9a343a0770fc75194cdccde73defc1d1f6287d65d65965f2d53ec82e21b144ac,false,available,"[""techqa-doc:corpus/swg21611073.txt""]",confirmed_attached_context,techqa-group:380a21989b4b1057b862cd4bb4b89c0c8cd33741dc98eed3eda0410a22ff1e7d,test,42,connected-component-lexicographic-milp-v1,be474a6b88da73da789620bef66aec6c2421294beedfa90eb1363be16f5b13e1,2026-08-18T09:20:02Z
phase01-data-v1,0b5bbc84b7f07d6d09d063130e90b716d8d4a32a,TRAIN_Q255,TRAIN,5ed2a9f2855dff6b39e5322cd9f396adeda607220e1046ae99c426f318b512bc,5c182f1e4bc3b9114beac99a3ef35ac082103cf62c5b490a453552a35cbde6be,false,available,"[""techqa-doc:corpus/swg21991414.txt""]",confirmed_attached_context,techqa-group:c0d1bdef74002f1eac3f88bd2f658ebbe323d94d4ebdfa90fb84c848fcb06d86,test,42,connected-component-lexicographic-milp-v1,be474a6b88da73da789620bef66aec6c2421294beedfa90eb1363be16f5b13e1,2026-08-18T09:20:02Z
phase01-data-v1,0b5bbc84b7f07d6d09d063130e90b716d8d4a32a,TRAIN_Q256,TRAIN,27f8153b0ab2ea1a2ce203e9fc684abe97b129582eb418bc41ee30c840da6026,86be6f3ef6f824cbdc1fdd648d6bc74c1c3c083295d6aef668ca893727bc85d7,false,available,"[""techqa-doc:corpus/swg24035571.txt""]",confirmed_attached_context,techqa-group:d80932ffcbb63529c24b2213393d525b1faaf4d7a9b110d11a98f9737b1de761,train,42,connected-component-lexicographic-milp-v1,be474a6b88da73da789620bef66aec6c2421294beedfa90eb1363be16f5b13e1,2026-08-18T09:20:02Z
phase01-data-v1,0b5bbc84b7f07d6d09d063130e90b716d8d4a32a,TRAIN_Q257,TRAIN,cf7999b305d0c37717a11ae07e3e199261ba4dcbb87db55d8dba9537c7d0a626,cde211e5a94fceebe282b0196a0b875537161f40aed1c661be1ea4bc7f88716b,true,not_applicable_impossible,[],not_applicable_impossible,techqa-group:39826447fb6ca4f030ab8dd93b71948f9437d17906832ee627e17ca1dae92d0a,train,42,connected-component-lexicographic-milp-v1,be474a6b88da73da789620bef66aec6c2421294beedfa90eb1363be16f5b13e1,2026-08-18T09:20:02Z
phase01-data-v1,0b5bbc84b7f07d6d09d063130e90b716d8d4a32a,TRAIN_Q258,TRAIN,1cbd69bf5ce029c0990ac07f8f10a30b15d39f732378d020ba411e47e8d7443f,5ec808ae7addf32be3ede0f55cb450bde70162ccf8daf738b8a48ad2cc02c494,false,available,"[""techqa-doc:corpus/swg21509510.txt""]",confirmed_attached_context,techqa-group:865b82a2cb63e20ae533517182cbdd7c45f3675e0de683e63e7184538507ab1f,validation,42,connected-component-lexicographic-milp-v1,be474a6b88da73da789620bef66aec6c2421294beedfa90eb1363be16f5b13e1,2026-08-18T09:20:02Z
phase01-data-v1,0b5bbc84b7f07d6d09d063130e90b716d8d4a32a,TRAIN_Q259,TRAIN,6ab65ba2a0b60e32607626f41bc945ccf7cdacbb2cdd9380bc2a6a46446706a3,8b9cee7764f94db0dc401e97dd1b43b01b3f0e66d21c9bfe06fdc6b61e7597cd,false,available,"[""techqa-doc:corpus/swg21220832.txt""]",confirmed_attached_context,techqa-group:1232fbcec59c10f6db3709b6f8fb17c9655c61a0f5dd6de1c7ed7896d47427b1,test,42,connected-component-lexicographic-milp-v1,be474a6b88da73da789620bef66aec6c2421294beedfa90eb1363be16f5b13e1,2026-08-18T09:20:02Z
phase01-data-v1,0b5bbc84b7f07d6d09d063130e90b716d8d4a32a,TRAIN_Q260,TRAIN,b9a3edbe0d13f16e4aa0af71e7aeaa7e62156acbb8121e7942f6183877e6c97e,b57fde5c0e3d3245be07a0efb95d19d42c4c116121c1e8b1e67d80c62e44fa54,false,available,"[""techqa-doc:corpus/swg21624136.txt""]",confirmed_attached_context,techqa-group:bb80a8ad848f7f95dd7c67a2a64039d077fc91708a42493be88ea918991c23d1,train,42,connected-component-lexicographic-milp-v1,be474a6b88da73da789620bef66aec6c2421294beedfa90eb1363be16f5b13e1,2026-08-18T09:20:02Z
phase01-data-v1,0b5bbc84b7f07d6d09d063130e90b716d8d4a32a,TRAIN_Q261,TRAIN,aebb53918aacf1173cf8388183cdf3a2b936fe3b4fb35feb09202c8a9c1be5a4,4c5427169ea8f3e6f889d153cbb61aa6ba198262d71c74ce141426ae45e1844a,false,available,"[""techqa-doc:corpus/swg21405302.txt""]",confirmed_attached_context,techqa-group:7c398b80f9061dbee36dc4970009524a5f0a14328da14a9a9ec9522ca4d1f239,train,42,connected-component-lexicographic-milp-v1,be474a6b88da73da789620bef66aec6c2421294beedfa90eb1363be16f5b13e1,2026-08-18T09:20:02Z
phase01-data-v1,0b5bbc84b7f07d6d09d063130e90b716d8d4a32a,TRAIN_Q262,TRAIN,dfd73b2ce69973c4b463a5ecab8229a5794f398be11c88b898a3878fd958d825,c658b4f7535f5725c1fcd4a95be1919fbeb2f9b5d3b2243f7d6c1400da173ce6,false,available,"[""techqa-doc:corpus/swg21981877.txt""]",confirmed_attached_context,techqa-group:13a46bc1501204780b323ae270dc217c41fa5d7a7c89b4f44a78525d64944b90,train,42,connected-component-lexicographic-milp-v1,be474a6b88da73da789620bef66aec6c2421294beedfa90eb1363be16f5b13e1,2026-08-18T09:20:02Z
phase01-data-v1,0b5bbc84b7f07d6d09d063130e90b716d8d4a32a,TRAIN_Q263,TRAIN,bd49bbf8799940325d02547369e52e4ac5965fec233ca7558399fb2b8b8b96b4,eb8a1fbc8482fe5b7403bb87e7e39920392ece2110d7fbeab820a67ac8c6f4e8,false,available,"[""techqa-doc:corpus/swg24040390.txt""]",confirmed_attached_context,techqa-group:684a1dac01c12c0000b8af58910ec1bc83669aa94109275648e5bafcd5f24706,train,42,connected-component-lexicographic-milp-v1,be474a6b88da73da789620bef66aec6c2421294beedfa90eb1363be16f5b13e1,2026-08-18T09:20:02Z
phase01-data-v1,0b5bbc84b7f07d6d09d063130e90b716d8d4a32a,TRAIN_Q264,TRAIN,077478f35b59d3a41c018495172772e2c5795cf8d5072961a7edd21bf0833d90,85b28adcab296bcb1ace0844c25f0b02e7cde24f514cd1d7a5861efaa0e4481f,true,not_applicable_impossible,[],not_applicable_impossible,techqa-group:ce08df2377c299f2121184dcb323673bb629f5ea0515ae2e437faa58052379be,train,42,connected-component-lexicographic-milp-v1,be474a6b88da73da789620bef66aec6c2421294beedfa90eb1363be16f5b13e1,2026-08-18T09:20:02Z
phase01-data-v1,0b5bbc84b7f07d6d09d063130e90b716d8d4a32a,TRAIN_Q265,TRAIN,c4d2fce9ba59c9c0de3ee578346a8b8bc5131115b1aeed716826ebe22c6a6f71,518d5924dbf78b491dc92ab0106d96eff35528792850b5f44fdce74dcecc43c6,true,not_applicable_impossible,[],not_applicable_impossible,techqa-group:5561b66e40275fb8fd73cdcfe25d148924220216ee70e5f659af405a316f5d02,test,42,connected-component-lexicographic-milp-v1,be474a6b88da73da789620bef66aec6c2421294beedfa90eb1363be16f5b13e1,2026-08-18T09:20:02Z
phase01-data-v1,0b5bbc84b7f07d6d09d063130e90b716d8d4a32a,TRAIN_Q266,TRAIN,44c59ccb4c92b17c40cc5a884abd691d73764816c6937706f9594d141c908084,b0bd959490c6e917a4ca45a628ce39e22021f9c60e28be0cae5e6b4d122ecd57,false,available,"[""techqa-doc:corpus/swg21685435.txt""]",confirmed_attached_context,techqa-group:d453c8a77afe4b3ba03a156e7912d5fef4e478515822b6b51b0c3bf03c0a4064,test,42,connected-component-lexicographic-milp-v1,be474a6b88da73da789620bef66aec6c2421294beedfa90eb1363be16f5b13e1,2026-08-18T09:20:02Z
phase01-data-v1,0b5bbc84b7f07d6d09d063130e90b716d8d4a32a,TRAIN_Q267,TRAIN,cc046dcca167e2852c0f3f3e36f5ff92ad6f3993041af81a87ca463dca236c96,683985416ce719957e9c26e9124902e8bb23cfc0565dafd67d037e48652b635f,false,available,"[""techqa-doc:corpus/swg24039150.txt""]",confirmed_attached_context,techqa-group:feb844cecda7200357a669b730d760296d4f43118f2530941a407845554950f6,train,42,connected-component-lexicographic-milp-v1,be474a6b88da73da789620bef66aec6c2421294beedfa90eb1363be16f5b13e1,2026-08-18T09:20:02Z
phase01-data-v1,0b5bbc84b7f07d6d09d063130e90b716d8d4a32a,TRAIN_Q268,TRAIN,033283b6bbed24de848d7617c6bcce05daa15c066eaf16cada13917965f4387b,e8bd535ba5ca67f7dc966e7b1fe04eef6187ff32962bcf8d5d32bbb2bf21ae13,true,not_applicable_impossible,[],not_applicable_impossible,techqa-group:b373659162d29085113c4e26d1fbc7a687abceea447c53d532e51fb2b47c2801,train,42,connected-component-lexicographic-milp-v1,be474a6b88da73da789620bef66aec6c2421294beedfa90eb1363be16f5b13e1,2026-08-18T09:20:02Z
phase01-data-v1,0b5bbc84b7f07d6d09d063130e90b716d8d4a32a,TRAIN_Q269,TRAIN,c88bdb7d0d000e728b9521973e96538a7c22e59e8661adb4bd75c4c99814941e,07c7b56ddeafd57b5e6e06f08293e91554c2b1534c7773938ea8662e77fe26a8,false,available,"[""techqa-doc:corpus/swg21964407.txt""]",confirmed_attached_context,techqa-group:6c3f219c883f54a3c2f39057d10acd607e840ad73eb5986623eb501f34db6c69,train,42,connected-component-lexicographic-milp-v1,be474a6b88da73da789620bef66aec6c2421294beedfa90eb1363be16f5b13e1,2026-08-18T09:20:02Z
phase01-data-v1,0b5bbc84b7f07d6d09d063130e90b716d8d4a32a,TRAIN_Q270,TRAIN,0b6d10d4cf49a08ea02aaa76960b8260459ef8935f898e61b1ac739cd357ef8e,8c1aa84e142c4523d83ec77ef541d1d9fb4cce7b1978339ed3bc6757b8079dad,false,available,"[""techqa-doc:corpus/swg27046675.txt""]",confirmed_attached_context,techqa-group:5442321fcf75296fc0372fb439f3d3e9f51c15458acb327cc9ac3bad1a7d0459,train,42,connected-component-lexicographic-milp-v1,be474a6b88da73da789620bef66aec6c2421294beedfa90eb1363be16f5b13e1,2026-08-18T09:20:02Z
phase01-data-v1,0b5bbc84b7f07d6d09d063130e90b716d8d4a32a,TRAIN_Q271,TRAIN,2913f93af428bcafe6e7f4543f55493a7d70db2ed6b019e31155453abea4827e,6b1c711eb1eda59ec5473f3ad210a20516306f356ec7927a6560542d08fe5801,true,not_applicable_impossible,[],not_applicable_impossible,techqa-group:de84749a212e33e4f7b4979dc9f519c0bada9172cf3c0444df9be488923ac1db,train,42,connected-component-lexicographic-milp-v1,be474a6b88da73da789620bef66aec6c2421294beedfa90eb1363be16f5b13e1,2026-08-18T09:20:02Z
phase01-data-v1,0b5bbc84b7f07d6d09d063130e90b716d8d4a32a,TRAIN_Q272,TRAIN,3ae922fdb3c5a362b808bcdd69f018b256c5ab1b56d2d9e1716308b115936145,170c763abd1b17e86b0e2363591a8b916397f3fb3cd0871733a256e0df78b728,false,available,"[""techqa-doc:corpus/swg21662193.txt""]",confirmed_attached_context,techqa-group:5d5d3f1a205f1a01a08f82394c61a418ceb3bc558abc54fdd1de557bed471f91,validation,42,connected-component-lexicographic-milp-v1,be474a6b88da73da789620bef66aec6c2421294beedfa90eb1363be16f5b13e1,2026-08-18T09:20:02Z
phase01-data-v1,0b5bbc84b7f07d6d09d063130e90b716d8d4a32a,TRAIN_Q273,TRAIN,4032e365dcf16bb28e73472cb7471fa6a9eae94297b3263fe5db880d8a2a4db0,d99231a291f12c9582a97591c2f3ef71dcdd6bcf4df17bfa0f19e6a6e8805b2a,true,not_applicable_impossible,[],not_applicable_impossible,techqa-group:2404086abad1b0f54530029629721eb61ab3d966fe782828d116357e3db8d7e9,test,42,connected-component-lexicographic-milp-v1,be474a6b88da73da789620bef66aec6c2421294beedfa90eb1363be16f5b13e1,2026-08-18T09:20:02Z
phase01-data-v1,0b5bbc84b7f07d6d09d063130e90b716d8d4a32a,TRAIN_Q274,TRAIN,a500ebdadb35ca95cdf6c2cc748d5892a161829de77aeeeac0af96c6ebba94fe,a1d8f453334b964e9c194776fe86a8a24ae3c3e4e245c634f4733a237487e7aa,false,available,"[""techqa-doc:corpus/swg21649807.txt""]",confirmed_attached_context,techqa-group:3f6324264b3aedec3d0a67eb77062c279e6a55fff0ecaed75091cf8d74fb84de,train,42,connected-component-lexicographic-milp-v1,be474a6b88da73da789620bef66aec6c2421294beedfa90eb1363be16f5b13e1,2026-08-18T09:20:02Z
phase01-data-v1,0b5bbc84b7f07d6d09d063130e90b716d8d4a32a,TRAIN_Q275,TRAIN,78104f16ea12d144ae43e5a45e60ab3fb808dbed2c2a80cab06d37cf7cd4d32f,1eb75a1ffcb552e3c043097436e82b3707a296766a4e35c5874a927bd283d722,true,not_applicable_impossible,[],not_applicable_impossible,techqa-group:e6fc60cf8e32044506ecdfb290aba9996b3d38dc518eac5a42c90914112b4126,validation,42,connected-component-lexicographic-milp-v1,be474a6b88da73da789620bef66aec6c2421294beedfa90eb1363be16f5b13e1,2026-08-18T09:20:02Z
phase01-data-v1,0b5bbc84b7f07d6d09d063130e90b716d8d4a32a,TRAIN_Q276,TRAIN,bdc37046b2e2edf76213901e43a6a7c9323767ef03e05f561d0c2c8888ea4a73,4f56eeedfabfb63099d9ddf42b8c74cdc44738a2f65b9d558329ba5bfab40cfb,false,available,"[""techqa-doc:corpus/swg21567091.txt""]",confirmed_attached_context,techqa-group:ad217dc20181cefb866512d2f2a21cc262863d69f32cb09d4c04469d327c69ab,train,42,connected-component-lexicographic-milp-v1,be474a6b88da73da789620bef66aec6c2421294beedfa90eb1363be16f5b13e1,2026-08-18T09:20:02Z
phase01-data-v1,0b5bbc84b7f07d6d09d063130e90b716d8d4a32a,TRAIN_Q277,TRAIN,f6d1a1e1e0efa797ec2e07935ee953d60e97b6b31357b787a3c17bcf9c2d2516,850955c1b85a9a2f185997e85f24fda7f5e793e440bc3e41810fc909e8dfa8c8,false,available,"[""techqa-doc:corpus/swg22008622.txt""]",confirmed_attached_context,techqa-group:3b570d213692c08f2054cfc51381b61f2874b1655eb92053b2201709b3511e4f,train,42,connected-component-lexicographic-milp-v1,be474a6b88da73da789620bef66aec6c2421294beedfa90eb1363be16f5b13e1,2026-08-18T09:20:02Z
phase01-data-v1,0b5bbc84b7f07d6d09d063130e90b716d8d4a32a,TRAIN_Q278,TRAIN,d9032e2b42887093955b489402ac580ac0740e164598e7fb230fc99a11dbe837,fc788407a342be9925990111058daf363f5c11d9759c05157796e643cc1d0d35,false,available,"[""techqa-doc:corpus/swg21959281.txt""]",confirmed_attached_context,techqa-group:97ff7d3d80d976cb8439a12ad84d08811ed2e28edffe12488325d759c8cfe4b9,test,42,connected-component-lexicographic-milp-v1,be474a6b88da73da789620bef66aec6c2421294beedfa90eb1363be16f5b13e1,2026-08-18T09:20:02Z
phase01-data-v1,0b5bbc84b7f07d6d09d063130e90b716d8d4a32a,TRAIN_Q279,TRAIN,0990168bd8d00cd48f88a868787cb1bfdea713af0ff9d2fb0e1157be361a5ef8,b1a6d44907e6c8038a3debfc984763a93eda029e33cc79da8a96c70bf9c86338,false,available,"[""techqa-doc:corpus/swg22005400.txt""]",confirmed_attached_context,techqa-group:9577fcd219f0fb40a3cdbeaa9df1d3fd6d6b12ec10723671b21d0163444d8ca9,train,42,connected-component-lexicographic-milp-v1,be474a6b88da73da789620bef66aec6c2421294beedfa90eb1363be16f5b13e1,2026-08-18T09:20:02Z
phase01-data-v1,0b5bbc84b7f07d6d09d063130e90b716d8d4a32a,TRAIN_Q280,TRAIN,9b3d1ffd2348304fa0bef8bdbead56e18f526ee7d06884088e3286bcb9623d9a,e779cc6347f5b452133d8820ad6393ff866e47f54b5a125bf3bdbcbfdc710025,false,available,"[""techqa-doc:corpus/swg21197705.txt""]",confirmed_attached_context,techqa-group:98763610bbfabfd85682edf7a98494e40be700f82d1fe981950f218e7ef0f78b,train,42,connected-component-lexicographic-milp-v1,be474a6b88da73da789620bef66aec6c2421294beedfa90eb1363be16f5b13e1,2026-08-18T09:20:02Z
phase01-data-v1,0b5bbc84b7f07d6d09d063130e90b716d8d4a32a,TRAIN_Q281,TRAIN,00aa367b162301391bf24977c5cc92169fe384e579b3ba4f816e631d5e799bf7,1fc9f1d3c98a5a799be320e670c22b566e939d8e02993aee47e1289f7f266971,true,not_applicable_impossible,[],not_applicable_impossible,techqa-group:ce196502f5ff596ce6c589f2f650e567f8dbe413144e33b4a71e69dcf0c0f97a,train,42,connected-component-lexicographic-milp-v1,be474a6b88da73da789620bef66aec6c2421294beedfa90eb1363be16f5b13e1,2026-08-18T09:20:02Z
phase01-data-v1,0b5bbc84b7f07d6d09d063130e90b716d8d4a32a,TRAIN_Q282,TRAIN,1db223d950441b3d1db9df9d077b3dfbc1ff545e2280986ebebc190b4780360d,de56daf4c7ae22da1c25fb63dbe064b01735138cb2ff0a3b9fd4d04d75ae33c9,true,not_applicable_impossible,[],not_applicable_impossible,techqa-group:e56b11ed530452827a437420a752d89ea9ec7d06d10936a4abaa6cd1f4f8aa61,validation,42,connected-component-lexicographic-milp-v1,be474a6b88da73da789620bef66aec6c2421294beedfa90eb1363be16f5b13e1,2026-08-18T09:20:02Z
phase01-data-v1,0b5bbc84b7f07d6d09d063130e90b716d8d4a32a,TRAIN_Q283,TRAIN,2c967142b6e609c8939476f9d539515e02867265b52212f114ba78ef09a2483f,88080dcdab0997124ce19a0613f978ed6c15bddda22cfc320221f1ad680811a2,false,available,"[""techqa-doc:corpus/swg22005197.txt""]",confirmed_attached_context,techqa-group:fa438b3c13a1d29bac15c4ae7427b170a0a399ee79567690165c5db5e107a0fd,test,42,connected-component-lexicographic-milp-v1,be474a6b88da73da789620bef66aec6c2421294beedfa90eb1363be16f5b13e1,2026-08-18T09:20:02Z
phase01-data-v1,0b5bbc84b7f07d6d09d063130e90b716d8d4a32a,TRAIN_Q284,TRAIN,5fe26a5c3472bb34d5d6fe106ac8b5d695cdd254d5c22204a6ddca5fae19ad23,6f89026ada9e6f244912fab831cad3531660a86d627bd39042f718dfeb76eb92,true,not_applicable_impossible,[],not_applicable_impossible,techqa-group:78e1fb5332b385c6ebb8225793822423a138f6e5bb7a7ca600b58e26db6b2f7a,test,42,connected-component-lexicographic-milp-v1,be474a6b88da73da789620bef66aec6c2421294beedfa90eb1363be16f5b13e1,2026-08-18T09:20:02Z
phase01-data-v1,0b5bbc84b7f07d6d09d063130e90b716d8d4a32a,TRAIN_Q285,TRAIN,8750bbf7500fc70cbd92b04e3f769e7a62750d52833f0be0db232c362ed33b83,49f2fd6a2f4a80d4a9e90181f9b51dd638241a36d1a1e058139cfae6488c0227,false,available,"[""techqa-doc:corpus/swg21638268.txt""]",confirmed_attached_context,techqa-group:946f3334225563234a7b2dec4249dc6803f568b3d8dc77120dff36b917c25e89,train,42,connected-component-lexicographic-milp-v1,be474a6b88da73da789620bef66aec6c2421294beedfa90eb1363be16f5b13e1,2026-08-18T09:20:02Z
phase01-data-v1,0b5bbc84b7f07d6d09d063130e90b716d8d4a32a,TRAIN_Q286,TRAIN,63eab97ee8470d032709f37f1f32b05b7fe1f01b5050be90fe6cfafb8bc5555d,c8e31accb75c04b2288def9bdcfa8900441a30d0643b1c6ff54494eea62a34fc,false,available,"[""techqa-doc:corpus/swg21986219.txt""]",confirmed_attached_context,techqa-group:0aa39879d9ee98a694cab4a6578ab6aa366e603c95072288b23cab5bf47ac796,test,42,connected-component-lexicographic-milp-v1,be474a6b88da73da789620bef66aec6c2421294beedfa90eb1363be16f5b13e1,2026-08-18T09:20:02Z
phase01-data-v1,0b5bbc84b7f07d6d09d063130e90b716d8d4a32a,TRAIN_Q287,TRAIN,b2565467099dff02601cecc183b3c9d6ec72656f5cca392d453998dfd3f6b966,c729f0ee4b77f87ab66bc7d41ac19843681deacdaba25dc9e17d284af9aa159d,false,available,"[""techqa-doc:corpus/swg27047895.txt""]",confirmed_attached_context,techqa-group:0d8b13e6c7924802a7b2a5f0ea1a639bf8acf2777753d881cae8f3ba33285bd7,train,42,connected-component-lexicographic-milp-v1,be474a6b88da73da789620bef66aec6c2421294beedfa90eb1363be16f5b13e1,2026-08-18T09:20:02Z
phase01-data-v1,0b5bbc84b7f07d6d09d063130e90b716d8d4a32a,TRAIN_Q288,TRAIN,bee2fa2d5fc879eeb2d8a17959f41b520d791b90167111e55bc14939d3f9d4bb,1b44474a0c8cf7d59848492cf6546cf234ec467cebb3b822019aa4e510a6e4f0,false,available,"[""techqa-doc:corpus/swg21613001.txt""]",confirmed_attached_context,techqa-group:f3d722e898afb75f4b6066cabb1d424c7f1810ab3764efd8187f0b779d529204,train,42,connected-component-lexicographic-milp-v1,be474a6b88da73da789620bef66aec6c2421294beedfa90eb1363be16f5b13e1,2026-08-18T09:20:02Z
phase01-data-v1,0b5bbc84b7f07d6d09d063130e90b716d8d4a32a,TRAIN_Q289,TRAIN,3297ac64a444a591be835166848a2ab405f7d6732da7f652bb3765cd7ad7e744,dc508e91eec118c23a432995cec2ef83b95a43b08e2a67487b977cd557e204d0,true,not_applicable_impossible,[],not_applicable_impossible,techqa-group:3730da65c928a830a4249218cd89e231a7bf32a9ef17e77ebbbba9b1aab5d56e,train,42,connected-component-lexicographic-milp-v1,be474a6b88da73da789620bef66aec6c2421294beedfa90eb1363be16f5b13e1,2026-08-18T09:20:02Z
phase01-data-v1,0b5bbc84b7f07d6d09d063130e90b716d8d4a32a,TRAIN_Q290,TRAIN,cd6686ec4c412c66eaf646716f467f57618cc23d49ecc586fca3de5542785e90,28b181be33b341f1a95297f46ecc82d047adf3a6c67a377534cd79a456a5833d,true,not_applicable_impossible,[],not_applicable_impossible,techqa-group:0f5bcf22980b0ee2b6fbf835a823911dd213632c407aa0c25c1fe28e0543cda2,train,42,connected-component-lexicographic-milp-v1,be474a6b88da73da789620bef66aec6c2421294beedfa90eb1363be16f5b13e1,2026-08-18T09:20:02Z
phase01-data-v1,0b5bbc84b7f07d6d09d063130e90b716d8d4a32a,TRAIN_Q291,TRAIN,85c18046f21a21310db4c101df35857dadff2630e31cc0ebdada051e5b70215d,6da45637fc5b2975ac67a49415c842c2bb9b52c6fc3ed8af38105d871ac0c9e9,false,available,"[""techqa-doc:corpus/swg22009436.txt""]",confirmed_attached_context,techqa-group:2faa03f5eede9277339cc7734d2a5be7332c4dec73ad3ab96855350bd8f2a8a7,train,42,connected-component-lexicographic-milp-v1,be474a6b88da73da789620bef66aec6c2421294beedfa90eb1363be16f5b13e1,2026-08-18T09:20:02Z
phase01-data-v1,0b5bbc84b7f07d6d09d063130e90b716d8d4a32a,TRAIN_Q292,TRAIN,d21a77c4c80ffbb7983769f0e1c1aa876dddb77e952ebc9bfe04aff359d6c8f9,467ea1487a655e9ba66b32d5cce6019aff2f2ee38003b1b4fc542f6abfa7e1d8,true,not_applicable_impossible,[],not_applicable_impossible,techqa-group:2662d8c69c7f6e4571c0bf0ed99b8cfad23df265dd663353b94c2ed6317a3546,train,42,connected-component-lexicographic-milp-v1,be474a6b88da73da789620bef66aec6c2421294beedfa90eb1363be16f5b13e1,2026-08-18T09:20:02Z
phase01-data-v1,0b5bbc84b7f07d6d09d063130e90b716d8d4a32a,TRAIN_Q293,TRAIN,2f7a370a62d3f529e1b3519991d3a252c16c4ef8b9c74eb9bc3f383dc50d20f9,1dcb64d783661cb202a084992083cd8da3bc46f49e1db876a6823d65b68585dd,true,not_applicable_impossible,[],not_applicable_impossible,techqa-group:c9c52de28050ebdc18afa13a2e88582e165211deb1c36603273d9a9919598da1,train,42,connected-component-lexicographic-milp-v1,be474a6b88da73da789620bef66aec6c2421294beedfa90eb1363be16f5b13e1,2026-08-18T09:20:02Z
phase01-data-v1,0b5bbc84b7f07d6d09d063130e90b716d8d4a32a,TRAIN_Q294,TRAIN,04d186ef5b1d6518ca62b2ad01f796e169bda8ebdd98e1eb2056051a6da245b7,d22a1deff292918279be42715008fab92d3132be354e0fe5ab071d2d1a73f0fe,false,available,"[""techqa-doc:corpus/swg27048530.txt""]",confirmed_attached_context,techqa-group:427fdcde28d6f6a8ceaaf93e8957859f8f980919cbfa39b3f84c7a2e01ee51ca,train,42,connected-component-lexicographic-milp-v1,be474a6b88da73da789620bef66aec6c2421294beedfa90eb1363be16f5b13e1,2026-08-18T09:20:02Z
phase01-data-v1,0b5bbc84b7f07d6d09d063130e90b716d8d4a32a,TRAIN_Q295,TRAIN,625bb67482131a34d2096da7857d26208793bcc6b3e4732ae916f547b5e74826,f4625dbbc86e0b2d7ceeff6032e075fe4c710f46479704d39d062544dc87b871,false,available,"[""techqa-doc:corpus/swg21499307.txt""]",confirmed_attached_context,techqa-group:d8758410eb3f4a417224f8aa36b93bcd0d34be12081e594b48fb7975ecb8a062,train,42,connected-component-lexicographic-milp-v1,be474a6b88da73da789620bef66aec6c2421294beedfa90eb1363be16f5b13e1,2026-08-18T09:20:02Z
phase01-data-v1,0b5bbc84b7f07d6d09d063130e90b716d8d4a32a,TRAIN_Q296,TRAIN,a96f3fad5bcadd6c32e644a82da1ce28571a79d5696c58236f04e036fb8a2972,c157d211bdea6b69ff490daaf400cab6563d5eb606f209c6f76e1fc2235ef670,false,available,"[""techqa-doc:corpus/swg21690163.txt""]",confirmed_attached_context,techqa-group:3d8c07b1c199030f2f36b26e6ff868ed4d2b5d77a35e0a848012b7c40c97e9ca,test,42,connected-component-lexicographic-milp-v1,be474a6b88da73da789620bef66aec6c2421294beedfa90eb1363be16f5b13e1,2026-08-18T09:20:02Z
phase01-data-v1,0b5bbc84b7f07d6d09d063130e90b716d8d4a32a,TRAIN_Q297,TRAIN,71bbbf9bcdfd49d3fb2f3a0738449d777c42107a330cb231f918bb18318f6304,6f6633fa12617796afeb49bb5b22b6346bd84a2d0be0ce630a9f9a37ce2e5a5b,false,available,"[""techqa-doc:corpus/swg21695676.txt""]",confirmed_attached_context,techqa-group:03a074620b19fd07929c79500b52ce0160857a6ff1b1eb7eaefe820785ca9fc6,train,42,connected-component-lexicographic-milp-v1,be474a6b88da73da789620bef66aec6c2421294beedfa90eb1363be16f5b13e1,2026-08-18T09:20:02Z
phase01-data-v1,0b5bbc84b7f07d6d09d063130e90b716d8d4a32a,TRAIN_Q298,TRAIN,b472977c67376330c4a8530bf82c9c727c5120709033c65068e66ca06eb6b208,e7518bd554006fc93aa70c3246fdd3744ac5e23612b19c95c646ecd31784740d,false,available,"[""techqa-doc:corpus/swg21688543.txt""]",confirmed_attached_context,techqa-group:e2f9ec4c966c2128e6f25a1ce6c227d05c027f2e113971b0ce7c2dc9d5de8b1b,train,42,connected-component-lexicographic-milp-v1,be474a6b88da73da789620bef66aec6c2421294beedfa90eb1363be16f5b13e1,2026-08-18T09:20:02Z
phase01-data-v1,0b5bbc84b7f07d6d09d063130e90b716d8d4a32a,TRAIN_Q299,TRAIN,61496315dc7bee174d2424e7bfc604550b219a93a557a2f24894c30ebbdd7fb7,cbe53903b76d73960fd2cc997d4306a95d29ea04e911216e2f4a49e0df9d1372,false,available,"[""techqa-doc:corpus/swg21138332.txt""]",confirmed_attached_context,techqa-group:90f53b152b8ff1f3b010cda2ddb99200d8a8e50671dba686f21c38019c17edad,validation,42,connected-component-lexicographic-milp-v1,be474a6b88da73da789620bef66aec6c2421294beedfa90eb1363be16f5b13e1,2026-08-18T09:20:02Z
phase01-data-v1,0b5bbc84b7f07d6d09d063130e90b716d8d4a32a,TRAIN_Q300,TRAIN,e584a613af6cf5d256c0f2c18b646e1c3d540a6f790070de7f6adcbf2982290a,bf1b83728ba287128a35d46c136e6108389810e1d5fc8097fbf1c7b0f84e048b,false,available,"[""techqa-doc:corpus/swg21606716.txt""]",confirmed_attached_context,techqa-group:a9d360022bb02069aeefbcb0cbe43d50b7d9a0ea915004ebfe5fd0f4018622fb,train,42,connected-component-lexicographic-milp-v1,be474a6b88da73da789620bef66aec6c2421294beedfa90eb1363be16f5b13e1,2026-08-18T09:20:02Z
phase01-data-v1,0b5bbc84b7f07d6d09d063130e90b716d8d4a32a,TRAIN_Q301,TRAIN,dda0032b19a9cd0c025cb9be16cb1e80a9cda807245e182f2318e18d6621080a,d2d3438db218f8fa9082861bcfd7b5d33dd1a057642810e2d928b1d09469ce09,false,available,"[""techqa-doc:corpus/swg21692240.txt""]",confirmed_attached_context,techqa-group:a876b1b8e2165089e1e9aba9d0d6c79aafa201ae0e8aa7cccf87578dec84dd95,train,42,connected-component-lexicographic-milp-v1,be474a6b88da73da789620bef66aec6c2421294beedfa90eb1363be16f5b13e1,2026-08-18T09:20:02Z
phase01-data-v1,0b5bbc84b7f07d6d09d063130e90b716d8d4a32a,TRAIN_Q302,TRAIN,2c1db50ffe2ad5d6bc9311978d6bcb6edb3864bd19eea69d8c72fc2fa52314fd,750881063d8147afe38398edf293932775295ea296a43b45cc0d404cdb06a3c2,false,available,"[""techqa-doc:corpus/swg22013955.txt""]",confirmed_attached_context,techqa-group:4a36c5b987272d9012d38dd90efffca5074f5a50b374cd9c48714b27f1fd3a99,test,42,connected-component-lexicographic-milp-v1,be474a6b88da73da789620bef66aec6c2421294beedfa90eb1363be16f5b13e1,2026-08-18T09:20:02Z
phase01-data-v1,0b5bbc84b7f07d6d09d063130e90b716d8d4a32a,TRAIN_Q303,TRAIN,e62aebd7b0db8014a03ff527c9ad77c6547e5f4e737ca936f019047a1b49ef75,461d7101309bdb21845fc504831df2f7977cdb3d5ce178f3864f7ee9c6aef168,false,available,"[""techqa-doc:corpus/swg21480755.txt""]",confirmed_attached_context,techqa-group:50c5461cce8db660d55eb0714d60b6382b40bc5a98327dc7170a1e5854ad7e94,train,42,connected-component-lexicographic-milp-v1,be474a6b88da73da789620bef66aec6c2421294beedfa90eb1363be16f5b13e1,2026-08-18T09:20:02Z
phase01-data-v1,0b5bbc84b7f07d6d09d063130e90b716d8d4a32a,TRAIN_Q304,TRAIN,ebb1dfb2ec549ab56c9205e139070161feedadef587240d5d427e2b997d43b2e,ae23c93d2a310eb3512b56e7df671a695a55bd3f2b1389acf9229930366b14ce,false,available,"[""techqa-doc:corpus/swg21972681.txt""]",confirmed_attached_context,techqa-group:2258b86d17ac0b1e114b894c81a5c79578bbb7e7c29767b37bc75e906e70b8a1,train,42,connected-component-lexicographic-milp-v1,be474a6b88da73da789620bef66aec6c2421294beedfa90eb1363be16f5b13e1,2026-08-18T09:20:02Z
phase01-data-v1,0b5bbc84b7f07d6d09d063130e90b716d8d4a32a,TRAIN_Q305,TRAIN,0edf4b16416b359c83a39610d078e38ee4bd27eebb63a3686bc4707ade60b228,41bca608dd611acc1c69c54c7c8d80489aaa136b2b5ad702d5df40dec380ec9b,false,available,"[""techqa-doc:corpus/swg21592093.txt""]",confirmed_attached_context,techqa-group:7ba8f91054e8b8bc026954ca728cca500098eb3587e8994ce38b08b5bd2008ef,test,42,connected-component-lexicographic-milp-v1,be474a6b88da73da789620bef66aec6c2421294beedfa90eb1363be16f5b13e1,2026-08-18T09:20:02Z
phase01-data-v1,0b5bbc84b7f07d6d09d063130e90b716d8d4a32a,TRAIN_Q306,TRAIN,22bef4ea4aaebc940ce83a6eded766003213a35f404e5a55d3610d216058076e,47bc037943896b5337fff486a07001afaace00a5056ecfaac21e0257b204dc14,false,available,"[""techqa-doc:corpus/swg21966637.txt""]",confirmed_attached_context,techqa-group:2679cc22277d4dd0b4a6d60c1b6942d4b688be331adfaf35e00ee868436328f9,test,42,connected-component-lexicographic-milp-v1,be474a6b88da73da789620bef66aec6c2421294beedfa90eb1363be16f5b13e1,2026-08-18T09:20:02Z
phase01-data-v1,0b5bbc84b7f07d6d09d063130e90b716d8d4a32a,TRAIN_Q307,TRAIN,0877fb573a9f9a9f4a2f9ecffd6ac7d2daa19aba4f676e9fce0a7ab4f7a807de,21048bc12c7eda46ee20956624fbf6a2460d9ca28d52d2e4fcb4bf9f00ba88c6,false,available,"[""techqa-doc:corpus/swg21967589.txt""]",confirmed_attached_context,techqa-group:ca502696d4f2aac2b9cd033c12bb785a1a99719587db9617404f305e49414f7d,train,42,connected-component-lexicographic-milp-v1,be474a6b88da73da789620bef66aec6c2421294beedfa90eb1363be16f5b13e1,2026-08-18T09:20:02Z
phase01-data-v1,0b5bbc84b7f07d6d09d063130e90b716d8d4a32a,TRAIN_Q308,TRAIN,ce47787f2a80803cf844c4d79d8b41e2475a361e0bef888b8fce1dd16284ac99,6890b0019d0d47bccab13447e16a85164470789af3c36d128aa2bbdb840d60f4,true,not_applicable_impossible,[],not_applicable_impossible,techqa-group:f66b64c1e9ccadb62d502f2b2e5df9aaaa92b91cd6884667daad87b3a8d62e4a,train,42,connected-component-lexicographic-milp-v1,be474a6b88da73da789620bef66aec6c2421294beedfa90eb1363be16f5b13e1,2026-08-18T09:20:02Z
phase01-data-v1,0b5bbc84b7f07d6d09d063130e90b716d8d4a32a,TRAIN_Q309,TRAIN,7be213ada1282bfd34f0db51ef419d639094cb101ece7ce5e20e16f339652352,69fe41c0d389d518f5a1f6cf3ec447c6ae769db8379e8878f255bc1e6ec74014,true,not_applicable_impossible,[],not_applicable_impossible,techqa-group:60c7b2838f1b312ceff7a08a3b78a9142c8b8a9b5a55647f5bdf046d5849134c,validation,42,connected-component-lexicographic-milp-v1,be474a6b88da73da789620bef66aec6c2421294beedfa90eb1363be16f5b13e1,2026-08-18T09:20:02Z
phase01-data-v1,0b5bbc84b7f07d6d09d063130e90b716d8d4a32a,TRAIN_Q310,TRAIN,2eef872e8e1941d9a139f9dfbc8306a5c7019cf1ec8d0e632d237d871945d1ce,8b44d99b93d8d2f21eed49ded691c56a95218d2b5901fe010828bcb8e3bf5720,false,available,"[""techqa-doc:corpus/swg21380213.txt""]",confirmed_attached_context,techqa-group:eea510753d1fc09d2595e38c8645a770660a5f5d2d7405ea912ee61142911419,train,42,connected-component-lexicographic-milp-v1,be474a6b88da73da789620bef66aec6c2421294beedfa90eb1363be16f5b13e1,2026-08-18T09:20:02Z
phase01-data-v1,0b5bbc84b7f07d6d09d063130e90b716d8d4a32a,TRAIN_Q311,TRAIN,8b097b3688c1dce4543b715034d1dd3b8924e30b77402c11cf07fefdf69c6452,2b844998c64adf343ceefbdae45cc9923b55258eb757a39b62270c859ec426b3,true,not_applicable_impossible,[],not_applicable_impossible,techqa-group:5edcd4ba37cfd748ed5672448ab42d312f45de3e94beb2b9d8328639a8478800,train,42,connected-component-lexicographic-milp-v1,be474a6b88da73da789620bef66aec6c2421294beedfa90eb1363be16f5b13e1,2026-08-18T09:20:02Z
phase01-data-v1,0b5bbc84b7f07d6d09d063130e90b716d8d4a32a,TRAIN_Q312,TRAIN,8588d3d4a721fde12f74cf9955e9a22350414f481fe6abcb674b2f4cf3cccb2f,77f021eb3188ca8825cba117e346f10180b7f4ed535a4655099018a6b7aa06b1,false,available,"[""techqa-doc:corpus/swg21962370.txt""]",confirmed_attached_context,techqa-group:bb4dd84f2761cd9cc31ea0166ac4aa38aea32bdf35010bc9de5a3d3ef1e75095,test,42,connected-component-lexicographic-milp-v1,be474a6b88da73da789620bef66aec6c2421294beedfa90eb1363be16f5b13e1,2026-08-18T09:20:02Z
phase01-data-v1,0b5bbc84b7f07d6d09d063130e90b716d8d4a32a,TRAIN_Q313,TRAIN,4dad9ac5fbd8704be4c317b2a97d22246ebce4e9702c6bb98cc49422c8a5edf6,8c9c17944beda99679529cb5156789dfcf924bb58d23dfe8f29e87b4d947221b,true,not_applicable_impossible,[],not_applicable_impossible,techqa-group:493a7d739469b0330407ef48fb8410d0fac69c0edd16a5b485590be03a898bf8,test,42,connected-component-lexicographic-milp-v1,be474a6b88da73da789620bef66aec6c2421294beedfa90eb1363be16f5b13e1,2026-08-18T09:20:02Z
phase01-data-v1,0b5bbc84b7f07d6d09d063130e90b716d8d4a32a,TRAIN_Q314,TRAIN,f7b13d31f71b809358fdefdff2dfafc12a38f031ffe18edc4a0fc088e71a9ed8,8b50e4bef51fa0f90dd0d5e68675febb7e14edaa748acba15c6bdca922c4fc86,false,available,"[""techqa-doc:corpus/swg21687172.txt""]",confirmed_attached_context,techqa-group:216c57ac00b31840b3035141c54759ca3f09f8d11db119433d7582f5a58edb20,train,42,connected-component-lexicographic-milp-v1,be474a6b88da73da789620bef66aec6c2421294beedfa90eb1363be16f5b13e1,2026-08-18T09:20:02Z
phase01-data-v1,0b5bbc84b7f07d6d09d063130e90b716d8d4a32a,TRAIN_Q315,TRAIN,fb471dea52545d15721b7df25e42621924bb40bf8ac76505f963b4ed6d0024e7,455f9333592e34f159a4c62b58dbc636f84184d5b7f9299258f013424095695c,true,not_applicable_impossible,[],not_applicable_impossible,techqa-group:3d03a826f6d9605153aff1e36d13c4773022b3c4dfa1dbc1632ad064898b34f9,validation,42,connected-component-lexicographic-milp-v1,be474a6b88da73da789620bef66aec6c2421294beedfa90eb1363be16f5b13e1,2026-08-18T09:20:02Z
phase01-data-v1,0b5bbc84b7f07d6d09d063130e90b716d8d4a32a,TRAIN_Q316,TRAIN,43719e410ea0c7051324c99d40e299d30975ae50a715c0bf32862f898c790c55,1a9d5211b5f8a7e8eede7da139e6d4fb6f66ce381f2b1fc1efe486cb3c40fefa,false,available,"[""techqa-doc:corpus/swg21498634.txt""]",confirmed_attached_context,techqa-group:685c16006ac4f2222238ea1a77cb0db36c0de83efb736e9156dcd3ee4fca6259,train,42,connected-component-lexicographic-milp-v1,be474a6b88da73da789620bef66aec6c2421294beedfa90eb1363be16f5b13e1,2026-08-18T09:20:02Z
phase01-data-v1,0b5bbc84b7f07d6d09d063130e90b716d8d4a32a,TRAIN_Q317,TRAIN,9255b0387451af1f2b5cd7455c327a8d00edbf89c63c5ecacfdca3b92bd53439,fdebb23ced61c6b5a76df36f563db6cccecc33a2f98500fdfe3a3dcac04c06b7,true,not_applicable_impossible,[],not_applicable_impossible,techqa-group:ef4dd1dde1d8a5ca57b35be6eee45da745fab2dff13b0b9f51a33a954e68db80,train,42,connected-component-lexicographic-milp-v1,be474a6b88da73da789620bef66aec6c2421294beedfa90eb1363be16f5b13e1,2026-08-18T09:20:02Z
phase01-data-v1,0b5bbc84b7f07d6d09d063130e90b716d8d4a32a,TRAIN_Q318,TRAIN,34b1de8349c0e966636d3059840bb7403ace67b050c55a5069a6179f42ec0229,a9a52717188e34a8d527fce15ecd42520e0352cf68b9cd01c77a93035d17855e,false,available,"[""techqa-doc:corpus/swg21974546.txt""]",confirmed_attached_context,techqa-group:6f15853a2857fbe07cf4ac1a2ce1821f004ca23a678f76287f1b17de5f494333,train,42,connected-component-lexicographic-milp-v1,be474a6b88da73da789620bef66aec6c2421294beedfa90eb1363be16f5b13e1,2026-08-18T09:20:02Z
phase01-data-v1,0b5bbc84b7f07d6d09d063130e90b716d8d4a32a,TRAIN_Q319,TRAIN,a4e7d10b5fa9998d9cc9abfa76a3f3e49d0821b81875814d9d9c6cf62a466f56,896c29e44a3e1582e5c12a4883cea5dbdcb8b6fed464e29b631c78cee9c2a2eb,false,available,"[""techqa-doc:corpus/swg1PM66670.txt""]",confirmed_attached_context,techqa-group:09aa5c4b8942c2d2cb417737e47d02f18032feba26d8b2661db6c88356ab6af0,train,42,connected-component-lexicographic-milp-v1,be474a6b88da73da789620bef66aec6c2421294beedfa90eb1363be16f5b13e1,2026-08-18T09:20:02Z
phase01-data-v1,0b5bbc84b7f07d6d09d063130e90b716d8d4a32a,TRAIN_Q320,TRAIN,5ea9a5baacb1e6e4b2550beb26b8bb90a151180b32b8e302b86026ca1e9f16c1,b5be2d0f43c2ec4ad0f508dc2c7e6a9cddcb0a220e45bbc269a3406ec074d20b,false,available,"[""techqa-doc:corpus/swg21902438.txt""]",confirmed_attached_context,techqa-group:6683a79355e3d73c56ad859d19c5c4420c53a2e4812749d29007f1bc24a03162,train,42,connected-component-lexicographic-milp-v1,be474a6b88da73da789620bef66aec6c2421294beedfa90eb1363be16f5b13e1,2026-08-18T09:20:02Z
phase01-data-v1,0b5bbc84b7f07d6d09d063130e90b716d8d4a32a,TRAIN_Q321,TRAIN,ae859bb7ccc6e393201082c2b43dcce8503dfea5f89f2202010ff7b8cfd52913,4b1edcb69fca6dcdfa6207d69e330643cc1e77d1a78230e2c89c4b5e7ea13936,false,available,"[""techqa-doc:corpus/swg22008382.txt""]",confirmed_attached_context,techqa-group:ea271e4f7c31897da8c2dca567cd92394fb4e73165160d9714911a1c2b3c2b7a,train,42,connected-component-lexicographic-milp-v1,be474a6b88da73da789620bef66aec6c2421294beedfa90eb1363be16f5b13e1,2026-08-18T09:20:02Z
phase01-data-v1,0b5bbc84b7f07d6d09d063130e90b716d8d4a32a,TRAIN_Q322,TRAIN,3900a41c2e8973da53b4cf98732bb09bd4691aaa75a5d72f199ac339e60812e7,f5a2861ae08d088b5827deadc80ff326160e0d4b1817f9326ec6b63343b2ed99,false,available,"[""techqa-doc:corpus/swg21978641.txt""]",confirmed_attached_context,techqa-group:9673d34f5c52327e275babf79b58bbb36eb05c83b95f9c92e364c1a55434f921,test,42,connected-component-lexicographic-milp-v1,be474a6b88da73da789620bef66aec6c2421294beedfa90eb1363be16f5b13e1,2026-08-18T09:20:02Z
phase01-data-v1,0b5bbc84b7f07d6d09d063130e90b716d8d4a32a,TRAIN_Q323,TRAIN,00d7d7638c73d08321135ccc7e730c2bedb01ef531f3146b9e99e2c08be94e54,751719217cbf43563ae486159ec5a69686cc486d8de001cf6d5c80824699f41f,true,not_applicable_impossible,[],not_applicable_impossible,techqa-group:355d348dc4a9b05689f6940ec14e86eefdf3a40ef76ac367eee27b8e1c6c3489,validation,42,connected-component-lexicographic-milp-v1,be474a6b88da73da789620bef66aec6c2421294beedfa90eb1363be16f5b13e1,2026-08-18T09:20:02Z
phase01-data-v1,0b5bbc84b7f07d6d09d063130e90b716d8d4a32a,TRAIN_Q324,TRAIN,2f2d148c42ea8415d59f73762064a76d133a7439d4b2a782e1c0c2be1e989a65,612ea6f76cd1fc75212daf3ba42fb19861bca1bc2b86ba1b02e5c64d4af6c742,false,available,"[""techqa-doc:corpus/swg21700865.txt""]",confirmed_attached_context,techqa-group:159c6485a22c1cd7b77afb4ee0fc9e17b083cd9b32fb790b6cba83196cb6614c,validation,42,connected-component-lexicographic-milp-v1,be474a6b88da73da789620bef66aec6c2421294beedfa90eb1363be16f5b13e1,2026-08-18T09:20:02Z
phase01-data-v1,0b5bbc84b7f07d6d09d063130e90b716d8d4a32a,TRAIN_Q325,TRAIN,cabfdcba70b5fad3ac81ddc2d27bf4dc72d8547fbc5339735e3966da10a403ad,0fd7d399eb98a0f4917424dec0a25d804ce514dc040dc069f14529ee6ff1b228,true,not_applicable_impossible,[],not_applicable_impossible,techqa-group:6ab2181d24826a2966d6fdf98c96683e887ab42959dd9b23b890d3c5da93e5f8,validation,42,connected-component-lexicographic-milp-v1,be474a6b88da73da789620bef66aec6c2421294beedfa90eb1363be16f5b13e1,2026-08-18T09:20:02Z
phase01-data-v1,0b5bbc84b7f07d6d09d063130e90b716d8d4a32a,TRAIN_Q326,TRAIN,6171f04a2b805c1dc9eb45a23acbc4bc5742fc03ae8c18199f046e6eb517df51,4f366e85eb0507b52dad2c84e27142c36f03acd3364979ae2aa5dbcec6e011d9,true,not_applicable_impossible,[],not_applicable_impossible,techqa-group:772242b8d2523f1b3ccee7118cd8a7f38d6a40c8cbab51158da0a227f0d0e795,train,42,connected-component-lexicographic-milp-v1,be474a6b88da73da789620bef66aec6c2421294beedfa90eb1363be16f5b13e1,2026-08-18T09:20:02Z
phase01-data-v1,0b5bbc84b7f07d6d09d063130e90b716d8d4a32a,TRAIN_Q327,TRAIN,06721a7d5867dae5b0f718b62cf4ef3fd8a23051716acc1c7925ea2851331e55,2c432f0e952da0e440a1668a77edb209e12ca91ce2e3b1008209ee16d500d42a,true,not_applicable_impossible,[],not_applicable_impossible,techqa-group:202e66325d713be7c3c28c7d3ca8b71dc54c10e24b9925f6fb57a9bbec2bab0e,train,42,connected-component-lexicographic-milp-v1,be474a6b88da73da789620bef66aec6c2421294beedfa90eb1363be16f5b13e1,2026-08-18T09:20:02Z
phase01-data-v1,0b5bbc84b7f07d6d09d063130e90b716d8d4a32a,TRAIN_Q328,TRAIN,d1dad2e323004149a3822ce8defd8a4e07b063cd824e4f93f8c39608779bfc7d,34653a401c1840307a95cd6848dd9bdb87ce16758bffbf2e11165aa80a7d3ffe,false,available,"[""techqa-doc:corpus/swg21449103.txt""]",confirmed_attached_context,techqa-group:f9b10d58d37a0110cf5f771178fa04405a431a6167a220b0b6d26f22c59e4f90,train,42,connected-component-lexicographic-milp-v1,be474a6b88da73da789620bef66aec6c2421294beedfa90eb1363be16f5b13e1,2026-08-18T09:20:02Z
phase01-data-v1,0b5bbc84b7f07d6d09d063130e90b716d8d4a32a,TRAIN_Q329,TRAIN,b507813bdd56bc785f5e4cc273c051b9def1805b6453bb5af916cebba17f8fb4,6e6a3393274c819e1950ec7df989e6c79d840fe828f159f5f34481bcd0d8a397,true,not_applicable_impossible,[],not_applicable_impossible,techqa-group:55501c10cd7fbb673b173603ffbd3694353b55f0072c8f785f02dfd8bc479709,train,42,connected-component-lexicographic-milp-v1,be474a6b88da73da789620bef66aec6c2421294beedfa90eb1363be16f5b13e1,2026-08-18T09:20:02Z
phase01-data-v1,0b5bbc84b7f07d6d09d063130e90b716d8d4a32a,TRAIN_Q330,TRAIN,f8f17e6b27fad53d3e5ccd38a616e9f92adee4ee13174d327eb04e52b07ec4aa,a9c12ddd77e71851b549148029d8a8e299d2992d3bf6543cb5ef63ff6a187899,false,available,"[""techqa-doc:corpus/swg21674924.txt""]",confirmed_attached_context,techqa-group:e34883e5160f1707412d8603f1883a0a8c21014066ba202bc2aa83fb6e5656c4,train,42,connected-component-lexicographic-milp-v1,be474a6b88da73da789620bef66aec6c2421294beedfa90eb1363be16f5b13e1,2026-08-18T09:20:02Z
phase01-data-v1,0b5bbc84b7f07d6d09d063130e90b716d8d4a32a,TRAIN_Q331,TRAIN,3b221d824691ee382f989c508b8b2d35aeafc3ddfa678f502bdeffe911a5b487,2abb52e905eb7c6fa2be8aa5f3f1b72eec511a4da925d467dcacacbe3ff24b61,false,available,"[""techqa-doc:corpus/swg21592093.txt""]",confirmed_attached_context,techqa-group:7ba8f91054e8b8bc026954ca728cca500098eb3587e8994ce38b08b5bd2008ef,test,42,connected-component-lexicographic-milp-v1,be474a6b88da73da789620bef66aec6c2421294beedfa90eb1363be16f5b13e1,2026-08-18T09:20:02Z
phase01-data-v1,0b5bbc84b7f07d6d09d063130e90b716d8d4a32a,TRAIN_Q332,TRAIN,50ca2267d008ba21307c887c6b7db5bfd81ce4391b61e82d6e15f0c862ef763f,cfbb2cbccbdad30eada24ac185040617eee76f936d188339a9656dc9e45ceb72,false,available,"[""techqa-doc:corpus/swg21078845.txt""]",confirmed_attached_context,techqa-group:7497514caecc0d4be231aded2815c968f6303feb38c035bca563bd11ad2078db,train,42,connected-component-lexicographic-milp-v1,be474a6b88da73da789620bef66aec6c2421294beedfa90eb1363be16f5b13e1,2026-08-18T09:20:02Z
phase01-data-v1,0b5bbc84b7f07d6d09d063130e90b716d8d4a32a,TRAIN_Q333,TRAIN,ab8ee5c2f6dfa95bb6a6e6b8c17498c658eda1b3f540ce0c9b437b1a665f93b1,fe7ef2b0d58f899b64288eb61950a0a685326c0950394ea44782f4cbb29c41e4,false,available,"[""techqa-doc:corpus/swg21498780.txt""]",confirmed_attached_context,techqa-group:8bb112d1f2165a69082b9849d00af32cebfc3c666489d26998dc71610d67319d,train,42,connected-component-lexicographic-milp-v1,be474a6b88da73da789620bef66aec6c2421294beedfa90eb1363be16f5b13e1,2026-08-18T09:20:02Z
phase01-data-v1,0b5bbc84b7f07d6d09d063130e90b716d8d4a32a,TRAIN_Q334,TRAIN,5c3416927902a5847d7ae9af13ce4ae10fcb707325e3ad1fbef82a9968f13d1b,0fdaf246d53423aa19e20d3b2aa7da6aeaebb61a0a9fa7f1e1de35078138b9b6,false,available,"[""techqa-doc:corpus/swg21572905.txt""]",confirmed_attached_context,techqa-group:628659fe13bc4132d4f7c3da240cff33128b13e7e6177db751ff909c532f7844,train,42,connected-component-lexicographic-milp-v1,be474a6b88da73da789620bef66aec6c2421294beedfa90eb1363be16f5b13e1,2026-08-18T09:20:02Z
phase01-data-v1,0b5bbc84b7f07d6d09d063130e90b716d8d4a32a,TRAIN_Q335,TRAIN,4cd99e7d7e8fea15e1f8798aa30ed060abc1c0fdccf85f4489fe18122af091dd,915ae5c82fc7c6e7760ad5e2d1a26091d304a6ad6d40889bc0f5e919d676015d,true,not_applicable_impossible,[],not_applicable_impossible,techqa-group:c030aab05756659921e0724227c5aaa88eb307dc74ff24a29a4d67862156c352,validation,42,connected-component-lexicographic-milp-v1,be474a6b88da73da789620bef66aec6c2421294beedfa90eb1363be16f5b13e1,2026-08-18T09:20:02Z
phase01-data-v1,0b5bbc84b7f07d6d09d063130e90b716d8d4a32a,TRAIN_Q336,TRAIN,6860f9dc149c3c4144c4661594e1e1ce3d60ec12c36ddb82f3b6349e7d21d222,41bde8464913d447c878a6e6dca401d6826eac33e0c9b582e774979ac154a6d6,false,available,"[""techqa-doc:corpus/swg21882989.txt""]",confirmed_attached_context,techqa-group:91428eff3da5c51ff29c7ac9708e7aa226934c867ad1d0029d949f36a53158df,train,42,connected-component-lexicographic-milp-v1,be474a6b88da73da789620bef66aec6c2421294beedfa90eb1363be16f5b13e1,2026-08-18T09:20:02Z
phase01-data-v1,0b5bbc84b7f07d6d09d063130e90b716d8d4a32a,TRAIN_Q337,TRAIN,2525e4f9481ca8bca3e4816e30240520d89d7d321758d1add4ed80230919ac87,f53b0046d0aab116fce05bdaad6d2ae652810c629c25208e753e8d3f1d035aa8,false,available,"[""techqa-doc:corpus/swg21192546.txt""]",confirmed_attached_context,techqa-group:75582198b32701e73bc3c98c8075a2db67d40678a58801dc36dc66b82ddbaa4a,train,42,connected-component-lexicographic-milp-v1,be474a6b88da73da789620bef66aec6c2421294beedfa90eb1363be16f5b13e1,2026-08-18T09:20:02Z
phase01-data-v1,0b5bbc84b7f07d6d09d063130e90b716d8d4a32a,TRAIN_Q338,TRAIN,1fcb151eb88dafec231e500edb03d70d0c095609e1f46c4839d722f14f99b3c9,d55d78f2420acfb62de75822757e79e8e70452c74f7d04a74b8ba02e4390f72d,false,available,"[""techqa-doc:corpus/swg21967312.txt""]",confirmed_attached_context,techqa-group:b353e625cd89841e98aa09ab12ba75f7fd7874580080b5f01e32e64bf9714ff7,validation,42,connected-component-lexicographic-milp-v1,be474a6b88da73da789620bef66aec6c2421294beedfa90eb1363be16f5b13e1,2026-08-18T09:20:02Z
phase01-data-v1,0b5bbc84b7f07d6d09d063130e90b716d8d4a32a,TRAIN_Q339,TRAIN,7537cd462e381f029a6eeb829c8e33506777bf88205d8d2c95ddde7c55fa4d2e,1a57c72dad51f606b7bd6c96109597bc3522cb4e1805c55194428dbcec90e910,false,available,"[""techqa-doc:corpus/swg21974757.txt""]",confirmed_attached_context,techqa-group:95fa8445153588260b42fc23896487d1cb4ab9a8f361556e43db7cbbc6a48407,train,42,connected-component-lexicographic-milp-v1,be474a6b88da73da789620bef66aec6c2421294beedfa90eb1363be16f5b13e1,2026-08-18T09:20:02Z
phase01-data-v1,0b5bbc84b7f07d6d09d063130e90b716d8d4a32a,TRAIN_Q340,TRAIN,3aec2f271d0b18de81b36127a68d06bedf44f19a44f2b2d1631d7b81d17cf276,3d20c3404f79a23d8d73942d031ef838617dee11e1f8a07ade76869707ec6c2b,false,available,"[""techqa-doc:corpus/swg21319595.txt""]",confirmed_attached_context,techqa-group:e692a0190021030fbb21abde4365b550f69e847ce21f5d437c1f5cb3f61a6ce0,train,42,connected-component-lexicographic-milp-v1,be474a6b88da73da789620bef66aec6c2421294beedfa90eb1363be16f5b13e1,2026-08-18T09:20:02Z
phase01-data-v1,0b5bbc84b7f07d6d09d063130e90b716d8d4a32a,TRAIN_Q341,TRAIN,b9449a6883827aa065b4ed708514bd83e0a1ab19669416dc2db88905346ef8f4,72ab8c6a2ae5ac784c6193a205f0518f28bba11320cfc8fb010b0e69f358903d,false,available,"[""techqa-doc:corpus/swg21157005.txt""]",confirmed_attached_context,techqa-group:5589ccfe6c13ac0834d010d3ba89031c9faf01eef5e8b42b116d91260e4ae2e9,train,42,connected-component-lexicographic-milp-v1,be474a6b88da73da789620bef66aec6c2421294beedfa90eb1363be16f5b13e1,2026-08-18T09:20:02Z
phase01-data-v1,0b5bbc84b7f07d6d09d063130e90b716d8d4a32a,TRAIN_Q342,TRAIN,7b7eec7b7045135512b0431c7ab2d37bca68539124bfcd7cbb1ee95ec397ca16,89ea044a7641df0e6c184be4cd873a6758904eea26c2732e38d5b2cd326b828e,true,not_applicable_impossible,[],not_applicable_impossible,techqa-group:00633af7ebad8f108c581c25d0520a4c7adbcbaf9d747a12a6b046dc29fcf5c6,train,42,connected-component-lexicographic-milp-v1,be474a6b88da73da789620bef66aec6c2421294beedfa90eb1363be16f5b13e1,2026-08-18T09:20:02Z
phase01-data-v1,0b5bbc84b7f07d6d09d063130e90b716d8d4a32a,TRAIN_Q343,TRAIN,c02c96b9b8b9e75ff8b189784e7c0f15d4f300354523cb5ee2ab469d21f4302b,841991aa98ac76b676c58205090ce3a98873ae26f32d363a93f44cea4a8b8f46,false,available,"[""techqa-doc:corpus/swg22010419.txt""]",confirmed_attached_context,techqa-group:586cfd8c548751b550946dee7b40c13165629b7d314abed8a996b41f5c29da3b,train,42,connected-component-lexicographic-milp-v1,be474a6b88da73da789620bef66aec6c2421294beedfa90eb1363be16f5b13e1,2026-08-18T09:20:02Z
phase01-data-v1,0b5bbc84b7f07d6d09d063130e90b716d8d4a32a,TRAIN_Q344,TRAIN,da8f39ed3785129838c49a273e3c753623c41d9e0d04048a7eaea40395493174,ae3fc4f749d63b80f1742df67f299831edfbffc41a2812cc215cb166a728695d,true,not_applicable_impossible,[],not_applicable_impossible,techqa-group:f86ef56771e01ff5f25772d9ce9b9c4200e536f04e4d919a7f3a58dddfffede1,train,42,connected-component-lexicographic-milp-v1,be474a6b88da73da789620bef66aec6c2421294beedfa90eb1363be16f5b13e1,2026-08-18T09:20:02Z
phase01-data-v1,0b5bbc84b7f07d6d09d063130e90b716d8d4a32a,TRAIN_Q345,TRAIN,dfca14539109f1cddaf388b86dd2abbb132abae898e8602d42066236a974d238,05d9a5aea4d95a2339c666f9c5985f4a248fdc2ab84a710052c4e4944124c546,false,available,"[""techqa-doc:corpus/swg21959083.txt""]",confirmed_attached_context,techqa-group:28ad5fe6687e9ebd61602e4ad73b5dabfb64d9d4f40d807457fdb34d83204265,train,42,connected-component-lexicographic-milp-v1,be474a6b88da73da789620bef66aec6c2421294beedfa90eb1363be16f5b13e1,2026-08-18T09:20:02Z
phase01-data-v1,0b5bbc84b7f07d6d09d063130e90b716d8d4a32a,TRAIN_Q346,TRAIN,8c9bbffcdbd58ed6e105da1b4d94bc2ee30d0f2e5c74e03c2317777916809520,d6fb8ca5b29ee7f21de4e5f7aea50b75ea32ddd12ec038a2c25d0cc8731fd97c,false,available,"[""techqa-doc:corpus/swg21511831.txt""]",confirmed_attached_context,techqa-group:fc1ad0d689cb99c02c2dbbc50a4166d1d6d7bbf3ab464722c73ebec913a8cc26,train,42,connected-component-lexicographic-milp-v1,be474a6b88da73da789620bef66aec6c2421294beedfa90eb1363be16f5b13e1,2026-08-18T09:20:02Z
phase01-data-v1,0b5bbc84b7f07d6d09d063130e90b716d8d4a32a,TRAIN_Q347,TRAIN,babd31a004e8fe2a3b2ff8b95084ec7bf69a5136e7c36498b761ad4adbfc87d6,56c3a798db155b4d332497e6cd776e32caa715e85a1b3a3f497cbcfb7d4ec734,false,available,"[""techqa-doc:corpus/swg21974106.txt""]",confirmed_attached_context,techqa-group:5d7269621280aa11b38105306585fa705229c79844c6a036eea554653e4c9cfe,validation,42,connected-component-lexicographic-milp-v1,be474a6b88da73da789620bef66aec6c2421294beedfa90eb1363be16f5b13e1,2026-08-18T09:20:02Z
phase01-data-v1,0b5bbc84b7f07d6d09d063130e90b716d8d4a32a,TRAIN_Q348,TRAIN,559ad8ef6d491dc007f695ff203dd4a30a1ae6bb8198685130a59a8371b4503b,4559b018166ad6d0c91703c5acf758cdc087f91736f2b84982194bf5fa3fa382,false,available,"[""techqa-doc:corpus/swg21983739.txt""]",confirmed_attached_context,techqa-group:3ed0bcb5a8226f457fbbc088cd9daabcc08ba538f63d53aa4a6d2519d5ab2580,test,42,connected-component-lexicographic-milp-v1,be474a6b88da73da789620bef66aec6c2421294beedfa90eb1363be16f5b13e1,2026-08-18T09:20:02Z
phase01-data-v1,0b5bbc84b7f07d6d09d063130e90b716d8d4a32a,TRAIN_Q349,TRAIN,8c3e5bcbff1658454bdd078c08156a121b21ed5da5f6121e242a37aa8ecbd87b,3123f669d19a78b6f193aab9939a59f8224820e707b6ae0d6f8b2dffe786dfe9,false,available,"[""techqa-doc:corpus/swg21697120.txt""]",confirmed_attached_context,techqa-group:63bfc2f5725e319d22d4bdcb3f012bacbf3a3246d621b951a3aefa9bce3220a8,train,42,connected-component-lexicographic-milp-v1,be474a6b88da73da789620bef66aec6c2421294beedfa90eb1363be16f5b13e1,2026-08-18T09:20:02Z
phase01-data-v1,0b5bbc84b7f07d6d09d063130e90b716d8d4a32a,TRAIN_Q350,TRAIN,bb0172a2e7d345ce1c486d06478c5e54e4943ae52d33ba2a219c080082940b63,5d829aa6c5ed1ad88977a43b0639f0a5c18d48abcb5f966100e14db241e1d7d2,false,available,"[""techqa-doc:corpus/swg27044407.txt""]",confirmed_attached_context,techqa-group:46cc7f00b58541c7b2625ebce6a53990c45f4a89e4e12361e9d7dbec19aa6fc5,train,42,connected-component-lexicographic-milp-v1,be474a6b88da73da789620bef66aec6c2421294beedfa90eb1363be16f5b13e1,2026-08-18T09:20:02Z
phase01-data-v1,0b5bbc84b7f07d6d09d063130e90b716d8d4a32a,TRAIN_Q351,TRAIN,56cfa136d0e4dfdf665363e9626d879c3c01bd418d2535c207f887ef010050fc,807360d3c8ce553800aabb633df4651b9fc94e3d53bb08a258255bdeceb420aa,false,available,"[""techqa-doc:corpus/swg21163875.txt""]",confirmed_attached_context,techqa-group:7945a5b09636c6f99e60e2994c2ea5f6bbb0975cd218f40ae4572c316b30a12c,validation,42,connected-component-lexicographic-milp-v1,be474a6b88da73da789620bef66aec6c2421294beedfa90eb1363be16f5b13e1,2026-08-18T09:20:02Z
phase01-data-v1,0b5bbc84b7f07d6d09d063130e90b716d8d4a32a,TRAIN_Q352,TRAIN,9abca1128c7ee613ef86c5f5de1bc7d3ba63ddd78313c3c208aa125a76d18b19,5ef8b4ab0de02e6b304424324b2ccb9a5fa863f4643453500088fb298bf86039,false,available,"[""techqa-doc:corpus/swg21425772.txt""]",confirmed_attached_context,techqa-group:d2710b812de295a6a19eee95d873cc48e15e59e85c5603415c1dc686ad5f766f,train,42,connected-component-lexicographic-milp-v1,be474a6b88da73da789620bef66aec6c2421294beedfa90eb1363be16f5b13e1,2026-08-18T09:20:02Z
phase01-data-v1,0b5bbc84b7f07d6d09d063130e90b716d8d4a32a,TRAIN_Q353,TRAIN,e39925fb88ac02b5327b41dca133fb46ac102a18e639b77253f7f10d2704d305,5df81b7807bad3a1a720e44e587655836e805367ca36b413ad3b614b2fa23bbc,false,available,"[""techqa-doc:corpus/swg21320206.txt""]",confirmed_attached_context,techqa-group:70965d06ec743f8fd0577861bfed9673ea4e388d2f811c6db33998ea22b19757,test,42,connected-component-lexicographic-milp-v1,be474a6b88da73da789620bef66aec6c2421294beedfa90eb1363be16f5b13e1,2026-08-18T09:20:02Z
phase01-data-v1,0b5bbc84b7f07d6d09d063130e90b716d8d4a32a,TRAIN_Q354,TRAIN,6a9b7199df4d11191883922a6fc3f70fa170a22ca188ac285dfa2391d05b1433,20951435e2645198df08fe7c7fbadd806bbecb527207eb9c8cb9ce5fbca73475,true,not_applicable_impossible,[],not_applicable_impossible,techqa-group:393debe8fe709b886f6127275c8044f65222405b0521390b5a816814aa7acb9f,train,42,connected-component-lexicographic-milp-v1,be474a6b88da73da789620bef66aec6c2421294beedfa90eb1363be16f5b13e1,2026-08-18T09:20:02Z
phase01-data-v1,0b5bbc84b7f07d6d09d063130e90b716d8d4a32a,TRAIN_Q355,TRAIN,6d52116584a5654981dee19405f1ef278d8719f57fe0f777dabd154948dfbd78,3a6d5df061bfb8f16f22a952789125044990f230eda2470e7ff558e639992b04,false,available,"[""techqa-doc:corpus/swg21567862.txt""]",confirmed_attached_context,techqa-group:27cc01dd76e05e0258e76b195ad70f0b557d574cf25548bb2fd6214d0d66041f,train,42,connected-component-lexicographic-milp-v1,be474a6b88da73da789620bef66aec6c2421294beedfa90eb1363be16f5b13e1,2026-08-18T09:20:02Z
phase01-data-v1,0b5bbc84b7f07d6d09d063130e90b716d8d4a32a,TRAIN_Q356,TRAIN,79d8ef05122ba14d779f077b5556c780103751b7fa651197837ff1ddd340e00b,199e69d5688eee2a7ac6b72366316ccc02a63fafdb71bee663f6ded408061ba8,true,not_applicable_impossible,[],not_applicable_impossible,techqa-group:5dfbe5933509fa4d880924450e48c0c8bf37ba6a42166f3175ca43ea08dbc2fc,train,42,connected-component-lexicographic-milp-v1,be474a6b88da73da789620bef66aec6c2421294beedfa90eb1363be16f5b13e1,2026-08-18T09:20:02Z
phase01-data-v1,0b5bbc84b7f07d6d09d063130e90b716d8d4a32a,TRAIN_Q357,TRAIN,879454d67565d9b737a54b8497a7c201c515a014e20ef47d49547e6be377f7be,a601f28fc95597fc7c4a91423294d19d93333987bedc69861a7d5ba437eedc83,false,available,"[""techqa-doc:corpus/swg21406783.txt""]",confirmed_attached_context,techqa-group:bf8831b8e5e1f86a68ff412a7c9ed816db7dfa0b2d7fc55f355c379c045c16a9,train,42,connected-component-lexicographic-milp-v1,be474a6b88da73da789620bef66aec6c2421294beedfa90eb1363be16f5b13e1,2026-08-18T09:20:02Z
phase01-data-v1,0b5bbc84b7f07d6d09d063130e90b716d8d4a32a,TRAIN_Q358,TRAIN,e2ab0cef7cec254e33894caeb0e59cf341d7ed129752d6a8213947dee69f4ab6,44df19fbafebd97feec608c037235ab9d3ba1793b43c99c4086c8713cf9362d1,false,available,"[""techqa-doc:corpus/swg21681464.txt""]",confirmed_attached_context,techqa-group:a8ea434ee74a1cd3acdf88dffea1ce42acf7bed0e8f2092e26cd646476f5699f,validation,42,connected-component-lexicographic-milp-v1,be474a6b88da73da789620bef66aec6c2421294beedfa90eb1363be16f5b13e1,2026-08-18T09:20:02Z
phase01-data-v1,0b5bbc84b7f07d6d09d063130e90b716d8d4a32a,TRAIN_Q359,TRAIN,4b79f8fe4712fd7fe58ccfeb1f939b2e0350b4b473010707944d3a25ff3d9a46,02e8dcfa3a2e25662edb329cc2627b6afdd1049376e7a95d629e58b5b8526cf8,false,available,"[""techqa-doc:corpus/swg21974599.txt""]",confirmed_attached_context,techqa-group:7e290d4f61d19019e7321a6bf852ac16e5f46d10a5ab0abdf9d265181bbca74a,train,42,connected-component-lexicographic-milp-v1,be474a6b88da73da789620bef66aec6c2421294beedfa90eb1363be16f5b13e1,2026-08-18T09:20:02Z
phase01-data-v1,0b5bbc84b7f07d6d09d063130e90b716d8d4a32a,TRAIN_Q360,TRAIN,35a2226027a03d2f4b687b81a280983c903ad15beb4c39ff5705c567d99a0d41,816c3d4ec65bde1e4420c3daa4754568118507d9f2ec6889c2fbca26abe63f03,false,available,"[""techqa-doc:corpus/swg24042283.txt""]",confirmed_attached_context,techqa-group:63c6479b77bce9e16a2e3daf09f80eca038cb39d11e450d82ed2c58224b81fe2,train,42,connected-component-lexicographic-milp-v1,be474a6b88da73da789620bef66aec6c2421294beedfa90eb1363be16f5b13e1,2026-08-18T09:20:02Z
phase01-data-v1,0b5bbc84b7f07d6d09d063130e90b716d8d4a32a,TRAIN_Q361,TRAIN,c0f9a4b4d5d1e0fe443e3153a483de0d6ceda82404d14e5a8bb703bc95127d4a,fbc47e529ab0f543d71ae06145eabab95a06f3099de35f209684e90940226549,false,available,"[""techqa-doc:corpus/swg21674407.txt""]",confirmed_attached_context,techqa-group:3cf732bfb2a4b9ddc93db0f966356078ad7e16410826f768b767e0f8d9441477,validation,42,connected-component-lexicographic-milp-v1,be474a6b88da73da789620bef66aec6c2421294beedfa90eb1363be16f5b13e1,2026-08-18T09:20:02Z
phase01-data-v1,0b5bbc84b7f07d6d09d063130e90b716d8d4a32a,TRAIN_Q362,TRAIN,1f671eef883f4eb8de71725dbeb3c1efb7f4854526d8348d67348b6602da26a9,0c8d6fc5a1257b1b0580e690529058e3989e4d4afea6555badb14222417e0d8c,false,available,"[""techqa-doc:corpus/swg21964501.txt""]",confirmed_attached_context,techqa-group:8de377807a921f65a3250cadc90a50d6d452249f563e6f6013cdc3d64ff895f7,train,42,connected-component-lexicographic-milp-v1,be474a6b88da73da789620bef66aec6c2421294beedfa90eb1363be16f5b13e1,2026-08-18T09:20:02Z
phase01-data-v1,0b5bbc84b7f07d6d09d063130e90b716d8d4a32a,TRAIN_Q363,TRAIN,ff49d6438019bc5a3a76c11784cdd308f46778c55d2dff547e780d0ccb6b1d48,9e788216dfbf54121c4770bfab4a976e5a2a9f12756ae66cca72e8fceb335b5f,false,available,"[""techqa-doc:corpus/swg27046040.txt""]",confirmed_attached_context,techqa-group:c98f49e26caf4007070aaec2ed78b33c56df38d0e3e64c70c19ac865b61c51e6,train,42,connected-component-lexicographic-milp-v1,be474a6b88da73da789620bef66aec6c2421294beedfa90eb1363be16f5b13e1,2026-08-18T09:20:02Z
phase01-data-v1,0b5bbc84b7f07d6d09d063130e90b716d8d4a32a,TRAIN_Q364,TRAIN,047829cba75caf35a76bec49974ee17b569175bd20b734b243fac953d067fc58,cd2624afdb2adc7dcf4afe7d076ce563268e20af9d9bfe645cf1b47cad05610c,true,not_applicable_impossible,[],not_applicable_impossible,techqa-group:a87806b69025aeda151934380f58c56e0d2c480a8163669d9e92bbff7fef8a9d,train,42,connected-component-lexicographic-milp-v1,be474a6b88da73da789620bef66aec6c2421294beedfa90eb1363be16f5b13e1,2026-08-18T09:20:02Z
phase01-data-v1,0b5bbc84b7f07d6d09d063130e90b716d8d4a32a,TRAIN_Q365,TRAIN,50f1325b90fff32a4331851f0cbb4d30681fa54e8d3a3422e4835ecb959ead8f,9639720b59dc492bf305cf616dd68f952df34b2e2ce19fdd5a50a4a2fa7bf46b,false,available,"[""techqa-doc:corpus/swg22009964.txt""]",confirmed_attached_context,techqa-group:141234abf832ad00ae5e5c6cda230db7c31c940cd1dd59eed5dc80a9dc17fed7,train,42,connected-component-lexicographic-milp-v1,be474a6b88da73da789620bef66aec6c2421294beedfa90eb1363be16f5b13e1,2026-08-18T09:20:02Z
phase01-data-v1,0b5bbc84b7f07d6d09d063130e90b716d8d4a32a,TRAIN_Q366,TRAIN,e0934b609d08cf821c3cbd8e567602a69f1b78b8786f0b1f52136c73be1aff99,33e9d7516c8b7b951edf9127ecbb7166a15b629824ce70b99b4c404f6eafedd6,false,available,"[""techqa-doc:corpus/swg21631606.txt""]",confirmed_attached_context,techqa-group:70e950963e26bab0b3485512512f67d6c3c3326b3b25b30f9277e85cd0cbb08a,train,42,connected-component-lexicographic-milp-v1,be474a6b88da73da789620bef66aec6c2421294beedfa90eb1363be16f5b13e1,2026-08-18T09:20:02Z
phase01-data-v1,0b5bbc84b7f07d6d09d063130e90b716d8d4a32a,TRAIN_Q367,TRAIN,44803fc04eab34b2058b4bae237c5873702b9eb7ce975b51c462eb63a2d29161,00bed479b4f1a846cf2ee7ed277eb39d96d17b2758bd7a1b4aacb5f5b4ff6b82,false,available,"[""techqa-doc:corpus/swg21968549.txt""]",confirmed_attached_context,techqa-group:47b8a20b9c1f501885428c7a775b4190ee1d58f0cffc5d9a446c99da7dcbd83e,train,42,connected-component-lexicographic-milp-v1,be474a6b88da73da789620bef66aec6c2421294beedfa90eb1363be16f5b13e1,2026-08-18T09:20:02Z
phase01-data-v1,0b5bbc84b7f07d6d09d063130e90b716d8d4a32a,TRAIN_Q368,TRAIN,085bdd8a27d1e4d124d47fc23700bd9d2ab678d1b74d3a89a2ec59e971502fff,0f606e8e84403f29d7552a11b825944384c318298f87997b0ed44f4ca926526a,false,available,"[""techqa-doc:corpus/swg21318303.txt""]",confirmed_attached_context,techqa-group:8230ce0cc1400a99de2197dff825a1d84c2a445334fd3f8216cfacafa4e87911,train,42,connected-component-lexicographic-milp-v1,be474a6b88da73da789620bef66aec6c2421294beedfa90eb1363be16f5b13e1,2026-08-18T09:20:02Z
phase01-data-v1,0b5bbc84b7f07d6d09d063130e90b716d8d4a32a,TRAIN_Q369,TRAIN,c1e24866d16224e0e8a1317ddc69f6646492cff97fbe8d85c38d89017c68d117,561afabf8eb71853f09946a21715c7033b8adba49c922be58e160c9d4b27987a,false,available,"[""techqa-doc:corpus/swg21999724.txt""]",confirmed_attached_context,techqa-group:2fab210ec433ddfdd38ce0374aded380f18a8c6b617112b21fc6ec66123dc11e,test,42,connected-component-lexicographic-milp-v1,be474a6b88da73da789620bef66aec6c2421294beedfa90eb1363be16f5b13e1,2026-08-18T09:20:02Z
phase01-data-v1,0b5bbc84b7f07d6d09d063130e90b716d8d4a32a,TRAIN_Q370,TRAIN,bbd778c9ea85281ac0cb1dae7dbc375baf45a41952b19193202e13f2e9890734,2f0948f5998a0bf95fc124bc28bb4472b9bffb4bcef7308c12e8f2da0172a7ad,true,not_applicable_impossible,[],not_applicable_impossible,techqa-group:a5f1529a6961b58598324fec328962084055eabe2b668c91f08aea35d6709237,train,42,connected-component-lexicographic-milp-v1,be474a6b88da73da789620bef66aec6c2421294beedfa90eb1363be16f5b13e1,2026-08-18T09:20:02Z
phase01-data-v1,0b5bbc84b7f07d6d09d063130e90b716d8d4a32a,TRAIN_Q371,TRAIN,1081df1b4ec961b83588e03cd2cb28700cea6f673c46a8fd5606127e778c5d66,95bac67795823ae2743338b86d79169be58b93923a4ddf1faab69293b4257676,false,available,"[""techqa-doc:corpus/swg27041395.txt""]",confirmed_attached_context,techqa-group:6b9729d018e64d4087ccbcbf7777ab599e76128d13b72792499b2cce9dd1bf2d,train,42,connected-component-lexicographic-milp-v1,be474a6b88da73da789620bef66aec6c2421294beedfa90eb1363be16f5b13e1,2026-08-18T09:20:02Z
phase01-data-v1,0b5bbc84b7f07d6d09d063130e90b716d8d4a32a,TRAIN_Q372,TRAIN,232eaac1f5b8caaebfadc15fec0ed193dfa44a1881c3fd2a395e42f3adc74246,3837cc523763313e7e00d24b30ad735aa36331080de971d1814d25677447e0d4,false,available,"[""techqa-doc:corpus/swg21985946.txt""]",confirmed_attached_context,techqa-group:ef7516e4ca674ba7910367a19c73fd3c6732d45c81b7af0c5266710c0a2041bc,test,42,connected-component-lexicographic-milp-v1,be474a6b88da73da789620bef66aec6c2421294beedfa90eb1363be16f5b13e1,2026-08-18T09:20:02Z
phase01-data-v1,0b5bbc84b7f07d6d09d063130e90b716d8d4a32a,TRAIN_Q373,TRAIN,65fda2c2294c34779e1ef2ca258419544eb5d5765722ee6c89d0733b583df2ea,47868ad84ecc7905260b27a7975b2faa31fd94b9760ac525c00986733f03506d,false,available,"[""techqa-doc:corpus/swg21654520.txt""]",confirmed_attached_context,techqa-group:714f2ada04356c1c45702bb90a7d426ca15f07b4f13c46169fe22347df316a81,test,42,connected-component-lexicographic-milp-v1,be474a6b88da73da789620bef66aec6c2421294beedfa90eb1363be16f5b13e1,2026-08-18T09:20:02Z
phase01-data-v1,0b5bbc84b7f07d6d09d063130e90b716d8d4a32a,TRAIN_Q374,TRAIN,65a98ee1cc00d8c74d5358c087872ebdc07a80b8aaefc31e66ef4d4e8c5dbc06,ccc7279796dccee2ac40debd5497ea8dcd8b16c0965aaf3bd6a59f2d2e3d1107,false,available,"[""techqa-doc:corpus/swg21621937.txt""]",confirmed_attached_context,techqa-group:24e4ae1ff66910608537fa2c7256eb50bba377144b17550e12cfe8adb6c9f8e1,train,42,connected-component-lexicographic-milp-v1,be474a6b88da73da789620bef66aec6c2421294beedfa90eb1363be16f5b13e1,2026-08-18T09:20:02Z
phase01-data-v1,0b5bbc84b7f07d6d09d063130e90b716d8d4a32a,TRAIN_Q375,TRAIN,f3e4b9f4535d4144cef00a7c3ef1fc8026ef79e0554f44f6d78ef3180a8d9988,db76fc7a3ae714e191ba86c97c43c9f858c1293a636e89b13cfe200c1192f4ed,false,available,"[""techqa-doc:corpus/swg21696640.txt""]",confirmed_attached_context,techqa-group:1c0587749c4d4afa8a82706e328acf313629375c24b8ccf4b8ee0130dd1723f1,train,42,connected-component-lexicographic-milp-v1,be474a6b88da73da789620bef66aec6c2421294beedfa90eb1363be16f5b13e1,2026-08-18T09:20:02Z
phase01-data-v1,0b5bbc84b7f07d6d09d063130e90b716d8d4a32a,TRAIN_Q376,TRAIN,12b4dcfd7c9447549b85515fb663ff843e8c6c77354c8e187cf042b481f3d971,b3d7ebaf437b4e8ca3e1daf0c05c245dbd539fe04f4862d6642b483f3f8bd072,false,available,"[""techqa-doc:corpus/swg22010680.txt""]",confirmed_attached_context,techqa-group:af2c6ffb267d3bbc0b4618aa918fae5fdfa556becfc146ebb72316236cdd114c,train,42,connected-component-lexicographic-milp-v1,be474a6b88da73da789620bef66aec6c2421294beedfa90eb1363be16f5b13e1,2026-08-18T09:20:02Z
phase01-data-v1,0b5bbc84b7f07d6d09d063130e90b716d8d4a32a,TRAIN_Q377,TRAIN,3ab2a8a3226b27df7a6eee53195bae3fccbbad66c3109b0a023743396a924c78,98e9785b6df441a99905f7b0e0a124795845d6bf95baaf56be546233dd987b01,true,not_applicable_impossible,[],not_applicable_impossible,techqa-group:bcfb80d6ad682abafcb855468a1a980c7a9088783dd2f3a67ed3c6c7cd0da2dc,train,42,connected-component-lexicographic-milp-v1,be474a6b88da73da789620bef66aec6c2421294beedfa90eb1363be16f5b13e1,2026-08-18T09:20:02Z
phase01-data-v1,0b5bbc84b7f07d6d09d063130e90b716d8d4a32a,TRAIN_Q378,TRAIN,1373fea914b31f60cfb7810e161d69995395b77f30daa6ff534198bbc670e869,7bf678d018cb605dfd3f2c1a7623cf8f6df7bb0cdfea22d3cd7999ebe0dc6132,false,available,"[""techqa-doc:corpus/swg21974598.txt""]",confirmed_attached_context,techqa-group:fa9128cb67f49c37590128f822cfa61a667b3309109755be158af6b55e360004,train,42,connected-component-lexicographic-milp-v1,be474a6b88da73da789620bef66aec6c2421294beedfa90eb1363be16f5b13e1,2026-08-18T09:20:02Z
phase01-data-v1,0b5bbc84b7f07d6d09d063130e90b716d8d4a32a,TRAIN_Q379,TRAIN,fe31fad2c0db4b59cd73982e59923a47bd66dec65d38a60c8938226b743d5125,ac3c9e1c66f8c5275c0154cc44987ce00294881311974109b229925aac3d9961,false,available,"[""techqa-doc:corpus/swg21984540.txt""]",confirmed_attached_context,techqa-group:9bf2e1acfcf637f657d6217ce92f2812f152dc086c4be97db346c743ed4879a5,train,42,connected-component-lexicographic-milp-v1,be474a6b88da73da789620bef66aec6c2421294beedfa90eb1363be16f5b13e1,2026-08-18T09:20:02Z
phase01-data-v1,0b5bbc84b7f07d6d09d063130e90b716d8d4a32a,TRAIN_Q380,TRAIN,b8447a26b71f2bc865ce129547224b18d41026791dd8082d80ad20875f353424,f955b6dd07d5ea51b8ab5be3c3f474fdda66bd9466494696dc46a9e792d1b9ce,false,available,"[""techqa-doc:corpus/swg21981880.txt""]",confirmed_attached_context,techqa-group:036ed180509a233f567ccd8e2bfa8c4e71164c803deb33a44bf73a858e9ebf5f,train,42,connected-component-lexicographic-milp-v1,be474a6b88da73da789620bef66aec6c2421294beedfa90eb1363be16f5b13e1,2026-08-18T09:20:02Z
phase01-data-v1,0b5bbc84b7f07d6d09d063130e90b716d8d4a32a,TRAIN_Q381,TRAIN,432cb126bc554b30fee0c70890536bc6ccdacbf9be84fa21fdc1746d8c4ee790,a526aca1e04d15424355f31ed6ae3ec09b8c1fcb7dd48c4bafe82c5435afe05d,true,not_applicable_impossible,[],not_applicable_impossible,techqa-group:c761255d4887d6c40001d1e415d99b269412b3bcf5fe794681259fe14d1d8f79,train,42,connected-component-lexicographic-milp-v1,be474a6b88da73da789620bef66aec6c2421294beedfa90eb1363be16f5b13e1,2026-08-18T09:20:02Z
phase01-data-v1,0b5bbc84b7f07d6d09d063130e90b716d8d4a32a,TRAIN_Q382,TRAIN,180dd23b9ec678c7c02254f4a0f3bc4c19e7978a1cf4192603fcccc3b522f406,2d9660c1c69419fae28a691832b70e6cde0aff3ddfee84faec486110343e7401,false,available,"[""techqa-doc:corpus/swg24043574.txt""]",confirmed_attached_context,techqa-group:774180a4506caecad269df133f6725611b0ba562868d9aad2e232cefb07f738b,train,42,connected-component-lexicographic-milp-v1,be474a6b88da73da789620bef66aec6c2421294beedfa90eb1363be16f5b13e1,2026-08-18T09:20:02Z
phase01-data-v1,0b5bbc84b7f07d6d09d063130e90b716d8d4a32a,TRAIN_Q383,TRAIN,587be9e19b4ff2533d1394d2b5460d5bba81416573d68b1d5e9ad0e2fee834ac,61512e05156b89efa5d701762b72c5a586574e099ea675d8776253d5232a9e15,false,available,"[""techqa-doc:corpus/swg21672402.txt""]",confirmed_attached_context,techqa-group:45c645b8f349a935c46e40935dff7986058a70f6c2af2f8e9581242ce7009b26,test,42,connected-component-lexicographic-milp-v1,be474a6b88da73da789620bef66aec6c2421294beedfa90eb1363be16f5b13e1,2026-08-18T09:20:02Z
phase01-data-v1,0b5bbc84b7f07d6d09d063130e90b716d8d4a32a,TRAIN_Q384,TRAIN,e332de192cf7b67e20f8f657ab760137bc322c226621c6a7fbccfe907decb9cb,7d5057763c691a79135f9fe5f095e49fd73f112a2acbd7a9b83f8f209a26985a,false,available,"[""techqa-doc:corpus/swg21978407.txt""]",confirmed_attached_context,techqa-group:5bb13c0f6173d026b551aeb7eab2e56f2f2a50290c39daf058ceb496a68639f5,train,42,connected-component-lexicographic-milp-v1,be474a6b88da73da789620bef66aec6c2421294beedfa90eb1363be16f5b13e1,2026-08-18T09:20:02Z
phase01-data-v1,0b5bbc84b7f07d6d09d063130e90b716d8d4a32a,TRAIN_Q385,TRAIN,dfb5651736df7959d68d248b07e740c9d46ac1d7c2c331fa963157430bc63787,400ffac2d1b5b2187e950f01c2c80aeff5441d533c2d824ad6abad8c07dc997b,true,not_applicable_impossible,[],not_applicable_impossible,techqa-group:80ec49223febb861fee9e3b809ea3af7d2bf950cd6af51b95f9f1b09dff54d4f,train,42,connected-component-lexicographic-milp-v1,be474a6b88da73da789620bef66aec6c2421294beedfa90eb1363be16f5b13e1,2026-08-18T09:20:02Z
phase01-data-v1,0b5bbc84b7f07d6d09d063130e90b716d8d4a32a,TRAIN_Q386,TRAIN,e7335f6336e090108192da72c1f5c73280c161a532625254c5ac2ed7a384f255,48b6d4da6ca41378aa119f03d8accddc93c88d37c7e7982d5417f3212945c86b,false,available,"[""techqa-doc:corpus/swg21962370.txt""]",confirmed_attached_context,techqa-group:bb4dd84f2761cd9cc31ea0166ac4aa38aea32bdf35010bc9de5a3d3ef1e75095,test,42,connected-component-lexicographic-milp-v1,be474a6b88da73da789620bef66aec6c2421294beedfa90eb1363be16f5b13e1,2026-08-18T09:20:02Z
phase01-data-v1,0b5bbc84b7f07d6d09d063130e90b716d8d4a32a,TRAIN_Q387,TRAIN,fdec6d46613bfa7920e0e1d2e61f33d8910c48baad14eb2643db15e99493934a,e4e0d0adde5ff1eab991da2e67033ec706ccce08229193e1d080a55462dcb7a9,false,available,"[""techqa-doc:corpus/swg21660890.txt""]",confirmed_attached_context,techqa-group:b2d7d4fb61e50be388b6c9e4423ada6ef129af5d6f8696a6c2af7a3cc23b2634,train,42,connected-component-lexicographic-milp-v1,be474a6b88da73da789620bef66aec6c2421294beedfa90eb1363be16f5b13e1,2026-08-18T09:20:02Z
phase01-data-v1,0b5bbc84b7f07d6d09d063130e90b716d8d4a32a,TRAIN_Q388,TRAIN,b16d58515da9b7d5ddb80dafc1f654b4186418fd784d4ce286250d03636edbbb,d8451a82a8ee8d55969b507958a80fde500db4d2072b3e0d96c0b77226f4625f,false,available,"[""techqa-doc:corpus/swg21417765.txt""]",confirmed_attached_context,techqa-group:3caf8d896d9c2c327081cafcd921ab67c2ee7e7d33905b88cd54a5270e8f6cc1,validation,42,connected-component-lexicographic-milp-v1,be474a6b88da73da789620bef66aec6c2421294beedfa90eb1363be16f5b13e1,2026-08-18T09:20:02Z
phase01-data-v1,0b5bbc84b7f07d6d09d063130e90b716d8d4a32a,TRAIN_Q389,TRAIN,5c35c34b3d6271637ef9bf0880bdb418d8b32a3dea311152f812ae29c641b84e,20c690e455921f49963997972cfe24188af3fd0790d30798a70ecf8980958941,false,available,"[""techqa-doc:corpus/swg21507587.txt""]",confirmed_attached_context,techqa-group:791bd9719947c5f17ac40dadf299682601991c86eb362e00281735a6cfec793f,test,42,connected-component-lexicographic-milp-v1,be474a6b88da73da789620bef66aec6c2421294beedfa90eb1363be16f5b13e1,2026-08-18T09:20:02Z
phase01-data-v1,0b5bbc84b7f07d6d09d063130e90b716d8d4a32a,TRAIN_Q390,TRAIN,abe00fdc5b216a3a23f448c42b4c3655e7c3529c67227c1287da984ecae32579,6835de9a958aaf86161e766295c07c98d5798121f3e562df53a186dc757794ea,false,available,"[""techqa-doc:corpus/swg21598417.txt""]",confirmed_attached_context,techqa-group:67a73a861224b6c8c58ae9286683548f1373edd959ea0fa8319402ee8b9f2e34,validation,42,connected-component-lexicographic-milp-v1,be474a6b88da73da789620bef66aec6c2421294beedfa90eb1363be16f5b13e1,2026-08-18T09:20:02Z
phase01-data-v1,0b5bbc84b7f07d6d09d063130e90b716d8d4a32a,TRAIN_Q391,TRAIN,8146f4507b20a19a244170b927e0a230b0ac8fe93302c4967300219f29bb3b90,22ee6437a4282db36ab11f81f082967ce4791a9c1b03fda420160d3a28a2c41f,false,available,"[""techqa-doc:corpus/swg21983638.txt""]",confirmed_attached_context,techqa-group:ce5becb8c9736c52f082947e0911bba23183dd9d3bc0faf51040a3f407061940,train,42,connected-component-lexicographic-milp-v1,be474a6b88da73da789620bef66aec6c2421294beedfa90eb1363be16f5b13e1,2026-08-18T09:20:02Z
phase01-data-v1,0b5bbc84b7f07d6d09d063130e90b716d8d4a32a,TRAIN_Q392,TRAIN,0c1cf22f5cbe80e67b0e23b1380de97c9272af9d8f17bfb3518d852e55f85c7b,c2dc601a9e3f84aadfa896f1c1ecb080bb753d52811d045a04f2cb645a30ba68,true,not_applicable_impossible,[],not_applicable_impossible,techqa-group:96505c154df0563c59632bb01296e14464de357a8c379509d06143465c6d8809,test,42,connected-component-lexicographic-milp-v1,be474a6b88da73da789620bef66aec6c2421294beedfa90eb1363be16f5b13e1,2026-08-18T09:20:02Z
phase01-data-v1,0b5bbc84b7f07d6d09d063130e90b716d8d4a32a,TRAIN_Q393,TRAIN,8d2620f46731455b16e77d6dde510d83d6acc2894b0f35477bd4cf8cb482d26a,a7b4f55de6eaceed3dd25db09a4f8c96c7ffaa869316d0ea80488de26320b96d,false,available,"[""techqa-doc:corpus/swg21674924.txt""]",confirmed_attached_context,techqa-group:e34883e5160f1707412d8603f1883a0a8c21014066ba202bc2aa83fb6e5656c4,train,42,connected-component-lexicographic-milp-v1,be474a6b88da73da789620bef66aec6c2421294beedfa90eb1363be16f5b13e1,2026-08-18T09:20:02Z
phase01-data-v1,0b5bbc84b7f07d6d09d063130e90b716d8d4a32a,TRAIN_Q394,TRAIN,c2e0fdc97aeea03a16922134e42581a4284712abab3bc4c30a19a8f80baa75cd,5894c3e8e2c9d5192718df29802803d1251c21784656a92abd9757d9235a197e,false,available,"[""techqa-doc:corpus/swg21983739.txt""]",confirmed_attached_context,techqa-group:3ed0bcb5a8226f457fbbc088cd9daabcc08ba538f63d53aa4a6d2519d5ab2580,test,42,connected-component-lexicographic-milp-v1,be474a6b88da73da789620bef66aec6c2421294beedfa90eb1363be16f5b13e1,2026-08-18T09:20:02Z
phase01-data-v1,0b5bbc84b7f07d6d09d063130e90b716d8d4a32a,TRAIN_Q395,TRAIN,7e7b1c6f5a49c2c0fd66e1cd068c67fa156312a648d47ad73470b85e59701146,b7af31f5183aba49265256cde03677ef37275fb3a56013a64413b3829f0afdf8,false,available,"[""techqa-doc:corpus/swg27036410.txt""]",confirmed_attached_context,techqa-group:519f4f154a57d314c5a3314269635505ce6149f3cc0496a8a32ed2fb5c13324f,train,42,connected-component-lexicographic-milp-v1,be474a6b88da73da789620bef66aec6c2421294beedfa90eb1363be16f5b13e1,2026-08-18T09:20:02Z
phase01-data-v1,0b5bbc84b7f07d6d09d063130e90b716d8d4a32a,TRAIN_Q396,TRAIN,804eda1c6feac2e0060bed8f7dd2e9130090081d774ce46265a0619bdfe42789,cbbaa53e6b95425ff7d8e81c9b443b36a35835394a3849f971e7a2c7ccce4c5f,false,available,"[""techqa-doc:corpus/swg21327685.txt""]",confirmed_attached_context,techqa-group:fc5b72b0cc2a02a3bb144ca1348b6c14a94e6d7098482c43e5dfe059c1e40484,train,42,connected-component-lexicographic-milp-v1,be474a6b88da73da789620bef66aec6c2421294beedfa90eb1363be16f5b13e1,2026-08-18T09:20:02Z
phase01-data-v1,0b5bbc84b7f07d6d09d063130e90b716d8d4a32a,TRAIN_Q397,TRAIN,89947a1edc8713de5e8eedb50a9550276970bf479fc8115c523f507e46604267,da8edc21bbcb512c1de19fe4e8ca9511115e90f3c983d27151ec8aae01e4000d,false,available,"[""techqa-doc:corpus/swg21700534.txt""]",confirmed_attached_context,techqa-group:7840e6f90d6f7163cdec5eba74f4ac8948dead2c710565fc79b604d1a56149e6,train,42,connected-component-lexicographic-milp-v1,be474a6b88da73da789620bef66aec6c2421294beedfa90eb1363be16f5b13e1,2026-08-18T09:20:02Z
phase01-data-v1,0b5bbc84b7f07d6d09d063130e90b716d8d4a32a,TRAIN_Q398,TRAIN,03e0aab01ee48fe9efa837b5bc897233c518b8c7b52c424bf04bb5fd6ec717a3,44df19fbafebd97feec608c037235ab9d3ba1793b43c99c4086c8713cf9362d1,false,available,"[""techqa-doc:corpus/swg21681464.txt""]",confirmed_attached_context,techqa-group:a8ea434ee74a1cd3acdf88dffea1ce42acf7bed0e8f2092e26cd646476f5699f,validation,42,connected-component-lexicographic-milp-v1,be474a6b88da73da789620bef66aec6c2421294beedfa90eb1363be16f5b13e1,2026-08-18T09:20:02Z
phase01-data-v1,0b5bbc84b7f07d6d09d063130e90b716d8d4a32a,TRAIN_Q399,TRAIN,c22e9e62669375f32ff0fc2303d5eb04c8aac3e1a542d7fc161dc2eb3d3e1473,187feaa4cf4fb31e65d081b73aaacef11a62ed0bc94253ccfe7c4598f5c1519a,false,available,"[""techqa-doc:corpus/swg24032010.txt""]",confirmed_attached_context,techqa-group:ae843ba7f81bccdd7fe2d7fce1414e11a0fa87b54072e0f14898db78cc013df4,train,42,connected-component-lexicographic-milp-v1,be474a6b88da73da789620bef66aec6c2421294beedfa90eb1363be16f5b13e1,2026-08-18T09:20:02Z
phase01-data-v1,0b5bbc84b7f07d6d09d063130e90b716d8d4a32a,TRAIN_Q400,TRAIN,6f5b546a1607fbab29f35e45f2c14325af76c993f48116dab9de45d86b053027,79dcdb4acae1ba98ff808559d7f8b2e993c70dcaa8b4b269a74af5cd3001a5df,false,available,"[""techqa-doc:corpus/swg22005415.txt""]",confirmed_attached_context,techqa-group:066c2994ae8bec6c907f5560d5406731855344af3bf06b595f1c12ab06f741d4,train,42,connected-component-lexicographic-milp-v1,be474a6b88da73da789620bef66aec6c2421294beedfa90eb1363be16f5b13e1,2026-08-18T09:20:02Z
phase01-data-v1,0b5bbc84b7f07d6d09d063130e90b716d8d4a32a,TRAIN_Q401,TRAIN,a8d1c60059e7b67a3e231365d3ecf2211f899d0480d1f6bafe25df3f168a38d1,1308e7c47b5d0af751b418ddcba6abad51ed3fbc3e953e3dce15c090d0d53e63,false,available,"[""techqa-doc:corpus/swg21681142.txt""]",confirmed_attached_context,techqa-group:5e9f656aed036496864aaa49607f4007982beab725d67c5335dfc45d0bbddab4,test,42,connected-component-lexicographic-milp-v1,be474a6b88da73da789620bef66aec6c2421294beedfa90eb1363be16f5b13e1,2026-08-18T09:20:02Z
phase01-data-v1,0b5bbc84b7f07d6d09d063130e90b716d8d4a32a,TRAIN_Q402,TRAIN,0dd42fa36d1973be3472877f453d1629ed15967e56cde3e937c056e83ceda0af,cd941def70b165f0905180ef0630779229272fd920e437e5bf919c8fdd963b46,false,available,"[""techqa-doc:corpus/swg21063645.txt""]",confirmed_attached_context,techqa-group:5d7648b95238140c2677a3b46387843e47b08f445dc74d4b4b915f4376aca9de,train,42,connected-component-lexicographic-milp-v1,be474a6b88da73da789620bef66aec6c2421294beedfa90eb1363be16f5b13e1,2026-08-18T09:20:02Z
phase01-data-v1,0b5bbc84b7f07d6d09d063130e90b716d8d4a32a,TRAIN_Q403,TRAIN,a3bfff7ea7243da18139dd1f053f33ef4d1bd7eceadf0fba3d8c530ae072ce84,21314f1df7e1b1a79c1abbe7660fac160b0955330c8660af9bf376800bc0c9c1,false,available,"[""techqa-doc:corpus/swg21964025.txt""]",confirmed_attached_context,techqa-group:67f965ffb5336d59aabc886fff86515dba38dddc8afed17425f5d9047c6eaf84,train,42,connected-component-lexicographic-milp-v1,be474a6b88da73da789620bef66aec6c2421294beedfa90eb1363be16f5b13e1,2026-08-18T09:20:02Z
phase01-data-v1,0b5bbc84b7f07d6d09d063130e90b716d8d4a32a,TRAIN_Q404,TRAIN,e0a14bf8a241b984542ca042a6ccf27cf3ee9b754b52c7f897cc341e412df6d4,e01b8eb22fd5de6c354be713e2b24072dcc5858f8c84b02401a76301c616df5a,true,not_applicable_impossible,[],not_applicable_impossible,techqa-group:095559100e03e22221cf2c602f67f065a69a1de566a8d440da1a29cf2f6d34a2,train,42,connected-component-lexicographic-milp-v1,be474a6b88da73da789620bef66aec6c2421294beedfa90eb1363be16f5b13e1,2026-08-18T09:20:02Z
phase01-data-v1,0b5bbc84b7f07d6d09d063130e90b716d8d4a32a,TRAIN_Q405,TRAIN,9c2c834a83943ac676bdf4221d01fcade69e5b9a87b68c2f16c0e1877a5bcfd4,3b2cb58a3cdc7e985675c22c8f18bc0cd54d3dca8762c1ce9d06a7413b351596,true,not_applicable_impossible,[],not_applicable_impossible,techqa-group:affa573e73bcafd9915b7cba6c20797758336cf016d1c5556e2614463160dc59,validation,42,connected-component-lexicographic-milp-v1,be474a6b88da73da789620bef66aec6c2421294beedfa90eb1363be16f5b13e1,2026-08-18T09:20:02Z
phase01-data-v1,0b5bbc84b7f07d6d09d063130e90b716d8d4a32a,TRAIN_Q406,TRAIN,588dcd091d57c8b614ea495a09d93d562e231707a0a0c5661852bd84b74cd823,ee060f2caa660f224a96bc228e3a54c9d41ca8fa63a8f0e815b7d8075dff72d4,false,available,"[""techqa-doc:corpus/swg22006126.txt""]",confirmed_attached_context,techqa-group:b8dc1478853143003e26e7684f25f25569c6cc08e54038c009b9983e7bc6fcf9,train,42,connected-component-lexicographic-milp-v1,be474a6b88da73da789620bef66aec6c2421294beedfa90eb1363be16f5b13e1,2026-08-18T09:20:02Z
phase01-data-v1,0b5bbc84b7f07d6d09d063130e90b716d8d4a32a,TRAIN_Q407,TRAIN,6fe735d5b5e172b3946a1b18b6f224cd2a923b993781d6af6fae15c8ef09b404,4aa34e894250c1d3d0e54982dba6e7541d2acb019f61340eacc0af735bc87d1f,true,not_applicable_impossible,[],not_applicable_impossible,techqa-group:a282b6ed05e8940fb12d987abb24d75fd88264a17f940f84c87225566a3b23a1,validation,42,connected-component-lexicographic-milp-v1,be474a6b88da73da789620bef66aec6c2421294beedfa90eb1363be16f5b13e1,2026-08-18T09:20:02Z
phase01-data-v1,0b5bbc84b7f07d6d09d063130e90b716d8d4a32a,TRAIN_Q408,TRAIN,b99c29cb2874cb46691adc136f3ae0aaa33f4e116dc23c349adfad9f5cb01117,c2ec3e670c960b9d06f6463a4928393c6f775ceafde92b075b5cc53a16970c39,true,not_applicable_impossible,[],not_applicable_impossible,techqa-group:166cccbb24a52d616494465bf56c8a89b7fab687a09f148672f5036f5ea2ac31,train,42,connected-component-lexicographic-milp-v1,be474a6b88da73da789620bef66aec6c2421294beedfa90eb1363be16f5b13e1,2026-08-18T09:20:02Z
phase01-data-v1,0b5bbc84b7f07d6d09d063130e90b716d8d4a32a,TRAIN_Q409,TRAIN,3161ee06699ffdb01eb193117ea19baa878cd3210b4fcd5bfe232a5ac46c0046,06e357ff2ffbb69b40486a8e8910b04a34ce6b524850b57762477e1f2fdc279a,true,not_applicable_impossible,[],not_applicable_impossible,techqa-group:4807dc13b3dc77372bc711bc27287081c82e0c3f097d9d77a4eb093c53b10dac,train,42,connected-component-lexicographic-milp-v1,be474a6b88da73da789620bef66aec6c2421294beedfa90eb1363be16f5b13e1,2026-08-18T09:20:02Z
phase01-data-v1,0b5bbc84b7f07d6d09d063130e90b716d8d4a32a,TRAIN_Q410,TRAIN,e1a9ddc9fb8fd75d006f83162f4feaec7cfb151d1245276d81132f60b9dfd39b,d56932be3fe08e63dc831a5b210c74e556888b777542f1222b009064402ca594,true,not_applicable_impossible,[],not_applicable_impossible,techqa-group:f91f0e7f6518aa3ad18655d98a042845af4f4f2df335e919c911c7a5806852a7,train,42,connected-component-lexicographic-milp-v1,be474a6b88da73da789620bef66aec6c2421294beedfa90eb1363be16f5b13e1,2026-08-18T09:20:02Z
phase01-data-v1,0b5bbc84b7f07d6d09d063130e90b716d8d4a32a,TRAIN_Q411,TRAIN,363b12136cbd684efd2dcb8122a920b25caa17b3c8d4eb253ce3316031acb0a6,9f67f2961cda18b6881dc6a4b9131250ff04a725337e6ea7fc9823d3a05b7964,false,available,"[""techqa-doc:corpus/swg27042658.txt""]",confirmed_attached_context,techqa-group:ab2d5a261fa70d3770f7d21f300b290f9e8f3893f12d0cd07cd9ea94d5f69171,validation,42,connected-component-lexicographic-milp-v1,be474a6b88da73da789620bef66aec6c2421294beedfa90eb1363be16f5b13e1,2026-08-18T09:20:02Z
phase01-data-v1,0b5bbc84b7f07d6d09d063130e90b716d8d4a32a,TRAIN_Q412,TRAIN,a16713b12e030ff13dc3ab5ba2001aaa22e97b1b8987415661a10b56a66fc3c4,aa60e7475cbf3c2b7f2644953813d6784e5b6deb2d429a217fc857c0efb6da28,true,not_applicable_impossible,[],not_applicable_impossible,techqa-group:12c3d19c57923764e3a67a29c5b33d6880bc2f839dd34395223eac0d4116d569,train,42,connected-component-lexicographic-milp-v1,be474a6b88da73da789620bef66aec6c2421294beedfa90eb1363be16f5b13e1,2026-08-18T09:20:02Z
phase01-data-v1,0b5bbc84b7f07d6d09d063130e90b716d8d4a32a,TRAIN_Q413,TRAIN,b88c308c9282ead570b8dc6cd9d1c29ac6f9b7e10ab496113dd5fbdd390b7e25,0ae93f8dc6a8b34d089ff315c8639b11c9ff9722cf3167b2bcee19707b3e530c,false,available,"[""techqa-doc:corpus/swg21967312.txt""]",confirmed_attached_context,techqa-group:b353e625cd89841e98aa09ab12ba75f7fd7874580080b5f01e32e64bf9714ff7,validation,42,connected-component-lexicographic-milp-v1,be474a6b88da73da789620bef66aec6c2421294beedfa90eb1363be16f5b13e1,2026-08-18T09:20:02Z
phase01-data-v1,0b5bbc84b7f07d6d09d063130e90b716d8d4a32a,TRAIN_Q414,TRAIN,42fe8b205fdc7d693abf69203547a3704f5e6bf455af145178df4931c20af567,19c1e9a980492746a19344152e82a71a46b370174f8a9877d2f41811db1b789a,false,available,"[""techqa-doc:corpus/swg21674407.txt""]",confirmed_attached_context,techqa-group:3cf732bfb2a4b9ddc93db0f966356078ad7e16410826f768b767e0f8d9441477,validation,42,connected-component-lexicographic-milp-v1,be474a6b88da73da789620bef66aec6c2421294beedfa90eb1363be16f5b13e1,2026-08-18T09:20:02Z
phase01-data-v1,0b5bbc84b7f07d6d09d063130e90b716d8d4a32a,TRAIN_Q415,TRAIN,cafd6778e8376f70fa9a293d5eca9505cbc75deb19dbe1fee2b8155138c1efb2,18b41f406ec015b2a78ed946af4f05bf78593bd625ab1178e184dc99bc758288,false,available,"[""techqa-doc:corpus/swg21501900.txt""]",confirmed_attached_context,techqa-group:1218ce67ede6d869249b8a3eb2eb5236d77a4bf2cbfafb3f4eb1d6e50ed651eb,train,42,connected-component-lexicographic-milp-v1,be474a6b88da73da789620bef66aec6c2421294beedfa90eb1363be16f5b13e1,2026-08-18T09:20:02Z
phase01-data-v1,0b5bbc84b7f07d6d09d063130e90b716d8d4a32a,TRAIN_Q416,TRAIN,0d44d2c637c5ef86a732d30b3127440ae36437eca4f0f31ec618ab000831c1bf,87b0662b4a0b55cd9e6cba18cb807af2de14196e62f86baf3fa6672f8a1701b4,false,available,"[""techqa-doc:corpus/swg21984301.txt""]",confirmed_attached_context,techqa-group:57ed676aca871ed97d14f63e459fc426cca3bbec4a42b44dcfd6dc93cff42ef8,train,42,connected-component-lexicographic-milp-v1,be474a6b88da73da789620bef66aec6c2421294beedfa90eb1363be16f5b13e1,2026-08-18T09:20:02Z
phase01-data-v1,0b5bbc84b7f07d6d09d063130e90b716d8d4a32a,TRAIN_Q417,TRAIN,d710268908c961c6827dac289f034c2f03da40cb65e9562d82e5ca11eee5e48c,b13e53b42556adf8e15303ddb74532e1a7842886dce25e75e6a346d6f46c7f8f,false,available,"[""techqa-doc:corpus/swg21672402.txt""]",confirmed_attached_context,techqa-group:45c645b8f349a935c46e40935dff7986058a70f6c2af2f8e9581242ce7009b26,test,42,connected-component-lexicographic-milp-v1,be474a6b88da73da789620bef66aec6c2421294beedfa90eb1363be16f5b13e1,2026-08-18T09:20:02Z
phase01-data-v1,0b5bbc84b7f07d6d09d063130e90b716d8d4a32a,TRAIN_Q418,TRAIN,135eab162fc5ea9f402968c9a622ffd0c4116496fdb67828393ae724233f63a2,ca602c6472d558c9127311f2b10d1c2ecaf7ba93741db5f37e753a1287a1f4fa,true,not_applicable_impossible,[],not_applicable_impossible,techqa-group:8e5a6386b09db30ba06b46e9d89f2a9376f338544150eb60e55924e000974274,train,42,connected-component-lexicographic-milp-v1,be474a6b88da73da789620bef66aec6c2421294beedfa90eb1363be16f5b13e1,2026-08-18T09:20:02Z
phase01-data-v1,0b5bbc84b7f07d6d09d063130e90b716d8d4a32a,TRAIN_Q419,TRAIN,f487d5d13fedb1696af0e25aa7adc84f6c0e66de672d6a926ff827dbad17913b,c6fccf57c016f628daf654b2e7b1de120a488cb294f159b59497c2c2951675fb,true,not_applicable_impossible,[],not_applicable_impossible,techqa-group:71aa99c6b11344f2c2d47e6690ca480aed2029b131743cca765680911f33384b,validation,42,connected-component-lexicographic-milp-v1,be474a6b88da73da789620bef66aec6c2421294beedfa90eb1363be16f5b13e1,2026-08-18T09:20:02Z
phase01-data-v1,0b5bbc84b7f07d6d09d063130e90b716d8d4a32a,TRAIN_Q420,TRAIN,6a2e2c765f19c1a0127bfdb2f37a560c0d205345e513d43e61d43d9773003609,d9c1445b8bb16a3695332efd46bbe66545efdd000257892d333bb33e3a7f431c,true,not_applicable_impossible,[],not_applicable_impossible,techqa-group:bee5b713df6814e37d9d6cc5e7db5b38a74a2e06184312bf2906a2e8e9222477,train,42,connected-component-lexicographic-milp-v1,be474a6b88da73da789620bef66aec6c2421294beedfa90eb1363be16f5b13e1,2026-08-18T09:20:02Z
phase01-data-v1,0b5bbc84b7f07d6d09d063130e90b716d8d4a32a,TRAIN_Q421,TRAIN,a06a7899c1d5d840dee16ef7350c52cad6592e6f35dec3e7874b86704e412cb6,c56a4a5b080d1c2e24c015d74db3548ff881cf01e744b85459de7de7b4f84bb7,false,available,"[""techqa-doc:corpus/swg21592093.txt""]",confirmed_attached_context,techqa-group:7ba8f91054e8b8bc026954ca728cca500098eb3587e8994ce38b08b5bd2008ef,test,42,connected-component-lexicographic-milp-v1,be474a6b88da73da789620bef66aec6c2421294beedfa90eb1363be16f5b13e1,2026-08-18T09:20:02Z
phase01-data-v1,0b5bbc84b7f07d6d09d063130e90b716d8d4a32a,TRAIN_Q422,TRAIN,2fc04963d472b17ebbdf3c64155ab13f9093688e541e4ef6d37523ceaa48600c,ab2e6f78a5cbf45a6342af00a4eefa1499d7ae1696202c6c00f0bcb0c0e3a8bc,false,available,"[""techqa-doc:corpus/swg21689914.txt""]",confirmed_attached_context,techqa-group:3e3a7ce8a0460d4cbc333bb14866e44a75618227f9331d9fd3c5d540a80f652e,train,42,connected-component-lexicographic-milp-v1,be474a6b88da73da789620bef66aec6c2421294beedfa90eb1363be16f5b13e1,2026-08-18T09:20:02Z
phase01-data-v1,0b5bbc84b7f07d6d09d063130e90b716d8d4a32a,TRAIN_Q423,TRAIN,c7d3f5ce1bb2c6ba11ccbad9af03dc6f64876e55b42905b81fe38dbebca80122,387e005106be23ac7069a2500dcf90cc51ffbfb83b4bfd6b930be90300ba1612,false,available,"[""techqa-doc:corpus/swg21371279.txt""]",confirmed_attached_context,techqa-group:9ffac653319a10c8bc3ac5aafab655a1552bdb5c7e73c97d2c301e35d181d253,train,42,connected-component-lexicographic-milp-v1,be474a6b88da73da789620bef66aec6c2421294beedfa90eb1363be16f5b13e1,2026-08-18T09:20:02Z
phase01-data-v1,0b5bbc84b7f07d6d09d063130e90b716d8d4a32a,TRAIN_Q424,TRAIN,7e95a7f8b7755cc8e743a2b07c3c1255a48de06cff0d2654ae20ee0a798c1d26,5de249f19d91fed056d4416ca8204854bf4b6e8edf6416b2e406a9a03d258ad7,false,available,"[""techqa-doc:corpus/swg21991414.txt""]",confirmed_attached_context,techqa-group:c0d1bdef74002f1eac3f88bd2f658ebbe323d94d4ebdfa90fb84c848fcb06d86,test,42,connected-component-lexicographic-milp-v1,be474a6b88da73da789620bef66aec6c2421294beedfa90eb1363be16f5b13e1,2026-08-18T09:20:02Z
phase01-data-v1,0b5bbc84b7f07d6d09d063130e90b716d8d4a32a,TRAIN_Q425,TRAIN,6bfc4bdbc7bfab91a0e91e954544c0c84a0858185ef5f26799d2647f4f30897d,0cfa8c4324ed7676a9db24149b8dfd97a539cda10a13a2d2480ee3e47ba0789c,false,available,"[""techqa-doc:corpus/swg21150579.txt""]",confirmed_attached_context,techqa-group:8f8a50eafc19430c6e44f13dcc10d2d699232fae594f075d5d9806b9a1253383,validation,42,connected-component-lexicographic-milp-v1,be474a6b88da73da789620bef66aec6c2421294beedfa90eb1363be16f5b13e1,2026-08-18T09:20:02Z
phase01-data-v1,0b5bbc84b7f07d6d09d063130e90b716d8d4a32a,TRAIN_Q426,TRAIN,7d2c55581592c1a83771615dda48d74ad70e8388f8611b25eebf35634482c0dd,5f67a994dab465ef00b7891e008ecdec99ac209f02cd866cdc7034d42c226e11,false,available,"[""techqa-doc:corpus/swg22012992.txt""]",confirmed_attached_context,techqa-group:faf4089b3dc210dd9d5c8f597c98e1e2a2626e0ad101d19955b4ee9ba19aab78,train,42,connected-component-lexicographic-milp-v1,be474a6b88da73da789620bef66aec6c2421294beedfa90eb1363be16f5b13e1,2026-08-18T09:20:02Z
phase01-data-v1,0b5bbc84b7f07d6d09d063130e90b716d8d4a32a,TRAIN_Q427,TRAIN,d8d50c63db7e1504d6b4b095f4330d3402ec4f3f5f9c3ff5e2f4fc7a50ef76ba,248969a35aa850b02d94552f2bfcfdc85fca5f07cbbf7f595c352b53634b74dd,false,available,"[""techqa-doc:corpus/swg21163875.txt""]",confirmed_attached_context,techqa-group:7945a5b09636c6f99e60e2994c2ea5f6bbb0975cd218f40ae4572c316b30a12c,validation,42,connected-component-lexicographic-milp-v1,be474a6b88da73da789620bef66aec6c2421294beedfa90eb1363be16f5b13e1,2026-08-18T09:20:02Z
phase01-data-v1,0b5bbc84b7f07d6d09d063130e90b716d8d4a32a,TRAIN_Q428,TRAIN,1c8e5497afca243ae0de454c1fda95a1c71da029376680237df4ce66759e5b14,fc17ac161760b5a96e15bc35a47fad821dbefda2906d9e7575ee4ec5ab0bc564,false,available,"[""techqa-doc:corpus/swg21585678.txt""]",confirmed_attached_context,techqa-group:1b214e2dad4c2111a708f5b0c898f5908e84b6a824891e4b514112e0c29208a8,train,42,connected-component-lexicographic-milp-v1,be474a6b88da73da789620bef66aec6c2421294beedfa90eb1363be16f5b13e1,2026-08-18T09:20:02Z
phase01-data-v1,0b5bbc84b7f07d6d09d063130e90b716d8d4a32a,TRAIN_Q429,TRAIN,116b51a7276dd18285c73680372ecce859852b19b429934bde83f67831bfcd28,4c7ccba23d8819ba1d36c76aa0f08f263804568ce8636d00ac7c724960472079,false,available,"[""techqa-doc:corpus/swg27020885.txt""]",confirmed_attached_context,techqa-group:6534197406ffe0422508ce4c0f176518b5656716536706881a4c42a250391a09,train,42,connected-component-lexicographic-milp-v1,be474a6b88da73da789620bef66aec6c2421294beedfa90eb1363be16f5b13e1,2026-08-18T09:20:02Z
phase01-data-v1,0b5bbc84b7f07d6d09d063130e90b716d8d4a32a,TRAIN_Q430,TRAIN,20394510c21723f284354629448025a43527cb75eeb6a6ba55eb864e687e3a61,d5b0c373671a549342bffe563bf677efb172fa51bd9f117bc6b5088a5ebc82a7,false,available,"[""techqa-doc:corpus/swg21985946.txt""]",confirmed_attached_context,techqa-group:ef7516e4ca674ba7910367a19c73fd3c6732d45c81b7af0c5266710c0a2041bc,test,42,connected-component-lexicographic-milp-v1,be474a6b88da73da789620bef66aec6c2421294beedfa90eb1363be16f5b13e1,2026-08-18T09:20:02Z
phase01-data-v1,0b5bbc84b7f07d6d09d063130e90b716d8d4a32a,TRAIN_Q431,TRAIN,2f0c5ddd0f97a945c3235b65bc7306dbc81ad5ff2b1e31012af630598e38460e,fed6f341c67943cc5d6cf7c6d6b73ce095c18e14405e0d2a964cd49921e96b6d,false,available,"[""techqa-doc:corpus/swg21961222.txt""]",confirmed_attached_context,techqa-group:265a5ceb591c32f86101f4ca8d1e239a7050eb6093c17e31d0d79263771bf201,train,42,connected-component-lexicographic-milp-v1,be474a6b88da73da789620bef66aec6c2421294beedfa90eb1363be16f5b13e1,2026-08-18T09:20:02Z
phase01-data-v1,0b5bbc84b7f07d6d09d063130e90b716d8d4a32a,TRAIN_Q432,TRAIN,50bdf5d7a175b64ce3ddc030940671199b0246b601005c2fa550c070c6525ffc,dcb8fdfa78bef50d63a233822dad445285e8677b8e648b10299523ad9cc441b8,true,not_applicable_impossible,[],not_applicable_impossible,techqa-group:f9dadc234ee914c34ad536535d158325d1409378b5f9e56b40fe5fb0c2bec96d,validation,42,connected-component-lexicographic-milp-v1,be474a6b88da73da789620bef66aec6c2421294beedfa90eb1363be16f5b13e1,2026-08-18T09:20:02Z
phase01-data-v1,0b5bbc84b7f07d6d09d063130e90b716d8d4a32a,TRAIN_Q433,TRAIN,452db0807b038fdfaa2fc43fb83e0e3a92b0883ea30da986b5320bed92c8c72f,4c856e99dd55d04733a5efb39c0505fc0a349928396ea4c2f971e952230ab55c,false,available,"[""techqa-doc:corpus/swg21973794.txt""]",confirmed_attached_context,techqa-group:5f49f8ad0d937c9cb77f8710f7f8d4a94217df578e6d657f0b0cfd3fbd035f7a,train,42,connected-component-lexicographic-milp-v1,be474a6b88da73da789620bef66aec6c2421294beedfa90eb1363be16f5b13e1,2026-08-18T09:20:02Z
phase01-data-v1,0b5bbc84b7f07d6d09d063130e90b716d8d4a32a,TRAIN_Q434,TRAIN,191ad919cf0968898351057dceb1abce27890cbd474e65f8282274be1b9cc5d9,5cc1f441c2ab822cc1d5c9c923631eb75703a7d7a006e1b9da59948430a3cee0,true,not_applicable_impossible,[],not_applicable_impossible,techqa-group:061b2fa1bbbd54049d11ca551016e186570d039c4b386ea45e3734777dfcf9ad,train,42,connected-component-lexicographic-milp-v1,be474a6b88da73da789620bef66aec6c2421294beedfa90eb1363be16f5b13e1,2026-08-18T09:20:02Z
phase01-data-v1,0b5bbc84b7f07d6d09d063130e90b716d8d4a32a,TRAIN_Q435,TRAIN,df5559f5f0c33e54fd89c17aa2a0a28b66ac31b08046b072deb98135decf0cc7,1d8af1b3d746a13717d008194008f7cb4597edf394d53cc671eb57bf003d5253,true,not_applicable_impossible,[],not_applicable_impossible,techqa-group:a55b2c98b122d713ab06ca877b0448f9004b4588daba133b27a50725929f3e2b,validation,42,connected-component-lexicographic-milp-v1,be474a6b88da73da789620bef66aec6c2421294beedfa90eb1363be16f5b13e1,2026-08-18T09:20:02Z
phase01-data-v1,0b5bbc84b7f07d6d09d063130e90b716d8d4a32a,TRAIN_Q436,TRAIN,dcba65e81894d71c07e6f8bad78ea79f18a6cb32e0b50e4d32f26e8d4b928e5e,f9d190ebad1c0b0a640beaf97624dcdbeaea1f714037afddb18e5409ff60f6bc,true,not_applicable_impossible,[],not_applicable_impossible,techqa-group:e3b2286d796793a278b3ab0fe261cb298ada4baf8aa6c5dec7613ba44cfbdfc7,train,42,connected-component-lexicographic-milp-v1,be474a6b88da73da789620bef66aec6c2421294beedfa90eb1363be16f5b13e1,2026-08-18T09:20:02Z
phase01-data-v1,0b5bbc84b7f07d6d09d063130e90b716d8d4a32a,TRAIN_Q437,TRAIN,d9e9e04448b5893f980466c0343bbf84b4f90a6bf6d0c2929626b7e8cb6c6177,bf37aaed3550d0c0fb43de4fd2b221f2338ade5896c51f901a620f5c92fa7a93,false,available,"[""techqa-doc:corpus/swg24042177.txt""]",confirmed_attached_context,techqa-group:9c90308c47b6b7e1acc936e6bcc21f61b751d24622a7921907291140999dc953,train,42,connected-component-lexicographic-milp-v1,be474a6b88da73da789620bef66aec6c2421294beedfa90eb1363be16f5b13e1,2026-08-18T09:20:02Z
phase01-data-v1,0b5bbc84b7f07d6d09d063130e90b716d8d4a32a,TRAIN_Q438,TRAIN,f17e0b8961034cf54dfdb6220a4fbf15af674ddeadd8fe7acded767e71983c72,f1a2247a0f3b9402432b3c82bbb4e3400582b1f8c9302767141a4f9e00761f35,false,available,"[""techqa-doc:corpus/swg27040251.txt""]",confirmed_attached_context,techqa-group:8095854c17ecc328d41c33a2812c87949305814099d54ec181d42ca1fc9b58ba,train,42,connected-component-lexicographic-milp-v1,be474a6b88da73da789620bef66aec6c2421294beedfa90eb1363be16f5b13e1,2026-08-18T09:20:02Z
phase01-data-v1,0b5bbc84b7f07d6d09d063130e90b716d8d4a32a,TRAIN_Q439,TRAIN,feaff34fc1b5f8a8bfef0afc69cc98a794efb75b40e56bd628da1fde67f1c14f,19116c640efcc20277d9e8cfa09380dce8a485ea13bb1e0f43baa6010b0a0c4c,false,available,"[""techqa-doc:corpus/swg21982008.txt""]",confirmed_attached_context,techqa-group:0be0c368d4ee3512d09d19942784c44b2cb1ecc59890647439c1e83b85841770,train,42,connected-component-lexicographic-milp-v1,be474a6b88da73da789620bef66aec6c2421294beedfa90eb1363be16f5b13e1,2026-08-18T09:20:02Z
phase01-data-v1,0b5bbc84b7f07d6d09d063130e90b716d8d4a32a,TRAIN_Q440,TRAIN,379b26ef1baf422ca164b9c92e885373a97775c84e690995498fb6f436f18c5f,9d78a19756b50a7a05964dbb40a65a346d12b4bd47469dea0764e8555e948468,false,available,"[""techqa-doc:corpus/swg21983904.txt""]",confirmed_attached_context,techqa-group:8fa26a825798612b94db969d172b4c9bec7c4cfec1374c7d7818cb88e3621550,train,42,connected-component-lexicographic-milp-v1,be474a6b88da73da789620bef66aec6c2421294beedfa90eb1363be16f5b13e1,2026-08-18T09:20:02Z
phase01-data-v1,0b5bbc84b7f07d6d09d063130e90b716d8d4a32a,TRAIN_Q441,TRAIN,378faa7bbb9f6021326e0c7d7a65b327ce5919fd6fc9765681a9ff6e969665f9,084d6d646dbcb194aa7a55793f1a3563d111662a38e0efb0f14e3a110b4ab4f1,false,available,"[""techqa-doc:corpus/swg21508890.txt""]",confirmed_attached_context,techqa-group:9409fdf55360fe52a6be96425e0cd6a5e236c1c989a2c768190e2878b4bfd3c7,train,42,connected-component-lexicographic-milp-v1,be474a6b88da73da789620bef66aec6c2421294beedfa90eb1363be16f5b13e1,2026-08-18T09:20:02Z
phase01-data-v1,0b5bbc84b7f07d6d09d063130e90b716d8d4a32a,TRAIN_Q442,TRAIN,87e1ffa2798b14fb082208e74bdcaddce2526d1278f3208593ce2ceca65a8c48,27e9e07fb2a5f3d99b83de1d0d5375f139c78b608bd985bbdd3a33077243829d,false,available,"[""techqa-doc:corpus/swg21959412.txt""]",confirmed_attached_context,techqa-group:55a7c2e02ab9d535f18a132868d599d6a37faecda0a3bdc127cb649f819a8b90,train,42,connected-component-lexicographic-milp-v1,be474a6b88da73da789620bef66aec6c2421294beedfa90eb1363be16f5b13e1,2026-08-18T09:20:02Z
phase01-data-v1,0b5bbc84b7f07d6d09d063130e90b716d8d4a32a,TRAIN_Q443,TRAIN,f2a3895040a4f1ece63cf7e7c67f5a293a0e9e7b601165bc41275788e78f70e5,847e959873278d91f10f426642cc4ca95f3035543426ed02eadacdbcac4d6910,false,available,"[""techqa-doc:corpus/swg21980147.txt""]",confirmed_attached_context,techqa-group:d8d10d52d6b1e5705246dd33ba434b67f3b0188c237d47e8de85580e107a86e0,train,42,connected-component-lexicographic-milp-v1,be474a6b88da73da789620bef66aec6c2421294beedfa90eb1363be16f5b13e1,2026-08-18T09:20:02Z
phase01-data-v1,0b5bbc84b7f07d6d09d063130e90b716d8d4a32a,TRAIN_Q444,TRAIN,45749fd8aeed506024352019858df2588ebaa71aee992501f7823c12987dc5d7,e2d95dc0f49e41a8ff5d13cc40bec5604042bc87f13075eb72eb4de1bcb5cec3,false,available,"[""techqa-doc:corpus/swg21477587.txt""]",confirmed_attached_context,techqa-group:d3e0948a6b46b8fc2fa9016ad6d3ebafe5915fb87e07e46c0f541f811dde3ae9,train,42,connected-component-lexicographic-milp-v1,be474a6b88da73da789620bef66aec6c2421294beedfa90eb1363be16f5b13e1,2026-08-18T09:20:02Z
phase01-data-v1,0b5bbc84b7f07d6d09d063130e90b716d8d4a32a,TRAIN_Q445,TRAIN,020e732b18df693441d88963ba4bc27f9a6bbe9dd9333fae184425634fae0830,b3c65ad7d8ada14fc9e116f0dacdcd6f13e0f5fc0128a721625e98fb26de8f77,false,available,"[""techqa-doc:corpus/swg21666402.txt""]",confirmed_attached_context,techqa-group:fc5d79b38786d5f33042e09538630649b2f43d0449ef59dc8b32e04a18e54a35,train,42,connected-component-lexicographic-milp-v1,be474a6b88da73da789620bef66aec6c2421294beedfa90eb1363be16f5b13e1,2026-08-18T09:20:02Z
phase01-data-v1,0b5bbc84b7f07d6d09d063130e90b716d8d4a32a,TRAIN_Q446,TRAIN,b1253e49f5d2131b40782a05944a7658b9bc4cb7bae0c9771fb60f062505b325,060da8cae553f0cb1d301ac8c83d29556b0b477a5529fe5a0f08328863cda004,false,available,"[""techqa-doc:corpus/swg21685435.txt""]",confirmed_attached_context,techqa-group:d453c8a77afe4b3ba03a156e7912d5fef4e478515822b6b51b0c3bf03c0a4064,test,42,connected-component-lexicographic-milp-v1,be474a6b88da73da789620bef66aec6c2421294beedfa90eb1363be16f5b13e1,2026-08-18T09:20:02Z
phase01-data-v1,0b5bbc84b7f07d6d09d063130e90b716d8d4a32a,TRAIN_Q447,TRAIN,ad15b531e54c58a2101febd21bf32fc1c7dd607db01a9d18541524b5788e1ea8,9c669eabf08ea454cf472b67b85b9f6c22b4e16a017914a2d212f54b70281326,true,not_applicable_impossible,[],not_applicable_impossible,techqa-group:2fd6e36e9e648faae25fd10eae568ee26a417f87818057cfdc981aa5673a7d63,train,42,connected-component-lexicographic-milp-v1,be474a6b88da73da789620bef66aec6c2421294beedfa90eb1363be16f5b13e1,2026-08-18T09:20:02Z
phase01-data-v1,0b5bbc84b7f07d6d09d063130e90b716d8d4a32a,TRAIN_Q448,TRAIN,59c7bc0b20a4ee0b3b8d821dd028acc8d46be26d9b0acf5aaae14725497cb467,4a85a5f16b5ee4eaf8fa7ab62deac2818d1c2b9553b0342698321afc348feebb,false,available,"[""techqa-doc:corpus/swg21649798.txt""]",confirmed_attached_context,techqa-group:b503baf90d25f18aa7340c6ab74552953b1322e374e074e5587b9e67302b5003,train,42,connected-component-lexicographic-milp-v1,be474a6b88da73da789620bef66aec6c2421294beedfa90eb1363be16f5b13e1,2026-08-18T09:20:02Z
phase01-data-v1,0b5bbc84b7f07d6d09d063130e90b716d8d4a32a,TRAIN_Q449,TRAIN,34dfa0a2ac949fef942ecfdac190627ed638112090a4f37b44d40db9c3620701,627e2dc1d90b7bfec1cee90d76414b2b11cf75da372af6f20d0f34323d4bac82,false,available,"[""techqa-doc:corpus/swg21983912.txt""]",confirmed_attached_context,techqa-group:0db3993f36434bb8b27154f7d769fd65f4bd250badf78d2028f29fb1e288e8dd,train,42,connected-component-lexicographic-milp-v1,be474a6b88da73da789620bef66aec6c2421294beedfa90eb1363be16f5b13e1,2026-08-18T09:20:02Z
phase01-data-v1,0b5bbc84b7f07d6d09d063130e90b716d8d4a32a,TRAIN_Q450,TRAIN,738df175760ce7595d0c1e27a6526858c0720d1c693c5a0364c6b593f03e91dd,d0ca99a46095776ff54170458023df5f7b5ac370ee5a44c7d8749523ff680e47,false,available,"[""techqa-doc:corpus/swg21662193.txt""]",confirmed_attached_context,techqa-group:5d5d3f1a205f1a01a08f82394c61a418ceb3bc558abc54fdd1de557bed471f91,validation,42,connected-component-lexicographic-milp-v1,be474a6b88da73da789620bef66aec6c2421294beedfa90eb1363be16f5b13e1,2026-08-18T09:20:02Z
phase01-data-v1,0b5bbc84b7f07d6d09d063130e90b716d8d4a32a,TRAIN_Q451,TRAIN,31da3e57ecc8624ee35471aed05356d9ce819b788034e2657448b06f2a66f78b,56e51bba389d7f9d40c2dc2039ff2b81e86d88a25c31db3fd59444ea851eb185,false,available,"[""techqa-doc:corpus/swg21979016.txt""]",confirmed_attached_context,techqa-group:e9cea167d82c51f7c2165afee2be5c632adfa8b070f8918e97719e7da355fa4d,train,42,connected-component-lexicographic-milp-v1,be474a6b88da73da789620bef66aec6c2421294beedfa90eb1363be16f5b13e1,2026-08-18T09:20:02Z
phase01-data-v1,0b5bbc84b7f07d6d09d063130e90b716d8d4a32a,TRAIN_Q452,TRAIN,4506aaa9d2db19740d68f2e44bc78fd03af36ec833b99c11c6e8979910addc37,b763a1c55c85e4ce575daf4e2c15fc2f4c6b76a8724fc724b7cb0a6226965a0d,false,available,"[""techqa-doc:corpus/swg21680391.txt""]",confirmed_attached_context,techqa-group:4ddae3f3ed36f6775cf13ff817a1d91ab5195fffb38a2911bf7baf58296b454b,test,42,connected-component-lexicographic-milp-v1,be474a6b88da73da789620bef66aec6c2421294beedfa90eb1363be16f5b13e1,2026-08-18T09:20:02Z
phase01-data-v1,0b5bbc84b7f07d6d09d063130e90b716d8d4a32a,TRAIN_Q453,TRAIN,b3e5c109fd633fd699e879507e7f8de1dd8de64125d1e0cd0b0daf0731d002e4,3f8e04f6fb594406a0ca2d89acde6c0c6e5a9b1ddf1f318e229e3573f5cbfbcf,false,available,"[""techqa-doc:corpus/swg2C1000132.txt""]",confirmed_attached_context,techqa-group:c2ac02ad8ed575549a910cece95eeddb4621913abd21c120edc5e899ec6d2375,train,42,connected-component-lexicographic-milp-v1,be474a6b88da73da789620bef66aec6c2421294beedfa90eb1363be16f5b13e1,2026-08-18T09:20:02Z
phase01-data-v1,0b5bbc84b7f07d6d09d063130e90b716d8d4a32a,TRAIN_Q454,TRAIN,20131ca9918b8230c371b92ced34826e35ce778f4920e29ad82291d1adaf222b,93614cbbdade44a1910e52b15deba5f92ce5b65462e70566fe78819471646d1f,false,available,"[""techqa-doc:corpus/swg21591143.txt""]",confirmed_attached_context,techqa-group:a7b5630e219fc5492982cfe8e671f905de1aa4bc5f292676f1df9a2f739e3d5d,train,42,connected-component-lexicographic-milp-v1,be474a6b88da73da789620bef66aec6c2421294beedfa90eb1363be16f5b13e1,2026-08-18T09:20:02Z
phase01-data-v1,0b5bbc84b7f07d6d09d063130e90b716d8d4a32a,TRAIN_Q455,TRAIN,f7e04ee1be978a910c4d6fabe3df9b206995b3b6d6aa28efcfbf95f2403df0bd,f4bc06cc1d4711daf0208fe965967b82dfa6d48193dd38a0f9f9174108d446a5,false,available,"[""techqa-doc:corpus/swg21381009.txt""]",confirmed_attached_context,techqa-group:81b13a8a5e39e6d65add99b1d647b57995f4af10982a34d4b4943e0f182d24f5,test,42,connected-component-lexicographic-milp-v1,be474a6b88da73da789620bef66aec6c2421294beedfa90eb1363be16f5b13e1,2026-08-18T09:20:02Z
phase01-data-v1,0b5bbc84b7f07d6d09d063130e90b716d8d4a32a,TRAIN_Q456,TRAIN,ae372dae9216ca04d7ec282b6f532ceecd6acf0ddf6b8422e3920d7f01a64a76,f6682babfcd120eba94e522b39500aa10e34134fe1f5f0b8f06b6f62a115ba0a,false,available,"[""techqa-doc:corpus/swg21626683.txt""]",confirmed_attached_context,techqa-group:2e2a9699a18090ea860d31f05255829aba1f410dd84554d57e3662c6ca091b42,train,42,connected-component-lexicographic-milp-v1,be474a6b88da73da789620bef66aec6c2421294beedfa90eb1363be16f5b13e1,2026-08-18T09:20:02Z
phase01-data-v1,0b5bbc84b7f07d6d09d063130e90b716d8d4a32a,TRAIN_Q457,TRAIN,1a3ee34b10a5216a66b0750165f3825e109fa8a8f86c2d6e87d97426d7319281,dc6a6ade84df2dd9b3e96d666d451f6c33f19e1319d4a150ea5b25378997c6df,false,available,"[""techqa-doc:corpus/swg21509634.txt""]",confirmed_attached_context,techqa-group:52e6faa75104a78c3baf5c3f672dd127ee40c47119c57af550e3ed2a4f3e8f38,train,42,connected-component-lexicographic-milp-v1,be474a6b88da73da789620bef66aec6c2421294beedfa90eb1363be16f5b13e1,2026-08-18T09:20:02Z
phase01-data-v1,0b5bbc84b7f07d6d09d063130e90b716d8d4a32a,TRAIN_Q458,TRAIN,5335eff920fe17a7df463139d74b079e3f7e2837157b6cec3a46c5b50da08a27,e4a677186c04f3330ae0ef6380e6bd15a6ae18c1b0e6bd115b893ab238a0c82a,false,available,"[""techqa-doc:corpus/swg21691034.txt""]",confirmed_attached_context,techqa-group:34fdbbd98f899e2ef583787e0ae9df279e1efe6e2be785071ada1ec1ead3490f,test,42,connected-component-lexicographic-milp-v1,be474a6b88da73da789620bef66aec6c2421294beedfa90eb1363be16f5b13e1,2026-08-18T09:20:02Z
phase01-data-v1,0b5bbc84b7f07d6d09d063130e90b716d8d4a32a,TRAIN_Q459,TRAIN,00c839bfa2a62e6ff5936ea3dc4af8caf63d179c6610d65962ae8741b5920c7a,7b1c47914ef3d5a608866e5e00223716143c04f00cec76bdaf3a8341584f1446,true,not_applicable_impossible,[],not_applicable_impossible,techqa-group:8e3fdd7eef2f209fcc6ff467c211a94129a2542177df46e2054a7c4758a49208,train,42,connected-component-lexicographic-milp-v1,be474a6b88da73da789620bef66aec6c2421294beedfa90eb1363be16f5b13e1,2026-08-18T09:20:02Z
phase01-data-v1,0b5bbc84b7f07d6d09d063130e90b716d8d4a32a,TRAIN_Q460,TRAIN,658b484af7ea652b20864555334c3d128b9e81376e6aed4c1798038932455efe,09eee7aca2df7ace8838439c9844e64b23b0f865bf6f9980b07c7958fcc2b06f,false,available,"[""techqa-doc:corpus/swg21592093.txt""]",confirmed_attached_context,techqa-group:7ba8f91054e8b8bc026954ca728cca500098eb3587e8994ce38b08b5bd2008ef,test,42,connected-component-lexicographic-milp-v1,be474a6b88da73da789620bef66aec6c2421294beedfa90eb1363be16f5b13e1,2026-08-18T09:20:02Z
phase01-data-v1,0b5bbc84b7f07d6d09d063130e90b716d8d4a32a,TRAIN_Q461,TRAIN,f1ff52c76138a0d824e22a5a711c3bc1bd0fd6191365f4351659e352fc40b69b,3878d571d67430469544e548a9039fe3d8852aaa223b20a1718014cd781158ad,false,available,"[""techqa-doc:corpus/swg21657452.txt""]",confirmed_attached_context,techqa-group:6f0b338476271561dcc5d22b597fa670f14cef4d2874000b550354b2454633bb,validation,42,connected-component-lexicographic-milp-v1,be474a6b88da73da789620bef66aec6c2421294beedfa90eb1363be16f5b13e1,2026-08-18T09:20:02Z
phase01-data-v1,0b5bbc84b7f07d6d09d063130e90b716d8d4a32a,TRAIN_Q462,TRAIN,45082e8491564ed6a20db334f95e9f2b5def70cd7f8947987e67895c81d64141,4e2abc6a22a8507ad5668c34b27bc516f63629683a4c43b9f56d9495fcb7f449,false,available,"[""techqa-doc:corpus/swg22003852.txt""]",confirmed_attached_context,techqa-group:3541e4cfec0da4377dc9bb513531318371b5baed1fc05b6f11ba4971a895461c,train,42,connected-component-lexicographic-milp-v1,be474a6b88da73da789620bef66aec6c2421294beedfa90eb1363be16f5b13e1,2026-08-18T09:20:02Z
phase01-data-v1,0b5bbc84b7f07d6d09d063130e90b716d8d4a32a,TRAIN_Q463,TRAIN,2c8fa2466f74eefae59192ee6d97a3d25100bc5a12a41c09c1a10ff32fcd4b45,c2bafa984baea44c8d96b5995ca673f41933a3f486933160606e46d27d0540cf,false,available,"[""techqa-doc:corpus/swg21227799.txt""]",confirmed_attached_context,techqa-group:200cb3f4358d447f7293942f8c580444a14f6d98c25276f0b841e089bc457f91,train,42,connected-component-lexicographic-milp-v1,be474a6b88da73da789620bef66aec6c2421294beedfa90eb1363be16f5b13e1,2026-08-18T09:20:02Z
phase01-data-v1,0b5bbc84b7f07d6d09d063130e90b716d8d4a32a,TRAIN_Q464,TRAIN,d284da9fe567d047c2604040ece63c0c79b1eba6dcfeb5174d30bef44ebb6e8f,136c59e4cae9b25bdee078fe8623a15c00c75f6e741c8009a54470fba32205e7,true,not_applicable_impossible,[],not_applicable_impossible,techqa-group:d9ed87719082712cfffba51edac9081cdceb6e61d50c3210366ec93989df3091,train,42,connected-component-lexicographic-milp-v1,be474a6b88da73da789620bef66aec6c2421294beedfa90eb1363be16f5b13e1,2026-08-18T09:20:02Z
phase01-data-v1,0b5bbc84b7f07d6d09d063130e90b716d8d4a32a,TRAIN_Q465,TRAIN,78bec48a5f02c56fbc8f4b2e689ed65b6286b39a774936f9b8e499609b34a584,b16ff47c7d489bbf627aee1d14f5cc9821230afe8f9d7510b0d9ac4505312d3a,false,available,"[""techqa-doc:corpus/swg21459952.txt""]",confirmed_attached_context,techqa-group:c0f2c6855e46dacb9cec1384aeeae5af0ccbf3b90fdb8327824ff51506b66a8f,train,42,connected-component-lexicographic-milp-v1,be474a6b88da73da789620bef66aec6c2421294beedfa90eb1363be16f5b13e1,2026-08-18T09:20:02Z
phase01-data-v1,0b5bbc84b7f07d6d09d063130e90b716d8d4a32a,TRAIN_Q466,TRAIN,48eae80194a99fd1e623d9a15f14ff41245790e2fafab32cd075fa40959595ae,7d6fe9ebca5d785777377499792740876bdd7c5a760618c4d9e7d341e24366a9,false,available,"[""techqa-doc:corpus/swg21244655.txt""]",confirmed_attached_context,techqa-group:f3aa04a716801022bda94b61df4d141ae15e5c3396b29e259840f2b8b869653a,train,42,connected-component-lexicographic-milp-v1,be474a6b88da73da789620bef66aec6c2421294beedfa90eb1363be16f5b13e1,2026-08-18T09:20:02Z
phase01-data-v1,0b5bbc84b7f07d6d09d063130e90b716d8d4a32a,TRAIN_Q467,TRAIN,66924f38b85d01f2c2e0c7428d786729ff4f0e377dec3c469116f2209bbe944b,cf1c9c15c953e97de3a17c54d11c32bff8270b5d3276435966d68037647992ea,false,available,"[""techqa-doc:corpus/swg21442694.txt""]",confirmed_attached_context,techqa-group:4244cebc7d00401e9b4b3e700161929e6d45a42b4a73319c8aa397f09ecb410e,train,42,connected-component-lexicographic-milp-v1,be474a6b88da73da789620bef66aec6c2421294beedfa90eb1363be16f5b13e1,2026-08-18T09:20:02Z
phase01-data-v1,0b5bbc84b7f07d6d09d063130e90b716d8d4a32a,TRAIN_Q468,TRAIN,418658d0d30d0180a1781048192725ce8c3dffed1dfea8a4317e4e0d41610b61,679edfff01eca4a415d530102692b8cdc80619d408e3f41b3beb54a2f448ab47,true,not_applicable_impossible,[],not_applicable_impossible,techqa-group:f5d292b5057356154f2235725ab4dc386799433e7aa22b2422ca97882464a4a9,train,42,connected-component-lexicographic-milp-v1,be474a6b88da73da789620bef66aec6c2421294beedfa90eb1363be16f5b13e1,2026-08-18T09:20:02Z
phase01-data-v1,0b5bbc84b7f07d6d09d063130e90b716d8d4a32a,TRAIN_Q469,TRAIN,4520d3164e0fd9292a51a3496e771ed51fdd4286cc59a8b5eaa8ce075f195e5a,c41106694b27af93ecf23968dabd63ad25d44a9eec428c5e8ba06f0ad72453e6,false,available,"[""techqa-doc:corpus/swg22010993.txt""]",confirmed_attached_context,techqa-group:350db76eb9b97277072c21f6e4bbbb1764c23fad705a3e0a3830fc1b46443d93,train,42,connected-component-lexicographic-milp-v1,be474a6b88da73da789620bef66aec6c2421294beedfa90eb1363be16f5b13e1,2026-08-18T09:20:02Z
phase01-data-v1,0b5bbc84b7f07d6d09d063130e90b716d8d4a32a,TRAIN_Q470,TRAIN,4bee85d5c80cda900af69c55a9bf2e3c70114e3cb19088637c5fd9fcaf1a4afc,6d68412432718ea8bae61e1a1846d7f1a95eb4ce6cf2535522899f237989d6e7,false,available,"[""techqa-doc:corpus/swg27042940.txt""]",confirmed_attached_context,techqa-group:f27332327c28cb52c230ff1e3fb283c1ef40f9b6caf9ae279b0152cd92f8a3f7,train,42,connected-component-lexicographic-milp-v1,be474a6b88da73da789620bef66aec6c2421294beedfa90eb1363be16f5b13e1,2026-08-18T09:20:02Z
phase01-data-v1,0b5bbc84b7f07d6d09d063130e90b716d8d4a32a,TRAIN_Q471,TRAIN,72855e03bc8ef34c1c3a172d0fd4faf9e81f8385c8c1412259b319457d5e9552,2da5e586ecae062c4c044a445288d08e1b3e91d2d146bcf690e2ad47409cd67c,false,available,"[""techqa-doc:corpus/swg24042833.txt""]",confirmed_attached_context,techqa-group:fcbd38a9d659ea9d92ee6aa1c29cafded499a0606bd6ae413aba31c5750a6e11,train,42,connected-component-lexicographic-milp-v1,be474a6b88da73da789620bef66aec6c2421294beedfa90eb1363be16f5b13e1,2026-08-18T09:20:02Z
phase01-data-v1,0b5bbc84b7f07d6d09d063130e90b716d8d4a32a,TRAIN_Q472,TRAIN,eb744f187c0329067a157391383937e56432c043e4f42c76f9aedb85957f3930,b0c147c815e9228625c48cd7c4a8849ce9574da8e0847023ccb3fcf2c37a78e4,false,available,"[""techqa-doc:corpus/swg21499280.txt""]",confirmed_attached_context,techqa-group:f9bedf7de368c14689c6e197e8e47ca675f4fbba33ff770c5a8a13f98c11619b,train,42,connected-component-lexicographic-milp-v1,be474a6b88da73da789620bef66aec6c2421294beedfa90eb1363be16f5b13e1,2026-08-18T09:20:02Z
phase01-data-v1,0b5bbc84b7f07d6d09d063130e90b716d8d4a32a,TRAIN_Q473,TRAIN,1ef91b3492671416d7895af7691ca4948123e63894fa508d6d67693238e52afc,846ff16f4187a5fe0a17779e4e25f79a171529a1b53b24317721bfffd4e168da,false,available,"[""techqa-doc:corpus/swg21684365.txt""]",confirmed_attached_context,techqa-group:f84d19975fef7146d42b8b4d3ede1f174ac5d7c750e42a67600fe5827248cc15,train,42,connected-component-lexicographic-milp-v1,be474a6b88da73da789620bef66aec6c2421294beedfa90eb1363be16f5b13e1,2026-08-18T09:20:02Z
phase01-data-v1,0b5bbc84b7f07d6d09d063130e90b716d8d4a32a,TRAIN_Q474,TRAIN,7edfb0ceb42739fb255ba79c8bc7a3aa8102213bf7c4aed692df18a8c5d79460,98c153960743a825df947501840d78179c839685f4f8ac7b467fc6acafc12a23,true,not_applicable_impossible,[],not_applicable_impossible,techqa-group:49b9ee3fe533ff716fe3e5537550edf6ddd34c4c3c67656dda0bf0056dd9c85c,train,42,connected-component-lexicographic-milp-v1,be474a6b88da73da789620bef66aec6c2421294beedfa90eb1363be16f5b13e1,2026-08-18T09:20:02Z
phase01-data-v1,0b5bbc84b7f07d6d09d063130e90b716d8d4a32a,TRAIN_Q475,TRAIN,77a1a49856d6c5ec18ec946214b01f74266de38850ec58ee3e7088ea0b11acc6,97c39dadd85ef6e257e0a9442cf799ab2028f91955b1cc70e87332e2ca76f9dc,false,available,"[""techqa-doc:corpus/swg21981870.txt""]",confirmed_attached_context,techqa-group:e51ec23ccfaadb674ddcc4f71e83ce33731a48ef1162a5f26b604f8107d41e01,train,42,connected-component-lexicographic-milp-v1,be474a6b88da73da789620bef66aec6c2421294beedfa90eb1363be16f5b13e1,2026-08-18T09:20:02Z
phase01-data-v1,0b5bbc84b7f07d6d09d063130e90b716d8d4a32a,TRAIN_Q476,TRAIN,358924afd37a13e9c328baf67c28169f31657dbac02108b02d64863c38e2f2d8,ba01569943335cec1f209d2419b7c61a4d1c5da35653a3871b7e50b91828e35f,true,not_applicable_impossible,[],not_applicable_impossible,techqa-group:8fa735c404c7f70db61ed8475a7ce392b4b8945ae94032ce5d3b54a9129203c6,train,42,connected-component-lexicographic-milp-v1,be474a6b88da73da789620bef66aec6c2421294beedfa90eb1363be16f5b13e1,2026-08-18T09:20:02Z
phase01-data-v1,0b5bbc84b7f07d6d09d063130e90b716d8d4a32a,TRAIN_Q477,TRAIN,84f57db849eb10364d5d11039f384451646a32492c2a96477c4a94b8ec2d4261,ad04facc4b908f1e387dfccc3f7932f48628e7bdd8e00d82dcfcdca7a14f374e,false,available,"[""techqa-doc:corpus/swg21602521.txt""]",confirmed_attached_context,techqa-group:a3212fda3a96a1c86c5eec9f3418b1d2e883fdea730ccaffe7536c21e07f9a11,train,42,connected-component-lexicographic-milp-v1,be474a6b88da73da789620bef66aec6c2421294beedfa90eb1363be16f5b13e1,2026-08-18T09:20:02Z
phase01-data-v1,0b5bbc84b7f07d6d09d063130e90b716d8d4a32a,TRAIN_Q478,TRAIN,abeb30c45986750a20598e35ad6546d8bc496da51fe6734d2e1acfe12a349980,6688aa86aeb7d62310d1294f4f8bed220048d4464ef09f618a6032bb09637382,false,available,"[""techqa-doc:corpus/swg21634612.txt""]",confirmed_attached_context,techqa-group:8882e95ac052d0f123135433154cbb3f12139c1d520816a7e12d278b3ab399c6,validation,42,connected-component-lexicographic-milp-v1,be474a6b88da73da789620bef66aec6c2421294beedfa90eb1363be16f5b13e1,2026-08-18T09:20:02Z
phase01-data-v1,0b5bbc84b7f07d6d09d063130e90b716d8d4a32a,TRAIN_Q479,TRAIN,26e8ac3906542fd2fb910eba4da05244c88f2a775f53bac0871f1988c875f635,2f35ba0599aeedfb23335ca0c4820e20dd1102c5dbcc67ac50b33e9399285b07,true,not_applicable_impossible,[],not_applicable_impossible,techqa-group:c02b89796aac168d496e97aec46481db31174bfc5331578a32c066c96f2627c2,train,42,connected-component-lexicographic-milp-v1,be474a6b88da73da789620bef66aec6c2421294beedfa90eb1363be16f5b13e1,2026-08-18T09:20:02Z
phase01-data-v1,0b5bbc84b7f07d6d09d063130e90b716d8d4a32a,TRAIN_Q480,TRAIN,7d2a72024a4b443ba80f612379ea22c1a8bfad7625f9cc72e311690d0ee7abaa,ab57d05ad6034ae43eafe5804ff7a620f1146a1cb9f86c29b541aacf09103552,true,not_applicable_impossible,[],not_applicable_impossible,techqa-group:162c534f44e2701bd8570664376bfd6d3244accc7f581031bfe1c500bda6c5ba,train,42,connected-component-lexicographic-milp-v1,be474a6b88da73da789620bef66aec6c2421294beedfa90eb1363be16f5b13e1,2026-08-18T09:20:02Z
phase01-data-v1,0b5bbc84b7f07d6d09d063130e90b716d8d4a32a,TRAIN_Q481,TRAIN,7b613d19cebce5703b069af89a44814971571195ef26b01823022a232f7cb650,52d7e4c664b77be76cd3dd4f3cb50f42d9167a703096ee56a878177375b4d272,true,not_applicable_impossible,[],not_applicable_impossible,techqa-group:2aeeda01a2d97302d35a13eee4d1cae83d949aa53cd6f10f893ae2263e0aa53c,train,42,connected-component-lexicographic-milp-v1,be474a6b88da73da789620bef66aec6c2421294beedfa90eb1363be16f5b13e1,2026-08-18T09:20:02Z
phase01-data-v1,0b5bbc84b7f07d6d09d063130e90b716d8d4a32a,TRAIN_Q482,TRAIN,351d3d7b9c9e3a62b32e75c2886a192d241a0356021819ec20e6673a12717b51,9c0749985ede6046a8b91d3d3f6992fe69827cceca0872d840fc3b2173c19808,false,available,"[""techqa-doc:corpus/swg21698950.txt""]",confirmed_attached_context,techqa-group:3719d4fc247dca46e2ed9cc2a46db80872538380cca0c7a991377ad946148357,train,42,connected-component-lexicographic-milp-v1,be474a6b88da73da789620bef66aec6c2421294beedfa90eb1363be16f5b13e1,2026-08-18T09:20:02Z
phase01-data-v1,0b5bbc84b7f07d6d09d063130e90b716d8d4a32a,TRAIN_Q483,TRAIN,94efb72fa50d347d5b95878cbf24dcaf4acf5c41e899a4cffce2bcf763fa1b87,a80b2de149afe5c8724f2da59195b45e1aa8811e50422872c7e160ef21eab42e,false,available,"[""techqa-doc:corpus/swg21681142.txt""]",confirmed_attached_context,techqa-group:5e9f656aed036496864aaa49607f4007982beab725d67c5335dfc45d0bbddab4,test,42,connected-component-lexicographic-milp-v1,be474a6b88da73da789620bef66aec6c2421294beedfa90eb1363be16f5b13e1,2026-08-18T09:20:02Z
phase01-data-v1,0b5bbc84b7f07d6d09d063130e90b716d8d4a32a,TRAIN_Q484,TRAIN,624f66938b5e417651e5f711a7070367e56e981a68f614222c581743485be531,77c2c612d703d54531d963e82c901a8b07c010efac354756d0552da2016d5424,true,not_applicable_impossible,[],not_applicable_impossible,techqa-group:ae300727def39d74f1e22f80490e76a064522d96b4a74b41fef7a4bd7c40b29e,validation,42,connected-component-lexicographic-milp-v1,be474a6b88da73da789620bef66aec6c2421294beedfa90eb1363be16f5b13e1,2026-08-18T09:20:02Z
phase01-data-v1,0b5bbc84b7f07d6d09d063130e90b716d8d4a32a,TRAIN_Q485,TRAIN,77c2ef9b0b07a148d05c79f2a0dc73d8e1afc826b5048eda4f956e9e559c1ead,bdbe3eab35beeb45c8091541eee9a72ab89929af0ab22a0fd877249358a38a33,true,not_applicable_impossible,[],not_applicable_impossible,techqa-group:8dd0280321326f8d2f364155bb0672447c92dc3c2ab2d1b376fc46691702ebc1,validation,42,connected-component-lexicographic-milp-v1,be474a6b88da73da789620bef66aec6c2421294beedfa90eb1363be16f5b13e1,2026-08-18T09:20:02Z
phase01-data-v1,0b5bbc84b7f07d6d09d063130e90b716d8d4a32a,TRAIN_Q486,TRAIN,520531d824d8dd0f00fd3d6f784734bfaddf31cfbb25dd88d12a72a7f696bb70,0dae36aabb4459128586b248f1148321f23ecc7633ac6c0aeb7b3de22248a1e3,true,not_applicable_impossible,[],not_applicable_impossible,techqa-group:7dcc018957797580bb7d7475aa685933cabf8214fbc0d3e8d3f8527ba274a081,train,42,connected-component-lexicographic-milp-v1,be474a6b88da73da789620bef66aec6c2421294beedfa90eb1363be16f5b13e1,2026-08-18T09:20:02Z
phase01-data-v1,0b5bbc84b7f07d6d09d063130e90b716d8d4a32a,TRAIN_Q487,TRAIN,71b72d7399dafa3cb1e0f09426e4460a9d1312d16077809665dcf4fc639ddb09,8b0ff98aeac498913be62789a914486afa212b27088321047be035bc85b9dab7,true,not_applicable_impossible,[],not_applicable_impossible,techqa-group:70198c33a8aaa1e33098baebb9232e3e6f88652cd718148826d1209da91777fb,train,42,connected-component-lexicographic-milp-v1,be474a6b88da73da789620bef66aec6c2421294beedfa90eb1363be16f5b13e1,2026-08-18T09:20:02Z
phase01-data-v1,0b5bbc84b7f07d6d09d063130e90b716d8d4a32a,TRAIN_Q488,TRAIN,b83e3e995531574aa5596e4ed3a0c75263b43dd02b1f3abf29b9a0b2293c1096,ea5ae8aadd9ab824c2b6590d268463e47a9f4a95bfadb0725aa92488106a7620,false,available,"[""techqa-doc:corpus/swg21237078.txt""]",confirmed_attached_context,techqa-group:de7740b6b4c0d3b2ce0f75809638bf70cf41ce1f4c18d71546a390b2c5622663,validation,42,connected-component-lexicographic-milp-v1,be474a6b88da73da789620bef66aec6c2421294beedfa90eb1363be16f5b13e1,2026-08-18T09:20:02Z
phase01-data-v1,0b5bbc84b7f07d6d09d063130e90b716d8d4a32a,TRAIN_Q489,TRAIN,a11db529fa232ae3d39916db3eeb7fa1ff0ed8fca8964f984911d7b130692860,82067278c5134391f469445d0e68f48268b87707115da6c4990fcf2ec55cf33e,false,available,"[""techqa-doc:corpus/swg21496354.txt""]",confirmed_attached_context,techqa-group:611b317d67134f27517223076297594f3a15d6f48d858b0b743d0ea7b3494427,test,42,connected-component-lexicographic-milp-v1,be474a6b88da73da789620bef66aec6c2421294beedfa90eb1363be16f5b13e1,2026-08-18T09:20:02Z
phase01-data-v1,0b5bbc84b7f07d6d09d063130e90b716d8d4a32a,TRAIN_Q490,TRAIN,97b0e166427b70b53bdbb891968dd3c5e6d28cc5ff2d7aa6dcb097507a4ea38e,1d1d06fb7088062a9134636f2474847380e6c660638c71ecabf91715475f0672,false,available,"[""techqa-doc:corpus/swg21964202.txt""]",confirmed_attached_context,techqa-group:296b5ed503c252da117e6a0190a3929a11fd27e8161836da73d440c51dca35d2,validation,42,connected-component-lexicographic-milp-v1,be474a6b88da73da789620bef66aec6c2421294beedfa90eb1363be16f5b13e1,2026-08-18T09:20:02Z
phase01-data-v1,0b5bbc84b7f07d6d09d063130e90b716d8d4a32a,TRAIN_Q491,TRAIN,e5db97f6dc1bedbf255af294ae93bc725fc72579286172878e2582c53f4ca837,e7b56b35879cfc1847b1a21f6a31adbd1b6c15c1813fa3d26936e57427f18496,true,not_applicable_impossible,[],not_applicable_impossible,techqa-group:5414e999a681c7c5fb934762ece63e6a9c08e9f45e8d8a66b66ec3ec5c00d7ad,train,42,connected-component-lexicographic-milp-v1,be474a6b88da73da789620bef66aec6c2421294beedfa90eb1363be16f5b13e1,2026-08-18T09:20:02Z
phase01-data-v1,0b5bbc84b7f07d6d09d063130e90b716d8d4a32a,TRAIN_Q492,TRAIN,16c85e13de78ba56b7ae2b22d1767ece18ebdc5952a439486f5cd00201587d61,c86df8a285d2a2617b83385c29dc73af449a3a61de6c460e19af23183b1c42c6,false,available,"[""techqa-doc:corpus/swg21972012.txt""]",confirmed_attached_context,techqa-group:b2f48dab07b36e6ef31e40c3acb905c451a3cda50f3a1905570a26a2ff9e2510,validation,42,connected-component-lexicographic-milp-v1,be474a6b88da73da789620bef66aec6c2421294beedfa90eb1363be16f5b13e1,2026-08-18T09:20:02Z
phase01-data-v1,0b5bbc84b7f07d6d09d063130e90b716d8d4a32a,TRAIN_Q493,TRAIN,5e989ae8a68397b90b595388abf0ba1f8ff8393231db9c8ff3b6a9602fe9931a,c5c1042b91a5ec19bc78909f61ef4661f75e4168d51e63a0b612befb11212553,false,available,"[""techqa-doc:corpus/swg22012342.txt""]",confirmed_attached_context,techqa-group:2b24f64006c334e2462826e3285bb0d74b0d0d0ef3c4bd4d2d355d0938b1c33a,train,42,connected-component-lexicographic-milp-v1,be474a6b88da73da789620bef66aec6c2421294beedfa90eb1363be16f5b13e1,2026-08-18T09:20:02Z
phase01-data-v1,0b5bbc84b7f07d6d09d063130e90b716d8d4a32a,TRAIN_Q494,TRAIN,d74025e574ccd35f70c7acd11a6adf4facc5744c0317079affa6b3b1af208233,0d802aedcf78054d50a657c524fc496fac2af4bfd003a7ed528b4004b6f8a043,false,available,"[""techqa-doc:corpus/swg21690673.txt""]",confirmed_attached_context,techqa-group:de757ebe53d48cb025f38edc8846ed561390c37c445777a72ee145773eb16b83,train,42,connected-component-lexicographic-milp-v1,be474a6b88da73da789620bef66aec6c2421294beedfa90eb1363be16f5b13e1,2026-08-18T09:20:02Z
phase01-data-v1,0b5bbc84b7f07d6d09d063130e90b716d8d4a32a,TRAIN_Q495,TRAIN,2d492eb7188188614f9bbd972016c4ec97d86d8aab42d06d14374e0424fe31e2,11f9af48b787be520efbb991dd3653d5df0d8b10eb7a6a5789af09b3513caed1,false,available,"[""techqa-doc:corpus/swg21995397.txt""]",confirmed_attached_context,techqa-group:59f7b6d5e70cbe87f4fe087f00741ad2f115980f74d81372163149b0f3c23a14,train,42,connected-component-lexicographic-milp-v1,be474a6b88da73da789620bef66aec6c2421294beedfa90eb1363be16f5b13e1,2026-08-18T09:20:02Z
phase01-data-v1,0b5bbc84b7f07d6d09d063130e90b716d8d4a32a,TRAIN_Q496,TRAIN,d0b2dfc06b39cf3e6c9b02cb0c2f8ce8f098a0b4ab82f339b28798be17c03077,dddca7cd9299cc8d7def1043c93d368828c7b37c5cdf9c1ce017eab3bb7922b4,false,available,"[""techqa-doc:corpus/swg21663373.txt""]",confirmed_attached_context,techqa-group:42e880c6aa88b7d499dea413e45ee1664833ef021eaa0a88c56c516f359f4856,train,42,connected-component-lexicographic-milp-v1,be474a6b88da73da789620bef66aec6c2421294beedfa90eb1363be16f5b13e1,2026-08-18T09:20:02Z
phase01-data-v1,0b5bbc84b7f07d6d09d063130e90b716d8d4a32a,TRAIN_Q497,TRAIN,fa984cfb2f87bc0ce2d3e533b53407b23e9cd8c70954fa05064495fff59f0f2d,a60ea93ab30dbfde34d8e74f280f539cb3412f8ef734dd28e3da7c5e3b4b647e,false,available,"[""techqa-doc:corpus/swg21632844.txt""]",confirmed_attached_context,techqa-group:9b90debab6071ef63ef8d28787da347c10423d77ced4d71d9cb8eadb3fb91025,train,42,connected-component-lexicographic-milp-v1,be474a6b88da73da789620bef66aec6c2421294beedfa90eb1363be16f5b13e1,2026-08-18T09:20:02Z
phase01-data-v1,0b5bbc84b7f07d6d09d063130e90b716d8d4a32a,TRAIN_Q498,TRAIN,0d5d7b2801338db07d5494212effe020d12e965f528c43167a4d35e2da7e55dd,90624f741aa76f9098827eb88da888b1c683acaba51383f56253b4a68a877505,true,not_applicable_impossible,[],not_applicable_impossible,techqa-group:f21ff9f9b6306bda10f043ee32661ff74b250af4bbcf937fc29c3f4953a1a1f4,train,42,connected-component-lexicographic-milp-v1,be474a6b88da73da789620bef66aec6c2421294beedfa90eb1363be16f5b13e1,2026-08-18T09:20:02Z
phase01-data-v1,0b5bbc84b7f07d6d09d063130e90b716d8d4a32a,TRAIN_Q499,TRAIN,dfa33bb45afaaa2b59ff17d3cf160f95f5d8e721d27685f2cc3f5a7149bbb12f,328c51c67927ec135579e821e8c9cbe396173cbc2f7da17c0e9409e39bb22968,false,available,"[""techqa-doc:corpus/swg22009796.txt""]",confirmed_attached_context,techqa-group:16dfd773a87c81433de258f7418ff8e5483f1fb85216e2a1cb98160375ce5f5a,validation,42,connected-component-lexicographic-milp-v1,be474a6b88da73da789620bef66aec6c2421294beedfa90eb1363be16f5b13e1,2026-08-18T09:20:02Z
phase01-data-v1,0b5bbc84b7f07d6d09d063130e90b716d8d4a32a,TRAIN_Q500,TRAIN,39273e6d2bc655e35d99fbc45b2a058c78a92877d7ced88ff3f59c28f6977977,024c41eecb91e64c831ace636b2b5a3f6ee083318f088d618d27ec964b8b2f16,false,available,"[""techqa-doc:corpus/swg21631488.txt""]",confirmed_attached_context,techqa-group:2c4213132cff1014beb55f4f6d33c15ea5eb8ea27e7221c72100f7f7406581b6,train,42,connected-component-lexicographic-milp-v1,be474a6b88da73da789620bef66aec6c2421294beedfa90eb1363be16f5b13e1,2026-08-18T09:20:02Z
phase01-data-v1,0b5bbc84b7f07d6d09d063130e90b716d8d4a32a,TRAIN_Q501,TRAIN,201f0e014abdad17a368cc3f47ebda69638f32fa4cfa73e6cb005909de72bfd1,dddff7b79b0fbb5236a2a475fd51b0c169ec0341f9c8db254ce2ed9b784a2d14,false,available,"[""techqa-doc:corpus/swg21655808.txt""]",confirmed_attached_context,techqa-group:c92ede744597a1e845ffff59743e27d6301176b004e9319b075c296145cfc35e,train,42,connected-component-lexicographic-milp-v1,be474a6b88da73da789620bef66aec6c2421294beedfa90eb1363be16f5b13e1,2026-08-18T09:20:02Z
phase01-data-v1,0b5bbc84b7f07d6d09d063130e90b716d8d4a32a,TRAIN_Q502,TRAIN,fbe0481ff5d00dc88dd3ab32b422db2b2257c8a8c6a720f99eb257dbb3845c7a,a1810b2c32a72468c51e8feeeea15ec6c2753dbb211c54497a9d39f7d3705fea,true,not_applicable_impossible,[],not_applicable_impossible,techqa-group:1b3e2e923501ff306dc2b4c4b98e6793caa4605585ac7a87129d29c70a8105d5,train,42,connected-component-lexicographic-milp-v1,be474a6b88da73da789620bef66aec6c2421294beedfa90eb1363be16f5b13e1,2026-08-18T09:20:02Z
phase01-data-v1,0b5bbc84b7f07d6d09d063130e90b716d8d4a32a,TRAIN_Q503,TRAIN,20ef3afa12162acb1666acc5b157fb11daaa7288d247619c3ce0ea5226a20328,01dcdaddf5ae64724c91091e52c5930fc2a96d962a4196123e2bcf70987b9c63,false,available,"[""techqa-doc:corpus/swg21512729.txt""]",confirmed_attached_context,techqa-group:e05ba13ed9d7d419c5c0adaec65733263eb07830e2ff70b816d80a49715d1f2e,train,42,connected-component-lexicographic-milp-v1,be474a6b88da73da789620bef66aec6c2421294beedfa90eb1363be16f5b13e1,2026-08-18T09:20:02Z
phase01-data-v1,0b5bbc84b7f07d6d09d063130e90b716d8d4a32a,TRAIN_Q504,TRAIN,e46d0c508f435c6fd07db882f99dd1ce1ad253b81d4b423018152022fca45f4e,6511b7f57682277b87fdb96348cccb830e59697675075218e66d4e6e26dff96b,false,available,"[""techqa-doc:corpus/swg21468340.txt""]",confirmed_attached_context,techqa-group:303975c5b55f491ce20933808b012fd014451cce9f83e855d6a4bce0ca5a4043,train,42,connected-component-lexicographic-milp-v1,be474a6b88da73da789620bef66aec6c2421294beedfa90eb1363be16f5b13e1,2026-08-18T09:20:02Z
phase01-data-v1,0b5bbc84b7f07d6d09d063130e90b716d8d4a32a,TRAIN_Q505,TRAIN,3674f823fa74f5965d4b6901b1b1a1af4e1e982610fd04df1bff6e3b5fcfa260,a3f4ad601ff553e88baffda66811900bbb220336fa67913ff2a5f33f9a390a5c,false,available,"[""techqa-doc:corpus/swg21592093.txt""]",confirmed_attached_context,techqa-group:7ba8f91054e8b8bc026954ca728cca500098eb3587e8994ce38b08b5bd2008ef,test,42,connected-component-lexicographic-milp-v1,be474a6b88da73da789620bef66aec6c2421294beedfa90eb1363be16f5b13e1,2026-08-18T09:20:02Z
phase01-data-v1,0b5bbc84b7f07d6d09d063130e90b716d8d4a32a,TRAIN_Q506,TRAIN,f3f06b86fe75380597eb07f521ae9a6467a458b8bed2057b4ab016ff1e45e50f,33d0b73d3272fda5df039a52311090b621a4c4d0884ba11b3275b3f24c62f9bf,true,not_applicable_impossible,[],not_applicable_impossible,techqa-group:da98563d8f03d822624762eea1be69539410c8e16a6b418f86401f9ac8faa482,train,42,connected-component-lexicographic-milp-v1,be474a6b88da73da789620bef66aec6c2421294beedfa90eb1363be16f5b13e1,2026-08-18T09:20:02Z
phase01-data-v1,0b5bbc84b7f07d6d09d063130e90b716d8d4a32a,TRAIN_Q507,TRAIN,953cb78b95e7a8663f5ff541018ea77fb67ea32b016dddfdb6ad00e3b5f86e01,673430f9ce4c3d619e302897e4244df2dfdc2ab8b97e7ed1faae37380a2c9d39,false,available,"[""techqa-doc:corpus/swg21690658.txt""]",confirmed_attached_context,techqa-group:293a0274823e21d7fc28a2b1308365f481e6e7218840f83bc6ce549f8761a18c,validation,42,connected-component-lexicographic-milp-v1,be474a6b88da73da789620bef66aec6c2421294beedfa90eb1363be16f5b13e1,2026-08-18T09:20:02Z
phase01-data-v1,0b5bbc84b7f07d6d09d063130e90b716d8d4a32a,TRAIN_Q508,TRAIN,931f3f8ca05912d59c29d0c0888ada3dddb17ec3934aca744fb05bd66c42e5b3,298d210415167213b3d2b4e50cc87ebf679c75086ae64402e296317ead1cb1a4,true,not_applicable_impossible,[],not_applicable_impossible,techqa-group:e09bd5fe6c72559f71fce5abade6f3515914016f69bc7f7b03c476b01b5045fe,test,42,connected-component-lexicographic-milp-v1,be474a6b88da73da789620bef66aec6c2421294beedfa90eb1363be16f5b13e1,2026-08-18T09:20:02Z
phase01-data-v1,0b5bbc84b7f07d6d09d063130e90b716d8d4a32a,TRAIN_Q509,TRAIN,47d17eb573fcb1fa967507be75c086e52052aa9f0ad04761c802dde8aac03d26,6215b072fafd2325ad893972150f11b19b5fbf94b383738e692240b442d08d75,true,not_applicable_impossible,[],not_applicable_impossible,techqa-group:803ca46c1a9a639df6ab91f86b2eb3a0df7f7c5f2a33acdb4f75d991ab723802,validation,42,connected-component-lexicographic-milp-v1,be474a6b88da73da789620bef66aec6c2421294beedfa90eb1363be16f5b13e1,2026-08-18T09:20:02Z
phase01-data-v1,0b5bbc84b7f07d6d09d063130e90b716d8d4a32a,TRAIN_Q510,TRAIN,37b93b36dcf7a56ceda3525b1b8f9722c38b611a3387101f282fa7aa2f1fbadb,527cc609aed4294a93235a4029512c0216db8cf1baa85d99c56309e99482c953,true,not_applicable_impossible,[],not_applicable_impossible,techqa-group:9a40b38ccaa3cbeadc5df056658ed1cda99b8c9ca896b0fbe2d2d308e0f204f5,validation,42,connected-component-lexicographic-milp-v1,be474a6b88da73da789620bef66aec6c2421294beedfa90eb1363be16f5b13e1,2026-08-18T09:20:02Z
phase01-data-v1,0b5bbc84b7f07d6d09d063130e90b716d8d4a32a,TRAIN_Q511,TRAIN,9907ec1005b721a065c48b9ec8242d51b2da82585652586da056b1310b6917b9,bf5191a1f1c9d2ad578124f7a51a174198e8cf5336e00c84306433f3a1f4048b,false,available,"[""techqa-doc:corpus/swg21902172.txt""]",confirmed_attached_context,techqa-group:d54040bb286e6e34605c0c1988defab7cc9e6803dba725b1bccbc4bcff6ad79c,train,42,connected-component-lexicographic-milp-v1,be474a6b88da73da789620bef66aec6c2421294beedfa90eb1363be16f5b13e1,2026-08-18T09:20:02Z
phase01-data-v1,0b5bbc84b7f07d6d09d063130e90b716d8d4a32a,TRAIN_Q512,TRAIN,e062f814208d0512164b5844349689701b5bbebb0abd600b0ba70009a48904f9,09664c8cd0660631381148f88237ac478c675da8f5787fff45d96fdc37cfb4ae,false,available,"[""techqa-doc:corpus/swg21651101.txt""]",confirmed_attached_context,techqa-group:8a4898e535d3fed29ea028e223399abe0ac07d7adee8687403bd84e8ade9c1b0,train,42,connected-component-lexicographic-milp-v1,be474a6b88da73da789620bef66aec6c2421294beedfa90eb1363be16f5b13e1,2026-08-18T09:20:02Z
phase01-data-v1,0b5bbc84b7f07d6d09d063130e90b716d8d4a32a,TRAIN_Q513,TRAIN,0392aec90b62817badea3654923b550e7d620ce068566a81e98bf31a7881c4f8,593d23dd22f411a6031b744b1811b0af2941680c1fdba75006d160199a66d449,false,available,"[""techqa-doc:corpus/swg21697458.txt""]",confirmed_attached_context,techqa-group:958cb8e6832403a4eea69b1ee1fc6171387cb31cfe023d7af464882001dc3c4d,train,42,connected-component-lexicographic-milp-v1,be474a6b88da73da789620bef66aec6c2421294beedfa90eb1363be16f5b13e1,2026-08-18T09:20:02Z
phase01-data-v1,0b5bbc84b7f07d6d09d063130e90b716d8d4a32a,TRAIN_Q514,TRAIN,096a9b88e43eb6fc9d28ead2a77e314002663e69e88a21f0362baf6745a5ac58,6b969bccb8901222c419862144ca3c774b76b65d58146a23417094c2b2d28124,false,available,"[""techqa-doc:corpus/swg21318463.txt""]",confirmed_attached_context,techqa-group:123fe973672c7d640cfd72e9a3e6ff8f651c97e6a2d5f76a4291dc9f8f60c939,train,42,connected-component-lexicographic-milp-v1,be474a6b88da73da789620bef66aec6c2421294beedfa90eb1363be16f5b13e1,2026-08-18T09:20:02Z
phase01-data-v1,0b5bbc84b7f07d6d09d063130e90b716d8d4a32a,TRAIN_Q515,TRAIN,3378427a9485adbd0c3bffddbd83bc9690cfc3bbe68720329f3d1ab4fe2a4c27,512b764041138e71d55f60d609373a5228f9417f7b5825749be3d040714d4547,false,available,"[""techqa-doc:corpus/swg21651225.txt""]",confirmed_attached_context,techqa-group:5e260b7712449b2230a97946cc6fe044ec7077b192f4f23c26d7efa2b51c85c1,train,42,connected-component-lexicographic-milp-v1,be474a6b88da73da789620bef66aec6c2421294beedfa90eb1363be16f5b13e1,2026-08-18T09:20:02Z
phase01-data-v1,0b5bbc84b7f07d6d09d063130e90b716d8d4a32a,TRAIN_Q516,TRAIN,ac47e4d54c3e05d291c9d7a8aaa2b09082c48d533368ba6324aae874501d724a,47868ad84ecc7905260b27a7975b2faa31fd94b9760ac525c00986733f03506d,false,available,"[""techqa-doc:corpus/swg21654520.txt""]",confirmed_attached_context,techqa-group:714f2ada04356c1c45702bb90a7d426ca15f07b4f13c46169fe22347df316a81,test,42,connected-component-lexicographic-milp-v1,be474a6b88da73da789620bef66aec6c2421294beedfa90eb1363be16f5b13e1,2026-08-18T09:20:02Z
phase01-data-v1,0b5bbc84b7f07d6d09d063130e90b716d8d4a32a,TRAIN_Q517,TRAIN,bf2b6678278b82de06346ffc607f842c5f969b2f8e26d7c2ba0a74b1dceee66b,54cb02a01e6d10a6dfb58991b23cdd6145dc9d874e624a487b2158a4ecdeba4d,false,available,"[""techqa-doc:corpus/swg22009818.txt""]",confirmed_attached_context,techqa-group:deecc79e32bf63eeba37d72c7f8db1ce8574423cb9b54eeaeddce74c9732eaf3,train,42,connected-component-lexicographic-milp-v1,be474a6b88da73da789620bef66aec6c2421294beedfa90eb1363be16f5b13e1,2026-08-18T09:20:02Z
phase01-data-v1,0b5bbc84b7f07d6d09d063130e90b716d8d4a32a,TRAIN_Q518,TRAIN,84bffe3cad93ff65e40d70f287655f0e12ff9cc04b38ab5a64027853b4a2c9c9,2a684581fa61a4b92c8407d38d4e0aaa1a8e0146be91ba6c07ddee244535ee49,false,available,"[""techqa-doc:corpus/swg21688949.txt""]",confirmed_attached_context,techqa-group:c8048c634583c90728fc5e7e2644d597654abc4f50ec2514c07005748f44531a,train,42,connected-component-lexicographic-milp-v1,be474a6b88da73da789620bef66aec6c2421294beedfa90eb1363be16f5b13e1,2026-08-18T09:20:02Z
phase01-data-v1,0b5bbc84b7f07d6d09d063130e90b716d8d4a32a,TRAIN_Q519,TRAIN,16654c2810ed64f06444e817ae04a180c8bc139267bf061145fe90bbe63e05fc,f71b9bdfa5bc0cd96cd2cbe6c770c3de5eb857af766e1c3dad8a2c045bfad7d0,false,available,"[""techqa-doc:corpus/swg21697944.txt""]",confirmed_attached_context,techqa-group:d11b700618a6df03679d5a0bb0f2593fc05a2b2656f461ccac3d2603bd0631ba,train,42,connected-component-lexicographic-milp-v1,be474a6b88da73da789620bef66aec6c2421294beedfa90eb1363be16f5b13e1,2026-08-18T09:20:02Z
phase01-data-v1,0b5bbc84b7f07d6d09d063130e90b716d8d4a32a,TRAIN_Q520,TRAIN,6376364eebef144f003e7bc83843d2d50e2b5ebaa99a46b0064d847d50a8e1d6,9992d20fbf93ad8607fe3f59e073d90ef2f5a0e7aa90871546bdcded1f3f4a46,false,available,"[""techqa-doc:corpus/swg21620875.txt""]",confirmed_attached_context,techqa-group:074c2da30f58c471e7ff38249f2a9e48b47e61c09f32de5eafa373a70b6ac3dc,train,42,connected-component-lexicographic-milp-v1,be474a6b88da73da789620bef66aec6c2421294beedfa90eb1363be16f5b13e1,2026-08-18T09:20:02Z
phase01-data-v1,0b5bbc84b7f07d6d09d063130e90b716d8d4a32a,TRAIN_Q521,TRAIN,b62a2433522d79e85dc8e4273bfd46c891f6d97e16850d5a03755fc730e655ca,b32a33fcb29f3e37d2bcc3286d35db4c08c264ffa8822dafaf5006082c6915e1,false,available,"[""techqa-doc:corpus/swg21511831.txt""]",confirmed_attached_context,techqa-group:fc1ad0d689cb99c02c2dbbc50a4166d1d6d7bbf3ab464722c73ebec913a8cc26,train,42,connected-component-lexicographic-milp-v1,be474a6b88da73da789620bef66aec6c2421294beedfa90eb1363be16f5b13e1,2026-08-18T09:20:02Z
phase01-data-v1,0b5bbc84b7f07d6d09d063130e90b716d8d4a32a,TRAIN_Q522,TRAIN,537ed460e84dfffd3f8e785a4c0573946c924bdc5ace7079d4627f462bde463a,30db7b2a7ee0b3cc905838c9089433d1a498989f89e12b821e3ea92fa1cff755,false,available,"[""techqa-doc:corpus/swg21980148.txt""]",confirmed_attached_context,techqa-group:b0285a2a0cad952792614c2f4dba5f3e8b0b51799106aab858340c5f1db16428,train,42,connected-component-lexicographic-milp-v1,be474a6b88da73da789620bef66aec6c2421294beedfa90eb1363be16f5b13e1,2026-08-18T09:20:02Z
phase01-data-v1,0b5bbc84b7f07d6d09d063130e90b716d8d4a32a,TRAIN_Q523,TRAIN,61db5a9690e83ccec56c276140ae607743e1df5fe81f34489147dc7de3c931ca,eda29135c4bd7839441f73d459efc1de59b109ea31eabf1e0b8cefeace0c14ec,false,available,"[""techqa-doc:corpus/swg21971127.txt""]",confirmed_attached_context,techqa-group:4fb2d426045ab2828c6e8b6d5b49526d8995a9b36e87a3b234400c368d8a1715,train,42,connected-component-lexicographic-milp-v1,be474a6b88da73da789620bef66aec6c2421294beedfa90eb1363be16f5b13e1,2026-08-18T09:20:02Z
phase01-data-v1,0b5bbc84b7f07d6d09d063130e90b716d8d4a32a,TRAIN_Q524,TRAIN,11444d635d4ff818bedbcbcc12005b9ac6592eb09f18459523197139d7501402,81d567b3c6801fecb89952af6829084b87d118b440b2b97859acbf8ea32e22fc,false,available,"[""techqa-doc:corpus/swg21647026.txt""]",confirmed_attached_context,techqa-group:59ebdaabd16dc8cf3a68719c1ba69777949074308f9b3da1114851c574af15c8,train,42,connected-component-lexicographic-milp-v1,be474a6b88da73da789620bef66aec6c2421294beedfa90eb1363be16f5b13e1,2026-08-18T09:20:02Z
phase01-data-v1,0b5bbc84b7f07d6d09d063130e90b716d8d4a32a,TRAIN_Q525,TRAIN,41b5972bb4a33d41427c3c16d46e8e6db52c9297161ef9d8cc06d49102b09116,62ce6bcb88ac52520ce51b7e6cbf0cfff2fc939f4313a77b6d4fd9aafb02e3f0,false,available,"[""techqa-doc:corpus/swg21700308.txt""]",confirmed_attached_context,techqa-group:4fa09c03514cc40c4bfbe414d4bf62ce07d42c6534b9164fd4e32fe135d146d8,train,42,connected-component-lexicographic-milp-v1,be474a6b88da73da789620bef66aec6c2421294beedfa90eb1363be16f5b13e1,2026-08-18T09:20:02Z
phase01-data-v1,0b5bbc84b7f07d6d09d063130e90b716d8d4a32a,TRAIN_Q526,TRAIN,6e596aa720418fdae04b500465ada3f399337c089023d9dcee28628edbb008cd,5c6211bb52489b0eac143c6343ea53fa3a07c4d0c004530849de7aa75d8055f5,false,available,"[""techqa-doc:corpus/swg27038779.txt""]",confirmed_attached_context,techqa-group:138b8d46a4d52e4513717b651961af6f42e5e9808d1589276cbc7d59b6a0dd53,train,42,connected-component-lexicographic-milp-v1,be474a6b88da73da789620bef66aec6c2421294beedfa90eb1363be16f5b13e1,2026-08-18T09:20:02Z
phase01-data-v1,0b5bbc84b7f07d6d09d063130e90b716d8d4a32a,TRAIN_Q527,TRAIN,aab69dad3bdf736d475a90ed66a6fdfc6853e6b958130c9c730b88cde77d670a,6f78c520a7062eaa61b88bbca000c637f29788d5e4d6606fd1c8a9287d90a610,true,not_applicable_impossible,[],not_applicable_impossible,techqa-group:93b272fa2b2643b586bda73071af6e317477ab1fa2d59e1f7e2a7343ec75846e,test,42,connected-component-lexicographic-milp-v1,be474a6b88da73da789620bef66aec6c2421294beedfa90eb1363be16f5b13e1,2026-08-18T09:20:02Z
phase01-data-v1,0b5bbc84b7f07d6d09d063130e90b716d8d4a32a,TRAIN_Q528,TRAIN,47ccda748db31c8230869d4572a3840efda39c05ed254d8bb19b2731f5c877c5,3018e526449dbdf4545c39676d177e06546347be25321f18fb86a60d26174231,false,available,"[""techqa-doc:corpus/swg21976589.txt""]",confirmed_attached_context,techqa-group:1818be6328fea92defd72effc98af60485b41f7e744d084ba3cacc5718bf5d49,train,42,connected-component-lexicographic-milp-v1,be474a6b88da73da789620bef66aec6c2421294beedfa90eb1363be16f5b13e1,2026-08-18T09:20:02Z
phase01-data-v1,0b5bbc84b7f07d6d09d063130e90b716d8d4a32a,TRAIN_Q529,TRAIN,8ac1b52432279f23a3f9da2ffc226e2203e43ab9032de4fbacbd24d6a2cde922,721acb0dd2ce87d14250c931335265927df6e8750be3387ffe3d180dbaada73b,true,not_applicable_impossible,[],not_applicable_impossible,techqa-group:6ae2be483103a7c7cb183a8eafaf55fe8e16bc14ba7cafeb3bf62e02c041b020,train,42,connected-component-lexicographic-milp-v1,be474a6b88da73da789620bef66aec6c2421294beedfa90eb1363be16f5b13e1,2026-08-18T09:20:02Z
phase01-data-v1,0b5bbc84b7f07d6d09d063130e90b716d8d4a32a,TRAIN_Q530,TRAIN,e260903e1b757987a55e5a0886327d3d7c01519bd7ca00132267423d4637d86f,14b59ee14bc8da5f2fe8c3e834b6b0b70a31da8e291f4138e9980ead1c730f34,true,not_applicable_impossible,[],not_applicable_impossible,techqa-group:502874e5feac59dda4fbf9e18b08fb1bd85e958fce2e96d336752154666a177f,test,42,connected-component-lexicographic-milp-v1,be474a6b88da73da789620bef66aec6c2421294beedfa90eb1363be16f5b13e1,2026-08-18T09:20:02Z
phase01-data-v1,0b5bbc84b7f07d6d09d063130e90b716d8d4a32a,TRAIN_Q531,TRAIN,05986a77d3237a8117038bb91cbfcc1d45ce0e23c5aea8de8173c6dc322bfd46,6456ed6f72d86ffb390562043b2dd0beb415df0fe6c0b83ae7412be01f2f8104,true,not_applicable_impossible,[],not_applicable_impossible,techqa-group:285345ac3921387996343d6dea41f8804fcb45577f286b23aebb794420b4d90b,train,42,connected-component-lexicographic-milp-v1,be474a6b88da73da789620bef66aec6c2421294beedfa90eb1363be16f5b13e1,2026-08-18T09:20:02Z
phase01-data-v1,0b5bbc84b7f07d6d09d063130e90b716d8d4a32a,TRAIN_Q532,TRAIN,88cdb8e3f1d0076a97b6ec39cb57cba74bbce2f7545ec379506c940f51eda374,cc7bb3779fed3c7fc6ef3643005f5b899f79fff3dab66dcff559a6c99b051494,true,not_applicable_impossible,[],not_applicable_impossible,techqa-group:e8ac643e93d15cb1b4efd455a965f2dbf6fc58484c3403c5ecdfc803aa6336f4,train,42,connected-component-lexicographic-milp-v1,be474a6b88da73da789620bef66aec6c2421294beedfa90eb1363be16f5b13e1,2026-08-18T09:20:02Z
phase01-data-v1,0b5bbc84b7f07d6d09d063130e90b716d8d4a32a,TRAIN_Q533,TRAIN,8af7f30ccf190c6175efb626ccac284624eeb6e62ff130c6e5395600f55b2da4,5954e23b15bdd95039bdaccbceb0a23b6420fa9886b6d4ed76ff69a0ce59e553,false,available,"[""techqa-doc:corpus/swg21972012.txt""]",confirmed_attached_context,techqa-group:b2f48dab07b36e6ef31e40c3acb905c451a3cda50f3a1905570a26a2ff9e2510,validation,42,connected-component-lexicographic-milp-v1,be474a6b88da73da789620bef66aec6c2421294beedfa90eb1363be16f5b13e1,2026-08-18T09:20:02Z
phase01-data-v1,0b5bbc84b7f07d6d09d063130e90b716d8d4a32a,TRAIN_Q534,TRAIN,4922af696dc1fe157515e095f25557c75bc42ab1e20571b49884b118d010c716,611c06b40e7689805a7b23f18b7d30a4200c5afc364085ac2b1f3f68f5c3afe8,true,not_applicable_impossible,[],not_applicable_impossible,techqa-group:6f580c0af383ec304b7df37d3881efbd277acd6144705387ab7007cd4332025d,train,42,connected-component-lexicographic-milp-v1,be474a6b88da73da789620bef66aec6c2421294beedfa90eb1363be16f5b13e1,2026-08-18T09:20:02Z
phase01-data-v1,0b5bbc84b7f07d6d09d063130e90b716d8d4a32a,TRAIN_Q535,TRAIN,70cfe780c92734a5f8d07b8a0d9146749a9d01c076130cd8d8cf5fd9dd721ac8,cde02e9eaaaec9aa59f94282995fa8d44901e9a23cb5bc45e00c9fcb35a3a034,false,available,"[""techqa-doc:corpus/swg21690184.txt""]",confirmed_attached_context,techqa-group:02c96bd35045963e4e3fddbdce51683dd4cb75ea2a1474f07ca56271e09789b9,train,42,connected-component-lexicographic-milp-v1,be474a6b88da73da789620bef66aec6c2421294beedfa90eb1363be16f5b13e1,2026-08-18T09:20:02Z
phase01-data-v1,0b5bbc84b7f07d6d09d063130e90b716d8d4a32a,TRAIN_Q536,TRAIN,d4aa6294be5c8c5638e07b7d01b195676f139c50ec30d2daaa77529ee49469ef,6807ebcc62619f7b9e3bbf57f8f324cb4e87c734a6c55811749162a8a9317d1c,true,not_applicable_impossible,[],not_applicable_impossible,techqa-group:4c54ed9cc15cdbb114e2f4a29511704be2b85d04c2506b8cc661a0135a91401b,train,42,connected-component-lexicographic-milp-v1,be474a6b88da73da789620bef66aec6c2421294beedfa90eb1363be16f5b13e1,2026-08-18T09:20:02Z
phase01-data-v1,0b5bbc84b7f07d6d09d063130e90b716d8d4a32a,TRAIN_Q537,TRAIN,4b72ba1a33602cd606d7022ec29e7983b734400ef0f89789a7b4101c91386fb6,576bc63810ee1cfac2b5af05ee5991454bf3d94078cb85f28894ccf9866416b0,false,available,"[""techqa-doc:corpus/swg21967958.txt""]",confirmed_attached_context,techqa-group:fd887e155a4b8b53bbf5866d697902501ae1a2c3cb737e0aa0b4e467331597b8,train,42,connected-component-lexicographic-milp-v1,be474a6b88da73da789620bef66aec6c2421294beedfa90eb1363be16f5b13e1,2026-08-18T09:20:02Z
phase01-data-v1,0b5bbc84b7f07d6d09d063130e90b716d8d4a32a,TRAIN_Q538,TRAIN,e70793e9542dcc95c6e7f19faf6026efedcafb0b728175b97644ab64dd686e75,617d70cb4ae555ea4bdfa510a339cc89a1c9e656301c5da02632b846097bc6b8,false,available,"[""techqa-doc:corpus/swg21653030.txt""]",confirmed_attached_context,techqa-group:499a344048f8717efa23ab15ffca8d7854b7507bda27a7998d4ff653d8a5af40,train,42,connected-component-lexicographic-milp-v1,be474a6b88da73da789620bef66aec6c2421294beedfa90eb1363be16f5b13e1,2026-08-18T09:20:02Z
phase01-data-v1,0b5bbc84b7f07d6d09d063130e90b716d8d4a32a,TRAIN_Q539,TRAIN,5bc884004a3cb3e69c6f57d5001abef17d9ce8efe2b9f11233de214a311e8a16,a7c0b0269c709ffd60a83cecfa027c39d6a2c8418c8777565f2b241a318d9ecf,true,not_applicable_impossible,[],not_applicable_impossible,techqa-group:1c521af6268b49d586491e450a65b89df0abccb5cb778cda8e48ebb0276973e9,train,42,connected-component-lexicographic-milp-v1,be474a6b88da73da789620bef66aec6c2421294beedfa90eb1363be16f5b13e1,2026-08-18T09:20:02Z
phase01-data-v1,0b5bbc84b7f07d6d09d063130e90b716d8d4a32a,TRAIN_Q540,TRAIN,fdd27065893f9c362d02340d25949441476d078297607c891fc18a0cab72644b,ea2754621222ef04e8a769c9ce1cd027772d106ac8ae6e423aae1fe0211e70f9,false,available,"[""techqa-doc:corpus/swg27049061.txt""]",confirmed_attached_context,techqa-group:028edbe1a991151f614c8d8f35aac046a52880974c9fd7151ed2ef0823342637,train,42,connected-component-lexicographic-milp-v1,be474a6b88da73da789620bef66aec6c2421294beedfa90eb1363be16f5b13e1,2026-08-18T09:20:02Z
phase01-data-v1,0b5bbc84b7f07d6d09d063130e90b716d8d4a32a,TRAIN_Q541,TRAIN,1eb3937f2cdf78e2db4afceffbd71e474cf84664866f713772e784556a6e1b92,bcc719f1c7bdad117e6ceeb683dff92430ecb65cee72e1e809a7682727831383,false,available,"[""techqa-doc:corpus/swg21593254.txt""]",confirmed_attached_context,techqa-group:a6a019c7da814cb4c582f1e7687f6152992c03ce87307b3822a852b310f736cc,train,42,connected-component-lexicographic-milp-v1,be474a6b88da73da789620bef66aec6c2421294beedfa90eb1363be16f5b13e1,2026-08-18T09:20:02Z
phase01-data-v1,0b5bbc84b7f07d6d09d063130e90b716d8d4a32a,TRAIN_Q542,TRAIN,d00c9cf4f521bd2b13ce168d6abe5f2ca5ef0b0a8d8cdbd9f0cfb776ae5ffc7d,9933ec127710c0badc88791c0980fb19033b6ea22e537bb82333bfa9b77019bf,true,not_applicable_impossible,[],not_applicable_impossible,techqa-group:0f6918a4734bc5c22c579fb4e5a2793ff972e3a3b984b1eaefb8a4c894d60cb5,test,42,connected-component-lexicographic-milp-v1,be474a6b88da73da789620bef66aec6c2421294beedfa90eb1363be16f5b13e1,2026-08-18T09:20:02Z
phase01-data-v1,0b5bbc84b7f07d6d09d063130e90b716d8d4a32a,TRAIN_Q543,TRAIN,4f232b8ae88cd102424641505d83320008987375904b6b4fa1e5b98ceb1c6f46,f7802e46d36bd7747612e616886fc302aad2cc7916bd03bf93f38164eff13c30,false,available,"[""techqa-doc:corpus/swg21681093.txt""]",confirmed_attached_context,techqa-group:5f3c8e49fc980cae8eff4765f6560b420bda0c0b55cfefeb15ec30f1c1be578d,train,42,connected-component-lexicographic-milp-v1,be474a6b88da73da789620bef66aec6c2421294beedfa90eb1363be16f5b13e1,2026-08-18T09:20:02Z
phase01-data-v1,0b5bbc84b7f07d6d09d063130e90b716d8d4a32a,TRAIN_Q544,TRAIN,2b976b284e3890b9325bd44ed573736534e1614f62efefe120cc6e2fb39ad5b4,7e9f828afe13125aadf6b023c0b876335c5118341bf64cab60b5302e8b807eab,false,available,"[""techqa-doc:corpus/swg21688718.txt""]",confirmed_attached_context,techqa-group:18c651031465b3993dc7288760f6bad5cbdfe21b07f2e3e862eebc1d31a40aab,train,42,connected-component-lexicographic-milp-v1,be474a6b88da73da789620bef66aec6c2421294beedfa90eb1363be16f5b13e1,2026-08-18T09:20:02Z
phase01-data-v1,0b5bbc84b7f07d6d09d063130e90b716d8d4a32a,TRAIN_Q545,TRAIN,6ea426455c463e79cd1c1aea67212e7c2ffbea670ca764f0a3133c4d573100de,291a37621afe47ce2346445725ee648dcaa7952fd69bf380fb408c39b821d329,false,available,"[""techqa-doc:corpus/swg21579319.txt""]",confirmed_attached_context,techqa-group:131f2ff2c47bab87aab3e82c88f463d62c8449c5d583f5cc999bcc2618997579,train,42,connected-component-lexicographic-milp-v1,be474a6b88da73da789620bef66aec6c2421294beedfa90eb1363be16f5b13e1,2026-08-18T09:20:02Z
phase01-data-v1,0b5bbc84b7f07d6d09d063130e90b716d8d4a32a,TRAIN_Q546,TRAIN,713783c4e37bac173a313e2bc8e40360e4be9851491f7fdd66cee46fae65f652,9f2a394519d4ecf80de5e9b4a5bcb56dae9179c8d9e1e42268f0c4a8e59e8241,false,available,"[""techqa-doc:corpus/swg21424808.txt""]",confirmed_attached_context,techqa-group:0407db82259209854fe35068c66771bcb173e6977acf6bb82cf86c356274dd2f,train,42,connected-component-lexicographic-milp-v1,be474a6b88da73da789620bef66aec6c2421294beedfa90eb1363be16f5b13e1,2026-08-18T09:20:02Z
phase01-data-v1,0b5bbc84b7f07d6d09d063130e90b716d8d4a32a,TRAIN_Q547,TRAIN,560bc39915d7b149feff63d918f44bddb07b9060ba6afe8109775cbbfd211ee9,8016fd4a3288227df069fe7ad30b1f7471aae37c313c3e42338c311d92d8454e,false,available,"[""techqa-doc:corpus/swg21968518.txt""]",confirmed_attached_context,techqa-group:4fcbf4d50d3b306e84eca3553ed2a3ca8b5260725c8529b06fe575f79e2d6769,train,42,connected-component-lexicographic-milp-v1,be474a6b88da73da789620bef66aec6c2421294beedfa90eb1363be16f5b13e1,2026-08-18T09:20:02Z
phase01-data-v1,0b5bbc84b7f07d6d09d063130e90b716d8d4a32a,TRAIN_Q548,TRAIN,321c19ef30e53cdf590b8d807c8d03a8d6fae5ee53f40ce35685e39a9e94f704,f22992527a31ff7dd6d1d463df8822745e9ffd104c5e1860d3866daf63bd1d26,false,available,"[""techqa-doc:corpus/swg21982857.txt""]",confirmed_attached_context,techqa-group:edc0c027b91ed8d365ad71c8763e8594a72b04798fb59e2d9d572b4cb38d0797,train,42,connected-component-lexicographic-milp-v1,be474a6b88da73da789620bef66aec6c2421294beedfa90eb1363be16f5b13e1,2026-08-18T09:20:02Z
phase01-data-v1,0b5bbc84b7f07d6d09d063130e90b716d8d4a32a,TRAIN_Q549,TRAIN,74481fe383ae67eb25ccf7c2f98d52c70d44db0ca768cf0f47a03810934823e4,b8543bb348dc7939746b90c61952ab844c5a413c2ab7f64c1f66b58419dfb1cd,false,available,"[""techqa-doc:corpus/swg21985630.txt""]",confirmed_attached_context,techqa-group:d210e6a74270ac3b04b9c80b6289f37427753c260d5ecb0553f2f8cb22ee8a83,validation,42,connected-component-lexicographic-milp-v1,be474a6b88da73da789620bef66aec6c2421294beedfa90eb1363be16f5b13e1,2026-08-18T09:20:02Z
phase01-data-v1,0b5bbc84b7f07d6d09d063130e90b716d8d4a32a,TRAIN_Q550,TRAIN,d88994a192bb08db9a96c4aa868c05f06478f36c9ba5cdc2256031ac2f996154,f53c758267fb637522f7cca4933708528c36c06fca6fd4ed32abbc82741b12ce,false,available,"[""techqa-doc:corpus/swg22004767.txt""]",confirmed_attached_context,techqa-group:af81b9f177af461748b7cbc1f500099cbd30ceffdbb607edf21f7ae484f1e732,train,42,connected-component-lexicographic-milp-v1,be474a6b88da73da789620bef66aec6c2421294beedfa90eb1363be16f5b13e1,2026-08-18T09:20:02Z
phase01-data-v1,0b5bbc84b7f07d6d09d063130e90b716d8d4a32a,TRAIN_Q551,TRAIN,9b9f1cdbea76e22600b5d4b7995efa665983d0333fafc5cb0bb93c49a41fb1b1,cd941def70b165f0905180ef0630779229272fd920e437e5bf919c8fdd963b46,true,not_applicable_impossible,[],not_applicable_impossible,techqa-group:5d7648b95238140c2677a3b46387843e47b08f445dc74d4b4b915f4376aca9de,train,42,connected-component-lexicographic-milp-v1,be474a6b88da73da789620bef66aec6c2421294beedfa90eb1363be16f5b13e1,2026-08-18T09:20:02Z
phase01-data-v1,0b5bbc84b7f07d6d09d063130e90b716d8d4a32a,TRAIN_Q552,TRAIN,261934132f8cebb8400d5ce6f5dc7f0561ef38db4c28cf4567d2910994caf31c,d675e315d92c8c922a461f5e338d671afef2ab1dfbed8900506e63f90c10e81b,false,available,"[""techqa-doc:corpus/swg21395327.txt""]",confirmed_attached_context,techqa-group:e987f5f29f2c48fd34408081e0c1431ebef90a5d33e6b38a674b4900d90e6bd7,train,42,connected-component-lexicographic-milp-v1,be474a6b88da73da789620bef66aec6c2421294beedfa90eb1363be16f5b13e1,2026-08-18T09:20:02Z
phase01-data-v1,0b5bbc84b7f07d6d09d063130e90b716d8d4a32a,TRAIN_Q553,TRAIN,157b2767db59196e160b9ce26e969783a7eb140b074c61cdc145724ca987df28,4cced48444ba27830d7a97136ecab1f655deeb4f460550710dace53aa65c4393,false,available,"[""techqa-doc:corpus/swg21903249.txt""]",confirmed_attached_context,techqa-group:c2ae4d951969d000fcd1c4ae2db7032140fcacdb0a31313a52ef555a936c6884,train,42,connected-component-lexicographic-milp-v1,be474a6b88da73da789620bef66aec6c2421294beedfa90eb1363be16f5b13e1,2026-08-18T09:20:02Z
phase01-data-v1,0b5bbc84b7f07d6d09d063130e90b716d8d4a32a,TRAIN_Q554,TRAIN,8d17a3e3a852e35a863f09abca4770668b980770bc3029ed3ecef55fbb9018d1,0481566d4b0f4a1151724990c2bc6bbea624db41556a521ffd3b997cf77af64f,false,available,"[""techqa-doc:corpus/swg21438047.txt""]",confirmed_attached_context,techqa-group:b94824f472a3d3c909d326a9a5c6699a25ea7be6438e5072a0c68a4b78b30955,train,42,connected-component-lexicographic-milp-v1,be474a6b88da73da789620bef66aec6c2421294beedfa90eb1363be16f5b13e1,2026-08-18T09:20:02Z
phase01-data-v1,0b5bbc84b7f07d6d09d063130e90b716d8d4a32a,TRAIN_Q555,TRAIN,7d870b2df4792e4cbf1946272d6fc2732103780f66c8c271a39845637da0174b,144cc93fc02e99941057f81989e8b1755dc11993584e9c9608a7a1430b82b00a,false,available,"[""techqa-doc:corpus/swg21507587.txt""]",confirmed_attached_context,techqa-group:791bd9719947c5f17ac40dadf299682601991c86eb362e00281735a6cfec793f,test,42,connected-component-lexicographic-milp-v1,be474a6b88da73da789620bef66aec6c2421294beedfa90eb1363be16f5b13e1,2026-08-18T09:20:02Z
phase01-data-v1,0b5bbc84b7f07d6d09d063130e90b716d8d4a32a,TRAIN_Q556,TRAIN,01e515b34129b4840b5ab087331dbadd627df44f8fa000c8731204e429901376,af4e173ad18aca9b04c7f373ad3f39656cdbef77379df37917c44cdc75b3c0d7,false,available,"[""techqa-doc:corpus/swg21237078.txt""]",confirmed_attached_context,techqa-group:de7740b6b4c0d3b2ce0f75809638bf70cf41ce1f4c18d71546a390b2c5622663,validation,42,connected-component-lexicographic-milp-v1,be474a6b88da73da789620bef66aec6c2421294beedfa90eb1363be16f5b13e1,2026-08-18T09:20:02Z
phase01-data-v1,0b5bbc84b7f07d6d09d063130e90b716d8d4a32a,TRAIN_Q557,TRAIN,30adca783d46cfae2cafff248bdee13f2aee3770870db53040ef0f2d7919c954,e4a519dc865531076d5a402182f69ab2128dfe43ca19e8a016a5c98a3d3bbb75,false,available,"[""techqa-doc:corpus/swg21209523.txt""]",confirmed_attached_context,techqa-group:a0bac03b8440d4ab05ed9e3bec001771b25e738c0c63a69e25eb925d709cab68,train,42,connected-component-lexicographic-milp-v1,be474a6b88da73da789620bef66aec6c2421294beedfa90eb1363be16f5b13e1,2026-08-18T09:20:02Z
phase01-data-v1,0b5bbc84b7f07d6d09d063130e90b716d8d4a32a,TRAIN_Q558,TRAIN,0c57d0781c2584c7d67b3c7f281d349377493898b35c61f1457ef56d87b06eae,89074923d9aa9d2f589eaf56cf2c4c981a2667db82f2771511fc016ede80bf24,true,not_applicable_impossible,[],not_applicable_impossible,techqa-group:cc683a37c13e3741cfa91a6690944e2842f76b9b5a5e0b6fdef07436e293e2fa,test,42,connected-component-lexicographic-milp-v1,be474a6b88da73da789620bef66aec6c2421294beedfa90eb1363be16f5b13e1,2026-08-18T09:20:02Z
phase01-data-v1,0b5bbc84b7f07d6d09d063130e90b716d8d4a32a,TRAIN_Q559,TRAIN,ad38cf05d9f326e4afda127c28245f86933479ae77e0cd95d7df1cebae01f387,b408c62038a02a54d693ab22718e254408770b844a3e7a04dfa4f022314d38cb,false,available,"[""techqa-doc:corpus/swg21964873.txt""]",confirmed_attached_context,techqa-group:ae921257a0bd3abc2fdbfa702986e2c871f6478fdb8ba34b4f16cfc0af79908a,test,42,connected-component-lexicographic-milp-v1,be474a6b88da73da789620bef66aec6c2421294beedfa90eb1363be16f5b13e1,2026-08-18T09:20:02Z
phase01-data-v1,0b5bbc84b7f07d6d09d063130e90b716d8d4a32a,TRAIN_Q560,TRAIN,c878507dc9d77a1602ca22ed6acd27f9fe1cf330e1faa287925f6effc5bdd151,fbe78e0beef411c47a0727eb59af688a9f0e9cd8b7b5eb9bb3e271bac97b7226,false,available,"[""techqa-doc:corpus/swg21966881.txt""]",confirmed_attached_context,techqa-group:697a0286cf490d713ac76c9e4067aeef60604bdc5b07c6871d62cb605fc49d4e,train,42,connected-component-lexicographic-milp-v1,be474a6b88da73da789620bef66aec6c2421294beedfa90eb1363be16f5b13e1,2026-08-18T09:20:02Z
phase01-data-v1,0b5bbc84b7f07d6d09d063130e90b716d8d4a32a,TRAIN_Q561,TRAIN,4742b46cb36a3384f4fe8d28cb1b75355d0e038ef77509b6c1e8e75cedceaec2,b77cee79b60f00ccc190e4761f5ffe7d77cafb55f46573363de55ef3e15bdf6e,false,available,"[""techqa-doc:corpus/swg21632223.txt""]",confirmed_attached_context,techqa-group:9c8ba7d45cae71d20921af47bae9db34c239dc158d7df3753ca8a3b501937621,train,42,connected-component-lexicographic-milp-v1,be474a6b88da73da789620bef66aec6c2421294beedfa90eb1363be16f5b13e1,2026-08-18T09:20:02Z
phase01-data-v1,0b5bbc84b7f07d6d09d063130e90b716d8d4a32a,TRAIN_Q562,TRAIN,8c89265edee7a5fdaf8a10bcffe5d74e9dddc4d5395bcd3eb4c55a1caf888303,b17a6e1b976908a42e86f09df5db623fff16737531b3bfe197685e0ff7c9ef45,false,available,"[""techqa-doc:corpus/swg27019359.txt""]",confirmed_attached_context,techqa-group:64ccf2371c65ca64db18b739cbce4ce15dafedb23f2f29307d92506088e03ab4,test,42,connected-component-lexicographic-milp-v1,be474a6b88da73da789620bef66aec6c2421294beedfa90eb1363be16f5b13e1,2026-08-18T09:20:02Z
phase01-data-v1,0b5bbc84b7f07d6d09d063130e90b716d8d4a32a,TRAIN_Q563,TRAIN,322939087e999d9bb3b82187411d2fba44e796535425fd950b7df6afe15ae0e6,a240f4ed47f20504e505695fbe01abbf89972e66ff7b76d2ba5559b26db44682,true,not_applicable_impossible,[],not_applicable_impossible,techqa-group:44edff1ee5e3ed27cf2dc58c19719dcc7a1a9a4bc5a2e9706afc4e4e31a5b373,train,42,connected-component-lexicographic-milp-v1,be474a6b88da73da789620bef66aec6c2421294beedfa90eb1363be16f5b13e1,2026-08-18T09:20:02Z
phase01-data-v1,0b5bbc84b7f07d6d09d063130e90b716d8d4a32a,TRAIN_Q564,TRAIN,6874316066e803af0bad432714fb7792cbf283d366e625e0477fcdd639c7358f,7286e7af9bfda89d0a6731ab373a03104d9c390724c8bdb6fc797facdd940aca,false,available,"[""techqa-doc:corpus/swg21577138.txt""]",confirmed_attached_context,techqa-group:6ecc06fb0be4f45576151a9e846a96879006dc4206bf847c8319d9c54a87daf9,test,42,connected-component-lexicographic-milp-v1,be474a6b88da73da789620bef66aec6c2421294beedfa90eb1363be16f5b13e1,2026-08-18T09:20:02Z
phase01-data-v1,0b5bbc84b7f07d6d09d063130e90b716d8d4a32a,TRAIN_Q565,TRAIN,5e735c6a5345593e9aa98c772dec3f64f02060539d0c674203bbe5a0b7ecca17,0e0f3773ec32a012576a7ab9b5e25324f58bc4ca1eaff16a88948062de162967,false,available,"[""techqa-doc:corpus/swg21312967.txt""]",confirmed_attached_context,techqa-group:4b0663caddc8d3b910ef1ef87a20de2cfec63d791cc4c41793503c13b7701cbb,train,42,connected-component-lexicographic-milp-v1,be474a6b88da73da789620bef66aec6c2421294beedfa90eb1363be16f5b13e1,2026-08-18T09:20:02Z
phase01-data-v1,0b5bbc84b7f07d6d09d063130e90b716d8d4a32a,TRAIN_Q566,TRAIN,2771ca94c3debfbaaf74732526516533f6ff57dba70b74feedaf998f914cdebe,907ac2150b556be9fa6a5638f8789076353618b99a2cc5e7035acaed9ca395ba,true,not_applicable_impossible,[],not_applicable_impossible,techqa-group:17ed85f24708ea4220bab3f1102f5e77adeb8144f30078caff5e2de62a29328b,test,42,connected-component-lexicographic-milp-v1,be474a6b88da73da789620bef66aec6c2421294beedfa90eb1363be16f5b13e1,2026-08-18T09:20:02Z
phase01-data-v1,0b5bbc84b7f07d6d09d063130e90b716d8d4a32a,TRAIN_Q567,TRAIN,5caffd06b217660658c8cf86353da894d01e06f2e56b4324333fc29b0924dc41,2cc8e10220d868c5abb8d446e9f8d8450f6f586d29f888d3446d670606a81350,false,available,"[""techqa-doc:corpus/swg21678261.txt""]",confirmed_attached_context,techqa-group:8909e8e29a74db8b9f3f5d44ee77fd366a3aa49127fbc47908458cdbe2f2f942,train,42,connected-component-lexicographic-milp-v1,be474a6b88da73da789620bef66aec6c2421294beedfa90eb1363be16f5b13e1,2026-08-18T09:20:02Z
phase01-data-v1,0b5bbc84b7f07d6d09d063130e90b716d8d4a32a,TRAIN_Q568,TRAIN,3a3ee7998122d9a09d0222f48781c99979761e9f29ac78a8429ed999b9a514d0,efa6754c18fe795f9e09a1142c6eb73058fb28ba38b7c3f67dd1cb9d2eaa21cc,false,available,"[""techqa-doc:corpus/swg21419230.txt""]",confirmed_attached_context,techqa-group:073edee1dd5091c0add3c83c0c293a247ca734e7dbce6ac8ffec79290f40330e,train,42,connected-component-lexicographic-milp-v1,be474a6b88da73da789620bef66aec6c2421294beedfa90eb1363be16f5b13e1,2026-08-18T09:20:02Z
phase01-data-v1,0b5bbc84b7f07d6d09d063130e90b716d8d4a32a,TRAIN_Q569,TRAIN,ac7a669d72dca87ec549fb930daf71bbf529c383113345fbd2c50ad84ccb9013,29bd6159c9daa3ea9bf9de3dbcc4e7ea235cc78014c28e306f3a0b637cd4d20b,false,available,"[""techqa-doc:corpus/swg21486143.txt""]",confirmed_attached_context,techqa-group:7a4e5d9525e64dd22c3a0deced90f875a6142cc086eae5cf2e91e2c74332bcb1,train,42,connected-component-lexicographic-milp-v1,be474a6b88da73da789620bef66aec6c2421294beedfa90eb1363be16f5b13e1,2026-08-18T09:20:02Z
phase01-data-v1,0b5bbc84b7f07d6d09d063130e90b716d8d4a32a,TRAIN_Q570,TRAIN,4c2bdbd3d80d713be9b6d4221ebdba008d61babfc856d6c0a5827c90a32a7fb6,07bb451978039708b1c17148021424659bd6bc81a8807a862f83c94a0ccd3359,false,available,"[""techqa-doc:corpus/swg22002442.txt""]",confirmed_attached_context,techqa-group:8a66865f86fb7303a6ba32c53546473f9cf26837b015aa969a65e6d885ba8902,train,42,connected-component-lexicographic-milp-v1,be474a6b88da73da789620bef66aec6c2421294beedfa90eb1363be16f5b13e1,2026-08-18T09:20:02Z
phase01-data-v1,0b5bbc84b7f07d6d09d063130e90b716d8d4a32a,TRAIN_Q571,TRAIN,d2d1d2693fe6bf7ea1bc10d677db7959892a4502d0fdb7fac48bc0ac6e8b80ff,c30a92aef74e8adf82cc84d8d88853567ea8ab2f59d2c09d56d3a8ac3056bc83,true,not_applicable_impossible,[],not_applicable_impossible,techqa-group:b64fe2624cc8556e5b35005d9ca92e15a1a360be6e78f504ac8725f51f085e56,validation,42,connected-component-lexicographic-milp-v1,be474a6b88da73da789620bef66aec6c2421294beedfa90eb1363be16f5b13e1,2026-08-18T09:20:02Z
phase01-data-v1,0b5bbc84b7f07d6d09d063130e90b716d8d4a32a,TRAIN_Q572,TRAIN,21e38c3a80c9a4c745a47f5360e5180fd18a0f4063d6409af5b131b586a9af2e,56e7341ea654aa1396f885eda82adf22e8ea185e2495778d371b5a280516f25a,false,available,"[""techqa-doc:corpus/swg21976896.txt""]",confirmed_attached_context,techqa-group:23001f59d2f9ef888dcab3a927a019b021b4ee37b40292660a580f92ea1af7f7,train,42,connected-component-lexicographic-milp-v1,be474a6b88da73da789620bef66aec6c2421294beedfa90eb1363be16f5b13e1,2026-08-18T09:20:02Z
phase01-data-v1,0b5bbc84b7f07d6d09d063130e90b716d8d4a32a,TRAIN_Q573,TRAIN,f3e2b3812a50f95927c550ff1603fb42d6c989b27d3ab4bb7484039b1029c290,05ac998e195cadfa74c94083bc9bde2545d9f2a916711a1733a934605f85c728,false,available,"[""techqa-doc:corpus/swg21986534.txt""]",confirmed_attached_context,techqa-group:a65da41a28bd124ae3b368b9498433bc848d8f017cc29964517fcde3baa4da33,test,42,connected-component-lexicographic-milp-v1,be474a6b88da73da789620bef66aec6c2421294beedfa90eb1363be16f5b13e1,2026-08-18T09:20:02Z
phase01-data-v1,0b5bbc84b7f07d6d09d063130e90b716d8d4a32a,TRAIN_Q574,TRAIN,48f169d2c47c9f43eacd83948aeb87a82dcde02f45fc20a42c650b4b11108768,cbeb3032f0910ba26f97b8d0ad62f5629a550762af48c460691a653dc9260c3e,false,available,"[""techqa-doc:corpus/swg22008470.txt""]",confirmed_attached_context,techqa-group:9429210399bcd2572d8128a929b01b4aaa65eb50140f27424ff99cf738ab7ec4,train,42,connected-component-lexicographic-milp-v1,be474a6b88da73da789620bef66aec6c2421294beedfa90eb1363be16f5b13e1,2026-08-18T09:20:02Z
phase01-data-v1,0b5bbc84b7f07d6d09d063130e90b716d8d4a32a,TRAIN_Q575,TRAIN,791b2369c84de56fbab1c7a026d33aa3719d64ae0ccf52ab36a4a26edaf3bc1e,1ceb8db3dd7d922ee6b8b440651792c29e421223a59b37a29ae800ad05a1f3d3,false,available,"[""techqa-doc:corpus/swg21986534.txt""]",confirmed_attached_context,techqa-group:a65da41a28bd124ae3b368b9498433bc848d8f017cc29964517fcde3baa4da33,test,42,connected-component-lexicographic-milp-v1,be474a6b88da73da789620bef66aec6c2421294beedfa90eb1363be16f5b13e1,2026-08-18T09:20:02Z
phase01-data-v1,0b5bbc84b7f07d6d09d063130e90b716d8d4a32a,TRAIN_Q576,TRAIN,092d6fb655d1c75fc303affbb37870ee76350c2f80c3590a1f8eed7631df4107,574858f4f08aa409e44aae91ae7186098f3059f8378f02c81970409a55894c5a,false,available,"[""techqa-doc:corpus/swg27021012.txt""]",confirmed_attached_context,techqa-group:8bcda92e5434bbdf42fc203acd60e1f21ad07faa142c87982943bc551d750994,validation,42,connected-component-lexicographic-milp-v1,be474a6b88da73da789620bef66aec6c2421294beedfa90eb1363be16f5b13e1,2026-08-18T09:20:02Z
phase01-data-v1,0b5bbc84b7f07d6d09d063130e90b716d8d4a32a,TRAIN_Q577,TRAIN,88f9509e3b69056e7f804e656ac25c5696f62e877d412ecaa1c0dfd0319d3b40,6dae600e28e007f5ea8486ceda413db44936d543848ddf7cdd999f65f3decd09,false,available,"[""techqa-doc:corpus/swg1PI54477.txt""]",confirmed_attached_context,techqa-group:9613b6294cd6ae5fe076d1aa277310c6c644acbaf87561bf26948d66abebe300,train,42,connected-component-lexicographic-milp-v1,be474a6b88da73da789620bef66aec6c2421294beedfa90eb1363be16f5b13e1,2026-08-18T09:20:02Z
phase01-data-v1,0b5bbc84b7f07d6d09d063130e90b716d8d4a32a,TRAIN_Q578,TRAIN,817f21c97f772e8ba6c7c62692b6c435449ad797c3c972a34a4ac4a18699b763,6cf93f6e18ca1418fbfe3d474c1cd46ef2044eba4aae8c9e9fc0f2fb336494b9,false,available,"[""techqa-doc:corpus/swg21612222.txt""]",confirmed_attached_context,techqa-group:a76324d2af01eea149b3936ba8891a2d9452add9fd7c247ed12c9502a3ebbe74,train,42,connected-component-lexicographic-milp-v1,be474a6b88da73da789620bef66aec6c2421294beedfa90eb1363be16f5b13e1,2026-08-18T09:20:02Z
phase01-data-v1,0b5bbc84b7f07d6d09d063130e90b716d8d4a32a,TRAIN_Q579,TRAIN,2b076ef08800b11632d2eabde9e5e5e525db43bfb40abe4f2623350be67513ac,2f666e767a34b435962cda5bcc6e9292276e5e86cd69d74070ab0f7fe232e9f1,false,available,"[""techqa-doc:corpus/swg21507587.txt""]",confirmed_attached_context,techqa-group:791bd9719947c5f17ac40dadf299682601991c86eb362e00281735a6cfec793f,test,42,connected-component-lexicographic-milp-v1,be474a6b88da73da789620bef66aec6c2421294beedfa90eb1363be16f5b13e1,2026-08-18T09:20:02Z
phase01-data-v1,0b5bbc84b7f07d6d09d063130e90b716d8d4a32a,TRAIN_Q580,TRAIN,898c42c924bdcc8d18df8de75bf88cbb3147d54565ab26374929ea32a40c3013,54a4f150812c9c889d80cfa27077ba20bee03dbf1afe497849fbe61cc5713329,false,available,"[""techqa-doc:corpus/swg21902248.txt""]",confirmed_attached_context,techqa-group:d8b9626630cdaf0d1c7d03c26568b02325b96f33a65ebbeb8af8fdd917d5dbea,train,42,connected-component-lexicographic-milp-v1,be474a6b88da73da789620bef66aec6c2421294beedfa90eb1363be16f5b13e1,2026-08-18T09:20:02Z
phase01-data-v1,0b5bbc84b7f07d6d09d063130e90b716d8d4a32a,TRAIN_Q581,TRAIN,9a23002940d7de69c9e50886ddd5b7304898c06ad36a23348e60df9d79093493,529a1be6653a88b0cb9870a10eae0e86ecb5822ee4f24a6104f67690aa8b5531,false,available,"[""techqa-doc:corpus/swg21959444.txt""]",confirmed_attached_context,techqa-group:466312eb95feb29aac2cba11ae6d4e0a8237d5af925bfbd5f6c4188708638da6,train,42,connected-component-lexicographic-milp-v1,be474a6b88da73da789620bef66aec6c2421294beedfa90eb1363be16f5b13e1,2026-08-18T09:20:02Z
phase01-data-v1,0b5bbc84b7f07d6d09d063130e90b716d8d4a32a,TRAIN_Q582,TRAIN,5c9f8c8f740cd8363da3f39608d4ef89c8f9368fff16b88f2b8bcf52b7e80299,d5a73cfa587cd241dd6c9f239e985a588c8639638b9afe5a2b8fa8bb2d1c32a7,false,available,"[""techqa-doc:corpus/swg24041224.txt""]",confirmed_attached_context,techqa-group:b4e1bc4ae4492fb0aefd68770edb4e158baca80f01d664c47c55b175a31f201f,train,42,connected-component-lexicographic-milp-v1,be474a6b88da73da789620bef66aec6c2421294beedfa90eb1363be16f5b13e1,2026-08-18T09:20:02Z
phase01-data-v1,0b5bbc84b7f07d6d09d063130e90b716d8d4a32a,TRAIN_Q583,TRAIN,672389be0a831275765314d738822d8dab6c4c168eeeb8dbe09767b104b2720f,080c6713d30ab09d280e871815f540195f9336eaf20d94a370a15a6cdc6b101e,false,available,"[""techqa-doc:corpus/swg21985630.txt""]",confirmed_attached_context,techqa-group:d210e6a74270ac3b04b9c80b6289f37427753c260d5ecb0553f2f8cb22ee8a83,validation,42,connected-component-lexicographic-milp-v1,be474a6b88da73da789620bef66aec6c2421294beedfa90eb1363be16f5b13e1,2026-08-18T09:20:02Z
phase01-data-v1,0b5bbc84b7f07d6d09d063130e90b716d8d4a32a,TRAIN_Q584,TRAIN,efafc0141c8eb63914c96671b0b7544502156d04394205e2def290a49f689ddf,ad7f0ec26f4b59bc3d43be110047fcc0446386db75115a44c4b4a30559e42d7a,false,available,"[""techqa-doc:corpus/swg22012345.txt""]",confirmed_attached_context,techqa-group:110ce66acc198e9e3e5d1ad6df5e22bca3ed2f09b3f337c0715b4fc76cd28340,validation,42,connected-component-lexicographic-milp-v1,be474a6b88da73da789620bef66aec6c2421294beedfa90eb1363be16f5b13e1,2026-08-18T09:20:02Z
phase01-data-v1,0b5bbc84b7f07d6d09d063130e90b716d8d4a32a,TRAIN_Q585,TRAIN,5743cbfb3436ce4af96c8380e0d7291b8e60d9dff52e90ab4cbc07cddf587974,218500684b4a5ec18efd0b5478787e6be03143e52f1c42d5dace1f1a63acc3f3,false,available,"[""techqa-doc:corpus/swg21500300.txt""]",confirmed_attached_context,techqa-group:e3a6ac9ef9fefd21204cdf3160b5f638955109a4c424b904bef05e78818d96ab,train,42,connected-component-lexicographic-milp-v1,be474a6b88da73da789620bef66aec6c2421294beedfa90eb1363be16f5b13e1,2026-08-18T09:20:02Z
phase01-data-v1,0b5bbc84b7f07d6d09d063130e90b716d8d4a32a,TRAIN_Q586,TRAIN,b63258cf43c4831e00809cc5348dc20813d0ce34d3f67b6e47524303b5c8946a,6bd73866844fdff346386f98954abf95397b79d32c990afa2d083a72104ca31a,false,available,"[""techqa-doc:corpus/swg21960526.txt""]",confirmed_attached_context,techqa-group:2a1203dd7a402224f9444e3dd21d2430188ccf8aafd59f754dd7fab15ceba0e4,train,42,connected-component-lexicographic-milp-v1,be474a6b88da73da789620bef66aec6c2421294beedfa90eb1363be16f5b13e1,2026-08-18T09:20:02Z
phase01-data-v1,0b5bbc84b7f07d6d09d063130e90b716d8d4a32a,TRAIN_Q587,TRAIN,d60a90e46fdc794f6d11cf1d7ff165ef664637033f4ee41d3f2be01c8a2e9821,28815a32fb0de1944cf7f768d465f0bc1533837bea5411466e4c3205724ffd29,false,available,"[""techqa-doc:corpus/swg21688071.txt""]",confirmed_attached_context,techqa-group:094000a12113b2e44968d79d4f9e09309d8b8b3fe9543e3cde7e2aecb41d6ece,train,42,connected-component-lexicographic-milp-v1,be474a6b88da73da789620bef66aec6c2421294beedfa90eb1363be16f5b13e1,2026-08-18T09:20:02Z
phase01-data-v1,0b5bbc84b7f07d6d09d063130e90b716d8d4a32a,TRAIN_Q588,TRAIN,b17c76d935f336bbab694e1b9f79d9cc17644618f8b32cd974a9983d903d5638,1cb8153a5b0648a429a391b798fe15d9a5fa9919c1d760278e6497fef8e62e3c,false,available,"[""techqa-doc:corpus/swg21648497.txt""]",confirmed_attached_context,techqa-group:f8a667df3d62be0fd603a05549146f56e8cd3a13f1b1cd84cec8ecb548f46b71,validation,42,connected-component-lexicographic-milp-v1,be474a6b88da73da789620bef66aec6c2421294beedfa90eb1363be16f5b13e1,2026-08-18T09:20:02Z
phase01-data-v1,0b5bbc84b7f07d6d09d063130e90b716d8d4a32a,TRAIN_Q589,TRAIN,0993ab8379be77366d5821ccf1628ae8ed1fa60557c398cbb9d38440945ac1fc,8a2318cfa849e364054222714b56f93dc48597b8487d97289cc053baad540ad0,false,available,"[""techqa-doc:corpus/swg21114864.txt""]",confirmed_attached_context,techqa-group:2b8b7c79bbb773a61b45527643574fbdc7462b0f8d7f798b8310c6483ea76504,train,42,connected-component-lexicographic-milp-v1,be474a6b88da73da789620bef66aec6c2421294beedfa90eb1363be16f5b13e1,2026-08-18T09:20:02Z
phase01-data-v1,0b5bbc84b7f07d6d09d063130e90b716d8d4a32a,TRAIN_Q590,TRAIN,53a9c4545daa84fcf33b696dc023d8033bef517c95a57086ff2a91adc5fed8dd,b213c56e3477cd5e032dd6fbee6ec1d630354a0f1ba492f843b85a98393ae3af,false,available,"[""techqa-doc:corpus/swg21960133.txt""]",confirmed_attached_context,techqa-group:52ba1de0e94d53a6882f77b7f7e75c6479894e5aa68b182d67a5621fed0c95d7,train,42,connected-component-lexicographic-milp-v1,be474a6b88da73da789620bef66aec6c2421294beedfa90eb1363be16f5b13e1,2026-08-18T09:20:02Z
phase01-data-v1,0b5bbc84b7f07d6d09d063130e90b716d8d4a32a,TRAIN_Q591,TRAIN,a6615487d443e1a7a0cd6cda3bec7457f4ff970d983fdba9f865fc464775a396,076df95aba0759ebce2cffd404ade0dd29e2c21f5505cce17310902d3d183729,true,not_applicable_impossible,[],not_applicable_impossible,techqa-group:e6386e1e2da37f41f724d77a84d7a11d383a732afdcf70d3aaf8e21cf1d7d785,test,42,connected-component-lexicographic-milp-v1,be474a6b88da73da789620bef66aec6c2421294beedfa90eb1363be16f5b13e1,2026-08-18T09:20:02Z
phase01-data-v1,0b5bbc84b7f07d6d09d063130e90b716d8d4a32a,TRAIN_Q592,TRAIN,6337b58a9b923c1b9cb233005c70dc7c8d49f5d5c5f15a2e4abdab5c98f3a8e9,e68a22694032ddc221c391fe4f822caf305973bcd016de77ab317ef0a1d1bfeb,false,available,"[""techqa-doc:corpus/swg21685666.txt""]",confirmed_attached_context,techqa-group:78db0f2c2d08ccad4d3a50da19d806cbbcfe927473d2a63dc1e88223874ff0f9,validation,42,connected-component-lexicographic-milp-v1,be474a6b88da73da789620bef66aec6c2421294beedfa90eb1363be16f5b13e1,2026-08-18T09:20:02Z
phase01-data-v1,0b5bbc84b7f07d6d09d063130e90b716d8d4a32a,TRAIN_Q593,TRAIN,08a58fa5de9e5f7ce2b37dab34d294aa529c75a6b71c7291cb1df7ae1ff0753b,f4bc06cc1d4711daf0208fe965967b82dfa6d48193dd38a0f9f9174108d446a5,false,available,"[""techqa-doc:corpus/swg21381009.txt""]",confirmed_attached_context,techqa-group:81b13a8a5e39e6d65add99b1d647b57995f4af10982a34d4b4943e0f182d24f5,test,42,connected-component-lexicographic-milp-v1,be474a6b88da73da789620bef66aec6c2421294beedfa90eb1363be16f5b13e1,2026-08-18T09:20:02Z
phase01-data-v1,0b5bbc84b7f07d6d09d063130e90b716d8d4a32a,TRAIN_Q594,TRAIN,9a7574d9b9f710b53da9f7371dde879ba17a2c376f35758100c3b20579b1e4d6,42650a2cbcaebb8a87e76e1e05c9683abf32d3e60f6168c2148354eec745fac1,true,not_applicable_impossible,[],not_applicable_impossible,techqa-group:c47e1d698d894851856fee520ac0c01036666ff1ef5fe58db3a721833416ee94,train,42,connected-component-lexicographic-milp-v1,be474a6b88da73da789620bef66aec6c2421294beedfa90eb1363be16f5b13e1,2026-08-18T09:20:02Z
phase01-data-v1,0b5bbc84b7f07d6d09d063130e90b716d8d4a32a,TRAIN_Q595,TRAIN,4cb2dbfa0cad9a28c6cf98c2ddd41d4733f56314ded37e8f10e16c38902b0720,9ca28214616a55c203a1ca82c706908dc7816ad4026a8700f0a88bd5705e3945,false,available,"[""techqa-doc:corpus/swg21260155.txt""]",confirmed_attached_context,techqa-group:05a4d74f5b64565b3a9fc7fc9d11489a7e79778a4ef0fcc450e96243edd716ec,train,42,connected-component-lexicographic-milp-v1,be474a6b88da73da789620bef66aec6c2421294beedfa90eb1363be16f5b13e1,2026-08-18T09:20:02Z
phase01-data-v1,0b5bbc84b7f07d6d09d063130e90b716d8d4a32a,TRAIN_Q596,TRAIN,881cdd67a7d14430b5e3ca670f5ad0740bd897302a98ecc7f11996941e8708a0,52dcf0085a6539028e435073913f77b5bbab370ecefb6a66f3e5eafb88a730db,false,available,"[""techqa-doc:corpus/swg24043057.txt""]",confirmed_attached_context,techqa-group:3136a2bd6fb587fb5dce3970bf336e5c8c95078a01e54cc6951b60aefe23abd7,train,42,connected-component-lexicographic-milp-v1,be474a6b88da73da789620bef66aec6c2421294beedfa90eb1363be16f5b13e1,2026-08-18T09:20:02Z
phase01-data-v1,0b5bbc84b7f07d6d09d063130e90b716d8d4a32a,TRAIN_Q597,TRAIN,b68fbc97ac0576eec4d14760f1ff1f3627d5a9532ad93c819ae2f7a953dec86a,7b4ce6e85a86e1ad2ba6f66e6cf582dc2d9dce5bdbb1490b2b1e54d71a4e40ad,false,available,"[""techqa-doc:corpus/swg21674924.txt""]",confirmed_attached_context,techqa-group:e34883e5160f1707412d8603f1883a0a8c21014066ba202bc2aa83fb6e5656c4,train,42,connected-component-lexicographic-milp-v1,be474a6b88da73da789620bef66aec6c2421294beedfa90eb1363be16f5b13e1,2026-08-18T09:20:02Z
phase01-data-v1,0b5bbc84b7f07d6d09d063130e90b716d8d4a32a,TRAIN_Q598,TRAIN,dc72f50943d6bc4a4ceb5c4b1ec44ea9d0cc002f18c5004d6afc1047bb447a10,33b48cf608a744d0113f2da6701ebd2b6dc539cf3f0fdf3720a42c307781955c,false,available,"[""techqa-doc:corpus/swg27023007.txt""]",confirmed_attached_context,techqa-group:32cbb70b3c9c51688befcb0cb63a66fb4b37d18e48b1d3422d20c4c599aaa801,train,42,connected-component-lexicographic-milp-v1,be474a6b88da73da789620bef66aec6c2421294beedfa90eb1363be16f5b13e1,2026-08-18T09:20:02Z
phase01-data-v1,0b5bbc84b7f07d6d09d063130e90b716d8d4a32a,TRAIN_Q599,TRAIN,bd11bed9af05a1899732796fe95c8beb9231bf0b2c9b3ddb10164b3f1929cc13,5a70d1222fadb342abf342b9364ecbf57a47fde0cf10aef24e2870675e3bfb5a,false,available,"[""techqa-doc:corpus/swg21991690.txt""]",confirmed_attached_context,techqa-group:009692fc1d57600d6f34082eb4f3b64af95fb3889b50a4fe91d43fa0f7b22e4a,train,42,connected-component-lexicographic-milp-v1,be474a6b88da73da789620bef66aec6c2421294beedfa90eb1363be16f5b13e1,2026-08-18T09:20:02Z
